        2250         576         560
           1         193          45         177           1
  0.200000000000000       0.200000000000000       0.000000000000000E+000
  0.000000000000000E+000  0.200000000000000       0.000000000000000E+000
  0.000000000000000E+000  0.200000000000000       0.200000000000000     
  0.000000000000000E+000  0.000000000000000E+000  0.000000000000000E+000
           1
           2          29           1          17         193
  0.000000000000000E+000  0.000000000000000E+000  0.200000000000000     
  0.000000000000000E+000  0.000000000000000E+000  0.000000000000000E+000
  0.200000000000000       0.000000000000000E+000  0.000000000000000E+000
  0.200000000000000       0.200000000000000       0.000000000000000E+000
           1
           3         177           1          29         193
  0.000000000000000E+000  0.200000000000000       0.200000000000000     
  0.000000000000000E+000  0.000000000000000E+000  0.000000000000000E+000
  0.000000000000000E+000  0.000000000000000E+000  0.200000000000000     
  0.200000000000000       0.200000000000000       0.000000000000000E+000
           1
           4         385         193         177         129
  0.200000000000000       0.200000000000000       0.200000000000000     
  0.200000000000000       0.200000000000000       0.000000000000000E+000
  0.000000000000000E+000  0.200000000000000       0.200000000000000     
  0.200000000000000       0.000000000000000E+000  0.200000000000000     
           1
           5         129          29          17         193
  0.200000000000000       0.000000000000000E+000  0.200000000000000     
  0.000000000000000E+000  0.000000000000000E+000  0.200000000000000     
  0.200000000000000       0.000000000000000E+000  0.000000000000000E+000
  0.200000000000000       0.200000000000000       0.000000000000000E+000
           1
           6         129         177          29         193
  0.200000000000000       0.000000000000000E+000  0.200000000000000     
  0.000000000000000E+000  0.200000000000000       0.200000000000000     
  0.000000000000000E+000  0.000000000000000E+000  0.200000000000000     
  0.200000000000000       0.200000000000000       0.000000000000000E+000
           1
           7         385         177         178          29
  0.200000000000000       0.200000000000000       0.200000000000000     
  0.000000000000000E+000  0.200000000000000       0.200000000000000     
  0.000000000000000E+000  0.200000000000000       0.400000000000000     
  0.000000000000000E+000  0.000000000000000E+000  0.200000000000000     
           1
           8          30          29         129         385
  0.000000000000000E+000  0.000000000000000E+000  0.400000000000000     
  0.000000000000000E+000  0.000000000000000E+000  0.200000000000000     
  0.200000000000000       0.000000000000000E+000  0.200000000000000     
  0.200000000000000       0.200000000000000       0.200000000000000     
           1
           9         178          29          30         385
  0.000000000000000E+000  0.200000000000000       0.400000000000000     
  0.000000000000000E+000  0.000000000000000E+000  0.200000000000000     
  0.000000000000000E+000  0.000000000000000E+000  0.400000000000000     
  0.200000000000000       0.200000000000000       0.200000000000000     
           1
          10         386         385         178         133
  0.200000000000000       0.200000000000000       0.400000000000000     
  0.200000000000000       0.200000000000000       0.200000000000000     
  0.000000000000000E+000  0.200000000000000       0.400000000000000     
  0.200000000000000       0.000000000000000E+000  0.400000000000000     
           1
          11         133          30         129         385
  0.200000000000000       0.000000000000000E+000  0.400000000000000     
  0.000000000000000E+000  0.000000000000000E+000  0.400000000000000     
  0.200000000000000       0.000000000000000E+000  0.200000000000000     
  0.200000000000000       0.200000000000000       0.200000000000000     
           1
          12         133         178          30         385
  0.200000000000000       0.000000000000000E+000  0.400000000000000     
  0.000000000000000E+000  0.200000000000000       0.400000000000000     
  0.000000000000000E+000  0.000000000000000E+000  0.400000000000000     
  0.200000000000000       0.200000000000000       0.200000000000000     
           1
          13         386         178         179          30
  0.200000000000000       0.200000000000000       0.400000000000000     
  0.000000000000000E+000  0.200000000000000       0.400000000000000     
  0.000000000000000E+000  0.200000000000000       0.600000000000000     
  0.000000000000000E+000  0.000000000000000E+000  0.400000000000000     
           1
          14          31          30         133         386
  0.000000000000000E+000  0.000000000000000E+000  0.600000000000000     
  0.000000000000000E+000  0.000000000000000E+000  0.400000000000000     
  0.200000000000000       0.000000000000000E+000  0.400000000000000     
  0.200000000000000       0.200000000000000       0.400000000000000     
           1
          15         179          30          31         386
  0.000000000000000E+000  0.200000000000000       0.600000000000000     
  0.000000000000000E+000  0.000000000000000E+000  0.400000000000000     
  0.000000000000000E+000  0.000000000000000E+000  0.600000000000000     
  0.200000000000000       0.200000000000000       0.400000000000000     
           1
          16         387         386         179         137
  0.200000000000000       0.200000000000000       0.600000000000000     
  0.200000000000000       0.200000000000000       0.400000000000000     
  0.000000000000000E+000  0.200000000000000       0.600000000000000     
  0.200000000000000       0.000000000000000E+000  0.600000000000000     
           1
          17         137          31         133         386
  0.200000000000000       0.000000000000000E+000  0.600000000000000     
  0.000000000000000E+000  0.000000000000000E+000  0.600000000000000     
  0.200000000000000       0.000000000000000E+000  0.400000000000000     
  0.200000000000000       0.200000000000000       0.400000000000000     
           1
          18         137         179          31         386
  0.200000000000000       0.000000000000000E+000  0.600000000000000     
  0.000000000000000E+000  0.200000000000000       0.600000000000000     
  0.000000000000000E+000  0.000000000000000E+000  0.600000000000000     
  0.200000000000000       0.200000000000000       0.400000000000000     
           1
          19         387         179         180          31
  0.200000000000000       0.200000000000000       0.600000000000000     
  0.000000000000000E+000  0.200000000000000       0.600000000000000     
  0.000000000000000E+000  0.200000000000000       0.800000000000000     
  0.000000000000000E+000  0.000000000000000E+000  0.600000000000000     
           1
          20          32          31         137         387
  0.000000000000000E+000  0.000000000000000E+000  0.800000000000000     
  0.000000000000000E+000  0.000000000000000E+000  0.600000000000000     
  0.200000000000000       0.000000000000000E+000  0.600000000000000     
  0.200000000000000       0.200000000000000       0.600000000000000     
           1
          21         180          31          32         387
  0.000000000000000E+000  0.200000000000000       0.800000000000000     
  0.000000000000000E+000  0.000000000000000E+000  0.600000000000000     
  0.000000000000000E+000  0.000000000000000E+000  0.800000000000000     
  0.200000000000000       0.200000000000000       0.600000000000000     
           1
          22         388         387         180         141
  0.200000000000000       0.200000000000000       0.800000000000000     
  0.200000000000000       0.200000000000000       0.600000000000000     
  0.000000000000000E+000  0.200000000000000       0.800000000000000     
  0.200000000000000       0.000000000000000E+000  0.800000000000000     
           1
          23         141          32         137         387
  0.200000000000000       0.000000000000000E+000  0.800000000000000     
  0.000000000000000E+000  0.000000000000000E+000  0.800000000000000     
  0.200000000000000       0.000000000000000E+000  0.600000000000000     
  0.200000000000000       0.200000000000000       0.600000000000000     
           1
          24         141         180          32         387
  0.200000000000000       0.000000000000000E+000  0.800000000000000     
  0.000000000000000E+000  0.200000000000000       0.800000000000000     
  0.000000000000000E+000  0.000000000000000E+000  0.800000000000000     
  0.200000000000000       0.200000000000000       0.600000000000000     
           1
          25         388         180          41          32
  0.200000000000000       0.200000000000000       0.800000000000000     
  0.000000000000000E+000  0.200000000000000       0.800000000000000     
  0.000000000000000E+000  0.200000000000000        1.00000000000000     
  0.000000000000000E+000  0.000000000000000E+000  0.800000000000000     
           1
          26           5          32         141         388
  0.000000000000000E+000  0.000000000000000E+000   1.00000000000000     
  0.000000000000000E+000  0.000000000000000E+000  0.800000000000000     
  0.200000000000000       0.000000000000000E+000  0.800000000000000     
  0.200000000000000       0.200000000000000       0.800000000000000     
           1
          27          41          32           5         388
  0.000000000000000E+000  0.200000000000000        1.00000000000000     
  0.000000000000000E+000  0.000000000000000E+000  0.800000000000000     
  0.000000000000000E+000  0.000000000000000E+000   1.00000000000000     
  0.200000000000000       0.200000000000000       0.800000000000000     
           1
          28         161         388          41          25
  0.200000000000000       0.200000000000000        1.00000000000000     
  0.200000000000000       0.200000000000000       0.800000000000000     
  0.000000000000000E+000  0.200000000000000        1.00000000000000     
  0.200000000000000       0.000000000000000E+000   1.00000000000000     
           1
          29          25           5         141         388
  0.200000000000000       0.000000000000000E+000   1.00000000000000     
  0.000000000000000E+000  0.000000000000000E+000   1.00000000000000     
  0.200000000000000       0.000000000000000E+000  0.800000000000000     
  0.200000000000000       0.200000000000000       0.800000000000000     
           1
          30          25          41           5         388
  0.200000000000000       0.000000000000000E+000   1.00000000000000     
  0.000000000000000E+000  0.200000000000000        1.00000000000000     
  0.000000000000000E+000  0.000000000000000E+000   1.00000000000000     
  0.200000000000000       0.200000000000000       0.800000000000000     
           1
          31         194          46         181          45
  0.200000000000000       0.400000000000000       0.000000000000000E+000
  0.000000000000000E+000  0.400000000000000       0.000000000000000E+000
  0.000000000000000E+000  0.400000000000000       0.200000000000000     
  0.000000000000000E+000  0.200000000000000       0.000000000000000E+000
           1
          32         177          45         193         194
  0.000000000000000E+000  0.200000000000000       0.200000000000000     
  0.000000000000000E+000  0.200000000000000       0.000000000000000E+000
  0.200000000000000       0.200000000000000       0.000000000000000E+000
  0.200000000000000       0.400000000000000       0.000000000000000E+000
           1
          33         181          45         177         194
  0.000000000000000E+000  0.400000000000000       0.200000000000000     
  0.000000000000000E+000  0.200000000000000       0.000000000000000E+000
  0.000000000000000E+000  0.200000000000000       0.200000000000000     
  0.200000000000000       0.400000000000000       0.000000000000000E+000
           1
          34         389         194         181         385
  0.200000000000000       0.400000000000000       0.200000000000000     
  0.200000000000000       0.400000000000000       0.000000000000000E+000
  0.000000000000000E+000  0.400000000000000       0.200000000000000     
  0.200000000000000       0.200000000000000       0.200000000000000     
           1
          35         385         177         193         194
  0.200000000000000       0.200000000000000       0.200000000000000     
  0.000000000000000E+000  0.200000000000000       0.200000000000000     
  0.200000000000000       0.200000000000000       0.000000000000000E+000
  0.200000000000000       0.400000000000000       0.000000000000000E+000
           1
          36         385         181         177         194
  0.200000000000000       0.200000000000000       0.200000000000000     
  0.000000000000000E+000  0.400000000000000       0.200000000000000     
  0.000000000000000E+000  0.200000000000000       0.200000000000000     
  0.200000000000000       0.400000000000000       0.000000000000000E+000
           1
          37         389         181         182         177
  0.200000000000000       0.400000000000000       0.200000000000000     
  0.000000000000000E+000  0.400000000000000       0.200000000000000     
  0.000000000000000E+000  0.400000000000000       0.400000000000000     
  0.000000000000000E+000  0.200000000000000       0.200000000000000     
           1
          38         178         177         385         389
  0.000000000000000E+000  0.200000000000000       0.400000000000000     
  0.000000000000000E+000  0.200000000000000       0.200000000000000     
  0.200000000000000       0.200000000000000       0.200000000000000     
  0.200000000000000       0.400000000000000       0.200000000000000     
           1
          39         182         177         178         389
  0.000000000000000E+000  0.400000000000000       0.400000000000000     
  0.000000000000000E+000  0.200000000000000       0.200000000000000     
  0.000000000000000E+000  0.200000000000000       0.400000000000000     
  0.200000000000000       0.400000000000000       0.200000000000000     
           1
          40         390         389         182         386
  0.200000000000000       0.400000000000000       0.400000000000000     
  0.200000000000000       0.400000000000000       0.200000000000000     
  0.000000000000000E+000  0.400000000000000       0.400000000000000     
  0.200000000000000       0.200000000000000       0.400000000000000     
           1
          41         386         178         385         389
  0.200000000000000       0.200000000000000       0.400000000000000     
  0.000000000000000E+000  0.200000000000000       0.400000000000000     
  0.200000000000000       0.200000000000000       0.200000000000000     
  0.200000000000000       0.400000000000000       0.200000000000000     
           1
          42         386         182         178         389
  0.200000000000000       0.200000000000000       0.400000000000000     
  0.000000000000000E+000  0.400000000000000       0.400000000000000     
  0.000000000000000E+000  0.200000000000000       0.400000000000000     
  0.200000000000000       0.400000000000000       0.200000000000000     
           1
          43         390         182         183         178
  0.200000000000000       0.400000000000000       0.400000000000000     
  0.000000000000000E+000  0.400000000000000       0.400000000000000     
  0.000000000000000E+000  0.400000000000000       0.600000000000000     
  0.000000000000000E+000  0.200000000000000       0.400000000000000     
           1
          44         179         178         386         390
  0.000000000000000E+000  0.200000000000000       0.600000000000000     
  0.000000000000000E+000  0.200000000000000       0.400000000000000     
  0.200000000000000       0.200000000000000       0.400000000000000     
  0.200000000000000       0.400000000000000       0.400000000000000     
           1
          45         183         178         179         390
  0.000000000000000E+000  0.400000000000000       0.600000000000000     
  0.000000000000000E+000  0.200000000000000       0.400000000000000     
  0.000000000000000E+000  0.200000000000000       0.600000000000000     
  0.200000000000000       0.400000000000000       0.400000000000000     
           1
          46         391         390         183         387
  0.200000000000000       0.400000000000000       0.600000000000000     
  0.200000000000000       0.400000000000000       0.400000000000000     
  0.000000000000000E+000  0.400000000000000       0.600000000000000     
  0.200000000000000       0.200000000000000       0.600000000000000     
           1
          47         387         179         386         390
  0.200000000000000       0.200000000000000       0.600000000000000     
  0.000000000000000E+000  0.200000000000000       0.600000000000000     
  0.200000000000000       0.200000000000000       0.400000000000000     
  0.200000000000000       0.400000000000000       0.400000000000000     
           1
          48         387         183         179         390
  0.200000000000000       0.200000000000000       0.600000000000000     
  0.000000000000000E+000  0.400000000000000       0.600000000000000     
  0.000000000000000E+000  0.200000000000000       0.600000000000000     
  0.200000000000000       0.400000000000000       0.400000000000000     
           1
          49         391         183         184         179
  0.200000000000000       0.400000000000000       0.600000000000000     
  0.000000000000000E+000  0.400000000000000       0.600000000000000     
  0.000000000000000E+000  0.400000000000000       0.800000000000000     
  0.000000000000000E+000  0.200000000000000       0.600000000000000     
           1
          50         180         179         387         391
  0.000000000000000E+000  0.200000000000000       0.800000000000000     
  0.000000000000000E+000  0.200000000000000       0.600000000000000     
  0.200000000000000       0.200000000000000       0.600000000000000     
  0.200000000000000       0.400000000000000       0.600000000000000     
           1
          51         184         179         180         391
  0.000000000000000E+000  0.400000000000000       0.800000000000000     
  0.000000000000000E+000  0.200000000000000       0.600000000000000     
  0.000000000000000E+000  0.200000000000000       0.800000000000000     
  0.200000000000000       0.400000000000000       0.600000000000000     
           1
          52         392         391         184         388
  0.200000000000000       0.400000000000000       0.800000000000000     
  0.200000000000000       0.400000000000000       0.600000000000000     
  0.000000000000000E+000  0.400000000000000       0.800000000000000     
  0.200000000000000       0.200000000000000       0.800000000000000     
           1
          53         388         180         387         391
  0.200000000000000       0.200000000000000       0.800000000000000     
  0.000000000000000E+000  0.200000000000000       0.800000000000000     
  0.200000000000000       0.200000000000000       0.600000000000000     
  0.200000000000000       0.400000000000000       0.600000000000000     
           1
          54         388         184         180         391
  0.200000000000000       0.200000000000000       0.800000000000000     
  0.000000000000000E+000  0.400000000000000       0.800000000000000     
  0.000000000000000E+000  0.200000000000000       0.800000000000000     
  0.200000000000000       0.400000000000000       0.600000000000000     
           1
          55         392         184          42         180
  0.200000000000000       0.400000000000000       0.800000000000000     
  0.000000000000000E+000  0.400000000000000       0.800000000000000     
  0.000000000000000E+000  0.400000000000000        1.00000000000000     
  0.000000000000000E+000  0.200000000000000       0.800000000000000     
           1
          56          41         180         388         392
  0.000000000000000E+000  0.200000000000000        1.00000000000000     
  0.000000000000000E+000  0.200000000000000       0.800000000000000     
  0.200000000000000       0.200000000000000       0.800000000000000     
  0.200000000000000       0.400000000000000       0.800000000000000     
           1
          57          42         180          41         392
  0.000000000000000E+000  0.400000000000000        1.00000000000000     
  0.000000000000000E+000  0.200000000000000       0.800000000000000     
  0.000000000000000E+000  0.200000000000000        1.00000000000000     
  0.200000000000000       0.400000000000000       0.800000000000000     
           1
          58         162         392          42         161
  0.200000000000000       0.400000000000000        1.00000000000000     
  0.200000000000000       0.400000000000000       0.800000000000000     
  0.000000000000000E+000  0.400000000000000        1.00000000000000     
  0.200000000000000       0.200000000000000        1.00000000000000     
           1
          59         161          41         388         392
  0.200000000000000       0.200000000000000        1.00000000000000     
  0.000000000000000E+000  0.200000000000000        1.00000000000000     
  0.200000000000000       0.200000000000000       0.800000000000000     
  0.200000000000000       0.400000000000000       0.800000000000000     
           1
          60         161          42          41         392
  0.200000000000000       0.200000000000000        1.00000000000000     
  0.000000000000000E+000  0.400000000000000        1.00000000000000     
  0.000000000000000E+000  0.200000000000000        1.00000000000000     
  0.200000000000000       0.400000000000000       0.800000000000000     
           1
          61         195          47         185          46
  0.200000000000000       0.600000000000000       0.000000000000000E+000
  0.000000000000000E+000  0.600000000000000       0.000000000000000E+000
  0.000000000000000E+000  0.600000000000000       0.200000000000000     
  0.000000000000000E+000  0.400000000000000       0.000000000000000E+000
           1
          62         181          46         194         195
  0.000000000000000E+000  0.400000000000000       0.200000000000000     
  0.000000000000000E+000  0.400000000000000       0.000000000000000E+000
  0.200000000000000       0.400000000000000       0.000000000000000E+000
  0.200000000000000       0.600000000000000       0.000000000000000E+000
           1
          63         185          46         181         195
  0.000000000000000E+000  0.600000000000000       0.200000000000000     
  0.000000000000000E+000  0.400000000000000       0.000000000000000E+000
  0.000000000000000E+000  0.400000000000000       0.200000000000000     
  0.200000000000000       0.600000000000000       0.000000000000000E+000
           1
          64         393         195         185         389
  0.200000000000000       0.600000000000000       0.200000000000000     
  0.200000000000000       0.600000000000000       0.000000000000000E+000
  0.000000000000000E+000  0.600000000000000       0.200000000000000     
  0.200000000000000       0.400000000000000       0.200000000000000     
           1
          65         389         181         194         195
  0.200000000000000       0.400000000000000       0.200000000000000     
  0.000000000000000E+000  0.400000000000000       0.200000000000000     
  0.200000000000000       0.400000000000000       0.000000000000000E+000
  0.200000000000000       0.600000000000000       0.000000000000000E+000
           1
          66         389         185         181         195
  0.200000000000000       0.400000000000000       0.200000000000000     
  0.000000000000000E+000  0.600000000000000       0.200000000000000     
  0.000000000000000E+000  0.400000000000000       0.200000000000000     
  0.200000000000000       0.600000000000000       0.000000000000000E+000
           1
          67         393         185         186         181
  0.200000000000000       0.600000000000000       0.200000000000000     
  0.000000000000000E+000  0.600000000000000       0.200000000000000     
  0.000000000000000E+000  0.600000000000000       0.400000000000000     
  0.000000000000000E+000  0.400000000000000       0.200000000000000     
           1
          68         182         181         389         393
  0.000000000000000E+000  0.400000000000000       0.400000000000000     
  0.000000000000000E+000  0.400000000000000       0.200000000000000     
  0.200000000000000       0.400000000000000       0.200000000000000     
  0.200000000000000       0.600000000000000       0.200000000000000     
           1
          69         186         181         182         393
  0.000000000000000E+000  0.600000000000000       0.400000000000000     
  0.000000000000000E+000  0.400000000000000       0.200000000000000     
  0.000000000000000E+000  0.400000000000000       0.400000000000000     
  0.200000000000000       0.600000000000000       0.200000000000000     
           1
          70         394         393         186         390
  0.200000000000000       0.600000000000000       0.400000000000000     
  0.200000000000000       0.600000000000000       0.200000000000000     
  0.000000000000000E+000  0.600000000000000       0.400000000000000     
  0.200000000000000       0.400000000000000       0.400000000000000     
           1
          71         390         182         389         393
  0.200000000000000       0.400000000000000       0.400000000000000     
  0.000000000000000E+000  0.400000000000000       0.400000000000000     
  0.200000000000000       0.400000000000000       0.200000000000000     
  0.200000000000000       0.600000000000000       0.200000000000000     
           1
          72         390         186         182         393
  0.200000000000000       0.400000000000000       0.400000000000000     
  0.000000000000000E+000  0.600000000000000       0.400000000000000     
  0.000000000000000E+000  0.400000000000000       0.400000000000000     
  0.200000000000000       0.600000000000000       0.200000000000000     
           1
          73         394         186         187         182
  0.200000000000000       0.600000000000000       0.400000000000000     
  0.000000000000000E+000  0.600000000000000       0.400000000000000     
  0.000000000000000E+000  0.600000000000000       0.600000000000000     
  0.000000000000000E+000  0.400000000000000       0.400000000000000     
           1
          74         183         182         390         394
  0.000000000000000E+000  0.400000000000000       0.600000000000000     
  0.000000000000000E+000  0.400000000000000       0.400000000000000     
  0.200000000000000       0.400000000000000       0.400000000000000     
  0.200000000000000       0.600000000000000       0.400000000000000     
           1
          75         187         182         183         394
  0.000000000000000E+000  0.600000000000000       0.600000000000000     
  0.000000000000000E+000  0.400000000000000       0.400000000000000     
  0.000000000000000E+000  0.400000000000000       0.600000000000000     
  0.200000000000000       0.600000000000000       0.400000000000000     
           1
          76         395         394         187         391
  0.200000000000000       0.600000000000000       0.600000000000000     
  0.200000000000000       0.600000000000000       0.400000000000000     
  0.000000000000000E+000  0.600000000000000       0.600000000000000     
  0.200000000000000       0.400000000000000       0.600000000000000     
           1
          77         391         183         390         394
  0.200000000000000       0.400000000000000       0.600000000000000     
  0.000000000000000E+000  0.400000000000000       0.600000000000000     
  0.200000000000000       0.400000000000000       0.400000000000000     
  0.200000000000000       0.600000000000000       0.400000000000000     
           1
          78         391         187         183         394
  0.200000000000000       0.400000000000000       0.600000000000000     
  0.000000000000000E+000  0.600000000000000       0.600000000000000     
  0.000000000000000E+000  0.400000000000000       0.600000000000000     
  0.200000000000000       0.600000000000000       0.400000000000000     
           1
          79         395         187         188         183
  0.200000000000000       0.600000000000000       0.600000000000000     
  0.000000000000000E+000  0.600000000000000       0.600000000000000     
  0.000000000000000E+000  0.600000000000000       0.800000000000000     
  0.000000000000000E+000  0.400000000000000       0.600000000000000     
           1
          80         184         183         391         395
  0.000000000000000E+000  0.400000000000000       0.800000000000000     
  0.000000000000000E+000  0.400000000000000       0.600000000000000     
  0.200000000000000       0.400000000000000       0.600000000000000     
  0.200000000000000       0.600000000000000       0.600000000000000     
           1
          81         188         183         184         395
  0.000000000000000E+000  0.600000000000000       0.800000000000000     
  0.000000000000000E+000  0.400000000000000       0.600000000000000     
  0.000000000000000E+000  0.400000000000000       0.800000000000000     
  0.200000000000000       0.600000000000000       0.600000000000000     
           1
          82         396         395         188         392
  0.200000000000000       0.600000000000000       0.800000000000000     
  0.200000000000000       0.600000000000000       0.600000000000000     
  0.000000000000000E+000  0.600000000000000       0.800000000000000     
  0.200000000000000       0.400000000000000       0.800000000000000     
           1
          83         392         184         391         395
  0.200000000000000       0.400000000000000       0.800000000000000     
  0.000000000000000E+000  0.400000000000000       0.800000000000000     
  0.200000000000000       0.400000000000000       0.600000000000000     
  0.200000000000000       0.600000000000000       0.600000000000000     
           1
          84         392         188         184         395
  0.200000000000000       0.400000000000000       0.800000000000000     
  0.000000000000000E+000  0.600000000000000       0.800000000000000     
  0.000000000000000E+000  0.400000000000000       0.800000000000000     
  0.200000000000000       0.600000000000000       0.600000000000000     
           1
          85         396         188          43         184
  0.200000000000000       0.600000000000000       0.800000000000000     
  0.000000000000000E+000  0.600000000000000       0.800000000000000     
  0.000000000000000E+000  0.600000000000000        1.00000000000000     
  0.000000000000000E+000  0.400000000000000       0.800000000000000     
           1
          86          42         184         392         396
  0.000000000000000E+000  0.400000000000000        1.00000000000000     
  0.000000000000000E+000  0.400000000000000       0.800000000000000     
  0.200000000000000       0.400000000000000       0.800000000000000     
  0.200000000000000       0.600000000000000       0.800000000000000     
           1
          87          43         184          42         396
  0.000000000000000E+000  0.600000000000000        1.00000000000000     
  0.000000000000000E+000  0.400000000000000       0.800000000000000     
  0.000000000000000E+000  0.400000000000000        1.00000000000000     
  0.200000000000000       0.600000000000000       0.800000000000000     
           1
          88         163         396          43         162
  0.200000000000000       0.600000000000000        1.00000000000000     
  0.200000000000000       0.600000000000000       0.800000000000000     
  0.000000000000000E+000  0.600000000000000        1.00000000000000     
  0.200000000000000       0.400000000000000        1.00000000000000     
           1
          89         162          42         392         396
  0.200000000000000       0.400000000000000        1.00000000000000     
  0.000000000000000E+000  0.400000000000000        1.00000000000000     
  0.200000000000000       0.400000000000000       0.800000000000000     
  0.200000000000000       0.600000000000000       0.800000000000000     
           1
          90         162          43          42         396
  0.200000000000000       0.400000000000000        1.00000000000000     
  0.000000000000000E+000  0.600000000000000        1.00000000000000     
  0.000000000000000E+000  0.400000000000000        1.00000000000000     
  0.200000000000000       0.600000000000000       0.800000000000000     
           1
          91         196          48         189          47
  0.200000000000000       0.800000000000000       0.000000000000000E+000
  0.000000000000000E+000  0.800000000000000       0.000000000000000E+000
  0.000000000000000E+000  0.800000000000000       0.200000000000000     
  0.000000000000000E+000  0.600000000000000       0.000000000000000E+000
           1
          92         185          47         195         196
  0.000000000000000E+000  0.600000000000000       0.200000000000000     
  0.000000000000000E+000  0.600000000000000       0.000000000000000E+000
  0.200000000000000       0.600000000000000       0.000000000000000E+000
  0.200000000000000       0.800000000000000       0.000000000000000E+000
           1
          93         189          47         185         196
  0.000000000000000E+000  0.800000000000000       0.200000000000000     
  0.000000000000000E+000  0.600000000000000       0.000000000000000E+000
  0.000000000000000E+000  0.600000000000000       0.200000000000000     
  0.200000000000000       0.800000000000000       0.000000000000000E+000
           1
          94         397         196         189         393
  0.200000000000000       0.800000000000000       0.200000000000000     
  0.200000000000000       0.800000000000000       0.000000000000000E+000
  0.000000000000000E+000  0.800000000000000       0.200000000000000     
  0.200000000000000       0.600000000000000       0.200000000000000     
           1
          95         393         185         195         196
  0.200000000000000       0.600000000000000       0.200000000000000     
  0.000000000000000E+000  0.600000000000000       0.200000000000000     
  0.200000000000000       0.600000000000000       0.000000000000000E+000
  0.200000000000000       0.800000000000000       0.000000000000000E+000
           1
          96         393         189         185         196
  0.200000000000000       0.600000000000000       0.200000000000000     
  0.000000000000000E+000  0.800000000000000       0.200000000000000     
  0.000000000000000E+000  0.600000000000000       0.200000000000000     
  0.200000000000000       0.800000000000000       0.000000000000000E+000
           1
          97         397         189         190         185
  0.200000000000000       0.800000000000000       0.200000000000000     
  0.000000000000000E+000  0.800000000000000       0.200000000000000     
  0.000000000000000E+000  0.800000000000000       0.400000000000000     
  0.000000000000000E+000  0.600000000000000       0.200000000000000     
           1
          98         186         185         393         397
  0.000000000000000E+000  0.600000000000000       0.400000000000000     
  0.000000000000000E+000  0.600000000000000       0.200000000000000     
  0.200000000000000       0.600000000000000       0.200000000000000     
  0.200000000000000       0.800000000000000       0.200000000000000     
           1
          99         190         185         186         397
  0.000000000000000E+000  0.800000000000000       0.400000000000000     
  0.000000000000000E+000  0.600000000000000       0.200000000000000     
  0.000000000000000E+000  0.600000000000000       0.400000000000000     
  0.200000000000000       0.800000000000000       0.200000000000000     
           1
         100         398         397         190         394
  0.200000000000000       0.800000000000000       0.400000000000000     
  0.200000000000000       0.800000000000000       0.200000000000000     
  0.000000000000000E+000  0.800000000000000       0.400000000000000     
  0.200000000000000       0.600000000000000       0.400000000000000     
           1
         101         394         186         393         397
  0.200000000000000       0.600000000000000       0.400000000000000     
  0.000000000000000E+000  0.600000000000000       0.400000000000000     
  0.200000000000000       0.600000000000000       0.200000000000000     
  0.200000000000000       0.800000000000000       0.200000000000000     
           1
         102         394         190         186         397
  0.200000000000000       0.600000000000000       0.400000000000000     
  0.000000000000000E+000  0.800000000000000       0.400000000000000     
  0.000000000000000E+000  0.600000000000000       0.400000000000000     
  0.200000000000000       0.800000000000000       0.200000000000000     
           1
         103         398         190         191         186
  0.200000000000000       0.800000000000000       0.400000000000000     
  0.000000000000000E+000  0.800000000000000       0.400000000000000     
  0.000000000000000E+000  0.800000000000000       0.600000000000000     
  0.000000000000000E+000  0.600000000000000       0.400000000000000     
           1
         104         187         186         394         398
  0.000000000000000E+000  0.600000000000000       0.600000000000000     
  0.000000000000000E+000  0.600000000000000       0.400000000000000     
  0.200000000000000       0.600000000000000       0.400000000000000     
  0.200000000000000       0.800000000000000       0.400000000000000     
           1
         105         191         186         187         398
  0.000000000000000E+000  0.800000000000000       0.600000000000000     
  0.000000000000000E+000  0.600000000000000       0.400000000000000     
  0.000000000000000E+000  0.600000000000000       0.600000000000000     
  0.200000000000000       0.800000000000000       0.400000000000000     
           1
         106         399         398         191         395
  0.200000000000000       0.800000000000000       0.600000000000000     
  0.200000000000000       0.800000000000000       0.400000000000000     
  0.000000000000000E+000  0.800000000000000       0.600000000000000     
  0.200000000000000       0.600000000000000       0.600000000000000     
           1
         107         395         187         394         398
  0.200000000000000       0.600000000000000       0.600000000000000     
  0.000000000000000E+000  0.600000000000000       0.600000000000000     
  0.200000000000000       0.600000000000000       0.400000000000000     
  0.200000000000000       0.800000000000000       0.400000000000000     
           1
         108         395         191         187         398
  0.200000000000000       0.600000000000000       0.600000000000000     
  0.000000000000000E+000  0.800000000000000       0.600000000000000     
  0.000000000000000E+000  0.600000000000000       0.600000000000000     
  0.200000000000000       0.800000000000000       0.400000000000000     
           1
         109         399         191         192         187
  0.200000000000000       0.800000000000000       0.600000000000000     
  0.000000000000000E+000  0.800000000000000       0.600000000000000     
  0.000000000000000E+000  0.800000000000000       0.800000000000000     
  0.000000000000000E+000  0.600000000000000       0.600000000000000     
           1
         110         188         187         395         399
  0.000000000000000E+000  0.600000000000000       0.800000000000000     
  0.000000000000000E+000  0.600000000000000       0.600000000000000     
  0.200000000000000       0.600000000000000       0.600000000000000     
  0.200000000000000       0.800000000000000       0.600000000000000     
           1
         111         192         187         188         399
  0.000000000000000E+000  0.800000000000000       0.800000000000000     
  0.000000000000000E+000  0.600000000000000       0.600000000000000     
  0.000000000000000E+000  0.600000000000000       0.800000000000000     
  0.200000000000000       0.800000000000000       0.600000000000000     
           1
         112         400         399         192         396
  0.200000000000000       0.800000000000000       0.800000000000000     
  0.200000000000000       0.800000000000000       0.600000000000000     
  0.000000000000000E+000  0.800000000000000       0.800000000000000     
  0.200000000000000       0.600000000000000       0.800000000000000     
           1
         113         396         188         395         399
  0.200000000000000       0.600000000000000       0.800000000000000     
  0.000000000000000E+000  0.600000000000000       0.800000000000000     
  0.200000000000000       0.600000000000000       0.600000000000000     
  0.200000000000000       0.800000000000000       0.600000000000000     
           1
         114         396         192         188         399
  0.200000000000000       0.600000000000000       0.800000000000000     
  0.000000000000000E+000  0.800000000000000       0.800000000000000     
  0.000000000000000E+000  0.600000000000000       0.800000000000000     
  0.200000000000000       0.800000000000000       0.600000000000000     
           1
         115         400         192          44         188
  0.200000000000000       0.800000000000000       0.800000000000000     
  0.000000000000000E+000  0.800000000000000       0.800000000000000     
  0.000000000000000E+000  0.800000000000000        1.00000000000000     
  0.000000000000000E+000  0.600000000000000       0.800000000000000     
           1
         116          43         188         396         400
  0.000000000000000E+000  0.600000000000000        1.00000000000000     
  0.000000000000000E+000  0.600000000000000       0.800000000000000     
  0.200000000000000       0.600000000000000       0.800000000000000     
  0.200000000000000       0.800000000000000       0.800000000000000     
           1
         117          44         188          43         400
  0.000000000000000E+000  0.800000000000000        1.00000000000000     
  0.000000000000000E+000  0.600000000000000       0.800000000000000     
  0.000000000000000E+000  0.600000000000000        1.00000000000000     
  0.200000000000000       0.800000000000000       0.800000000000000     
           1
         118         164         400          44         163
  0.200000000000000       0.800000000000000        1.00000000000000     
  0.200000000000000       0.800000000000000       0.800000000000000     
  0.000000000000000E+000  0.800000000000000        1.00000000000000     
  0.200000000000000       0.600000000000000        1.00000000000000     
           1
         119         163          43         396         400
  0.200000000000000       0.600000000000000        1.00000000000000     
  0.000000000000000E+000  0.600000000000000        1.00000000000000     
  0.200000000000000       0.600000000000000       0.800000000000000     
  0.200000000000000       0.800000000000000       0.800000000000000     
           1
         120         163          44          43         400
  0.200000000000000       0.600000000000000        1.00000000000000     
  0.000000000000000E+000  0.800000000000000        1.00000000000000     
  0.000000000000000E+000  0.600000000000000        1.00000000000000     
  0.200000000000000       0.800000000000000       0.800000000000000     
           1
         121          49           3          61          48
  0.200000000000000        1.00000000000000       0.000000000000000E+000
  0.000000000000000E+000   1.00000000000000       0.000000000000000E+000
  0.000000000000000E+000   1.00000000000000       0.200000000000000     
  0.000000000000000E+000  0.800000000000000       0.000000000000000E+000
           1
         122         189          48         196          49
  0.000000000000000E+000  0.800000000000000       0.200000000000000     
  0.000000000000000E+000  0.800000000000000       0.000000000000000E+000
  0.200000000000000       0.800000000000000       0.000000000000000E+000
  0.200000000000000        1.00000000000000       0.000000000000000E+000
           1
         123          61          48         189          49
  0.000000000000000E+000   1.00000000000000       0.200000000000000     
  0.000000000000000E+000  0.800000000000000       0.000000000000000E+000
  0.000000000000000E+000  0.800000000000000       0.200000000000000     
  0.200000000000000        1.00000000000000       0.000000000000000E+000
           1
         124         209          49          61         397
  0.200000000000000        1.00000000000000       0.200000000000000     
  0.200000000000000        1.00000000000000       0.000000000000000E+000
  0.000000000000000E+000   1.00000000000000       0.200000000000000     
  0.200000000000000       0.800000000000000       0.200000000000000     
           1
         125         397         189         196          49
  0.200000000000000       0.800000000000000       0.200000000000000     
  0.000000000000000E+000  0.800000000000000       0.200000000000000     
  0.200000000000000       0.800000000000000       0.000000000000000E+000
  0.200000000000000        1.00000000000000       0.000000000000000E+000
           1
         126         397          61         189          49
  0.200000000000000       0.800000000000000       0.200000000000000     
  0.000000000000000E+000   1.00000000000000       0.200000000000000     
  0.000000000000000E+000  0.800000000000000       0.200000000000000     
  0.200000000000000        1.00000000000000       0.000000000000000E+000
           1
         127         209          61          62         189
  0.200000000000000        1.00000000000000       0.200000000000000     
  0.000000000000000E+000   1.00000000000000       0.200000000000000     
  0.000000000000000E+000   1.00000000000000       0.400000000000000     
  0.000000000000000E+000  0.800000000000000       0.200000000000000     
           1
         128         190         189         397         209
  0.000000000000000E+000  0.800000000000000       0.400000000000000     
  0.000000000000000E+000  0.800000000000000       0.200000000000000     
  0.200000000000000       0.800000000000000       0.200000000000000     
  0.200000000000000        1.00000000000000       0.200000000000000     
           1
         129          62         189         190         209
  0.000000000000000E+000   1.00000000000000       0.400000000000000     
  0.000000000000000E+000  0.800000000000000       0.200000000000000     
  0.000000000000000E+000  0.800000000000000       0.400000000000000     
  0.200000000000000        1.00000000000000       0.200000000000000     
           1
         130         213         209          62         398
  0.200000000000000        1.00000000000000       0.400000000000000     
  0.200000000000000        1.00000000000000       0.200000000000000     
  0.000000000000000E+000   1.00000000000000       0.400000000000000     
  0.200000000000000       0.800000000000000       0.400000000000000     
           1
         131         398         190         397         209
  0.200000000000000       0.800000000000000       0.400000000000000     
  0.000000000000000E+000  0.800000000000000       0.400000000000000     
  0.200000000000000       0.800000000000000       0.200000000000000     
  0.200000000000000        1.00000000000000       0.200000000000000     
           1
         132         398          62         190         209
  0.200000000000000       0.800000000000000       0.400000000000000     
  0.000000000000000E+000   1.00000000000000       0.400000000000000     
  0.000000000000000E+000  0.800000000000000       0.400000000000000     
  0.200000000000000        1.00000000000000       0.200000000000000     
           1
         133         213          62          63         190
  0.200000000000000        1.00000000000000       0.400000000000000     
  0.000000000000000E+000   1.00000000000000       0.400000000000000     
  0.000000000000000E+000   1.00000000000000       0.600000000000000     
  0.000000000000000E+000  0.800000000000000       0.400000000000000     
           1
         134         191         190         398         213
  0.000000000000000E+000  0.800000000000000       0.600000000000000     
  0.000000000000000E+000  0.800000000000000       0.400000000000000     
  0.200000000000000       0.800000000000000       0.400000000000000     
  0.200000000000000        1.00000000000000       0.400000000000000     
           1
         135          63         190         191         213
  0.000000000000000E+000   1.00000000000000       0.600000000000000     
  0.000000000000000E+000  0.800000000000000       0.400000000000000     
  0.000000000000000E+000  0.800000000000000       0.600000000000000     
  0.200000000000000        1.00000000000000       0.400000000000000     
           1
         136         217         213          63         399
  0.200000000000000        1.00000000000000       0.600000000000000     
  0.200000000000000        1.00000000000000       0.400000000000000     
  0.000000000000000E+000   1.00000000000000       0.600000000000000     
  0.200000000000000       0.800000000000000       0.600000000000000     
           1
         137         399         191         398         213
  0.200000000000000       0.800000000000000       0.600000000000000     
  0.000000000000000E+000  0.800000000000000       0.600000000000000     
  0.200000000000000       0.800000000000000       0.400000000000000     
  0.200000000000000        1.00000000000000       0.400000000000000     
           1
         138         399          63         191         213
  0.200000000000000       0.800000000000000       0.600000000000000     
  0.000000000000000E+000   1.00000000000000       0.600000000000000     
  0.000000000000000E+000  0.800000000000000       0.600000000000000     
  0.200000000000000        1.00000000000000       0.400000000000000     
           1
         139         217          63          64         191
  0.200000000000000        1.00000000000000       0.600000000000000     
  0.000000000000000E+000   1.00000000000000       0.600000000000000     
  0.000000000000000E+000   1.00000000000000       0.800000000000000     
  0.000000000000000E+000  0.800000000000000       0.600000000000000     
           1
         140         192         191         399         217
  0.000000000000000E+000  0.800000000000000       0.800000000000000     
  0.000000000000000E+000  0.800000000000000       0.600000000000000     
  0.200000000000000       0.800000000000000       0.600000000000000     
  0.200000000000000        1.00000000000000       0.600000000000000     
           1
         141          64         191         192         217
  0.000000000000000E+000   1.00000000000000       0.800000000000000     
  0.000000000000000E+000  0.800000000000000       0.600000000000000     
  0.000000000000000E+000  0.800000000000000       0.800000000000000     
  0.200000000000000        1.00000000000000       0.600000000000000     
           1
         142         221         217          64         400
  0.200000000000000        1.00000000000000       0.800000000000000     
  0.200000000000000        1.00000000000000       0.600000000000000     
  0.000000000000000E+000   1.00000000000000       0.800000000000000     
  0.200000000000000       0.800000000000000       0.800000000000000     
           1
         143         400         192         399         217
  0.200000000000000       0.800000000000000       0.800000000000000     
  0.000000000000000E+000  0.800000000000000       0.800000000000000     
  0.200000000000000       0.800000000000000       0.600000000000000     
  0.200000000000000        1.00000000000000       0.600000000000000     
           1
         144         400          64         192         217
  0.200000000000000       0.800000000000000       0.800000000000000     
  0.000000000000000E+000   1.00000000000000       0.800000000000000     
  0.000000000000000E+000  0.800000000000000       0.800000000000000     
  0.200000000000000        1.00000000000000       0.600000000000000     
           1
         145         221          64           7         192
  0.200000000000000        1.00000000000000       0.800000000000000     
  0.000000000000000E+000   1.00000000000000       0.800000000000000     
  0.000000000000000E+000   1.00000000000000        1.00000000000000     
  0.000000000000000E+000  0.800000000000000       0.800000000000000     
           1
         146          44         192         400         221
  0.000000000000000E+000  0.800000000000000        1.00000000000000     
  0.000000000000000E+000  0.800000000000000       0.800000000000000     
  0.200000000000000       0.800000000000000       0.800000000000000     
  0.200000000000000        1.00000000000000       0.800000000000000     
           1
         147           7         192          44         221
  0.000000000000000E+000   1.00000000000000        1.00000000000000     
  0.000000000000000E+000  0.800000000000000       0.800000000000000     
  0.000000000000000E+000  0.800000000000000        1.00000000000000     
  0.200000000000000        1.00000000000000       0.800000000000000     
           1
         148          57         221           7         164
  0.200000000000000        1.00000000000000        1.00000000000000     
  0.200000000000000        1.00000000000000       0.800000000000000     
  0.000000000000000E+000   1.00000000000000        1.00000000000000     
  0.200000000000000       0.800000000000000        1.00000000000000     
           1
         149         164          44         400         221
  0.200000000000000       0.800000000000000        1.00000000000000     
  0.000000000000000E+000  0.800000000000000        1.00000000000000     
  0.200000000000000       0.800000000000000       0.800000000000000     
  0.200000000000000        1.00000000000000       0.800000000000000     
           1
         150         164           7          44         221
  0.200000000000000       0.800000000000000        1.00000000000000     
  0.000000000000000E+000   1.00000000000000        1.00000000000000     
  0.000000000000000E+000  0.800000000000000        1.00000000000000     
  0.200000000000000        1.00000000000000       0.800000000000000     
           1
         151         197         193         385          17
  0.400000000000000       0.200000000000000       0.000000000000000E+000
  0.200000000000000       0.200000000000000       0.000000000000000E+000
  0.200000000000000       0.200000000000000       0.200000000000000     
  0.200000000000000       0.000000000000000E+000  0.000000000000000E+000
           1
         152         129          17          18         197
  0.200000000000000       0.000000000000000E+000  0.200000000000000     
  0.200000000000000       0.000000000000000E+000  0.000000000000000E+000
  0.400000000000000       0.000000000000000E+000  0.000000000000000E+000
  0.400000000000000       0.200000000000000       0.000000000000000E+000
           1
         153         385          17         129         197
  0.200000000000000       0.200000000000000       0.200000000000000     
  0.200000000000000       0.000000000000000E+000  0.000000000000000E+000
  0.200000000000000       0.000000000000000E+000  0.200000000000000     
  0.400000000000000       0.200000000000000       0.000000000000000E+000
           1
         154         401         197         385         130
  0.400000000000000       0.200000000000000       0.200000000000000     
  0.400000000000000       0.200000000000000       0.000000000000000E+000
  0.200000000000000       0.200000000000000       0.200000000000000     
  0.400000000000000       0.000000000000000E+000  0.200000000000000     
           1
         155         130         129          18         197
  0.400000000000000       0.000000000000000E+000  0.200000000000000     
  0.200000000000000       0.000000000000000E+000  0.200000000000000     
  0.400000000000000       0.000000000000000E+000  0.000000000000000E+000
  0.400000000000000       0.200000000000000       0.000000000000000E+000
           1
         156         130         385         129         197
  0.400000000000000       0.000000000000000E+000  0.200000000000000     
  0.200000000000000       0.200000000000000       0.200000000000000     
  0.200000000000000       0.000000000000000E+000  0.200000000000000     
  0.400000000000000       0.200000000000000       0.000000000000000E+000
           1
         157         401         385         386         129
  0.400000000000000       0.200000000000000       0.200000000000000     
  0.200000000000000       0.200000000000000       0.200000000000000     
  0.200000000000000       0.200000000000000       0.400000000000000     
  0.200000000000000       0.000000000000000E+000  0.200000000000000     
           1
         158         133         129         130         401
  0.200000000000000       0.000000000000000E+000  0.400000000000000     
  0.200000000000000       0.000000000000000E+000  0.200000000000000     
  0.400000000000000       0.000000000000000E+000  0.200000000000000     
  0.400000000000000       0.200000000000000       0.200000000000000     
           1
         159         386         129         133         401
  0.200000000000000       0.200000000000000       0.400000000000000     
  0.200000000000000       0.000000000000000E+000  0.200000000000000     
  0.200000000000000       0.000000000000000E+000  0.400000000000000     
  0.400000000000000       0.200000000000000       0.200000000000000     
           1
         160         402         401         386         134
  0.400000000000000       0.200000000000000       0.400000000000000     
  0.400000000000000       0.200000000000000       0.200000000000000     
  0.200000000000000       0.200000000000000       0.400000000000000     
  0.400000000000000       0.000000000000000E+000  0.400000000000000     
           1
         161         134         133         130         401
  0.400000000000000       0.000000000000000E+000  0.400000000000000     
  0.200000000000000       0.000000000000000E+000  0.400000000000000     
  0.400000000000000       0.000000000000000E+000  0.200000000000000     
  0.400000000000000       0.200000000000000       0.200000000000000     
           1
         162         134         386         133         401
  0.400000000000000       0.000000000000000E+000  0.400000000000000     
  0.200000000000000       0.200000000000000       0.400000000000000     
  0.200000000000000       0.000000000000000E+000  0.400000000000000     
  0.400000000000000       0.200000000000000       0.200000000000000     
           1
         163         402         386         387         133
  0.400000000000000       0.200000000000000       0.400000000000000     
  0.200000000000000       0.200000000000000       0.400000000000000     
  0.200000000000000       0.200000000000000       0.600000000000000     
  0.200000000000000       0.000000000000000E+000  0.400000000000000     
           1
         164         137         133         134         402
  0.200000000000000       0.000000000000000E+000  0.600000000000000     
  0.200000000000000       0.000000000000000E+000  0.400000000000000     
  0.400000000000000       0.000000000000000E+000  0.400000000000000     
  0.400000000000000       0.200000000000000       0.400000000000000     
           1
         165         387         133         137         402
  0.200000000000000       0.200000000000000       0.600000000000000     
  0.200000000000000       0.000000000000000E+000  0.400000000000000     
  0.200000000000000       0.000000000000000E+000  0.600000000000000     
  0.400000000000000       0.200000000000000       0.400000000000000     
           1
         166         403         402         387         138
  0.400000000000000       0.200000000000000       0.600000000000000     
  0.400000000000000       0.200000000000000       0.400000000000000     
  0.200000000000000       0.200000000000000       0.600000000000000     
  0.400000000000000       0.000000000000000E+000  0.600000000000000     
           1
         167         138         137         134         402
  0.400000000000000       0.000000000000000E+000  0.600000000000000     
  0.200000000000000       0.000000000000000E+000  0.600000000000000     
  0.400000000000000       0.000000000000000E+000  0.400000000000000     
  0.400000000000000       0.200000000000000       0.400000000000000     
           1
         168         138         387         137         402
  0.400000000000000       0.000000000000000E+000  0.600000000000000     
  0.200000000000000       0.200000000000000       0.600000000000000     
  0.200000000000000       0.000000000000000E+000  0.600000000000000     
  0.400000000000000       0.200000000000000       0.400000000000000     
           1
         169         403         387         388         137
  0.400000000000000       0.200000000000000       0.600000000000000     
  0.200000000000000       0.200000000000000       0.600000000000000     
  0.200000000000000       0.200000000000000       0.800000000000000     
  0.200000000000000       0.000000000000000E+000  0.600000000000000     
           1
         170         141         137         138         403
  0.200000000000000       0.000000000000000E+000  0.800000000000000     
  0.200000000000000       0.000000000000000E+000  0.600000000000000     
  0.400000000000000       0.000000000000000E+000  0.600000000000000     
  0.400000000000000       0.200000000000000       0.600000000000000     
           1
         171         388         137         141         403
  0.200000000000000       0.200000000000000       0.800000000000000     
  0.200000000000000       0.000000000000000E+000  0.600000000000000     
  0.200000000000000       0.000000000000000E+000  0.800000000000000     
  0.400000000000000       0.200000000000000       0.600000000000000     
           1
         172         404         403         388         142
  0.400000000000000       0.200000000000000       0.800000000000000     
  0.400000000000000       0.200000000000000       0.600000000000000     
  0.200000000000000       0.200000000000000       0.800000000000000     
  0.400000000000000       0.000000000000000E+000  0.800000000000000     
           1
         173         142         141         138         403
  0.400000000000000       0.000000000000000E+000  0.800000000000000     
  0.200000000000000       0.000000000000000E+000  0.800000000000000     
  0.400000000000000       0.000000000000000E+000  0.600000000000000     
  0.400000000000000       0.200000000000000       0.600000000000000     
           1
         174         142         388         141         403
  0.400000000000000       0.000000000000000E+000  0.800000000000000     
  0.200000000000000       0.200000000000000       0.800000000000000     
  0.200000000000000       0.000000000000000E+000  0.800000000000000     
  0.400000000000000       0.200000000000000       0.600000000000000     
           1
         175         404         388         161         141
  0.400000000000000       0.200000000000000       0.800000000000000     
  0.200000000000000       0.200000000000000       0.800000000000000     
  0.200000000000000       0.200000000000000        1.00000000000000     
  0.200000000000000       0.000000000000000E+000  0.800000000000000     
           1
         176          25         141         142         404
  0.200000000000000       0.000000000000000E+000   1.00000000000000     
  0.200000000000000       0.000000000000000E+000  0.800000000000000     
  0.400000000000000       0.000000000000000E+000  0.800000000000000     
  0.400000000000000       0.200000000000000       0.800000000000000     
           1
         177         161         141          25         404
  0.200000000000000       0.200000000000000        1.00000000000000     
  0.200000000000000       0.000000000000000E+000  0.800000000000000     
  0.200000000000000       0.000000000000000E+000   1.00000000000000     
  0.400000000000000       0.200000000000000       0.800000000000000     
           1
         178         165         404         161          26
  0.400000000000000       0.200000000000000        1.00000000000000     
  0.400000000000000       0.200000000000000       0.800000000000000     
  0.200000000000000       0.200000000000000        1.00000000000000     
  0.400000000000000       0.000000000000000E+000   1.00000000000000     
           1
         179          26          25         142         404
  0.400000000000000       0.000000000000000E+000   1.00000000000000     
  0.200000000000000       0.000000000000000E+000   1.00000000000000     
  0.400000000000000       0.000000000000000E+000  0.800000000000000     
  0.400000000000000       0.200000000000000       0.800000000000000     
           1
         180          26         161          25         404
  0.400000000000000       0.000000000000000E+000   1.00000000000000     
  0.200000000000000       0.200000000000000        1.00000000000000     
  0.200000000000000       0.000000000000000E+000   1.00000000000000     
  0.400000000000000       0.200000000000000       0.800000000000000     
           1
         181         198         194         389         193
  0.400000000000000       0.400000000000000       0.000000000000000E+000
  0.200000000000000       0.400000000000000       0.000000000000000E+000
  0.200000000000000       0.400000000000000       0.200000000000000     
  0.200000000000000       0.200000000000000       0.000000000000000E+000
           1
         182         385         193         197         198
  0.200000000000000       0.200000000000000       0.200000000000000     
  0.200000000000000       0.200000000000000       0.000000000000000E+000
  0.400000000000000       0.200000000000000       0.000000000000000E+000
  0.400000000000000       0.400000000000000       0.000000000000000E+000
           1
         183         389         193         385         198
  0.200000000000000       0.400000000000000       0.200000000000000     
  0.200000000000000       0.200000000000000       0.000000000000000E+000
  0.200000000000000       0.200000000000000       0.200000000000000     
  0.400000000000000       0.400000000000000       0.000000000000000E+000
           1
         184         405         198         389         401
  0.400000000000000       0.400000000000000       0.200000000000000     
  0.400000000000000       0.400000000000000       0.000000000000000E+000
  0.200000000000000       0.400000000000000       0.200000000000000     
  0.400000000000000       0.200000000000000       0.200000000000000     
           1
         185         401         385         197         198
  0.400000000000000       0.200000000000000       0.200000000000000     
  0.200000000000000       0.200000000000000       0.200000000000000     
  0.400000000000000       0.200000000000000       0.000000000000000E+000
  0.400000000000000       0.400000000000000       0.000000000000000E+000
           1
         186         401         389         385         198
  0.400000000000000       0.200000000000000       0.200000000000000     
  0.200000000000000       0.400000000000000       0.200000000000000     
  0.200000000000000       0.200000000000000       0.200000000000000     
  0.400000000000000       0.400000000000000       0.000000000000000E+000
           1
         187         405         389         390         385
  0.400000000000000       0.400000000000000       0.200000000000000     
  0.200000000000000       0.400000000000000       0.200000000000000     
  0.200000000000000       0.400000000000000       0.400000000000000     
  0.200000000000000       0.200000000000000       0.200000000000000     
           1
         188         386         385         401         405
  0.200000000000000       0.200000000000000       0.400000000000000     
  0.200000000000000       0.200000000000000       0.200000000000000     
  0.400000000000000       0.200000000000000       0.200000000000000     
  0.400000000000000       0.400000000000000       0.200000000000000     
           1
         189         390         385         386         405
  0.200000000000000       0.400000000000000       0.400000000000000     
  0.200000000000000       0.200000000000000       0.200000000000000     
  0.200000000000000       0.200000000000000       0.400000000000000     
  0.400000000000000       0.400000000000000       0.200000000000000     
           1
         190         406         405         390         402
  0.400000000000000       0.400000000000000       0.400000000000000     
  0.400000000000000       0.400000000000000       0.200000000000000     
  0.200000000000000       0.400000000000000       0.400000000000000     
  0.400000000000000       0.200000000000000       0.400000000000000     
           1
         191         402         386         401         405
  0.400000000000000       0.200000000000000       0.400000000000000     
  0.200000000000000       0.200000000000000       0.400000000000000     
  0.400000000000000       0.200000000000000       0.200000000000000     
  0.400000000000000       0.400000000000000       0.200000000000000     
           1
         192         402         390         386         405
  0.400000000000000       0.200000000000000       0.400000000000000     
  0.200000000000000       0.400000000000000       0.400000000000000     
  0.200000000000000       0.200000000000000       0.400000000000000     
  0.400000000000000       0.400000000000000       0.200000000000000     
           1
         193         406         390         391         386
  0.400000000000000       0.400000000000000       0.400000000000000     
  0.200000000000000       0.400000000000000       0.400000000000000     
  0.200000000000000       0.400000000000000       0.600000000000000     
  0.200000000000000       0.200000000000000       0.400000000000000     
           1
         194         387         386         402         406
  0.200000000000000       0.200000000000000       0.600000000000000     
  0.200000000000000       0.200000000000000       0.400000000000000     
  0.400000000000000       0.200000000000000       0.400000000000000     
  0.400000000000000       0.400000000000000       0.400000000000000     
           1
         195         391         386         387         406
  0.200000000000000       0.400000000000000       0.600000000000000     
  0.200000000000000       0.200000000000000       0.400000000000000     
  0.200000000000000       0.200000000000000       0.600000000000000     
  0.400000000000000       0.400000000000000       0.400000000000000     
           1
         196         407         406         391         403
  0.400000000000000       0.400000000000000       0.600000000000000     
  0.400000000000000       0.400000000000000       0.400000000000000     
  0.200000000000000       0.400000000000000       0.600000000000000     
  0.400000000000000       0.200000000000000       0.600000000000000     
           1
         197         403         387         402         406
  0.400000000000000       0.200000000000000       0.600000000000000     
  0.200000000000000       0.200000000000000       0.600000000000000     
  0.400000000000000       0.200000000000000       0.400000000000000     
  0.400000000000000       0.400000000000000       0.400000000000000     
           1
         198         403         391         387         406
  0.400000000000000       0.200000000000000       0.600000000000000     
  0.200000000000000       0.400000000000000       0.600000000000000     
  0.200000000000000       0.200000000000000       0.600000000000000     
  0.400000000000000       0.400000000000000       0.400000000000000     
           1
         199         407         391         392         387
  0.400000000000000       0.400000000000000       0.600000000000000     
  0.200000000000000       0.400000000000000       0.600000000000000     
  0.200000000000000       0.400000000000000       0.800000000000000     
  0.200000000000000       0.200000000000000       0.600000000000000     
           1
         200         388         387         403         407
  0.200000000000000       0.200000000000000       0.800000000000000     
  0.200000000000000       0.200000000000000       0.600000000000000     
  0.400000000000000       0.200000000000000       0.600000000000000     
  0.400000000000000       0.400000000000000       0.600000000000000     
           1
         201         392         387         388         407
  0.200000000000000       0.400000000000000       0.800000000000000     
  0.200000000000000       0.200000000000000       0.600000000000000     
  0.200000000000000       0.200000000000000       0.800000000000000     
  0.400000000000000       0.400000000000000       0.600000000000000     
           1
         202         408         407         392         404
  0.400000000000000       0.400000000000000       0.800000000000000     
  0.400000000000000       0.400000000000000       0.600000000000000     
  0.200000000000000       0.400000000000000       0.800000000000000     
  0.400000000000000       0.200000000000000       0.800000000000000     
           1
         203         404         388         403         407
  0.400000000000000       0.200000000000000       0.800000000000000     
  0.200000000000000       0.200000000000000       0.800000000000000     
  0.400000000000000       0.200000000000000       0.600000000000000     
  0.400000000000000       0.400000000000000       0.600000000000000     
           1
         204         404         392         388         407
  0.400000000000000       0.200000000000000       0.800000000000000     
  0.200000000000000       0.400000000000000       0.800000000000000     
  0.200000000000000       0.200000000000000       0.800000000000000     
  0.400000000000000       0.400000000000000       0.600000000000000     
           1
         205         408         392         162         388
  0.400000000000000       0.400000000000000       0.800000000000000     
  0.200000000000000       0.400000000000000       0.800000000000000     
  0.200000000000000       0.400000000000000        1.00000000000000     
  0.200000000000000       0.200000000000000       0.800000000000000     
           1
         206         161         388         404         408
  0.200000000000000       0.200000000000000        1.00000000000000     
  0.200000000000000       0.200000000000000       0.800000000000000     
  0.400000000000000       0.200000000000000       0.800000000000000     
  0.400000000000000       0.400000000000000       0.800000000000000     
           1
         207         162         388         161         408
  0.200000000000000       0.400000000000000        1.00000000000000     
  0.200000000000000       0.200000000000000       0.800000000000000     
  0.200000000000000       0.200000000000000        1.00000000000000     
  0.400000000000000       0.400000000000000       0.800000000000000     
           1
         208         166         408         162         165
  0.400000000000000       0.400000000000000        1.00000000000000     
  0.400000000000000       0.400000000000000       0.800000000000000     
  0.200000000000000       0.400000000000000        1.00000000000000     
  0.400000000000000       0.200000000000000        1.00000000000000     
           1
         209         165         161         404         408
  0.400000000000000       0.200000000000000        1.00000000000000     
  0.200000000000000       0.200000000000000        1.00000000000000     
  0.400000000000000       0.200000000000000       0.800000000000000     
  0.400000000000000       0.400000000000000       0.800000000000000     
           1
         210         165         162         161         408
  0.400000000000000       0.200000000000000        1.00000000000000     
  0.200000000000000       0.400000000000000        1.00000000000000     
  0.200000000000000       0.200000000000000        1.00000000000000     
  0.400000000000000       0.400000000000000       0.800000000000000     
           1
         211         199         195         393         194
  0.400000000000000       0.600000000000000       0.000000000000000E+000
  0.200000000000000       0.600000000000000       0.000000000000000E+000
  0.200000000000000       0.600000000000000       0.200000000000000     
  0.200000000000000       0.400000000000000       0.000000000000000E+000
           1
         212         389         194         198         199
  0.200000000000000       0.400000000000000       0.200000000000000     
  0.200000000000000       0.400000000000000       0.000000000000000E+000
  0.400000000000000       0.400000000000000       0.000000000000000E+000
  0.400000000000000       0.600000000000000       0.000000000000000E+000
           1
         213         393         194         389         199
  0.200000000000000       0.600000000000000       0.200000000000000     
  0.200000000000000       0.400000000000000       0.000000000000000E+000
  0.200000000000000       0.400000000000000       0.200000000000000     
  0.400000000000000       0.600000000000000       0.000000000000000E+000
           1
         214         409         199         393         405
  0.400000000000000       0.600000000000000       0.200000000000000     
  0.400000000000000       0.600000000000000       0.000000000000000E+000
  0.200000000000000       0.600000000000000       0.200000000000000     
  0.400000000000000       0.400000000000000       0.200000000000000     
           1
         215         405         389         198         199
  0.400000000000000       0.400000000000000       0.200000000000000     
  0.200000000000000       0.400000000000000       0.200000000000000     
  0.400000000000000       0.400000000000000       0.000000000000000E+000
  0.400000000000000       0.600000000000000       0.000000000000000E+000
           1
         216         405         393         389         199
  0.400000000000000       0.400000000000000       0.200000000000000     
  0.200000000000000       0.600000000000000       0.200000000000000     
  0.200000000000000       0.400000000000000       0.200000000000000     
  0.400000000000000       0.600000000000000       0.000000000000000E+000
           1
         217         409         393         394         389
  0.400000000000000       0.600000000000000       0.200000000000000     
  0.200000000000000       0.600000000000000       0.200000000000000     
  0.200000000000000       0.600000000000000       0.400000000000000     
  0.200000000000000       0.400000000000000       0.200000000000000     
           1
         218         390         389         405         409
  0.200000000000000       0.400000000000000       0.400000000000000     
  0.200000000000000       0.400000000000000       0.200000000000000     
  0.400000000000000       0.400000000000000       0.200000000000000     
  0.400000000000000       0.600000000000000       0.200000000000000     
           1
         219         394         389         390         409
  0.200000000000000       0.600000000000000       0.400000000000000     
  0.200000000000000       0.400000000000000       0.200000000000000     
  0.200000000000000       0.400000000000000       0.400000000000000     
  0.400000000000000       0.600000000000000       0.200000000000000     
           1
         220         410         409         394         406
  0.400000000000000       0.600000000000000       0.400000000000000     
  0.400000000000000       0.600000000000000       0.200000000000000     
  0.200000000000000       0.600000000000000       0.400000000000000     
  0.400000000000000       0.400000000000000       0.400000000000000     
           1
         221         406         390         405         409
  0.400000000000000       0.400000000000000       0.400000000000000     
  0.200000000000000       0.400000000000000       0.400000000000000     
  0.400000000000000       0.400000000000000       0.200000000000000     
  0.400000000000000       0.600000000000000       0.200000000000000     
           1
         222         406         394         390         409
  0.400000000000000       0.400000000000000       0.400000000000000     
  0.200000000000000       0.600000000000000       0.400000000000000     
  0.200000000000000       0.400000000000000       0.400000000000000     
  0.400000000000000       0.600000000000000       0.200000000000000     
           1
         223         410         394         395         390
  0.400000000000000       0.600000000000000       0.400000000000000     
  0.200000000000000       0.600000000000000       0.400000000000000     
  0.200000000000000       0.600000000000000       0.600000000000000     
  0.200000000000000       0.400000000000000       0.400000000000000     
           1
         224         391         390         406         410
  0.200000000000000       0.400000000000000       0.600000000000000     
  0.200000000000000       0.400000000000000       0.400000000000000     
  0.400000000000000       0.400000000000000       0.400000000000000     
  0.400000000000000       0.600000000000000       0.400000000000000     
           1
         225         395         390         391         410
  0.200000000000000       0.600000000000000       0.600000000000000     
  0.200000000000000       0.400000000000000       0.400000000000000     
  0.200000000000000       0.400000000000000       0.600000000000000     
  0.400000000000000       0.600000000000000       0.400000000000000     
           1
         226         411         410         395         407
  0.400000000000000       0.600000000000000       0.600000000000000     
  0.400000000000000       0.600000000000000       0.400000000000000     
  0.200000000000000       0.600000000000000       0.600000000000000     
  0.400000000000000       0.400000000000000       0.600000000000000     
           1
         227         407         391         406         410
  0.400000000000000       0.400000000000000       0.600000000000000     
  0.200000000000000       0.400000000000000       0.600000000000000     
  0.400000000000000       0.400000000000000       0.400000000000000     
  0.400000000000000       0.600000000000000       0.400000000000000     
           1
         228         407         395         391         410
  0.400000000000000       0.400000000000000       0.600000000000000     
  0.200000000000000       0.600000000000000       0.600000000000000     
  0.200000000000000       0.400000000000000       0.600000000000000     
  0.400000000000000       0.600000000000000       0.400000000000000     
           1
         229         411         395         396         391
  0.400000000000000       0.600000000000000       0.600000000000000     
  0.200000000000000       0.600000000000000       0.600000000000000     
  0.200000000000000       0.600000000000000       0.800000000000000     
  0.200000000000000       0.400000000000000       0.600000000000000     
           1
         230         392         391         407         411
  0.200000000000000       0.400000000000000       0.800000000000000     
  0.200000000000000       0.400000000000000       0.600000000000000     
  0.400000000000000       0.400000000000000       0.600000000000000     
  0.400000000000000       0.600000000000000       0.600000000000000     
           1
         231         396         391         392         411
  0.200000000000000       0.600000000000000       0.800000000000000     
  0.200000000000000       0.400000000000000       0.600000000000000     
  0.200000000000000       0.400000000000000       0.800000000000000     
  0.400000000000000       0.600000000000000       0.600000000000000     
           1
         232         412         411         396         408
  0.400000000000000       0.600000000000000       0.800000000000000     
  0.400000000000000       0.600000000000000       0.600000000000000     
  0.200000000000000       0.600000000000000       0.800000000000000     
  0.400000000000000       0.400000000000000       0.800000000000000     
           1
         233         408         392         407         411
  0.400000000000000       0.400000000000000       0.800000000000000     
  0.200000000000000       0.400000000000000       0.800000000000000     
  0.400000000000000       0.400000000000000       0.600000000000000     
  0.400000000000000       0.600000000000000       0.600000000000000     
           1
         234         408         396         392         411
  0.400000000000000       0.400000000000000       0.800000000000000     
  0.200000000000000       0.600000000000000       0.800000000000000     
  0.200000000000000       0.400000000000000       0.800000000000000     
  0.400000000000000       0.600000000000000       0.600000000000000     
           1
         235         412         396         163         392
  0.400000000000000       0.600000000000000       0.800000000000000     
  0.200000000000000       0.600000000000000       0.800000000000000     
  0.200000000000000       0.600000000000000        1.00000000000000     
  0.200000000000000       0.400000000000000       0.800000000000000     
           1
         236         162         392         408         412
  0.200000000000000       0.400000000000000        1.00000000000000     
  0.200000000000000       0.400000000000000       0.800000000000000     
  0.400000000000000       0.400000000000000       0.800000000000000     
  0.400000000000000       0.600000000000000       0.800000000000000     
           1
         237         163         392         162         412
  0.200000000000000       0.600000000000000        1.00000000000000     
  0.200000000000000       0.400000000000000       0.800000000000000     
  0.200000000000000       0.400000000000000        1.00000000000000     
  0.400000000000000       0.600000000000000       0.800000000000000     
           1
         238         167         412         163         166
  0.400000000000000       0.600000000000000        1.00000000000000     
  0.400000000000000       0.600000000000000       0.800000000000000     
  0.200000000000000       0.600000000000000        1.00000000000000     
  0.400000000000000       0.400000000000000        1.00000000000000     
           1
         239         166         162         408         412
  0.400000000000000       0.400000000000000        1.00000000000000     
  0.200000000000000       0.400000000000000        1.00000000000000     
  0.400000000000000       0.400000000000000       0.800000000000000     
  0.400000000000000       0.600000000000000       0.800000000000000     
           1
         240         166         163         162         412
  0.400000000000000       0.400000000000000        1.00000000000000     
  0.200000000000000       0.600000000000000        1.00000000000000     
  0.200000000000000       0.400000000000000        1.00000000000000     
  0.400000000000000       0.600000000000000       0.800000000000000     
           1
         241         200         196         397         195
  0.400000000000000       0.800000000000000       0.000000000000000E+000
  0.200000000000000       0.800000000000000       0.000000000000000E+000
  0.200000000000000       0.800000000000000       0.200000000000000     
  0.200000000000000       0.600000000000000       0.000000000000000E+000
           1
         242         393         195         199         200
  0.200000000000000       0.600000000000000       0.200000000000000     
  0.200000000000000       0.600000000000000       0.000000000000000E+000
  0.400000000000000       0.600000000000000       0.000000000000000E+000
  0.400000000000000       0.800000000000000       0.000000000000000E+000
           1
         243         397         195         393         200
  0.200000000000000       0.800000000000000       0.200000000000000     
  0.200000000000000       0.600000000000000       0.000000000000000E+000
  0.200000000000000       0.600000000000000       0.200000000000000     
  0.400000000000000       0.800000000000000       0.000000000000000E+000
           1
         244         413         200         397         409
  0.400000000000000       0.800000000000000       0.200000000000000     
  0.400000000000000       0.800000000000000       0.000000000000000E+000
  0.200000000000000       0.800000000000000       0.200000000000000     
  0.400000000000000       0.600000000000000       0.200000000000000     
           1
         245         409         393         199         200
  0.400000000000000       0.600000000000000       0.200000000000000     
  0.200000000000000       0.600000000000000       0.200000000000000     
  0.400000000000000       0.600000000000000       0.000000000000000E+000
  0.400000000000000       0.800000000000000       0.000000000000000E+000
           1
         246         409         397         393         200
  0.400000000000000       0.600000000000000       0.200000000000000     
  0.200000000000000       0.800000000000000       0.200000000000000     
  0.200000000000000       0.600000000000000       0.200000000000000     
  0.400000000000000       0.800000000000000       0.000000000000000E+000
           1
         247         413         397         398         393
  0.400000000000000       0.800000000000000       0.200000000000000     
  0.200000000000000       0.800000000000000       0.200000000000000     
  0.200000000000000       0.800000000000000       0.400000000000000     
  0.200000000000000       0.600000000000000       0.200000000000000     
           1
         248         394         393         409         413
  0.200000000000000       0.600000000000000       0.400000000000000     
  0.200000000000000       0.600000000000000       0.200000000000000     
  0.400000000000000       0.600000000000000       0.200000000000000     
  0.400000000000000       0.800000000000000       0.200000000000000     
           1
         249         398         393         394         413
  0.200000000000000       0.800000000000000       0.400000000000000     
  0.200000000000000       0.600000000000000       0.200000000000000     
  0.200000000000000       0.600000000000000       0.400000000000000     
  0.400000000000000       0.800000000000000       0.200000000000000     
           1
         250         414         413         398         410
  0.400000000000000       0.800000000000000       0.400000000000000     
  0.400000000000000       0.800000000000000       0.200000000000000     
  0.200000000000000       0.800000000000000       0.400000000000000     
  0.400000000000000       0.600000000000000       0.400000000000000     
           1
         251         410         394         409         413
  0.400000000000000       0.600000000000000       0.400000000000000     
  0.200000000000000       0.600000000000000       0.400000000000000     
  0.400000000000000       0.600000000000000       0.200000000000000     
  0.400000000000000       0.800000000000000       0.200000000000000     
           1
         252         410         398         394         413
  0.400000000000000       0.600000000000000       0.400000000000000     
  0.200000000000000       0.800000000000000       0.400000000000000     
  0.200000000000000       0.600000000000000       0.400000000000000     
  0.400000000000000       0.800000000000000       0.200000000000000     
           1
         253         414         398         399         394
  0.400000000000000       0.800000000000000       0.400000000000000     
  0.200000000000000       0.800000000000000       0.400000000000000     
  0.200000000000000       0.800000000000000       0.600000000000000     
  0.200000000000000       0.600000000000000       0.400000000000000     
           1
         254         395         394         410         414
  0.200000000000000       0.600000000000000       0.600000000000000     
  0.200000000000000       0.600000000000000       0.400000000000000     
  0.400000000000000       0.600000000000000       0.400000000000000     
  0.400000000000000       0.800000000000000       0.400000000000000     
           1
         255         399         394         395         414
  0.200000000000000       0.800000000000000       0.600000000000000     
  0.200000000000000       0.600000000000000       0.400000000000000     
  0.200000000000000       0.600000000000000       0.600000000000000     
  0.400000000000000       0.800000000000000       0.400000000000000     
           1
         256         415         414         399         411
  0.400000000000000       0.800000000000000       0.600000000000000     
  0.400000000000000       0.800000000000000       0.400000000000000     
  0.200000000000000       0.800000000000000       0.600000000000000     
  0.400000000000000       0.600000000000000       0.600000000000000     
           1
         257         411         395         410         414
  0.400000000000000       0.600000000000000       0.600000000000000     
  0.200000000000000       0.600000000000000       0.600000000000000     
  0.400000000000000       0.600000000000000       0.400000000000000     
  0.400000000000000       0.800000000000000       0.400000000000000     
           1
         258         411         399         395         414
  0.400000000000000       0.600000000000000       0.600000000000000     
  0.200000000000000       0.800000000000000       0.600000000000000     
  0.200000000000000       0.600000000000000       0.600000000000000     
  0.400000000000000       0.800000000000000       0.400000000000000     
           1
         259         415         399         400         395
  0.400000000000000       0.800000000000000       0.600000000000000     
  0.200000000000000       0.800000000000000       0.600000000000000     
  0.200000000000000       0.800000000000000       0.800000000000000     
  0.200000000000000       0.600000000000000       0.600000000000000     
           1
         260         396         395         411         415
  0.200000000000000       0.600000000000000       0.800000000000000     
  0.200000000000000       0.600000000000000       0.600000000000000     
  0.400000000000000       0.600000000000000       0.600000000000000     
  0.400000000000000       0.800000000000000       0.600000000000000     
           1
         261         400         395         396         415
  0.200000000000000       0.800000000000000       0.800000000000000     
  0.200000000000000       0.600000000000000       0.600000000000000     
  0.200000000000000       0.600000000000000       0.800000000000000     
  0.400000000000000       0.800000000000000       0.600000000000000     
           1
         262         416         415         400         412
  0.400000000000000       0.800000000000000       0.800000000000000     
  0.400000000000000       0.800000000000000       0.600000000000000     
  0.200000000000000       0.800000000000000       0.800000000000000     
  0.400000000000000       0.600000000000000       0.800000000000000     
           1
         263         412         396         411         415
  0.400000000000000       0.600000000000000       0.800000000000000     
  0.200000000000000       0.600000000000000       0.800000000000000     
  0.400000000000000       0.600000000000000       0.600000000000000     
  0.400000000000000       0.800000000000000       0.600000000000000     
           1
         264         412         400         396         415
  0.400000000000000       0.600000000000000       0.800000000000000     
  0.200000000000000       0.800000000000000       0.800000000000000     
  0.200000000000000       0.600000000000000       0.800000000000000     
  0.400000000000000       0.800000000000000       0.600000000000000     
           1
         265         416         400         164         396
  0.400000000000000       0.800000000000000       0.800000000000000     
  0.200000000000000       0.800000000000000       0.800000000000000     
  0.200000000000000       0.800000000000000        1.00000000000000     
  0.200000000000000       0.600000000000000       0.800000000000000     
           1
         266         163         396         412         416
  0.200000000000000       0.600000000000000        1.00000000000000     
  0.200000000000000       0.600000000000000       0.800000000000000     
  0.400000000000000       0.600000000000000       0.800000000000000     
  0.400000000000000       0.800000000000000       0.800000000000000     
           1
         267         164         396         163         416
  0.200000000000000       0.800000000000000        1.00000000000000     
  0.200000000000000       0.600000000000000       0.800000000000000     
  0.200000000000000       0.600000000000000        1.00000000000000     
  0.400000000000000       0.800000000000000       0.800000000000000     
           1
         268         168         416         164         167
  0.400000000000000       0.800000000000000        1.00000000000000     
  0.400000000000000       0.800000000000000       0.800000000000000     
  0.200000000000000       0.800000000000000        1.00000000000000     
  0.400000000000000       0.600000000000000        1.00000000000000     
           1
         269         167         163         412         416
  0.400000000000000       0.600000000000000        1.00000000000000     
  0.200000000000000       0.600000000000000        1.00000000000000     
  0.400000000000000       0.600000000000000       0.800000000000000     
  0.400000000000000       0.800000000000000       0.800000000000000     
           1
         270         167         164         163         416
  0.400000000000000       0.600000000000000        1.00000000000000     
  0.200000000000000       0.800000000000000        1.00000000000000     
  0.200000000000000       0.600000000000000        1.00000000000000     
  0.400000000000000       0.800000000000000       0.800000000000000     
           1
         271          50          49         209         196
  0.400000000000000        1.00000000000000       0.000000000000000E+000
  0.200000000000000        1.00000000000000       0.000000000000000E+000
  0.200000000000000        1.00000000000000       0.200000000000000     
  0.200000000000000       0.800000000000000       0.000000000000000E+000
           1
         272         397         196         200          50
  0.200000000000000       0.800000000000000       0.200000000000000     
  0.200000000000000       0.800000000000000       0.000000000000000E+000
  0.400000000000000       0.800000000000000       0.000000000000000E+000
  0.400000000000000        1.00000000000000       0.000000000000000E+000
           1
         273         209         196         397          50
  0.200000000000000        1.00000000000000       0.200000000000000     
  0.200000000000000       0.800000000000000       0.000000000000000E+000
  0.200000000000000       0.800000000000000       0.200000000000000     
  0.400000000000000        1.00000000000000       0.000000000000000E+000
           1
         274         210          50         209         413
  0.400000000000000        1.00000000000000       0.200000000000000     
  0.400000000000000        1.00000000000000       0.000000000000000E+000
  0.200000000000000        1.00000000000000       0.200000000000000     
  0.400000000000000       0.800000000000000       0.200000000000000     
           1
         275         413         397         200          50
  0.400000000000000       0.800000000000000       0.200000000000000     
  0.200000000000000       0.800000000000000       0.200000000000000     
  0.400000000000000       0.800000000000000       0.000000000000000E+000
  0.400000000000000        1.00000000000000       0.000000000000000E+000
           1
         276         413         209         397          50
  0.400000000000000       0.800000000000000       0.200000000000000     
  0.200000000000000        1.00000000000000       0.200000000000000     
  0.200000000000000       0.800000000000000       0.200000000000000     
  0.400000000000000        1.00000000000000       0.000000000000000E+000
           1
         277         210         209         213         397
  0.400000000000000        1.00000000000000       0.200000000000000     
  0.200000000000000        1.00000000000000       0.200000000000000     
  0.200000000000000        1.00000000000000       0.400000000000000     
  0.200000000000000       0.800000000000000       0.200000000000000     
           1
         278         398         397         413         210
  0.200000000000000       0.800000000000000       0.400000000000000     
  0.200000000000000       0.800000000000000       0.200000000000000     
  0.400000000000000       0.800000000000000       0.200000000000000     
  0.400000000000000        1.00000000000000       0.200000000000000     
           1
         279         213         397         398         210
  0.200000000000000        1.00000000000000       0.400000000000000     
  0.200000000000000       0.800000000000000       0.200000000000000     
  0.200000000000000       0.800000000000000       0.400000000000000     
  0.400000000000000        1.00000000000000       0.200000000000000     
           1
         280         214         210         213         414
  0.400000000000000        1.00000000000000       0.400000000000000     
  0.400000000000000        1.00000000000000       0.200000000000000     
  0.200000000000000        1.00000000000000       0.400000000000000     
  0.400000000000000       0.800000000000000       0.400000000000000     
           1
         281         414         398         413         210
  0.400000000000000       0.800000000000000       0.400000000000000     
  0.200000000000000       0.800000000000000       0.400000000000000     
  0.400000000000000       0.800000000000000       0.200000000000000     
  0.400000000000000        1.00000000000000       0.200000000000000     
           1
         282         414         213         398         210
  0.400000000000000       0.800000000000000       0.400000000000000     
  0.200000000000000        1.00000000000000       0.400000000000000     
  0.200000000000000       0.800000000000000       0.400000000000000     
  0.400000000000000        1.00000000000000       0.200000000000000     
           1
         283         214         213         217         398
  0.400000000000000        1.00000000000000       0.400000000000000     
  0.200000000000000        1.00000000000000       0.400000000000000     
  0.200000000000000        1.00000000000000       0.600000000000000     
  0.200000000000000       0.800000000000000       0.400000000000000     
           1
         284         399         398         414         214
  0.200000000000000       0.800000000000000       0.600000000000000     
  0.200000000000000       0.800000000000000       0.400000000000000     
  0.400000000000000       0.800000000000000       0.400000000000000     
  0.400000000000000        1.00000000000000       0.400000000000000     
           1
         285         217         398         399         214
  0.200000000000000        1.00000000000000       0.600000000000000     
  0.200000000000000       0.800000000000000       0.400000000000000     
  0.200000000000000       0.800000000000000       0.600000000000000     
  0.400000000000000        1.00000000000000       0.400000000000000     
           1
         286         218         214         217         415
  0.400000000000000        1.00000000000000       0.600000000000000     
  0.400000000000000        1.00000000000000       0.400000000000000     
  0.200000000000000        1.00000000000000       0.600000000000000     
  0.400000000000000       0.800000000000000       0.600000000000000     
           1
         287         415         399         414         214
  0.400000000000000       0.800000000000000       0.600000000000000     
  0.200000000000000       0.800000000000000       0.600000000000000     
  0.400000000000000       0.800000000000000       0.400000000000000     
  0.400000000000000        1.00000000000000       0.400000000000000     
           1
         288         415         217         399         214
  0.400000000000000       0.800000000000000       0.600000000000000     
  0.200000000000000        1.00000000000000       0.600000000000000     
  0.200000000000000       0.800000000000000       0.600000000000000     
  0.400000000000000        1.00000000000000       0.400000000000000     
           1
         289         218         217         221         399
  0.400000000000000        1.00000000000000       0.600000000000000     
  0.200000000000000        1.00000000000000       0.600000000000000     
  0.200000000000000        1.00000000000000       0.800000000000000     
  0.200000000000000       0.800000000000000       0.600000000000000     
           1
         290         400         399         415         218
  0.200000000000000       0.800000000000000       0.800000000000000     
  0.200000000000000       0.800000000000000       0.600000000000000     
  0.400000000000000       0.800000000000000       0.600000000000000     
  0.400000000000000        1.00000000000000       0.600000000000000     
           1
         291         221         399         400         218
  0.200000000000000        1.00000000000000       0.800000000000000     
  0.200000000000000       0.800000000000000       0.600000000000000     
  0.200000000000000       0.800000000000000       0.800000000000000     
  0.400000000000000        1.00000000000000       0.600000000000000     
           1
         292         222         218         221         416
  0.400000000000000        1.00000000000000       0.800000000000000     
  0.400000000000000        1.00000000000000       0.600000000000000     
  0.200000000000000        1.00000000000000       0.800000000000000     
  0.400000000000000       0.800000000000000       0.800000000000000     
           1
         293         416         400         415         218
  0.400000000000000       0.800000000000000       0.800000000000000     
  0.200000000000000       0.800000000000000       0.800000000000000     
  0.400000000000000       0.800000000000000       0.600000000000000     
  0.400000000000000        1.00000000000000       0.600000000000000     
           1
         294         416         221         400         218
  0.400000000000000       0.800000000000000       0.800000000000000     
  0.200000000000000        1.00000000000000       0.800000000000000     
  0.200000000000000       0.800000000000000       0.800000000000000     
  0.400000000000000        1.00000000000000       0.600000000000000     
           1
         295         222         221          57         400
  0.400000000000000        1.00000000000000       0.800000000000000     
  0.200000000000000        1.00000000000000       0.800000000000000     
  0.200000000000000        1.00000000000000        1.00000000000000     
  0.200000000000000       0.800000000000000       0.800000000000000     
           1
         296         164         400         416         222
  0.200000000000000       0.800000000000000        1.00000000000000     
  0.200000000000000       0.800000000000000       0.800000000000000     
  0.400000000000000       0.800000000000000       0.800000000000000     
  0.400000000000000        1.00000000000000       0.800000000000000     
           1
         297          57         400         164         222
  0.200000000000000        1.00000000000000        1.00000000000000     
  0.200000000000000       0.800000000000000       0.800000000000000     
  0.200000000000000       0.800000000000000        1.00000000000000     
  0.400000000000000        1.00000000000000       0.800000000000000     
           1
         298          58         222          57         168
  0.400000000000000        1.00000000000000        1.00000000000000     
  0.400000000000000        1.00000000000000       0.800000000000000     
  0.200000000000000        1.00000000000000        1.00000000000000     
  0.400000000000000       0.800000000000000        1.00000000000000     
           1
         299         168         164         416         222
  0.400000000000000       0.800000000000000        1.00000000000000     
  0.200000000000000       0.800000000000000        1.00000000000000     
  0.400000000000000       0.800000000000000       0.800000000000000     
  0.400000000000000        1.00000000000000       0.800000000000000     
           1
         300         168          57         164         222
  0.400000000000000       0.800000000000000        1.00000000000000     
  0.200000000000000        1.00000000000000        1.00000000000000     
  0.200000000000000       0.800000000000000        1.00000000000000     
  0.400000000000000        1.00000000000000       0.800000000000000     
           1
         301         201         197         401          18
  0.600000000000000       0.200000000000000       0.000000000000000E+000
  0.400000000000000       0.200000000000000       0.000000000000000E+000
  0.400000000000000       0.200000000000000       0.200000000000000     
  0.400000000000000       0.000000000000000E+000  0.000000000000000E+000
           1
         302         130          18          19         201
  0.400000000000000       0.000000000000000E+000  0.200000000000000     
  0.400000000000000       0.000000000000000E+000  0.000000000000000E+000
  0.600000000000000       0.000000000000000E+000  0.000000000000000E+000
  0.600000000000000       0.200000000000000       0.000000000000000E+000
           1
         303         401          18         130         201
  0.400000000000000       0.200000000000000       0.200000000000000     
  0.400000000000000       0.000000000000000E+000  0.000000000000000E+000
  0.400000000000000       0.000000000000000E+000  0.200000000000000     
  0.600000000000000       0.200000000000000       0.000000000000000E+000
           1
         304         417         201         401         131
  0.600000000000000       0.200000000000000       0.200000000000000     
  0.600000000000000       0.200000000000000       0.000000000000000E+000
  0.400000000000000       0.200000000000000       0.200000000000000     
  0.600000000000000       0.000000000000000E+000  0.200000000000000     
           1
         305         131         130          19         201
  0.600000000000000       0.000000000000000E+000  0.200000000000000     
  0.400000000000000       0.000000000000000E+000  0.200000000000000     
  0.600000000000000       0.000000000000000E+000  0.000000000000000E+000
  0.600000000000000       0.200000000000000       0.000000000000000E+000
           1
         306         131         401         130         201
  0.600000000000000       0.000000000000000E+000  0.200000000000000     
  0.400000000000000       0.200000000000000       0.200000000000000     
  0.400000000000000       0.000000000000000E+000  0.200000000000000     
  0.600000000000000       0.200000000000000       0.000000000000000E+000
           1
         307         417         401         402         130
  0.600000000000000       0.200000000000000       0.200000000000000     
  0.400000000000000       0.200000000000000       0.200000000000000     
  0.400000000000000       0.200000000000000       0.400000000000000     
  0.400000000000000       0.000000000000000E+000  0.200000000000000     
           1
         308         134         130         131         417
  0.400000000000000       0.000000000000000E+000  0.400000000000000     
  0.400000000000000       0.000000000000000E+000  0.200000000000000     
  0.600000000000000       0.000000000000000E+000  0.200000000000000     
  0.600000000000000       0.200000000000000       0.200000000000000     
           1
         309         402         130         134         417
  0.400000000000000       0.200000000000000       0.400000000000000     
  0.400000000000000       0.000000000000000E+000  0.200000000000000     
  0.400000000000000       0.000000000000000E+000  0.400000000000000     
  0.600000000000000       0.200000000000000       0.200000000000000     
           1
         310         418         417         402         135
  0.600000000000000       0.200000000000000       0.400000000000000     
  0.600000000000000       0.200000000000000       0.200000000000000     
  0.400000000000000       0.200000000000000       0.400000000000000     
  0.600000000000000       0.000000000000000E+000  0.400000000000000     
           1
         311         135         134         131         417
  0.600000000000000       0.000000000000000E+000  0.400000000000000     
  0.400000000000000       0.000000000000000E+000  0.400000000000000     
  0.600000000000000       0.000000000000000E+000  0.200000000000000     
  0.600000000000000       0.200000000000000       0.200000000000000     
           1
         312         135         402         134         417
  0.600000000000000       0.000000000000000E+000  0.400000000000000     
  0.400000000000000       0.200000000000000       0.400000000000000     
  0.400000000000000       0.000000000000000E+000  0.400000000000000     
  0.600000000000000       0.200000000000000       0.200000000000000     
           1
         313         418         402         403         134
  0.600000000000000       0.200000000000000       0.400000000000000     
  0.400000000000000       0.200000000000000       0.400000000000000     
  0.400000000000000       0.200000000000000       0.600000000000000     
  0.400000000000000       0.000000000000000E+000  0.400000000000000     
           1
         314         138         134         135         418
  0.400000000000000       0.000000000000000E+000  0.600000000000000     
  0.400000000000000       0.000000000000000E+000  0.400000000000000     
  0.600000000000000       0.000000000000000E+000  0.400000000000000     
  0.600000000000000       0.200000000000000       0.400000000000000     
           1
         315         403         134         138         418
  0.400000000000000       0.200000000000000       0.600000000000000     
  0.400000000000000       0.000000000000000E+000  0.400000000000000     
  0.400000000000000       0.000000000000000E+000  0.600000000000000     
  0.600000000000000       0.200000000000000       0.400000000000000     
           1
         316         419         418         403         139
  0.600000000000000       0.200000000000000       0.600000000000000     
  0.600000000000000       0.200000000000000       0.400000000000000     
  0.400000000000000       0.200000000000000       0.600000000000000     
  0.600000000000000       0.000000000000000E+000  0.600000000000000     
           1
         317         139         138         135         418
  0.600000000000000       0.000000000000000E+000  0.600000000000000     
  0.400000000000000       0.000000000000000E+000  0.600000000000000     
  0.600000000000000       0.000000000000000E+000  0.400000000000000     
  0.600000000000000       0.200000000000000       0.400000000000000     
           1
         318         139         403         138         418
  0.600000000000000       0.000000000000000E+000  0.600000000000000     
  0.400000000000000       0.200000000000000       0.600000000000000     
  0.400000000000000       0.000000000000000E+000  0.600000000000000     
  0.600000000000000       0.200000000000000       0.400000000000000     
           1
         319         419         403         404         138
  0.600000000000000       0.200000000000000       0.600000000000000     
  0.400000000000000       0.200000000000000       0.600000000000000     
  0.400000000000000       0.200000000000000       0.800000000000000     
  0.400000000000000       0.000000000000000E+000  0.600000000000000     
           1
         320         142         138         139         419
  0.400000000000000       0.000000000000000E+000  0.800000000000000     
  0.400000000000000       0.000000000000000E+000  0.600000000000000     
  0.600000000000000       0.000000000000000E+000  0.600000000000000     
  0.600000000000000       0.200000000000000       0.600000000000000     
           1
         321         404         138         142         419
  0.400000000000000       0.200000000000000       0.800000000000000     
  0.400000000000000       0.000000000000000E+000  0.600000000000000     
  0.400000000000000       0.000000000000000E+000  0.800000000000000     
  0.600000000000000       0.200000000000000       0.600000000000000     
           1
         322         420         419         404         143
  0.600000000000000       0.200000000000000       0.800000000000000     
  0.600000000000000       0.200000000000000       0.600000000000000     
  0.400000000000000       0.200000000000000       0.800000000000000     
  0.600000000000000       0.000000000000000E+000  0.800000000000000     
           1
         323         143         142         139         419
  0.600000000000000       0.000000000000000E+000  0.800000000000000     
  0.400000000000000       0.000000000000000E+000  0.800000000000000     
  0.600000000000000       0.000000000000000E+000  0.600000000000000     
  0.600000000000000       0.200000000000000       0.600000000000000     
           1
         324         143         404         142         419
  0.600000000000000       0.000000000000000E+000  0.800000000000000     
  0.400000000000000       0.200000000000000       0.800000000000000     
  0.400000000000000       0.000000000000000E+000  0.800000000000000     
  0.600000000000000       0.200000000000000       0.600000000000000     
           1
         325         420         404         165         142
  0.600000000000000       0.200000000000000       0.800000000000000     
  0.400000000000000       0.200000000000000       0.800000000000000     
  0.400000000000000       0.200000000000000        1.00000000000000     
  0.400000000000000       0.000000000000000E+000  0.800000000000000     
           1
         326          26         142         143         420
  0.400000000000000       0.000000000000000E+000   1.00000000000000     
  0.400000000000000       0.000000000000000E+000  0.800000000000000     
  0.600000000000000       0.000000000000000E+000  0.800000000000000     
  0.600000000000000       0.200000000000000       0.800000000000000     
           1
         327         165         142          26         420
  0.400000000000000       0.200000000000000        1.00000000000000     
  0.400000000000000       0.000000000000000E+000  0.800000000000000     
  0.400000000000000       0.000000000000000E+000   1.00000000000000     
  0.600000000000000       0.200000000000000       0.800000000000000     
           1
         328         169         420         165          27
  0.600000000000000       0.200000000000000        1.00000000000000     
  0.600000000000000       0.200000000000000       0.800000000000000     
  0.400000000000000       0.200000000000000        1.00000000000000     
  0.600000000000000       0.000000000000000E+000   1.00000000000000     
           1
         329          27          26         143         420
  0.600000000000000       0.000000000000000E+000   1.00000000000000     
  0.400000000000000       0.000000000000000E+000   1.00000000000000     
  0.600000000000000       0.000000000000000E+000  0.800000000000000     
  0.600000000000000       0.200000000000000       0.800000000000000     
           1
         330          27         165          26         420
  0.600000000000000       0.000000000000000E+000   1.00000000000000     
  0.400000000000000       0.200000000000000        1.00000000000000     
  0.400000000000000       0.000000000000000E+000   1.00000000000000     
  0.600000000000000       0.200000000000000       0.800000000000000     
           1
         331         202         198         405         197
  0.600000000000000       0.400000000000000       0.000000000000000E+000
  0.400000000000000       0.400000000000000       0.000000000000000E+000
  0.400000000000000       0.400000000000000       0.200000000000000     
  0.400000000000000       0.200000000000000       0.000000000000000E+000
           1
         332         401         197         201         202
  0.400000000000000       0.200000000000000       0.200000000000000     
  0.400000000000000       0.200000000000000       0.000000000000000E+000
  0.600000000000000       0.200000000000000       0.000000000000000E+000
  0.600000000000000       0.400000000000000       0.000000000000000E+000
           1
         333         405         197         401         202
  0.400000000000000       0.400000000000000       0.200000000000000     
  0.400000000000000       0.200000000000000       0.000000000000000E+000
  0.400000000000000       0.200000000000000       0.200000000000000     
  0.600000000000000       0.400000000000000       0.000000000000000E+000
           1
         334         421         202         405         417
  0.600000000000000       0.400000000000000       0.200000000000000     
  0.600000000000000       0.400000000000000       0.000000000000000E+000
  0.400000000000000       0.400000000000000       0.200000000000000     
  0.600000000000000       0.200000000000000       0.200000000000000     
           1
         335         417         401         201         202
  0.600000000000000       0.200000000000000       0.200000000000000     
  0.400000000000000       0.200000000000000       0.200000000000000     
  0.600000000000000       0.200000000000000       0.000000000000000E+000
  0.600000000000000       0.400000000000000       0.000000000000000E+000
           1
         336         417         405         401         202
  0.600000000000000       0.200000000000000       0.200000000000000     
  0.400000000000000       0.400000000000000       0.200000000000000     
  0.400000000000000       0.200000000000000       0.200000000000000     
  0.600000000000000       0.400000000000000       0.000000000000000E+000
           1
         337         421         405         406         401
  0.600000000000000       0.400000000000000       0.200000000000000     
  0.400000000000000       0.400000000000000       0.200000000000000     
  0.400000000000000       0.400000000000000       0.400000000000000     
  0.400000000000000       0.200000000000000       0.200000000000000     
           1
         338         402         401         417         421
  0.400000000000000       0.200000000000000       0.400000000000000     
  0.400000000000000       0.200000000000000       0.200000000000000     
  0.600000000000000       0.200000000000000       0.200000000000000     
  0.600000000000000       0.400000000000000       0.200000000000000     
           1
         339         406         401         402         421
  0.400000000000000       0.400000000000000       0.400000000000000     
  0.400000000000000       0.200000000000000       0.200000000000000     
  0.400000000000000       0.200000000000000       0.400000000000000     
  0.600000000000000       0.400000000000000       0.200000000000000     
           1
         340         422         421         406         418
  0.600000000000000       0.400000000000000       0.400000000000000     
  0.600000000000000       0.400000000000000       0.200000000000000     
  0.400000000000000       0.400000000000000       0.400000000000000     
  0.600000000000000       0.200000000000000       0.400000000000000     
           1
         341         418         402         417         421
  0.600000000000000       0.200000000000000       0.400000000000000     
  0.400000000000000       0.200000000000000       0.400000000000000     
  0.600000000000000       0.200000000000000       0.200000000000000     
  0.600000000000000       0.400000000000000       0.200000000000000     
           1
         342         418         406         402         421
  0.600000000000000       0.200000000000000       0.400000000000000     
  0.400000000000000       0.400000000000000       0.400000000000000     
  0.400000000000000       0.200000000000000       0.400000000000000     
  0.600000000000000       0.400000000000000       0.200000000000000     
           1
         343         422         406         407         402
  0.600000000000000       0.400000000000000       0.400000000000000     
  0.400000000000000       0.400000000000000       0.400000000000000     
  0.400000000000000       0.400000000000000       0.600000000000000     
  0.400000000000000       0.200000000000000       0.400000000000000     
           1
         344         403         402         418         422
  0.400000000000000       0.200000000000000       0.600000000000000     
  0.400000000000000       0.200000000000000       0.400000000000000     
  0.600000000000000       0.200000000000000       0.400000000000000     
  0.600000000000000       0.400000000000000       0.400000000000000     
           1
         345         407         402         403         422
  0.400000000000000       0.400000000000000       0.600000000000000     
  0.400000000000000       0.200000000000000       0.400000000000000     
  0.400000000000000       0.200000000000000       0.600000000000000     
  0.600000000000000       0.400000000000000       0.400000000000000     
           1
         346         423         422         407         419
  0.600000000000000       0.400000000000000       0.600000000000000     
  0.600000000000000       0.400000000000000       0.400000000000000     
  0.400000000000000       0.400000000000000       0.600000000000000     
  0.600000000000000       0.200000000000000       0.600000000000000     
           1
         347         419         403         418         422
  0.600000000000000       0.200000000000000       0.600000000000000     
  0.400000000000000       0.200000000000000       0.600000000000000     
  0.600000000000000       0.200000000000000       0.400000000000000     
  0.600000000000000       0.400000000000000       0.400000000000000     
           1
         348         419         407         403         422
  0.600000000000000       0.200000000000000       0.600000000000000     
  0.400000000000000       0.400000000000000       0.600000000000000     
  0.400000000000000       0.200000000000000       0.600000000000000     
  0.600000000000000       0.400000000000000       0.400000000000000     
           1
         349         423         407         408         403
  0.600000000000000       0.400000000000000       0.600000000000000     
  0.400000000000000       0.400000000000000       0.600000000000000     
  0.400000000000000       0.400000000000000       0.800000000000000     
  0.400000000000000       0.200000000000000       0.600000000000000     
           1
         350         404         403         419         423
  0.400000000000000       0.200000000000000       0.800000000000000     
  0.400000000000000       0.200000000000000       0.600000000000000     
  0.600000000000000       0.200000000000000       0.600000000000000     
  0.600000000000000       0.400000000000000       0.600000000000000     
           1
         351         408         403         404         423
  0.400000000000000       0.400000000000000       0.800000000000000     
  0.400000000000000       0.200000000000000       0.600000000000000     
  0.400000000000000       0.200000000000000       0.800000000000000     
  0.600000000000000       0.400000000000000       0.600000000000000     
           1
         352         424         423         408         420
  0.600000000000000       0.400000000000000       0.800000000000000     
  0.600000000000000       0.400000000000000       0.600000000000000     
  0.400000000000000       0.400000000000000       0.800000000000000     
  0.600000000000000       0.200000000000000       0.800000000000000     
           1
         353         420         404         419         423
  0.600000000000000       0.200000000000000       0.800000000000000     
  0.400000000000000       0.200000000000000       0.800000000000000     
  0.600000000000000       0.200000000000000       0.600000000000000     
  0.600000000000000       0.400000000000000       0.600000000000000     
           1
         354         420         408         404         423
  0.600000000000000       0.200000000000000       0.800000000000000     
  0.400000000000000       0.400000000000000       0.800000000000000     
  0.400000000000000       0.200000000000000       0.800000000000000     
  0.600000000000000       0.400000000000000       0.600000000000000     
           1
         355         424         408         166         404
  0.600000000000000       0.400000000000000       0.800000000000000     
  0.400000000000000       0.400000000000000       0.800000000000000     
  0.400000000000000       0.400000000000000        1.00000000000000     
  0.400000000000000       0.200000000000000       0.800000000000000     
           1
         356         165         404         420         424
  0.400000000000000       0.200000000000000        1.00000000000000     
  0.400000000000000       0.200000000000000       0.800000000000000     
  0.600000000000000       0.200000000000000       0.800000000000000     
  0.600000000000000       0.400000000000000       0.800000000000000     
           1
         357         166         404         165         424
  0.400000000000000       0.400000000000000        1.00000000000000     
  0.400000000000000       0.200000000000000       0.800000000000000     
  0.400000000000000       0.200000000000000        1.00000000000000     
  0.600000000000000       0.400000000000000       0.800000000000000     
           1
         358         170         424         166         169
  0.600000000000000       0.400000000000000        1.00000000000000     
  0.600000000000000       0.400000000000000       0.800000000000000     
  0.400000000000000       0.400000000000000        1.00000000000000     
  0.600000000000000       0.200000000000000        1.00000000000000     
           1
         359         169         165         420         424
  0.600000000000000       0.200000000000000        1.00000000000000     
  0.400000000000000       0.200000000000000        1.00000000000000     
  0.600000000000000       0.200000000000000       0.800000000000000     
  0.600000000000000       0.400000000000000       0.800000000000000     
           1
         360         169         166         165         424
  0.600000000000000       0.200000000000000        1.00000000000000     
  0.400000000000000       0.400000000000000        1.00000000000000     
  0.400000000000000       0.200000000000000        1.00000000000000     
  0.600000000000000       0.400000000000000       0.800000000000000     
           1
         361         203         199         409         198
  0.600000000000000       0.600000000000000       0.000000000000000E+000
  0.400000000000000       0.600000000000000       0.000000000000000E+000
  0.400000000000000       0.600000000000000       0.200000000000000     
  0.400000000000000       0.400000000000000       0.000000000000000E+000
           1
         362         405         198         202         203
  0.400000000000000       0.400000000000000       0.200000000000000     
  0.400000000000000       0.400000000000000       0.000000000000000E+000
  0.600000000000000       0.400000000000000       0.000000000000000E+000
  0.600000000000000       0.600000000000000       0.000000000000000E+000
           1
         363         409         198         405         203
  0.400000000000000       0.600000000000000       0.200000000000000     
  0.400000000000000       0.400000000000000       0.000000000000000E+000
  0.400000000000000       0.400000000000000       0.200000000000000     
  0.600000000000000       0.600000000000000       0.000000000000000E+000
           1
         364         425         203         409         421
  0.600000000000000       0.600000000000000       0.200000000000000     
  0.600000000000000       0.600000000000000       0.000000000000000E+000
  0.400000000000000       0.600000000000000       0.200000000000000     
  0.600000000000000       0.400000000000000       0.200000000000000     
           1
         365         421         405         202         203
  0.600000000000000       0.400000000000000       0.200000000000000     
  0.400000000000000       0.400000000000000       0.200000000000000     
  0.600000000000000       0.400000000000000       0.000000000000000E+000
  0.600000000000000       0.600000000000000       0.000000000000000E+000
           1
         366         421         409         405         203
  0.600000000000000       0.400000000000000       0.200000000000000     
  0.400000000000000       0.600000000000000       0.200000000000000     
  0.400000000000000       0.400000000000000       0.200000000000000     
  0.600000000000000       0.600000000000000       0.000000000000000E+000
           1
         367         425         409         410         405
  0.600000000000000       0.600000000000000       0.200000000000000     
  0.400000000000000       0.600000000000000       0.200000000000000     
  0.400000000000000       0.600000000000000       0.400000000000000     
  0.400000000000000       0.400000000000000       0.200000000000000     
           1
         368         406         405         421         425
  0.400000000000000       0.400000000000000       0.400000000000000     
  0.400000000000000       0.400000000000000       0.200000000000000     
  0.600000000000000       0.400000000000000       0.200000000000000     
  0.600000000000000       0.600000000000000       0.200000000000000     
           1
         369         410         405         406         425
  0.400000000000000       0.600000000000000       0.400000000000000     
  0.400000000000000       0.400000000000000       0.200000000000000     
  0.400000000000000       0.400000000000000       0.400000000000000     
  0.600000000000000       0.600000000000000       0.200000000000000     
           1
         370         426         425         410         422
  0.600000000000000       0.600000000000000       0.400000000000000     
  0.600000000000000       0.600000000000000       0.200000000000000     
  0.400000000000000       0.600000000000000       0.400000000000000     
  0.600000000000000       0.400000000000000       0.400000000000000     
           1
         371         422         406         421         425
  0.600000000000000       0.400000000000000       0.400000000000000     
  0.400000000000000       0.400000000000000       0.400000000000000     
  0.600000000000000       0.400000000000000       0.200000000000000     
  0.600000000000000       0.600000000000000       0.200000000000000     
           1
         372         422         410         406         425
  0.600000000000000       0.400000000000000       0.400000000000000     
  0.400000000000000       0.600000000000000       0.400000000000000     
  0.400000000000000       0.400000000000000       0.400000000000000     
  0.600000000000000       0.600000000000000       0.200000000000000     
           1
         373         426         410         411         406
  0.600000000000000       0.600000000000000       0.400000000000000     
  0.400000000000000       0.600000000000000       0.400000000000000     
  0.400000000000000       0.600000000000000       0.600000000000000     
  0.400000000000000       0.400000000000000       0.400000000000000     
           1
         374         407         406         422         426
  0.400000000000000       0.400000000000000       0.600000000000000     
  0.400000000000000       0.400000000000000       0.400000000000000     
  0.600000000000000       0.400000000000000       0.400000000000000     
  0.600000000000000       0.600000000000000       0.400000000000000     
           1
         375         411         406         407         426
  0.400000000000000       0.600000000000000       0.600000000000000     
  0.400000000000000       0.400000000000000       0.400000000000000     
  0.400000000000000       0.400000000000000       0.600000000000000     
  0.600000000000000       0.600000000000000       0.400000000000000     
           1
         376         427         426         411         423
  0.600000000000000       0.600000000000000       0.600000000000000     
  0.600000000000000       0.600000000000000       0.400000000000000     
  0.400000000000000       0.600000000000000       0.600000000000000     
  0.600000000000000       0.400000000000000       0.600000000000000     
           1
         377         423         407         422         426
  0.600000000000000       0.400000000000000       0.600000000000000     
  0.400000000000000       0.400000000000000       0.600000000000000     
  0.600000000000000       0.400000000000000       0.400000000000000     
  0.600000000000000       0.600000000000000       0.400000000000000     
           1
         378         423         411         407         426
  0.600000000000000       0.400000000000000       0.600000000000000     
  0.400000000000000       0.600000000000000       0.600000000000000     
  0.400000000000000       0.400000000000000       0.600000000000000     
  0.600000000000000       0.600000000000000       0.400000000000000     
           1
         379         427         411         412         407
  0.600000000000000       0.600000000000000       0.600000000000000     
  0.400000000000000       0.600000000000000       0.600000000000000     
  0.400000000000000       0.600000000000000       0.800000000000000     
  0.400000000000000       0.400000000000000       0.600000000000000     
           1
         380         408         407         423         427
  0.400000000000000       0.400000000000000       0.800000000000000     
  0.400000000000000       0.400000000000000       0.600000000000000     
  0.600000000000000       0.400000000000000       0.600000000000000     
  0.600000000000000       0.600000000000000       0.600000000000000     
           1
         381         412         407         408         427
  0.400000000000000       0.600000000000000       0.800000000000000     
  0.400000000000000       0.400000000000000       0.600000000000000     
  0.400000000000000       0.400000000000000       0.800000000000000     
  0.600000000000000       0.600000000000000       0.600000000000000     
           1
         382         428         427         412         424
  0.600000000000000       0.600000000000000       0.800000000000000     
  0.600000000000000       0.600000000000000       0.600000000000000     
  0.400000000000000       0.600000000000000       0.800000000000000     
  0.600000000000000       0.400000000000000       0.800000000000000     
           1
         383         424         408         423         427
  0.600000000000000       0.400000000000000       0.800000000000000     
  0.400000000000000       0.400000000000000       0.800000000000000     
  0.600000000000000       0.400000000000000       0.600000000000000     
  0.600000000000000       0.600000000000000       0.600000000000000     
           1
         384         424         412         408         427
  0.600000000000000       0.400000000000000       0.800000000000000     
  0.400000000000000       0.600000000000000       0.800000000000000     
  0.400000000000000       0.400000000000000       0.800000000000000     
  0.600000000000000       0.600000000000000       0.600000000000000     
           1
         385         428         412         167         408
  0.600000000000000       0.600000000000000       0.800000000000000     
  0.400000000000000       0.600000000000000       0.800000000000000     
  0.400000000000000       0.600000000000000        1.00000000000000     
  0.400000000000000       0.400000000000000       0.800000000000000     
           1
         386         166         408         424         428
  0.400000000000000       0.400000000000000        1.00000000000000     
  0.400000000000000       0.400000000000000       0.800000000000000     
  0.600000000000000       0.400000000000000       0.800000000000000     
  0.600000000000000       0.600000000000000       0.800000000000000     
           1
         387         167         408         166         428
  0.400000000000000       0.600000000000000        1.00000000000000     
  0.400000000000000       0.400000000000000       0.800000000000000     
  0.400000000000000       0.400000000000000        1.00000000000000     
  0.600000000000000       0.600000000000000       0.800000000000000     
           1
         388         171         428         167         170
  0.600000000000000       0.600000000000000        1.00000000000000     
  0.600000000000000       0.600000000000000       0.800000000000000     
  0.400000000000000       0.600000000000000        1.00000000000000     
  0.600000000000000       0.400000000000000        1.00000000000000     
           1
         389         170         166         424         428
  0.600000000000000       0.400000000000000        1.00000000000000     
  0.400000000000000       0.400000000000000        1.00000000000000     
  0.600000000000000       0.400000000000000       0.800000000000000     
  0.600000000000000       0.600000000000000       0.800000000000000     
           1
         390         170         167         166         428
  0.600000000000000       0.400000000000000        1.00000000000000     
  0.400000000000000       0.600000000000000        1.00000000000000     
  0.400000000000000       0.400000000000000        1.00000000000000     
  0.600000000000000       0.600000000000000       0.800000000000000     
           1
         391         204         200         413         199
  0.600000000000000       0.800000000000000       0.000000000000000E+000
  0.400000000000000       0.800000000000000       0.000000000000000E+000
  0.400000000000000       0.800000000000000       0.200000000000000     
  0.400000000000000       0.600000000000000       0.000000000000000E+000
           1
         392         409         199         203         204
  0.400000000000000       0.600000000000000       0.200000000000000     
  0.400000000000000       0.600000000000000       0.000000000000000E+000
  0.600000000000000       0.600000000000000       0.000000000000000E+000
  0.600000000000000       0.800000000000000       0.000000000000000E+000
           1
         393         413         199         409         204
  0.400000000000000       0.800000000000000       0.200000000000000     
  0.400000000000000       0.600000000000000       0.000000000000000E+000
  0.400000000000000       0.600000000000000       0.200000000000000     
  0.600000000000000       0.800000000000000       0.000000000000000E+000
           1
         394         429         204         413         425
  0.600000000000000       0.800000000000000       0.200000000000000     
  0.600000000000000       0.800000000000000       0.000000000000000E+000
  0.400000000000000       0.800000000000000       0.200000000000000     
  0.600000000000000       0.600000000000000       0.200000000000000     
           1
         395         425         409         203         204
  0.600000000000000       0.600000000000000       0.200000000000000     
  0.400000000000000       0.600000000000000       0.200000000000000     
  0.600000000000000       0.600000000000000       0.000000000000000E+000
  0.600000000000000       0.800000000000000       0.000000000000000E+000
           1
         396         425         413         409         204
  0.600000000000000       0.600000000000000       0.200000000000000     
  0.400000000000000       0.800000000000000       0.200000000000000     
  0.400000000000000       0.600000000000000       0.200000000000000     
  0.600000000000000       0.800000000000000       0.000000000000000E+000
           1
         397         429         413         414         409
  0.600000000000000       0.800000000000000       0.200000000000000     
  0.400000000000000       0.800000000000000       0.200000000000000     
  0.400000000000000       0.800000000000000       0.400000000000000     
  0.400000000000000       0.600000000000000       0.200000000000000     
           1
         398         410         409         425         429
  0.400000000000000       0.600000000000000       0.400000000000000     
  0.400000000000000       0.600000000000000       0.200000000000000     
  0.600000000000000       0.600000000000000       0.200000000000000     
  0.600000000000000       0.800000000000000       0.200000000000000     
           1
         399         414         409         410         429
  0.400000000000000       0.800000000000000       0.400000000000000     
  0.400000000000000       0.600000000000000       0.200000000000000     
  0.400000000000000       0.600000000000000       0.400000000000000     
  0.600000000000000       0.800000000000000       0.200000000000000     
           1
         400         430         429         414         426
  0.600000000000000       0.800000000000000       0.400000000000000     
  0.600000000000000       0.800000000000000       0.200000000000000     
  0.400000000000000       0.800000000000000       0.400000000000000     
  0.600000000000000       0.600000000000000       0.400000000000000     
           1
         401         426         410         425         429
  0.600000000000000       0.600000000000000       0.400000000000000     
  0.400000000000000       0.600000000000000       0.400000000000000     
  0.600000000000000       0.600000000000000       0.200000000000000     
  0.600000000000000       0.800000000000000       0.200000000000000     
           1
         402         426         414         410         429
  0.600000000000000       0.600000000000000       0.400000000000000     
  0.400000000000000       0.800000000000000       0.400000000000000     
  0.400000000000000       0.600000000000000       0.400000000000000     
  0.600000000000000       0.800000000000000       0.200000000000000     
           1
         403         430         414         415         410
  0.600000000000000       0.800000000000000       0.400000000000000     
  0.400000000000000       0.800000000000000       0.400000000000000     
  0.400000000000000       0.800000000000000       0.600000000000000     
  0.400000000000000       0.600000000000000       0.400000000000000     
           1
         404         411         410         426         430
  0.400000000000000       0.600000000000000       0.600000000000000     
  0.400000000000000       0.600000000000000       0.400000000000000     
  0.600000000000000       0.600000000000000       0.400000000000000     
  0.600000000000000       0.800000000000000       0.400000000000000     
           1
         405         415         410         411         430
  0.400000000000000       0.800000000000000       0.600000000000000     
  0.400000000000000       0.600000000000000       0.400000000000000     
  0.400000000000000       0.600000000000000       0.600000000000000     
  0.600000000000000       0.800000000000000       0.400000000000000     
           1
         406         431         430         415         427
  0.600000000000000       0.800000000000000       0.600000000000000     
  0.600000000000000       0.800000000000000       0.400000000000000     
  0.400000000000000       0.800000000000000       0.600000000000000     
  0.600000000000000       0.600000000000000       0.600000000000000     
           1
         407         427         411         426         430
  0.600000000000000       0.600000000000000       0.600000000000000     
  0.400000000000000       0.600000000000000       0.600000000000000     
  0.600000000000000       0.600000000000000       0.400000000000000     
  0.600000000000000       0.800000000000000       0.400000000000000     
           1
         408         427         415         411         430
  0.600000000000000       0.600000000000000       0.600000000000000     
  0.400000000000000       0.800000000000000       0.600000000000000     
  0.400000000000000       0.600000000000000       0.600000000000000     
  0.600000000000000       0.800000000000000       0.400000000000000     
           1
         409         431         415         416         411
  0.600000000000000       0.800000000000000       0.600000000000000     
  0.400000000000000       0.800000000000000       0.600000000000000     
  0.400000000000000       0.800000000000000       0.800000000000000     
  0.400000000000000       0.600000000000000       0.600000000000000     
           1
         410         412         411         427         431
  0.400000000000000       0.600000000000000       0.800000000000000     
  0.400000000000000       0.600000000000000       0.600000000000000     
  0.600000000000000       0.600000000000000       0.600000000000000     
  0.600000000000000       0.800000000000000       0.600000000000000     
           1
         411         416         411         412         431
  0.400000000000000       0.800000000000000       0.800000000000000     
  0.400000000000000       0.600000000000000       0.600000000000000     
  0.400000000000000       0.600000000000000       0.800000000000000     
  0.600000000000000       0.800000000000000       0.600000000000000     
           1
         412         432         431         416         428
  0.600000000000000       0.800000000000000       0.800000000000000     
  0.600000000000000       0.800000000000000       0.600000000000000     
  0.400000000000000       0.800000000000000       0.800000000000000     
  0.600000000000000       0.600000000000000       0.800000000000000     
           1
         413         428         412         427         431
  0.600000000000000       0.600000000000000       0.800000000000000     
  0.400000000000000       0.600000000000000       0.800000000000000     
  0.600000000000000       0.600000000000000       0.600000000000000     
  0.600000000000000       0.800000000000000       0.600000000000000     
           1
         414         428         416         412         431
  0.600000000000000       0.600000000000000       0.800000000000000     
  0.400000000000000       0.800000000000000       0.800000000000000     
  0.400000000000000       0.600000000000000       0.800000000000000     
  0.600000000000000       0.800000000000000       0.600000000000000     
           1
         415         432         416         168         412
  0.600000000000000       0.800000000000000       0.800000000000000     
  0.400000000000000       0.800000000000000       0.800000000000000     
  0.400000000000000       0.800000000000000        1.00000000000000     
  0.400000000000000       0.600000000000000       0.800000000000000     
           1
         416         167         412         428         432
  0.400000000000000       0.600000000000000        1.00000000000000     
  0.400000000000000       0.600000000000000       0.800000000000000     
  0.600000000000000       0.600000000000000       0.800000000000000     
  0.600000000000000       0.800000000000000       0.800000000000000     
           1
         417         168         412         167         432
  0.400000000000000       0.800000000000000        1.00000000000000     
  0.400000000000000       0.600000000000000       0.800000000000000     
  0.400000000000000       0.600000000000000        1.00000000000000     
  0.600000000000000       0.800000000000000       0.800000000000000     
           1
         418         172         432         168         171
  0.600000000000000       0.800000000000000        1.00000000000000     
  0.600000000000000       0.800000000000000       0.800000000000000     
  0.400000000000000       0.800000000000000        1.00000000000000     
  0.600000000000000       0.600000000000000        1.00000000000000     
           1
         419         171         167         428         432
  0.600000000000000       0.600000000000000        1.00000000000000     
  0.400000000000000       0.600000000000000        1.00000000000000     
  0.600000000000000       0.600000000000000       0.800000000000000     
  0.600000000000000       0.800000000000000       0.800000000000000     
           1
         420         171         168         167         432
  0.600000000000000       0.600000000000000        1.00000000000000     
  0.400000000000000       0.800000000000000        1.00000000000000     
  0.400000000000000       0.600000000000000        1.00000000000000     
  0.600000000000000       0.800000000000000       0.800000000000000     
           1
         421          51          50         210         200
  0.600000000000000        1.00000000000000       0.000000000000000E+000
  0.400000000000000        1.00000000000000       0.000000000000000E+000
  0.400000000000000        1.00000000000000       0.200000000000000     
  0.400000000000000       0.800000000000000       0.000000000000000E+000
           1
         422         413         200         204          51
  0.400000000000000       0.800000000000000       0.200000000000000     
  0.400000000000000       0.800000000000000       0.000000000000000E+000
  0.600000000000000       0.800000000000000       0.000000000000000E+000
  0.600000000000000        1.00000000000000       0.000000000000000E+000
           1
         423         210         200         413          51
  0.400000000000000        1.00000000000000       0.200000000000000     
  0.400000000000000       0.800000000000000       0.000000000000000E+000
  0.400000000000000       0.800000000000000       0.200000000000000     
  0.600000000000000        1.00000000000000       0.000000000000000E+000
           1
         424         211          51         210         429
  0.600000000000000        1.00000000000000       0.200000000000000     
  0.600000000000000        1.00000000000000       0.000000000000000E+000
  0.400000000000000        1.00000000000000       0.200000000000000     
  0.600000000000000       0.800000000000000       0.200000000000000     
           1
         425         429         413         204          51
  0.600000000000000       0.800000000000000       0.200000000000000     
  0.400000000000000       0.800000000000000       0.200000000000000     
  0.600000000000000       0.800000000000000       0.000000000000000E+000
  0.600000000000000        1.00000000000000       0.000000000000000E+000
           1
         426         429         210         413          51
  0.600000000000000       0.800000000000000       0.200000000000000     
  0.400000000000000        1.00000000000000       0.200000000000000     
  0.400000000000000       0.800000000000000       0.200000000000000     
  0.600000000000000        1.00000000000000       0.000000000000000E+000
           1
         427         211         210         214         413
  0.600000000000000        1.00000000000000       0.200000000000000     
  0.400000000000000        1.00000000000000       0.200000000000000     
  0.400000000000000        1.00000000000000       0.400000000000000     
  0.400000000000000       0.800000000000000       0.200000000000000     
           1
         428         414         413         429         211
  0.400000000000000       0.800000000000000       0.400000000000000     
  0.400000000000000       0.800000000000000       0.200000000000000     
  0.600000000000000       0.800000000000000       0.200000000000000     
  0.600000000000000        1.00000000000000       0.200000000000000     
           1
         429         214         413         414         211
  0.400000000000000        1.00000000000000       0.400000000000000     
  0.400000000000000       0.800000000000000       0.200000000000000     
  0.400000000000000       0.800000000000000       0.400000000000000     
  0.600000000000000        1.00000000000000       0.200000000000000     
           1
         430         215         211         214         430
  0.600000000000000        1.00000000000000       0.400000000000000     
  0.600000000000000        1.00000000000000       0.200000000000000     
  0.400000000000000        1.00000000000000       0.400000000000000     
  0.600000000000000       0.800000000000000       0.400000000000000     
           1
         431         430         414         429         211
  0.600000000000000       0.800000000000000       0.400000000000000     
  0.400000000000000       0.800000000000000       0.400000000000000     
  0.600000000000000       0.800000000000000       0.200000000000000     
  0.600000000000000        1.00000000000000       0.200000000000000     
           1
         432         430         214         414         211
  0.600000000000000       0.800000000000000       0.400000000000000     
  0.400000000000000        1.00000000000000       0.400000000000000     
  0.400000000000000       0.800000000000000       0.400000000000000     
  0.600000000000000        1.00000000000000       0.200000000000000     
           1
         433         215         214         218         414
  0.600000000000000        1.00000000000000       0.400000000000000     
  0.400000000000000        1.00000000000000       0.400000000000000     
  0.400000000000000        1.00000000000000       0.600000000000000     
  0.400000000000000       0.800000000000000       0.400000000000000     
           1
         434         415         414         430         215
  0.400000000000000       0.800000000000000       0.600000000000000     
  0.400000000000000       0.800000000000000       0.400000000000000     
  0.600000000000000       0.800000000000000       0.400000000000000     
  0.600000000000000        1.00000000000000       0.400000000000000     
           1
         435         218         414         415         215
  0.400000000000000        1.00000000000000       0.600000000000000     
  0.400000000000000       0.800000000000000       0.400000000000000     
  0.400000000000000       0.800000000000000       0.600000000000000     
  0.600000000000000        1.00000000000000       0.400000000000000     
           1
         436         219         215         218         431
  0.600000000000000        1.00000000000000       0.600000000000000     
  0.600000000000000        1.00000000000000       0.400000000000000     
  0.400000000000000        1.00000000000000       0.600000000000000     
  0.600000000000000       0.800000000000000       0.600000000000000     
           1
         437         431         415         430         215
  0.600000000000000       0.800000000000000       0.600000000000000     
  0.400000000000000       0.800000000000000       0.600000000000000     
  0.600000000000000       0.800000000000000       0.400000000000000     
  0.600000000000000        1.00000000000000       0.400000000000000     
           1
         438         431         218         415         215
  0.600000000000000       0.800000000000000       0.600000000000000     
  0.400000000000000        1.00000000000000       0.600000000000000     
  0.400000000000000       0.800000000000000       0.600000000000000     
  0.600000000000000        1.00000000000000       0.400000000000000     
           1
         439         219         218         222         415
  0.600000000000000        1.00000000000000       0.600000000000000     
  0.400000000000000        1.00000000000000       0.600000000000000     
  0.400000000000000        1.00000000000000       0.800000000000000     
  0.400000000000000       0.800000000000000       0.600000000000000     
           1
         440         416         415         431         219
  0.400000000000000       0.800000000000000       0.800000000000000     
  0.400000000000000       0.800000000000000       0.600000000000000     
  0.600000000000000       0.800000000000000       0.600000000000000     
  0.600000000000000        1.00000000000000       0.600000000000000     
           1
         441         222         415         416         219
  0.400000000000000        1.00000000000000       0.800000000000000     
  0.400000000000000       0.800000000000000       0.600000000000000     
  0.400000000000000       0.800000000000000       0.800000000000000     
  0.600000000000000        1.00000000000000       0.600000000000000     
           1
         442         223         219         222         432
  0.600000000000000        1.00000000000000       0.800000000000000     
  0.600000000000000        1.00000000000000       0.600000000000000     
  0.400000000000000        1.00000000000000       0.800000000000000     
  0.600000000000000       0.800000000000000       0.800000000000000     
           1
         443         432         416         431         219
  0.600000000000000       0.800000000000000       0.800000000000000     
  0.400000000000000       0.800000000000000       0.800000000000000     
  0.600000000000000       0.800000000000000       0.600000000000000     
  0.600000000000000        1.00000000000000       0.600000000000000     
           1
         444         432         222         416         219
  0.600000000000000       0.800000000000000       0.800000000000000     
  0.400000000000000        1.00000000000000       0.800000000000000     
  0.400000000000000       0.800000000000000       0.800000000000000     
  0.600000000000000        1.00000000000000       0.600000000000000     
           1
         445         223         222          58         416
  0.600000000000000        1.00000000000000       0.800000000000000     
  0.400000000000000        1.00000000000000       0.800000000000000     
  0.400000000000000        1.00000000000000        1.00000000000000     
  0.400000000000000       0.800000000000000       0.800000000000000     
           1
         446         168         416         432         223
  0.400000000000000       0.800000000000000        1.00000000000000     
  0.400000000000000       0.800000000000000       0.800000000000000     
  0.600000000000000       0.800000000000000       0.800000000000000     
  0.600000000000000        1.00000000000000       0.800000000000000     
           1
         447          58         416         168         223
  0.400000000000000        1.00000000000000        1.00000000000000     
  0.400000000000000       0.800000000000000       0.800000000000000     
  0.400000000000000       0.800000000000000        1.00000000000000     
  0.600000000000000        1.00000000000000       0.800000000000000     
           1
         448          59         223          58         172
  0.600000000000000        1.00000000000000        1.00000000000000     
  0.600000000000000        1.00000000000000       0.800000000000000     
  0.400000000000000        1.00000000000000        1.00000000000000     
  0.600000000000000       0.800000000000000        1.00000000000000     
           1
         449         172         168         432         223
  0.600000000000000       0.800000000000000        1.00000000000000     
  0.400000000000000       0.800000000000000        1.00000000000000     
  0.600000000000000       0.800000000000000       0.800000000000000     
  0.600000000000000        1.00000000000000       0.800000000000000     
           1
         450         172          58         168         223
  0.600000000000000       0.800000000000000        1.00000000000000     
  0.400000000000000        1.00000000000000        1.00000000000000     
  0.400000000000000       0.800000000000000        1.00000000000000     
  0.600000000000000        1.00000000000000       0.800000000000000     
           1
         451         205         201         417          19
  0.800000000000000       0.200000000000000       0.000000000000000E+000
  0.600000000000000       0.200000000000000       0.000000000000000E+000
  0.600000000000000       0.200000000000000       0.200000000000000     
  0.600000000000000       0.000000000000000E+000  0.000000000000000E+000
           1
         452         131          19          20         205
  0.600000000000000       0.000000000000000E+000  0.200000000000000     
  0.600000000000000       0.000000000000000E+000  0.000000000000000E+000
  0.800000000000000       0.000000000000000E+000  0.000000000000000E+000
  0.800000000000000       0.200000000000000       0.000000000000000E+000
           1
         453         417          19         131         205
  0.600000000000000       0.200000000000000       0.200000000000000     
  0.600000000000000       0.000000000000000E+000  0.000000000000000E+000
  0.600000000000000       0.000000000000000E+000  0.200000000000000     
  0.800000000000000       0.200000000000000       0.000000000000000E+000
           1
         454         433         205         417         132
  0.800000000000000       0.200000000000000       0.200000000000000     
  0.800000000000000       0.200000000000000       0.000000000000000E+000
  0.600000000000000       0.200000000000000       0.200000000000000     
  0.800000000000000       0.000000000000000E+000  0.200000000000000     
           1
         455         132         131          20         205
  0.800000000000000       0.000000000000000E+000  0.200000000000000     
  0.600000000000000       0.000000000000000E+000  0.200000000000000     
  0.800000000000000       0.000000000000000E+000  0.000000000000000E+000
  0.800000000000000       0.200000000000000       0.000000000000000E+000
           1
         456         132         417         131         205
  0.800000000000000       0.000000000000000E+000  0.200000000000000     
  0.600000000000000       0.200000000000000       0.200000000000000     
  0.600000000000000       0.000000000000000E+000  0.200000000000000     
  0.800000000000000       0.200000000000000       0.000000000000000E+000
           1
         457         433         417         418         131
  0.800000000000000       0.200000000000000       0.200000000000000     
  0.600000000000000       0.200000000000000       0.200000000000000     
  0.600000000000000       0.200000000000000       0.400000000000000     
  0.600000000000000       0.000000000000000E+000  0.200000000000000     
           1
         458         135         131         132         433
  0.600000000000000       0.000000000000000E+000  0.400000000000000     
  0.600000000000000       0.000000000000000E+000  0.200000000000000     
  0.800000000000000       0.000000000000000E+000  0.200000000000000     
  0.800000000000000       0.200000000000000       0.200000000000000     
           1
         459         418         131         135         433
  0.600000000000000       0.200000000000000       0.400000000000000     
  0.600000000000000       0.000000000000000E+000  0.200000000000000     
  0.600000000000000       0.000000000000000E+000  0.400000000000000     
  0.800000000000000       0.200000000000000       0.200000000000000     
           1
         460         434         433         418         136
  0.800000000000000       0.200000000000000       0.400000000000000     
  0.800000000000000       0.200000000000000       0.200000000000000     
  0.600000000000000       0.200000000000000       0.400000000000000     
  0.800000000000000       0.000000000000000E+000  0.400000000000000     
           1
         461         136         135         132         433
  0.800000000000000       0.000000000000000E+000  0.400000000000000     
  0.600000000000000       0.000000000000000E+000  0.400000000000000     
  0.800000000000000       0.000000000000000E+000  0.200000000000000     
  0.800000000000000       0.200000000000000       0.200000000000000     
           1
         462         136         418         135         433
  0.800000000000000       0.000000000000000E+000  0.400000000000000     
  0.600000000000000       0.200000000000000       0.400000000000000     
  0.600000000000000       0.000000000000000E+000  0.400000000000000     
  0.800000000000000       0.200000000000000       0.200000000000000     
           1
         463         434         418         419         135
  0.800000000000000       0.200000000000000       0.400000000000000     
  0.600000000000000       0.200000000000000       0.400000000000000     
  0.600000000000000       0.200000000000000       0.600000000000000     
  0.600000000000000       0.000000000000000E+000  0.400000000000000     
           1
         464         139         135         136         434
  0.600000000000000       0.000000000000000E+000  0.600000000000000     
  0.600000000000000       0.000000000000000E+000  0.400000000000000     
  0.800000000000000       0.000000000000000E+000  0.400000000000000     
  0.800000000000000       0.200000000000000       0.400000000000000     
           1
         465         419         135         139         434
  0.600000000000000       0.200000000000000       0.600000000000000     
  0.600000000000000       0.000000000000000E+000  0.400000000000000     
  0.600000000000000       0.000000000000000E+000  0.600000000000000     
  0.800000000000000       0.200000000000000       0.400000000000000     
           1
         466         435         434         419         140
  0.800000000000000       0.200000000000000       0.600000000000000     
  0.800000000000000       0.200000000000000       0.400000000000000     
  0.600000000000000       0.200000000000000       0.600000000000000     
  0.800000000000000       0.000000000000000E+000  0.600000000000000     
           1
         467         140         139         136         434
  0.800000000000000       0.000000000000000E+000  0.600000000000000     
  0.600000000000000       0.000000000000000E+000  0.600000000000000     
  0.800000000000000       0.000000000000000E+000  0.400000000000000     
  0.800000000000000       0.200000000000000       0.400000000000000     
           1
         468         140         419         139         434
  0.800000000000000       0.000000000000000E+000  0.600000000000000     
  0.600000000000000       0.200000000000000       0.600000000000000     
  0.600000000000000       0.000000000000000E+000  0.600000000000000     
  0.800000000000000       0.200000000000000       0.400000000000000     
           1
         469         435         419         420         139
  0.800000000000000       0.200000000000000       0.600000000000000     
  0.600000000000000       0.200000000000000       0.600000000000000     
  0.600000000000000       0.200000000000000       0.800000000000000     
  0.600000000000000       0.000000000000000E+000  0.600000000000000     
           1
         470         143         139         140         435
  0.600000000000000       0.000000000000000E+000  0.800000000000000     
  0.600000000000000       0.000000000000000E+000  0.600000000000000     
  0.800000000000000       0.000000000000000E+000  0.600000000000000     
  0.800000000000000       0.200000000000000       0.600000000000000     
           1
         471         420         139         143         435
  0.600000000000000       0.200000000000000       0.800000000000000     
  0.600000000000000       0.000000000000000E+000  0.600000000000000     
  0.600000000000000       0.000000000000000E+000  0.800000000000000     
  0.800000000000000       0.200000000000000       0.600000000000000     
           1
         472         436         435         420         144
  0.800000000000000       0.200000000000000       0.800000000000000     
  0.800000000000000       0.200000000000000       0.600000000000000     
  0.600000000000000       0.200000000000000       0.800000000000000     
  0.800000000000000       0.000000000000000E+000  0.800000000000000     
           1
         473         144         143         140         435
  0.800000000000000       0.000000000000000E+000  0.800000000000000     
  0.600000000000000       0.000000000000000E+000  0.800000000000000     
  0.800000000000000       0.000000000000000E+000  0.600000000000000     
  0.800000000000000       0.200000000000000       0.600000000000000     
           1
         474         144         420         143         435
  0.800000000000000       0.000000000000000E+000  0.800000000000000     
  0.600000000000000       0.200000000000000       0.800000000000000     
  0.600000000000000       0.000000000000000E+000  0.800000000000000     
  0.800000000000000       0.200000000000000       0.600000000000000     
           1
         475         436         420         169         143
  0.800000000000000       0.200000000000000       0.800000000000000     
  0.600000000000000       0.200000000000000       0.800000000000000     
  0.600000000000000       0.200000000000000        1.00000000000000     
  0.600000000000000       0.000000000000000E+000  0.800000000000000     
           1
         476          27         143         144         436
  0.600000000000000       0.000000000000000E+000   1.00000000000000     
  0.600000000000000       0.000000000000000E+000  0.800000000000000     
  0.800000000000000       0.000000000000000E+000  0.800000000000000     
  0.800000000000000       0.200000000000000       0.800000000000000     
           1
         477         169         143          27         436
  0.600000000000000       0.200000000000000        1.00000000000000     
  0.600000000000000       0.000000000000000E+000  0.800000000000000     
  0.600000000000000       0.000000000000000E+000   1.00000000000000     
  0.800000000000000       0.200000000000000       0.800000000000000     
           1
         478         173         436         169          28
  0.800000000000000       0.200000000000000        1.00000000000000     
  0.800000000000000       0.200000000000000       0.800000000000000     
  0.600000000000000       0.200000000000000        1.00000000000000     
  0.800000000000000       0.000000000000000E+000   1.00000000000000     
           1
         479          28          27         144         436
  0.800000000000000       0.000000000000000E+000   1.00000000000000     
  0.600000000000000       0.000000000000000E+000   1.00000000000000     
  0.800000000000000       0.000000000000000E+000  0.800000000000000     
  0.800000000000000       0.200000000000000       0.800000000000000     
           1
         480          28         169          27         436
  0.800000000000000       0.000000000000000E+000   1.00000000000000     
  0.600000000000000       0.200000000000000        1.00000000000000     
  0.600000000000000       0.000000000000000E+000   1.00000000000000     
  0.800000000000000       0.200000000000000       0.800000000000000     
           1
         481         206         202         421         201
  0.800000000000000       0.400000000000000       0.000000000000000E+000
  0.600000000000000       0.400000000000000       0.000000000000000E+000
  0.600000000000000       0.400000000000000       0.200000000000000     
  0.600000000000000       0.200000000000000       0.000000000000000E+000
           1
         482         417         201         205         206
  0.600000000000000       0.200000000000000       0.200000000000000     
  0.600000000000000       0.200000000000000       0.000000000000000E+000
  0.800000000000000       0.200000000000000       0.000000000000000E+000
  0.800000000000000       0.400000000000000       0.000000000000000E+000
           1
         483         421         201         417         206
  0.600000000000000       0.400000000000000       0.200000000000000     
  0.600000000000000       0.200000000000000       0.000000000000000E+000
  0.600000000000000       0.200000000000000       0.200000000000000     
  0.800000000000000       0.400000000000000       0.000000000000000E+000
           1
         484         437         206         421         433
  0.800000000000000       0.400000000000000       0.200000000000000     
  0.800000000000000       0.400000000000000       0.000000000000000E+000
  0.600000000000000       0.400000000000000       0.200000000000000     
  0.800000000000000       0.200000000000000       0.200000000000000     
           1
         485         433         417         205         206
  0.800000000000000       0.200000000000000       0.200000000000000     
  0.600000000000000       0.200000000000000       0.200000000000000     
  0.800000000000000       0.200000000000000       0.000000000000000E+000
  0.800000000000000       0.400000000000000       0.000000000000000E+000
           1
         486         433         421         417         206
  0.800000000000000       0.200000000000000       0.200000000000000     
  0.600000000000000       0.400000000000000       0.200000000000000     
  0.600000000000000       0.200000000000000       0.200000000000000     
  0.800000000000000       0.400000000000000       0.000000000000000E+000
           1
         487         437         421         422         417
  0.800000000000000       0.400000000000000       0.200000000000000     
  0.600000000000000       0.400000000000000       0.200000000000000     
  0.600000000000000       0.400000000000000       0.400000000000000     
  0.600000000000000       0.200000000000000       0.200000000000000     
           1
         488         418         417         433         437
  0.600000000000000       0.200000000000000       0.400000000000000     
  0.600000000000000       0.200000000000000       0.200000000000000     
  0.800000000000000       0.200000000000000       0.200000000000000     
  0.800000000000000       0.400000000000000       0.200000000000000     
           1
         489         422         417         418         437
  0.600000000000000       0.400000000000000       0.400000000000000     
  0.600000000000000       0.200000000000000       0.200000000000000     
  0.600000000000000       0.200000000000000       0.400000000000000     
  0.800000000000000       0.400000000000000       0.200000000000000     
           1
         490         438         437         422         434
  0.800000000000000       0.400000000000000       0.400000000000000     
  0.800000000000000       0.400000000000000       0.200000000000000     
  0.600000000000000       0.400000000000000       0.400000000000000     
  0.800000000000000       0.200000000000000       0.400000000000000     
           1
         491         434         418         433         437
  0.800000000000000       0.200000000000000       0.400000000000000     
  0.600000000000000       0.200000000000000       0.400000000000000     
  0.800000000000000       0.200000000000000       0.200000000000000     
  0.800000000000000       0.400000000000000       0.200000000000000     
           1
         492         434         422         418         437
  0.800000000000000       0.200000000000000       0.400000000000000     
  0.600000000000000       0.400000000000000       0.400000000000000     
  0.600000000000000       0.200000000000000       0.400000000000000     
  0.800000000000000       0.400000000000000       0.200000000000000     
           1
         493         438         422         423         418
  0.800000000000000       0.400000000000000       0.400000000000000     
  0.600000000000000       0.400000000000000       0.400000000000000     
  0.600000000000000       0.400000000000000       0.600000000000000     
  0.600000000000000       0.200000000000000       0.400000000000000     
           1
         494         419         418         434         438
  0.600000000000000       0.200000000000000       0.600000000000000     
  0.600000000000000       0.200000000000000       0.400000000000000     
  0.800000000000000       0.200000000000000       0.400000000000000     
  0.800000000000000       0.400000000000000       0.400000000000000     
           1
         495         423         418         419         438
  0.600000000000000       0.400000000000000       0.600000000000000     
  0.600000000000000       0.200000000000000       0.400000000000000     
  0.600000000000000       0.200000000000000       0.600000000000000     
  0.800000000000000       0.400000000000000       0.400000000000000     
           1
         496         439         438         423         435
  0.800000000000000       0.400000000000000       0.600000000000000     
  0.800000000000000       0.400000000000000       0.400000000000000     
  0.600000000000000       0.400000000000000       0.600000000000000     
  0.800000000000000       0.200000000000000       0.600000000000000     
           1
         497         435         419         434         438
  0.800000000000000       0.200000000000000       0.600000000000000     
  0.600000000000000       0.200000000000000       0.600000000000000     
  0.800000000000000       0.200000000000000       0.400000000000000     
  0.800000000000000       0.400000000000000       0.400000000000000     
           1
         498         435         423         419         438
  0.800000000000000       0.200000000000000       0.600000000000000     
  0.600000000000000       0.400000000000000       0.600000000000000     
  0.600000000000000       0.200000000000000       0.600000000000000     
  0.800000000000000       0.400000000000000       0.400000000000000     
           1
         499         439         423         424         419
  0.800000000000000       0.400000000000000       0.600000000000000     
  0.600000000000000       0.400000000000000       0.600000000000000     
  0.600000000000000       0.400000000000000       0.800000000000000     
  0.600000000000000       0.200000000000000       0.600000000000000     
           1
         500         420         419         435         439
  0.600000000000000       0.200000000000000       0.800000000000000     
  0.600000000000000       0.200000000000000       0.600000000000000     
  0.800000000000000       0.200000000000000       0.600000000000000     
  0.800000000000000       0.400000000000000       0.600000000000000     
           1
         501         424         419         420         439
  0.600000000000000       0.400000000000000       0.800000000000000     
  0.600000000000000       0.200000000000000       0.600000000000000     
  0.600000000000000       0.200000000000000       0.800000000000000     
  0.800000000000000       0.400000000000000       0.600000000000000     
           1
         502         440         439         424         436
  0.800000000000000       0.400000000000000       0.800000000000000     
  0.800000000000000       0.400000000000000       0.600000000000000     
  0.600000000000000       0.400000000000000       0.800000000000000     
  0.800000000000000       0.200000000000000       0.800000000000000     
           1
         503         436         420         435         439
  0.800000000000000       0.200000000000000       0.800000000000000     
  0.600000000000000       0.200000000000000       0.800000000000000     
  0.800000000000000       0.200000000000000       0.600000000000000     
  0.800000000000000       0.400000000000000       0.600000000000000     
           1
         504         436         424         420         439
  0.800000000000000       0.200000000000000       0.800000000000000     
  0.600000000000000       0.400000000000000       0.800000000000000     
  0.600000000000000       0.200000000000000       0.800000000000000     
  0.800000000000000       0.400000000000000       0.600000000000000     
           1
         505         440         424         170         420
  0.800000000000000       0.400000000000000       0.800000000000000     
  0.600000000000000       0.400000000000000       0.800000000000000     
  0.600000000000000       0.400000000000000        1.00000000000000     
  0.600000000000000       0.200000000000000       0.800000000000000     
           1
         506         169         420         436         440
  0.600000000000000       0.200000000000000        1.00000000000000     
  0.600000000000000       0.200000000000000       0.800000000000000     
  0.800000000000000       0.200000000000000       0.800000000000000     
  0.800000000000000       0.400000000000000       0.800000000000000     
           1
         507         170         420         169         440
  0.600000000000000       0.400000000000000        1.00000000000000     
  0.600000000000000       0.200000000000000       0.800000000000000     
  0.600000000000000       0.200000000000000        1.00000000000000     
  0.800000000000000       0.400000000000000       0.800000000000000     
           1
         508         174         440         170         173
  0.800000000000000       0.400000000000000        1.00000000000000     
  0.800000000000000       0.400000000000000       0.800000000000000     
  0.600000000000000       0.400000000000000        1.00000000000000     
  0.800000000000000       0.200000000000000        1.00000000000000     
           1
         509         173         169         436         440
  0.800000000000000       0.200000000000000        1.00000000000000     
  0.600000000000000       0.200000000000000        1.00000000000000     
  0.800000000000000       0.200000000000000       0.800000000000000     
  0.800000000000000       0.400000000000000       0.800000000000000     
           1
         510         173         170         169         440
  0.800000000000000       0.200000000000000        1.00000000000000     
  0.600000000000000       0.400000000000000        1.00000000000000     
  0.600000000000000       0.200000000000000        1.00000000000000     
  0.800000000000000       0.400000000000000       0.800000000000000     
           1
         511         207         203         425         202
  0.800000000000000       0.600000000000000       0.000000000000000E+000
  0.600000000000000       0.600000000000000       0.000000000000000E+000
  0.600000000000000       0.600000000000000       0.200000000000000     
  0.600000000000000       0.400000000000000       0.000000000000000E+000
           1
         512         421         202         206         207
  0.600000000000000       0.400000000000000       0.200000000000000     
  0.600000000000000       0.400000000000000       0.000000000000000E+000
  0.800000000000000       0.400000000000000       0.000000000000000E+000
  0.800000000000000       0.600000000000000       0.000000000000000E+000
           1
         513         425         202         421         207
  0.600000000000000       0.600000000000000       0.200000000000000     
  0.600000000000000       0.400000000000000       0.000000000000000E+000
  0.600000000000000       0.400000000000000       0.200000000000000     
  0.800000000000000       0.600000000000000       0.000000000000000E+000
           1
         514         441         207         425         437
  0.800000000000000       0.600000000000000       0.200000000000000     
  0.800000000000000       0.600000000000000       0.000000000000000E+000
  0.600000000000000       0.600000000000000       0.200000000000000     
  0.800000000000000       0.400000000000000       0.200000000000000     
           1
         515         437         421         206         207
  0.800000000000000       0.400000000000000       0.200000000000000     
  0.600000000000000       0.400000000000000       0.200000000000000     
  0.800000000000000       0.400000000000000       0.000000000000000E+000
  0.800000000000000       0.600000000000000       0.000000000000000E+000
           1
         516         437         425         421         207
  0.800000000000000       0.400000000000000       0.200000000000000     
  0.600000000000000       0.600000000000000       0.200000000000000     
  0.600000000000000       0.400000000000000       0.200000000000000     
  0.800000000000000       0.600000000000000       0.000000000000000E+000
           1
         517         441         425         426         421
  0.800000000000000       0.600000000000000       0.200000000000000     
  0.600000000000000       0.600000000000000       0.200000000000000     
  0.600000000000000       0.600000000000000       0.400000000000000     
  0.600000000000000       0.400000000000000       0.200000000000000     
           1
         518         422         421         437         441
  0.600000000000000       0.400000000000000       0.400000000000000     
  0.600000000000000       0.400000000000000       0.200000000000000     
  0.800000000000000       0.400000000000000       0.200000000000000     
  0.800000000000000       0.600000000000000       0.200000000000000     
           1
         519         426         421         422         441
  0.600000000000000       0.600000000000000       0.400000000000000     
  0.600000000000000       0.400000000000000       0.200000000000000     
  0.600000000000000       0.400000000000000       0.400000000000000     
  0.800000000000000       0.600000000000000       0.200000000000000     
           1
         520         442         441         426         438
  0.800000000000000       0.600000000000000       0.400000000000000     
  0.800000000000000       0.600000000000000       0.200000000000000     
  0.600000000000000       0.600000000000000       0.400000000000000     
  0.800000000000000       0.400000000000000       0.400000000000000     
           1
         521         438         422         437         441
  0.800000000000000       0.400000000000000       0.400000000000000     
  0.600000000000000       0.400000000000000       0.400000000000000     
  0.800000000000000       0.400000000000000       0.200000000000000     
  0.800000000000000       0.600000000000000       0.200000000000000     
           1
         522         438         426         422         441
  0.800000000000000       0.400000000000000       0.400000000000000     
  0.600000000000000       0.600000000000000       0.400000000000000     
  0.600000000000000       0.400000000000000       0.400000000000000     
  0.800000000000000       0.600000000000000       0.200000000000000     
           1
         523         442         426         427         422
  0.800000000000000       0.600000000000000       0.400000000000000     
  0.600000000000000       0.600000000000000       0.400000000000000     
  0.600000000000000       0.600000000000000       0.600000000000000     
  0.600000000000000       0.400000000000000       0.400000000000000     
           1
         524         423         422         438         442
  0.600000000000000       0.400000000000000       0.600000000000000     
  0.600000000000000       0.400000000000000       0.400000000000000     
  0.800000000000000       0.400000000000000       0.400000000000000     
  0.800000000000000       0.600000000000000       0.400000000000000     
           1
         525         427         422         423         442
  0.600000000000000       0.600000000000000       0.600000000000000     
  0.600000000000000       0.400000000000000       0.400000000000000     
  0.600000000000000       0.400000000000000       0.600000000000000     
  0.800000000000000       0.600000000000000       0.400000000000000     
           1
         526         443         442         427         439
  0.800000000000000       0.600000000000000       0.600000000000000     
  0.800000000000000       0.600000000000000       0.400000000000000     
  0.600000000000000       0.600000000000000       0.600000000000000     
  0.800000000000000       0.400000000000000       0.600000000000000     
           1
         527         439         423         438         442
  0.800000000000000       0.400000000000000       0.600000000000000     
  0.600000000000000       0.400000000000000       0.600000000000000     
  0.800000000000000       0.400000000000000       0.400000000000000     
  0.800000000000000       0.600000000000000       0.400000000000000     
           1
         528         439         427         423         442
  0.800000000000000       0.400000000000000       0.600000000000000     
  0.600000000000000       0.600000000000000       0.600000000000000     
  0.600000000000000       0.400000000000000       0.600000000000000     
  0.800000000000000       0.600000000000000       0.400000000000000     
           1
         529         443         427         428         423
  0.800000000000000       0.600000000000000       0.600000000000000     
  0.600000000000000       0.600000000000000       0.600000000000000     
  0.600000000000000       0.600000000000000       0.800000000000000     
  0.600000000000000       0.400000000000000       0.600000000000000     
           1
         530         424         423         439         443
  0.600000000000000       0.400000000000000       0.800000000000000     
  0.600000000000000       0.400000000000000       0.600000000000000     
  0.800000000000000       0.400000000000000       0.600000000000000     
  0.800000000000000       0.600000000000000       0.600000000000000     
           1
         531         428         423         424         443
  0.600000000000000       0.600000000000000       0.800000000000000     
  0.600000000000000       0.400000000000000       0.600000000000000     
  0.600000000000000       0.400000000000000       0.800000000000000     
  0.800000000000000       0.600000000000000       0.600000000000000     
           1
         532         444         443         428         440
  0.800000000000000       0.600000000000000       0.800000000000000     
  0.800000000000000       0.600000000000000       0.600000000000000     
  0.600000000000000       0.600000000000000       0.800000000000000     
  0.800000000000000       0.400000000000000       0.800000000000000     
           1
         533         440         424         439         443
  0.800000000000000       0.400000000000000       0.800000000000000     
  0.600000000000000       0.400000000000000       0.800000000000000     
  0.800000000000000       0.400000000000000       0.600000000000000     
  0.800000000000000       0.600000000000000       0.600000000000000     
           1
         534         440         428         424         443
  0.800000000000000       0.400000000000000       0.800000000000000     
  0.600000000000000       0.600000000000000       0.800000000000000     
  0.600000000000000       0.400000000000000       0.800000000000000     
  0.800000000000000       0.600000000000000       0.600000000000000     
           1
         535         444         428         171         424
  0.800000000000000       0.600000000000000       0.800000000000000     
  0.600000000000000       0.600000000000000       0.800000000000000     
  0.600000000000000       0.600000000000000        1.00000000000000     
  0.600000000000000       0.400000000000000       0.800000000000000     
           1
         536         170         424         440         444
  0.600000000000000       0.400000000000000        1.00000000000000     
  0.600000000000000       0.400000000000000       0.800000000000000     
  0.800000000000000       0.400000000000000       0.800000000000000     
  0.800000000000000       0.600000000000000       0.800000000000000     
           1
         537         171         424         170         444
  0.600000000000000       0.600000000000000        1.00000000000000     
  0.600000000000000       0.400000000000000       0.800000000000000     
  0.600000000000000       0.400000000000000        1.00000000000000     
  0.800000000000000       0.600000000000000       0.800000000000000     
           1
         538         175         444         171         174
  0.800000000000000       0.600000000000000        1.00000000000000     
  0.800000000000000       0.600000000000000       0.800000000000000     
  0.600000000000000       0.600000000000000        1.00000000000000     
  0.800000000000000       0.400000000000000        1.00000000000000     
           1
         539         174         170         440         444
  0.800000000000000       0.400000000000000        1.00000000000000     
  0.600000000000000       0.400000000000000        1.00000000000000     
  0.800000000000000       0.400000000000000       0.800000000000000     
  0.800000000000000       0.600000000000000       0.800000000000000     
           1
         540         174         171         170         444
  0.800000000000000       0.400000000000000        1.00000000000000     
  0.600000000000000       0.600000000000000        1.00000000000000     
  0.600000000000000       0.400000000000000        1.00000000000000     
  0.800000000000000       0.600000000000000       0.800000000000000     
           1
         541         208         204         429         203
  0.800000000000000       0.800000000000000       0.000000000000000E+000
  0.600000000000000       0.800000000000000       0.000000000000000E+000
  0.600000000000000       0.800000000000000       0.200000000000000     
  0.600000000000000       0.600000000000000       0.000000000000000E+000
           1
         542         425         203         207         208
  0.600000000000000       0.600000000000000       0.200000000000000     
  0.600000000000000       0.600000000000000       0.000000000000000E+000
  0.800000000000000       0.600000000000000       0.000000000000000E+000
  0.800000000000000       0.800000000000000       0.000000000000000E+000
           1
         543         429         203         425         208
  0.600000000000000       0.800000000000000       0.200000000000000     
  0.600000000000000       0.600000000000000       0.000000000000000E+000
  0.600000000000000       0.600000000000000       0.200000000000000     
  0.800000000000000       0.800000000000000       0.000000000000000E+000
           1
         544         445         208         429         441
  0.800000000000000       0.800000000000000       0.200000000000000     
  0.800000000000000       0.800000000000000       0.000000000000000E+000
  0.600000000000000       0.800000000000000       0.200000000000000     
  0.800000000000000       0.600000000000000       0.200000000000000     
           1
         545         441         425         207         208
  0.800000000000000       0.600000000000000       0.200000000000000     
  0.600000000000000       0.600000000000000       0.200000000000000     
  0.800000000000000       0.600000000000000       0.000000000000000E+000
  0.800000000000000       0.800000000000000       0.000000000000000E+000
           1
         546         441         429         425         208
  0.800000000000000       0.600000000000000       0.200000000000000     
  0.600000000000000       0.800000000000000       0.200000000000000     
  0.600000000000000       0.600000000000000       0.200000000000000     
  0.800000000000000       0.800000000000000       0.000000000000000E+000
           1
         547         445         429         430         425
  0.800000000000000       0.800000000000000       0.200000000000000     
  0.600000000000000       0.800000000000000       0.200000000000000     
  0.600000000000000       0.800000000000000       0.400000000000000     
  0.600000000000000       0.600000000000000       0.200000000000000     
           1
         548         426         425         441         445
  0.600000000000000       0.600000000000000       0.400000000000000     
  0.600000000000000       0.600000000000000       0.200000000000000     
  0.800000000000000       0.600000000000000       0.200000000000000     
  0.800000000000000       0.800000000000000       0.200000000000000     
           1
         549         430         425         426         445
  0.600000000000000       0.800000000000000       0.400000000000000     
  0.600000000000000       0.600000000000000       0.200000000000000     
  0.600000000000000       0.600000000000000       0.400000000000000     
  0.800000000000000       0.800000000000000       0.200000000000000     
           1
         550         446         445         430         442
  0.800000000000000       0.800000000000000       0.400000000000000     
  0.800000000000000       0.800000000000000       0.200000000000000     
  0.600000000000000       0.800000000000000       0.400000000000000     
  0.800000000000000       0.600000000000000       0.400000000000000     
           1
         551         442         426         441         445
  0.800000000000000       0.600000000000000       0.400000000000000     
  0.600000000000000       0.600000000000000       0.400000000000000     
  0.800000000000000       0.600000000000000       0.200000000000000     
  0.800000000000000       0.800000000000000       0.200000000000000     
           1
         552         442         430         426         445
  0.800000000000000       0.600000000000000       0.400000000000000     
  0.600000000000000       0.800000000000000       0.400000000000000     
  0.600000000000000       0.600000000000000       0.400000000000000     
  0.800000000000000       0.800000000000000       0.200000000000000     
           1
         553         446         430         431         426
  0.800000000000000       0.800000000000000       0.400000000000000     
  0.600000000000000       0.800000000000000       0.400000000000000     
  0.600000000000000       0.800000000000000       0.600000000000000     
  0.600000000000000       0.600000000000000       0.400000000000000     
           1
         554         427         426         442         446
  0.600000000000000       0.600000000000000       0.600000000000000     
  0.600000000000000       0.600000000000000       0.400000000000000     
  0.800000000000000       0.600000000000000       0.400000000000000     
  0.800000000000000       0.800000000000000       0.400000000000000     
           1
         555         431         426         427         446
  0.600000000000000       0.800000000000000       0.600000000000000     
  0.600000000000000       0.600000000000000       0.400000000000000     
  0.600000000000000       0.600000000000000       0.600000000000000     
  0.800000000000000       0.800000000000000       0.400000000000000     
           1
         556         447         446         431         443
  0.800000000000000       0.800000000000000       0.600000000000000     
  0.800000000000000       0.800000000000000       0.400000000000000     
  0.600000000000000       0.800000000000000       0.600000000000000     
  0.800000000000000       0.600000000000000       0.600000000000000     
           1
         557         443         427         442         446
  0.800000000000000       0.600000000000000       0.600000000000000     
  0.600000000000000       0.600000000000000       0.600000000000000     
  0.800000000000000       0.600000000000000       0.400000000000000     
  0.800000000000000       0.800000000000000       0.400000000000000     
           1
         558         443         431         427         446
  0.800000000000000       0.600000000000000       0.600000000000000     
  0.600000000000000       0.800000000000000       0.600000000000000     
  0.600000000000000       0.600000000000000       0.600000000000000     
  0.800000000000000       0.800000000000000       0.400000000000000     
           1
         559         447         431         432         427
  0.800000000000000       0.800000000000000       0.600000000000000     
  0.600000000000000       0.800000000000000       0.600000000000000     
  0.600000000000000       0.800000000000000       0.800000000000000     
  0.600000000000000       0.600000000000000       0.600000000000000     
           1
         560         428         427         443         447
  0.600000000000000       0.600000000000000       0.800000000000000     
  0.600000000000000       0.600000000000000       0.600000000000000     
  0.800000000000000       0.600000000000000       0.600000000000000     
  0.800000000000000       0.800000000000000       0.600000000000000     
           1
         561         432         427         428         447
  0.600000000000000       0.800000000000000       0.800000000000000     
  0.600000000000000       0.600000000000000       0.600000000000000     
  0.600000000000000       0.600000000000000       0.800000000000000     
  0.800000000000000       0.800000000000000       0.600000000000000     
           1
         562         448         447         432         444
  0.800000000000000       0.800000000000000       0.800000000000000     
  0.800000000000000       0.800000000000000       0.600000000000000     
  0.600000000000000       0.800000000000000       0.800000000000000     
  0.800000000000000       0.600000000000000       0.800000000000000     
           1
         563         444         428         443         447
  0.800000000000000       0.600000000000000       0.800000000000000     
  0.600000000000000       0.600000000000000       0.800000000000000     
  0.800000000000000       0.600000000000000       0.600000000000000     
  0.800000000000000       0.800000000000000       0.600000000000000     
           1
         564         444         432         428         447
  0.800000000000000       0.600000000000000       0.800000000000000     
  0.600000000000000       0.800000000000000       0.800000000000000     
  0.600000000000000       0.600000000000000       0.800000000000000     
  0.800000000000000       0.800000000000000       0.600000000000000     
           1
         565         448         432         172         428
  0.800000000000000       0.800000000000000       0.800000000000000     
  0.600000000000000       0.800000000000000       0.800000000000000     
  0.600000000000000       0.800000000000000        1.00000000000000     
  0.600000000000000       0.600000000000000       0.800000000000000     
           1
         566         171         428         444         448
  0.600000000000000       0.600000000000000        1.00000000000000     
  0.600000000000000       0.600000000000000       0.800000000000000     
  0.800000000000000       0.600000000000000       0.800000000000000     
  0.800000000000000       0.800000000000000       0.800000000000000     
           1
         567         172         428         171         448
  0.600000000000000       0.800000000000000        1.00000000000000     
  0.600000000000000       0.600000000000000       0.800000000000000     
  0.600000000000000       0.600000000000000        1.00000000000000     
  0.800000000000000       0.800000000000000       0.800000000000000     
           1
         568         176         448         172         175
  0.800000000000000       0.800000000000000        1.00000000000000     
  0.800000000000000       0.800000000000000       0.800000000000000     
  0.600000000000000       0.800000000000000        1.00000000000000     
  0.800000000000000       0.600000000000000        1.00000000000000     
           1
         569         175         171         444         448
  0.800000000000000       0.600000000000000        1.00000000000000     
  0.600000000000000       0.600000000000000        1.00000000000000     
  0.800000000000000       0.600000000000000       0.800000000000000     
  0.800000000000000       0.800000000000000       0.800000000000000     
           1
         570         175         172         171         448
  0.800000000000000       0.600000000000000        1.00000000000000     
  0.600000000000000       0.800000000000000        1.00000000000000     
  0.600000000000000       0.600000000000000        1.00000000000000     
  0.800000000000000       0.800000000000000       0.800000000000000     
           1
         571          52          51         211         204
  0.800000000000000        1.00000000000000       0.000000000000000E+000
  0.600000000000000        1.00000000000000       0.000000000000000E+000
  0.600000000000000        1.00000000000000       0.200000000000000     
  0.600000000000000       0.800000000000000       0.000000000000000E+000
           1
         572         429         204         208          52
  0.600000000000000       0.800000000000000       0.200000000000000     
  0.600000000000000       0.800000000000000       0.000000000000000E+000
  0.800000000000000       0.800000000000000       0.000000000000000E+000
  0.800000000000000        1.00000000000000       0.000000000000000E+000
           1
         573         211         204         429          52
  0.600000000000000        1.00000000000000       0.200000000000000     
  0.600000000000000       0.800000000000000       0.000000000000000E+000
  0.600000000000000       0.800000000000000       0.200000000000000     
  0.800000000000000        1.00000000000000       0.000000000000000E+000
           1
         574         212          52         211         445
  0.800000000000000        1.00000000000000       0.200000000000000     
  0.800000000000000        1.00000000000000       0.000000000000000E+000
  0.600000000000000        1.00000000000000       0.200000000000000     
  0.800000000000000       0.800000000000000       0.200000000000000     
           1
         575         445         429         208          52
  0.800000000000000       0.800000000000000       0.200000000000000     
  0.600000000000000       0.800000000000000       0.200000000000000     
  0.800000000000000       0.800000000000000       0.000000000000000E+000
  0.800000000000000        1.00000000000000       0.000000000000000E+000
           1
         576         445         211         429          52
  0.800000000000000       0.800000000000000       0.200000000000000     
  0.600000000000000        1.00000000000000       0.200000000000000     
  0.600000000000000       0.800000000000000       0.200000000000000     
  0.800000000000000        1.00000000000000       0.000000000000000E+000
           1
         577         212         211         215         429
  0.800000000000000        1.00000000000000       0.200000000000000     
  0.600000000000000        1.00000000000000       0.200000000000000     
  0.600000000000000        1.00000000000000       0.400000000000000     
  0.600000000000000       0.800000000000000       0.200000000000000     
           1
         578         430         429         445         212
  0.600000000000000       0.800000000000000       0.400000000000000     
  0.600000000000000       0.800000000000000       0.200000000000000     
  0.800000000000000       0.800000000000000       0.200000000000000     
  0.800000000000000        1.00000000000000       0.200000000000000     
           1
         579         215         429         430         212
  0.600000000000000        1.00000000000000       0.400000000000000     
  0.600000000000000       0.800000000000000       0.200000000000000     
  0.600000000000000       0.800000000000000       0.400000000000000     
  0.800000000000000        1.00000000000000       0.200000000000000     
           1
         580         216         212         215         446
  0.800000000000000        1.00000000000000       0.400000000000000     
  0.800000000000000        1.00000000000000       0.200000000000000     
  0.600000000000000        1.00000000000000       0.400000000000000     
  0.800000000000000       0.800000000000000       0.400000000000000     
           1
         581         446         430         445         212
  0.800000000000000       0.800000000000000       0.400000000000000     
  0.600000000000000       0.800000000000000       0.400000000000000     
  0.800000000000000       0.800000000000000       0.200000000000000     
  0.800000000000000        1.00000000000000       0.200000000000000     
           1
         582         446         215         430         212
  0.800000000000000       0.800000000000000       0.400000000000000     
  0.600000000000000        1.00000000000000       0.400000000000000     
  0.600000000000000       0.800000000000000       0.400000000000000     
  0.800000000000000        1.00000000000000       0.200000000000000     
           1
         583         216         215         219         430
  0.800000000000000        1.00000000000000       0.400000000000000     
  0.600000000000000        1.00000000000000       0.400000000000000     
  0.600000000000000        1.00000000000000       0.600000000000000     
  0.600000000000000       0.800000000000000       0.400000000000000     
           1
         584         431         430         446         216
  0.600000000000000       0.800000000000000       0.600000000000000     
  0.600000000000000       0.800000000000000       0.400000000000000     
  0.800000000000000       0.800000000000000       0.400000000000000     
  0.800000000000000        1.00000000000000       0.400000000000000     
           1
         585         219         430         431         216
  0.600000000000000        1.00000000000000       0.600000000000000     
  0.600000000000000       0.800000000000000       0.400000000000000     
  0.600000000000000       0.800000000000000       0.600000000000000     
  0.800000000000000        1.00000000000000       0.400000000000000     
           1
         586         220         216         219         447
  0.800000000000000        1.00000000000000       0.600000000000000     
  0.800000000000000        1.00000000000000       0.400000000000000     
  0.600000000000000        1.00000000000000       0.600000000000000     
  0.800000000000000       0.800000000000000       0.600000000000000     
           1
         587         447         431         446         216
  0.800000000000000       0.800000000000000       0.600000000000000     
  0.600000000000000       0.800000000000000       0.600000000000000     
  0.800000000000000       0.800000000000000       0.400000000000000     
  0.800000000000000        1.00000000000000       0.400000000000000     
           1
         588         447         219         431         216
  0.800000000000000       0.800000000000000       0.600000000000000     
  0.600000000000000        1.00000000000000       0.600000000000000     
  0.600000000000000       0.800000000000000       0.600000000000000     
  0.800000000000000        1.00000000000000       0.400000000000000     
           1
         589         220         219         223         431
  0.800000000000000        1.00000000000000       0.600000000000000     
  0.600000000000000        1.00000000000000       0.600000000000000     
  0.600000000000000        1.00000000000000       0.800000000000000     
  0.600000000000000       0.800000000000000       0.600000000000000     
           1
         590         432         431         447         220
  0.600000000000000       0.800000000000000       0.800000000000000     
  0.600000000000000       0.800000000000000       0.600000000000000     
  0.800000000000000       0.800000000000000       0.600000000000000     
  0.800000000000000        1.00000000000000       0.600000000000000     
           1
         591         223         431         432         220
  0.600000000000000        1.00000000000000       0.800000000000000     
  0.600000000000000       0.800000000000000       0.600000000000000     
  0.600000000000000       0.800000000000000       0.800000000000000     
  0.800000000000000        1.00000000000000       0.600000000000000     
           1
         592         224         220         223         448
  0.800000000000000        1.00000000000000       0.800000000000000     
  0.800000000000000        1.00000000000000       0.600000000000000     
  0.600000000000000        1.00000000000000       0.800000000000000     
  0.800000000000000       0.800000000000000       0.800000000000000     
           1
         593         448         432         447         220
  0.800000000000000       0.800000000000000       0.800000000000000     
  0.600000000000000       0.800000000000000       0.800000000000000     
  0.800000000000000       0.800000000000000       0.600000000000000     
  0.800000000000000        1.00000000000000       0.600000000000000     
           1
         594         448         223         432         220
  0.800000000000000       0.800000000000000       0.800000000000000     
  0.600000000000000        1.00000000000000       0.800000000000000     
  0.600000000000000       0.800000000000000       0.800000000000000     
  0.800000000000000        1.00000000000000       0.600000000000000     
           1
         595         224         223          59         432
  0.800000000000000        1.00000000000000       0.800000000000000     
  0.600000000000000        1.00000000000000       0.800000000000000     
  0.600000000000000        1.00000000000000        1.00000000000000     
  0.600000000000000       0.800000000000000       0.800000000000000     
           1
         596         172         432         448         224
  0.600000000000000       0.800000000000000        1.00000000000000     
  0.600000000000000       0.800000000000000       0.800000000000000     
  0.800000000000000       0.800000000000000       0.800000000000000     
  0.800000000000000        1.00000000000000       0.800000000000000     
           1
         597          59         432         172         224
  0.600000000000000        1.00000000000000        1.00000000000000     
  0.600000000000000       0.800000000000000       0.800000000000000     
  0.600000000000000       0.800000000000000        1.00000000000000     
  0.800000000000000        1.00000000000000       0.800000000000000     
           1
         598          60         224          59         176
  0.800000000000000        1.00000000000000        1.00000000000000     
  0.800000000000000        1.00000000000000       0.800000000000000     
  0.600000000000000        1.00000000000000        1.00000000000000     
  0.800000000000000       0.800000000000000        1.00000000000000     
           1
         599         176         172         448         224
  0.800000000000000       0.800000000000000        1.00000000000000     
  0.600000000000000       0.800000000000000        1.00000000000000     
  0.800000000000000       0.800000000000000       0.800000000000000     
  0.800000000000000        1.00000000000000       0.800000000000000     
           1
         600         176          59         172         224
  0.800000000000000       0.800000000000000        1.00000000000000     
  0.600000000000000        1.00000000000000        1.00000000000000     
  0.600000000000000       0.800000000000000        1.00000000000000     
  0.800000000000000        1.00000000000000       0.800000000000000     
           1
         601          33         205         433          20
   1.00000000000000       0.200000000000000       0.000000000000000E+000
  0.800000000000000       0.200000000000000       0.000000000000000E+000
  0.800000000000000       0.200000000000000       0.200000000000000     
  0.800000000000000       0.000000000000000E+000  0.000000000000000E+000
           1
         602         132          20           2          33
  0.800000000000000       0.000000000000000E+000  0.200000000000000     
  0.800000000000000       0.000000000000000E+000  0.000000000000000E+000
   1.00000000000000       0.000000000000000E+000  0.000000000000000E+000
   1.00000000000000       0.200000000000000       0.000000000000000E+000
           1
         603         433          20         132          33
  0.800000000000000       0.200000000000000       0.200000000000000     
  0.800000000000000       0.000000000000000E+000  0.000000000000000E+000
  0.800000000000000       0.000000000000000E+000  0.200000000000000     
   1.00000000000000       0.200000000000000       0.000000000000000E+000
           1
         604         145          33         433          21
   1.00000000000000       0.200000000000000       0.200000000000000     
   1.00000000000000       0.200000000000000       0.000000000000000E+000
  0.800000000000000       0.200000000000000       0.200000000000000     
   1.00000000000000       0.000000000000000E+000  0.200000000000000     
           1
         605          21         132           2          33
   1.00000000000000       0.000000000000000E+000  0.200000000000000     
  0.800000000000000       0.000000000000000E+000  0.200000000000000     
   1.00000000000000       0.000000000000000E+000  0.000000000000000E+000
   1.00000000000000       0.200000000000000       0.000000000000000E+000
           1
         606          21         433         132          33
   1.00000000000000       0.000000000000000E+000  0.200000000000000     
  0.800000000000000       0.200000000000000       0.200000000000000     
  0.800000000000000       0.000000000000000E+000  0.200000000000000     
   1.00000000000000       0.200000000000000       0.000000000000000E+000
           1
         607         145         433         434         132
   1.00000000000000       0.200000000000000       0.200000000000000     
  0.800000000000000       0.200000000000000       0.200000000000000     
  0.800000000000000       0.200000000000000       0.400000000000000     
  0.800000000000000       0.000000000000000E+000  0.200000000000000     
           1
         608         136         132          21         145
  0.800000000000000       0.000000000000000E+000  0.400000000000000     
  0.800000000000000       0.000000000000000E+000  0.200000000000000     
   1.00000000000000       0.000000000000000E+000  0.200000000000000     
   1.00000000000000       0.200000000000000       0.200000000000000     
           1
         609         434         132         136         145
  0.800000000000000       0.200000000000000       0.400000000000000     
  0.800000000000000       0.000000000000000E+000  0.200000000000000     
  0.800000000000000       0.000000000000000E+000  0.400000000000000     
   1.00000000000000       0.200000000000000       0.200000000000000     
           1
         610         146         145         434          22
   1.00000000000000       0.200000000000000       0.400000000000000     
   1.00000000000000       0.200000000000000       0.200000000000000     
  0.800000000000000       0.200000000000000       0.400000000000000     
   1.00000000000000       0.000000000000000E+000  0.400000000000000     
           1
         611          22         136          21         145
   1.00000000000000       0.000000000000000E+000  0.400000000000000     
  0.800000000000000       0.000000000000000E+000  0.400000000000000     
   1.00000000000000       0.000000000000000E+000  0.200000000000000     
   1.00000000000000       0.200000000000000       0.200000000000000     
           1
         612          22         434         136         145
   1.00000000000000       0.000000000000000E+000  0.400000000000000     
  0.800000000000000       0.200000000000000       0.400000000000000     
  0.800000000000000       0.000000000000000E+000  0.400000000000000     
   1.00000000000000       0.200000000000000       0.200000000000000     
           1
         613         146         434         435         136
   1.00000000000000       0.200000000000000       0.400000000000000     
  0.800000000000000       0.200000000000000       0.400000000000000     
  0.800000000000000       0.200000000000000       0.600000000000000     
  0.800000000000000       0.000000000000000E+000  0.400000000000000     
           1
         614         140         136          22         146
  0.800000000000000       0.000000000000000E+000  0.600000000000000     
  0.800000000000000       0.000000000000000E+000  0.400000000000000     
   1.00000000000000       0.000000000000000E+000  0.400000000000000     
   1.00000000000000       0.200000000000000       0.400000000000000     
           1
         615         435         136         140         146
  0.800000000000000       0.200000000000000       0.600000000000000     
  0.800000000000000       0.000000000000000E+000  0.400000000000000     
  0.800000000000000       0.000000000000000E+000  0.600000000000000     
   1.00000000000000       0.200000000000000       0.400000000000000     
           1
         616         147         146         435          23
   1.00000000000000       0.200000000000000       0.600000000000000     
   1.00000000000000       0.200000000000000       0.400000000000000     
  0.800000000000000       0.200000000000000       0.600000000000000     
   1.00000000000000       0.000000000000000E+000  0.600000000000000     
           1
         617          23         140          22         146
   1.00000000000000       0.000000000000000E+000  0.600000000000000     
  0.800000000000000       0.000000000000000E+000  0.600000000000000     
   1.00000000000000       0.000000000000000E+000  0.400000000000000     
   1.00000000000000       0.200000000000000       0.400000000000000     
           1
         618          23         435         140         146
   1.00000000000000       0.000000000000000E+000  0.600000000000000     
  0.800000000000000       0.200000000000000       0.600000000000000     
  0.800000000000000       0.000000000000000E+000  0.600000000000000     
   1.00000000000000       0.200000000000000       0.400000000000000     
           1
         619         147         435         436         140
   1.00000000000000       0.200000000000000       0.600000000000000     
  0.800000000000000       0.200000000000000       0.600000000000000     
  0.800000000000000       0.200000000000000       0.800000000000000     
  0.800000000000000       0.000000000000000E+000  0.600000000000000     
           1
         620         144         140          23         147
  0.800000000000000       0.000000000000000E+000  0.800000000000000     
  0.800000000000000       0.000000000000000E+000  0.600000000000000     
   1.00000000000000       0.000000000000000E+000  0.600000000000000     
   1.00000000000000       0.200000000000000       0.600000000000000     
           1
         621         436         140         144         147
  0.800000000000000       0.200000000000000       0.800000000000000     
  0.800000000000000       0.000000000000000E+000  0.600000000000000     
  0.800000000000000       0.000000000000000E+000  0.800000000000000     
   1.00000000000000       0.200000000000000       0.600000000000000     
           1
         622         148         147         436          24
   1.00000000000000       0.200000000000000       0.800000000000000     
   1.00000000000000       0.200000000000000       0.600000000000000     
  0.800000000000000       0.200000000000000       0.800000000000000     
   1.00000000000000       0.000000000000000E+000  0.800000000000000     
           1
         623          24         144          23         147
   1.00000000000000       0.000000000000000E+000  0.800000000000000     
  0.800000000000000       0.000000000000000E+000  0.800000000000000     
   1.00000000000000       0.000000000000000E+000  0.600000000000000     
   1.00000000000000       0.200000000000000       0.600000000000000     
           1
         624          24         436         144         147
   1.00000000000000       0.000000000000000E+000  0.800000000000000     
  0.800000000000000       0.200000000000000       0.800000000000000     
  0.800000000000000       0.000000000000000E+000  0.800000000000000     
   1.00000000000000       0.200000000000000       0.600000000000000     
           1
         625         148         436         173         144
   1.00000000000000       0.200000000000000       0.800000000000000     
  0.800000000000000       0.200000000000000       0.800000000000000     
  0.800000000000000       0.200000000000000        1.00000000000000     
  0.800000000000000       0.000000000000000E+000  0.800000000000000     
           1
         626          28         144          24         148
  0.800000000000000       0.000000000000000E+000   1.00000000000000     
  0.800000000000000       0.000000000000000E+000  0.800000000000000     
   1.00000000000000       0.000000000000000E+000  0.800000000000000     
   1.00000000000000       0.200000000000000       0.800000000000000     
           1
         627         173         144          28         148
  0.800000000000000       0.200000000000000        1.00000000000000     
  0.800000000000000       0.000000000000000E+000  0.800000000000000     
  0.800000000000000       0.000000000000000E+000   1.00000000000000     
   1.00000000000000       0.200000000000000       0.800000000000000     
           1
         628          37         148         173           6
   1.00000000000000       0.200000000000000        1.00000000000000     
   1.00000000000000       0.200000000000000       0.800000000000000     
  0.800000000000000       0.200000000000000        1.00000000000000     
   1.00000000000000       0.000000000000000E+000   1.00000000000000     
           1
         629           6          28          24         148
   1.00000000000000       0.000000000000000E+000   1.00000000000000     
  0.800000000000000       0.000000000000000E+000   1.00000000000000     
   1.00000000000000       0.000000000000000E+000  0.800000000000000     
   1.00000000000000       0.200000000000000       0.800000000000000     
           1
         630           6         173          28         148
   1.00000000000000       0.000000000000000E+000   1.00000000000000     
  0.800000000000000       0.200000000000000        1.00000000000000     
  0.800000000000000       0.000000000000000E+000   1.00000000000000     
   1.00000000000000       0.200000000000000       0.800000000000000     
           1
         631          34         206         437         205
   1.00000000000000       0.400000000000000       0.000000000000000E+000
  0.800000000000000       0.400000000000000       0.000000000000000E+000
  0.800000000000000       0.400000000000000       0.200000000000000     
  0.800000000000000       0.200000000000000       0.000000000000000E+000
           1
         632         433         205          33          34
  0.800000000000000       0.200000000000000       0.200000000000000     
  0.800000000000000       0.200000000000000       0.000000000000000E+000
   1.00000000000000       0.200000000000000       0.000000000000000E+000
   1.00000000000000       0.400000000000000       0.000000000000000E+000
           1
         633         437         205         433          34
  0.800000000000000       0.400000000000000       0.200000000000000     
  0.800000000000000       0.200000000000000       0.000000000000000E+000
  0.800000000000000       0.200000000000000       0.200000000000000     
   1.00000000000000       0.400000000000000       0.000000000000000E+000
           1
         634         149          34         437         145
   1.00000000000000       0.400000000000000       0.200000000000000     
   1.00000000000000       0.400000000000000       0.000000000000000E+000
  0.800000000000000       0.400000000000000       0.200000000000000     
   1.00000000000000       0.200000000000000       0.200000000000000     
           1
         635         145         433          33          34
   1.00000000000000       0.200000000000000       0.200000000000000     
  0.800000000000000       0.200000000000000       0.200000000000000     
   1.00000000000000       0.200000000000000       0.000000000000000E+000
   1.00000000000000       0.400000000000000       0.000000000000000E+000
           1
         636         145         437         433          34
   1.00000000000000       0.200000000000000       0.200000000000000     
  0.800000000000000       0.400000000000000       0.200000000000000     
  0.800000000000000       0.200000000000000       0.200000000000000     
   1.00000000000000       0.400000000000000       0.000000000000000E+000
           1
         637         149         437         438         433
   1.00000000000000       0.400000000000000       0.200000000000000     
  0.800000000000000       0.400000000000000       0.200000000000000     
  0.800000000000000       0.400000000000000       0.400000000000000     
  0.800000000000000       0.200000000000000       0.200000000000000     
           1
         638         434         433         145         149
  0.800000000000000       0.200000000000000       0.400000000000000     
  0.800000000000000       0.200000000000000       0.200000000000000     
   1.00000000000000       0.200000000000000       0.200000000000000     
   1.00000000000000       0.400000000000000       0.200000000000000     
           1
         639         438         433         434         149
  0.800000000000000       0.400000000000000       0.400000000000000     
  0.800000000000000       0.200000000000000       0.200000000000000     
  0.800000000000000       0.200000000000000       0.400000000000000     
   1.00000000000000       0.400000000000000       0.200000000000000     
           1
         640         150         149         438         146
   1.00000000000000       0.400000000000000       0.400000000000000     
   1.00000000000000       0.400000000000000       0.200000000000000     
  0.800000000000000       0.400000000000000       0.400000000000000     
   1.00000000000000       0.200000000000000       0.400000000000000     
           1
         641         146         434         145         149
   1.00000000000000       0.200000000000000       0.400000000000000     
  0.800000000000000       0.200000000000000       0.400000000000000     
   1.00000000000000       0.200000000000000       0.200000000000000     
   1.00000000000000       0.400000000000000       0.200000000000000     
           1
         642         146         438         434         149
   1.00000000000000       0.200000000000000       0.400000000000000     
  0.800000000000000       0.400000000000000       0.400000000000000     
  0.800000000000000       0.200000000000000       0.400000000000000     
   1.00000000000000       0.400000000000000       0.200000000000000     
           1
         643         150         438         439         434
   1.00000000000000       0.400000000000000       0.400000000000000     
  0.800000000000000       0.400000000000000       0.400000000000000     
  0.800000000000000       0.400000000000000       0.600000000000000     
  0.800000000000000       0.200000000000000       0.400000000000000     
           1
         644         435         434         146         150
  0.800000000000000       0.200000000000000       0.600000000000000     
  0.800000000000000       0.200000000000000       0.400000000000000     
   1.00000000000000       0.200000000000000       0.400000000000000     
   1.00000000000000       0.400000000000000       0.400000000000000     
           1
         645         439         434         435         150
  0.800000000000000       0.400000000000000       0.600000000000000     
  0.800000000000000       0.200000000000000       0.400000000000000     
  0.800000000000000       0.200000000000000       0.600000000000000     
   1.00000000000000       0.400000000000000       0.400000000000000     
           1
         646         151         150         439         147
   1.00000000000000       0.400000000000000       0.600000000000000     
   1.00000000000000       0.400000000000000       0.400000000000000     
  0.800000000000000       0.400000000000000       0.600000000000000     
   1.00000000000000       0.200000000000000       0.600000000000000     
           1
         647         147         435         146         150
   1.00000000000000       0.200000000000000       0.600000000000000     
  0.800000000000000       0.200000000000000       0.600000000000000     
   1.00000000000000       0.200000000000000       0.400000000000000     
   1.00000000000000       0.400000000000000       0.400000000000000     
           1
         648         147         439         435         150
   1.00000000000000       0.200000000000000       0.600000000000000     
  0.800000000000000       0.400000000000000       0.600000000000000     
  0.800000000000000       0.200000000000000       0.600000000000000     
   1.00000000000000       0.400000000000000       0.400000000000000     
           1
         649         151         439         440         435
   1.00000000000000       0.400000000000000       0.600000000000000     
  0.800000000000000       0.400000000000000       0.600000000000000     
  0.800000000000000       0.400000000000000       0.800000000000000     
  0.800000000000000       0.200000000000000       0.600000000000000     
           1
         650         436         435         147         151
  0.800000000000000       0.200000000000000       0.800000000000000     
  0.800000000000000       0.200000000000000       0.600000000000000     
   1.00000000000000       0.200000000000000       0.600000000000000     
   1.00000000000000       0.400000000000000       0.600000000000000     
           1
         651         440         435         436         151
  0.800000000000000       0.400000000000000       0.800000000000000     
  0.800000000000000       0.200000000000000       0.600000000000000     
  0.800000000000000       0.200000000000000       0.800000000000000     
   1.00000000000000       0.400000000000000       0.600000000000000     
           1
         652         152         151         440         148
   1.00000000000000       0.400000000000000       0.800000000000000     
   1.00000000000000       0.400000000000000       0.600000000000000     
  0.800000000000000       0.400000000000000       0.800000000000000     
   1.00000000000000       0.200000000000000       0.800000000000000     
           1
         653         148         436         147         151
   1.00000000000000       0.200000000000000       0.800000000000000     
  0.800000000000000       0.200000000000000       0.800000000000000     
   1.00000000000000       0.200000000000000       0.600000000000000     
   1.00000000000000       0.400000000000000       0.600000000000000     
           1
         654         148         440         436         151
   1.00000000000000       0.200000000000000       0.800000000000000     
  0.800000000000000       0.400000000000000       0.800000000000000     
  0.800000000000000       0.200000000000000       0.800000000000000     
   1.00000000000000       0.400000000000000       0.600000000000000     
           1
         655         152         440         174         436
   1.00000000000000       0.400000000000000       0.800000000000000     
  0.800000000000000       0.400000000000000       0.800000000000000     
  0.800000000000000       0.400000000000000        1.00000000000000     
  0.800000000000000       0.200000000000000       0.800000000000000     
           1
         656         173         436         148         152
  0.800000000000000       0.200000000000000        1.00000000000000     
  0.800000000000000       0.200000000000000       0.800000000000000     
   1.00000000000000       0.200000000000000       0.800000000000000     
   1.00000000000000       0.400000000000000       0.800000000000000     
           1
         657         174         436         173         152
  0.800000000000000       0.400000000000000        1.00000000000000     
  0.800000000000000       0.200000000000000       0.800000000000000     
  0.800000000000000       0.200000000000000        1.00000000000000     
   1.00000000000000       0.400000000000000       0.800000000000000     
           1
         658          38         152         174          37
   1.00000000000000       0.400000000000000        1.00000000000000     
   1.00000000000000       0.400000000000000       0.800000000000000     
  0.800000000000000       0.400000000000000        1.00000000000000     
   1.00000000000000       0.200000000000000        1.00000000000000     
           1
         659          37         173         148         152
   1.00000000000000       0.200000000000000        1.00000000000000     
  0.800000000000000       0.200000000000000        1.00000000000000     
   1.00000000000000       0.200000000000000       0.800000000000000     
   1.00000000000000       0.400000000000000       0.800000000000000     
           1
         660          37         174         173         152
   1.00000000000000       0.200000000000000        1.00000000000000     
  0.800000000000000       0.400000000000000        1.00000000000000     
  0.800000000000000       0.200000000000000        1.00000000000000     
   1.00000000000000       0.400000000000000       0.800000000000000     
           1
         661          35         207         441         206
   1.00000000000000       0.600000000000000       0.000000000000000E+000
  0.800000000000000       0.600000000000000       0.000000000000000E+000
  0.800000000000000       0.600000000000000       0.200000000000000     
  0.800000000000000       0.400000000000000       0.000000000000000E+000
           1
         662         437         206          34          35
  0.800000000000000       0.400000000000000       0.200000000000000     
  0.800000000000000       0.400000000000000       0.000000000000000E+000
   1.00000000000000       0.400000000000000       0.000000000000000E+000
   1.00000000000000       0.600000000000000       0.000000000000000E+000
           1
         663         441         206         437          35
  0.800000000000000       0.600000000000000       0.200000000000000     
  0.800000000000000       0.400000000000000       0.000000000000000E+000
  0.800000000000000       0.400000000000000       0.200000000000000     
   1.00000000000000       0.600000000000000       0.000000000000000E+000
           1
         664         153          35         441         149
   1.00000000000000       0.600000000000000       0.200000000000000     
   1.00000000000000       0.600000000000000       0.000000000000000E+000
  0.800000000000000       0.600000000000000       0.200000000000000     
   1.00000000000000       0.400000000000000       0.200000000000000     
           1
         665         149         437          34          35
   1.00000000000000       0.400000000000000       0.200000000000000     
  0.800000000000000       0.400000000000000       0.200000000000000     
   1.00000000000000       0.400000000000000       0.000000000000000E+000
   1.00000000000000       0.600000000000000       0.000000000000000E+000
           1
         666         149         441         437          35
   1.00000000000000       0.400000000000000       0.200000000000000     
  0.800000000000000       0.600000000000000       0.200000000000000     
  0.800000000000000       0.400000000000000       0.200000000000000     
   1.00000000000000       0.600000000000000       0.000000000000000E+000
           1
         667         153         441         442         437
   1.00000000000000       0.600000000000000       0.200000000000000     
  0.800000000000000       0.600000000000000       0.200000000000000     
  0.800000000000000       0.600000000000000       0.400000000000000     
  0.800000000000000       0.400000000000000       0.200000000000000     
           1
         668         438         437         149         153
  0.800000000000000       0.400000000000000       0.400000000000000     
  0.800000000000000       0.400000000000000       0.200000000000000     
   1.00000000000000       0.400000000000000       0.200000000000000     
   1.00000000000000       0.600000000000000       0.200000000000000     
           1
         669         442         437         438         153
  0.800000000000000       0.600000000000000       0.400000000000000     
  0.800000000000000       0.400000000000000       0.200000000000000     
  0.800000000000000       0.400000000000000       0.400000000000000     
   1.00000000000000       0.600000000000000       0.200000000000000     
           1
         670         154         153         442         150
   1.00000000000000       0.600000000000000       0.400000000000000     
   1.00000000000000       0.600000000000000       0.200000000000000     
  0.800000000000000       0.600000000000000       0.400000000000000     
   1.00000000000000       0.400000000000000       0.400000000000000     
           1
         671         150         438         149         153
   1.00000000000000       0.400000000000000       0.400000000000000     
  0.800000000000000       0.400000000000000       0.400000000000000     
   1.00000000000000       0.400000000000000       0.200000000000000     
   1.00000000000000       0.600000000000000       0.200000000000000     
           1
         672         150         442         438         153
   1.00000000000000       0.400000000000000       0.400000000000000     
  0.800000000000000       0.600000000000000       0.400000000000000     
  0.800000000000000       0.400000000000000       0.400000000000000     
   1.00000000000000       0.600000000000000       0.200000000000000     
           1
         673         154         442         443         438
   1.00000000000000       0.600000000000000       0.400000000000000     
  0.800000000000000       0.600000000000000       0.400000000000000     
  0.800000000000000       0.600000000000000       0.600000000000000     
  0.800000000000000       0.400000000000000       0.400000000000000     
           1
         674         439         438         150         154
  0.800000000000000       0.400000000000000       0.600000000000000     
  0.800000000000000       0.400000000000000       0.400000000000000     
   1.00000000000000       0.400000000000000       0.400000000000000     
   1.00000000000000       0.600000000000000       0.400000000000000     
           1
         675         443         438         439         154
  0.800000000000000       0.600000000000000       0.600000000000000     
  0.800000000000000       0.400000000000000       0.400000000000000     
  0.800000000000000       0.400000000000000       0.600000000000000     
   1.00000000000000       0.600000000000000       0.400000000000000     
           1
         676         155         154         443         151
   1.00000000000000       0.600000000000000       0.600000000000000     
   1.00000000000000       0.600000000000000       0.400000000000000     
  0.800000000000000       0.600000000000000       0.600000000000000     
   1.00000000000000       0.400000000000000       0.600000000000000     
           1
         677         151         439         150         154
   1.00000000000000       0.400000000000000       0.600000000000000     
  0.800000000000000       0.400000000000000       0.600000000000000     
   1.00000000000000       0.400000000000000       0.400000000000000     
   1.00000000000000       0.600000000000000       0.400000000000000     
           1
         678         151         443         439         154
   1.00000000000000       0.400000000000000       0.600000000000000     
  0.800000000000000       0.600000000000000       0.600000000000000     
  0.800000000000000       0.400000000000000       0.600000000000000     
   1.00000000000000       0.600000000000000       0.400000000000000     
           1
         679         155         443         444         439
   1.00000000000000       0.600000000000000       0.600000000000000     
  0.800000000000000       0.600000000000000       0.600000000000000     
  0.800000000000000       0.600000000000000       0.800000000000000     
  0.800000000000000       0.400000000000000       0.600000000000000     
           1
         680         440         439         151         155
  0.800000000000000       0.400000000000000       0.800000000000000     
  0.800000000000000       0.400000000000000       0.600000000000000     
   1.00000000000000       0.400000000000000       0.600000000000000     
   1.00000000000000       0.600000000000000       0.600000000000000     
           1
         681         444         439         440         155
  0.800000000000000       0.600000000000000       0.800000000000000     
  0.800000000000000       0.400000000000000       0.600000000000000     
  0.800000000000000       0.400000000000000       0.800000000000000     
   1.00000000000000       0.600000000000000       0.600000000000000     
           1
         682         156         155         444         152
   1.00000000000000       0.600000000000000       0.800000000000000     
   1.00000000000000       0.600000000000000       0.600000000000000     
  0.800000000000000       0.600000000000000       0.800000000000000     
   1.00000000000000       0.400000000000000       0.800000000000000     
           1
         683         152         440         151         155
   1.00000000000000       0.400000000000000       0.800000000000000     
  0.800000000000000       0.400000000000000       0.800000000000000     
   1.00000000000000       0.400000000000000       0.600000000000000     
   1.00000000000000       0.600000000000000       0.600000000000000     
           1
         684         152         444         440         155
   1.00000000000000       0.400000000000000       0.800000000000000     
  0.800000000000000       0.600000000000000       0.800000000000000     
  0.800000000000000       0.400000000000000       0.800000000000000     
   1.00000000000000       0.600000000000000       0.600000000000000     
           1
         685         156         444         175         440
   1.00000000000000       0.600000000000000       0.800000000000000     
  0.800000000000000       0.600000000000000       0.800000000000000     
  0.800000000000000       0.600000000000000        1.00000000000000     
  0.800000000000000       0.400000000000000       0.800000000000000     
           1
         686         174         440         152         156
  0.800000000000000       0.400000000000000        1.00000000000000     
  0.800000000000000       0.400000000000000       0.800000000000000     
   1.00000000000000       0.400000000000000       0.800000000000000     
   1.00000000000000       0.600000000000000       0.800000000000000     
           1
         687         175         440         174         156
  0.800000000000000       0.600000000000000        1.00000000000000     
  0.800000000000000       0.400000000000000       0.800000000000000     
  0.800000000000000       0.400000000000000        1.00000000000000     
   1.00000000000000       0.600000000000000       0.800000000000000     
           1
         688          39         156         175          38
   1.00000000000000       0.600000000000000        1.00000000000000     
   1.00000000000000       0.600000000000000       0.800000000000000     
  0.800000000000000       0.600000000000000        1.00000000000000     
   1.00000000000000       0.400000000000000        1.00000000000000     
           1
         689          38         174         152         156
   1.00000000000000       0.400000000000000        1.00000000000000     
  0.800000000000000       0.400000000000000        1.00000000000000     
   1.00000000000000       0.400000000000000       0.800000000000000     
   1.00000000000000       0.600000000000000       0.800000000000000     
           1
         690          38         175         174         156
   1.00000000000000       0.400000000000000        1.00000000000000     
  0.800000000000000       0.600000000000000        1.00000000000000     
  0.800000000000000       0.400000000000000        1.00000000000000     
   1.00000000000000       0.600000000000000       0.800000000000000     
           1
         691          36         208         445         207
   1.00000000000000       0.800000000000000       0.000000000000000E+000
  0.800000000000000       0.800000000000000       0.000000000000000E+000
  0.800000000000000       0.800000000000000       0.200000000000000     
  0.800000000000000       0.600000000000000       0.000000000000000E+000
           1
         692         441         207          35          36
  0.800000000000000       0.600000000000000       0.200000000000000     
  0.800000000000000       0.600000000000000       0.000000000000000E+000
   1.00000000000000       0.600000000000000       0.000000000000000E+000
   1.00000000000000       0.800000000000000       0.000000000000000E+000
           1
         693         445         207         441          36
  0.800000000000000       0.800000000000000       0.200000000000000     
  0.800000000000000       0.600000000000000       0.000000000000000E+000
  0.800000000000000       0.600000000000000       0.200000000000000     
   1.00000000000000       0.800000000000000       0.000000000000000E+000
           1
         694         157          36         445         153
   1.00000000000000       0.800000000000000       0.200000000000000     
   1.00000000000000       0.800000000000000       0.000000000000000E+000
  0.800000000000000       0.800000000000000       0.200000000000000     
   1.00000000000000       0.600000000000000       0.200000000000000     
           1
         695         153         441          35          36
   1.00000000000000       0.600000000000000       0.200000000000000     
  0.800000000000000       0.600000000000000       0.200000000000000     
   1.00000000000000       0.600000000000000       0.000000000000000E+000
   1.00000000000000       0.800000000000000       0.000000000000000E+000
           1
         696         153         445         441          36
   1.00000000000000       0.600000000000000       0.200000000000000     
  0.800000000000000       0.800000000000000       0.200000000000000     
  0.800000000000000       0.600000000000000       0.200000000000000     
   1.00000000000000       0.800000000000000       0.000000000000000E+000
           1
         697         157         445         446         441
   1.00000000000000       0.800000000000000       0.200000000000000     
  0.800000000000000       0.800000000000000       0.200000000000000     
  0.800000000000000       0.800000000000000       0.400000000000000     
  0.800000000000000       0.600000000000000       0.200000000000000     
           1
         698         442         441         153         157
  0.800000000000000       0.600000000000000       0.400000000000000     
  0.800000000000000       0.600000000000000       0.200000000000000     
   1.00000000000000       0.600000000000000       0.200000000000000     
   1.00000000000000       0.800000000000000       0.200000000000000     
           1
         699         446         441         442         157
  0.800000000000000       0.800000000000000       0.400000000000000     
  0.800000000000000       0.600000000000000       0.200000000000000     
  0.800000000000000       0.600000000000000       0.400000000000000     
   1.00000000000000       0.800000000000000       0.200000000000000     
           1
         700         158         157         446         154
   1.00000000000000       0.800000000000000       0.400000000000000     
   1.00000000000000       0.800000000000000       0.200000000000000     
  0.800000000000000       0.800000000000000       0.400000000000000     
   1.00000000000000       0.600000000000000       0.400000000000000     
           1
         701         154         442         153         157
   1.00000000000000       0.600000000000000       0.400000000000000     
  0.800000000000000       0.600000000000000       0.400000000000000     
   1.00000000000000       0.600000000000000       0.200000000000000     
   1.00000000000000       0.800000000000000       0.200000000000000     
           1
         702         154         446         442         157
   1.00000000000000       0.600000000000000       0.400000000000000     
  0.800000000000000       0.800000000000000       0.400000000000000     
  0.800000000000000       0.600000000000000       0.400000000000000     
   1.00000000000000       0.800000000000000       0.200000000000000     
           1
         703         158         446         447         442
   1.00000000000000       0.800000000000000       0.400000000000000     
  0.800000000000000       0.800000000000000       0.400000000000000     
  0.800000000000000       0.800000000000000       0.600000000000000     
  0.800000000000000       0.600000000000000       0.400000000000000     
           1
         704         443         442         154         158
  0.800000000000000       0.600000000000000       0.600000000000000     
  0.800000000000000       0.600000000000000       0.400000000000000     
   1.00000000000000       0.600000000000000       0.400000000000000     
   1.00000000000000       0.800000000000000       0.400000000000000     
           1
         705         447         442         443         158
  0.800000000000000       0.800000000000000       0.600000000000000     
  0.800000000000000       0.600000000000000       0.400000000000000     
  0.800000000000000       0.600000000000000       0.600000000000000     
   1.00000000000000       0.800000000000000       0.400000000000000     
           1
         706         159         158         447         155
   1.00000000000000       0.800000000000000       0.600000000000000     
   1.00000000000000       0.800000000000000       0.400000000000000     
  0.800000000000000       0.800000000000000       0.600000000000000     
   1.00000000000000       0.600000000000000       0.600000000000000     
           1
         707         155         443         154         158
   1.00000000000000       0.600000000000000       0.600000000000000     
  0.800000000000000       0.600000000000000       0.600000000000000     
   1.00000000000000       0.600000000000000       0.400000000000000     
   1.00000000000000       0.800000000000000       0.400000000000000     
           1
         708         155         447         443         158
   1.00000000000000       0.600000000000000       0.600000000000000     
  0.800000000000000       0.800000000000000       0.600000000000000     
  0.800000000000000       0.600000000000000       0.600000000000000     
   1.00000000000000       0.800000000000000       0.400000000000000     
           1
         709         159         447         448         443
   1.00000000000000       0.800000000000000       0.600000000000000     
  0.800000000000000       0.800000000000000       0.600000000000000     
  0.800000000000000       0.800000000000000       0.800000000000000     
  0.800000000000000       0.600000000000000       0.600000000000000     
           1
         710         444         443         155         159
  0.800000000000000       0.600000000000000       0.800000000000000     
  0.800000000000000       0.600000000000000       0.600000000000000     
   1.00000000000000       0.600000000000000       0.600000000000000     
   1.00000000000000       0.800000000000000       0.600000000000000     
           1
         711         448         443         444         159
  0.800000000000000       0.800000000000000       0.800000000000000     
  0.800000000000000       0.600000000000000       0.600000000000000     
  0.800000000000000       0.600000000000000       0.800000000000000     
   1.00000000000000       0.800000000000000       0.600000000000000     
           1
         712         160         159         448         156
   1.00000000000000       0.800000000000000       0.800000000000000     
   1.00000000000000       0.800000000000000       0.600000000000000     
  0.800000000000000       0.800000000000000       0.800000000000000     
   1.00000000000000       0.600000000000000       0.800000000000000     
           1
         713         156         444         155         159
   1.00000000000000       0.600000000000000       0.800000000000000     
  0.800000000000000       0.600000000000000       0.800000000000000     
   1.00000000000000       0.600000000000000       0.600000000000000     
   1.00000000000000       0.800000000000000       0.600000000000000     
           1
         714         156         448         444         159
   1.00000000000000       0.600000000000000       0.800000000000000     
  0.800000000000000       0.800000000000000       0.800000000000000     
  0.800000000000000       0.600000000000000       0.800000000000000     
   1.00000000000000       0.800000000000000       0.600000000000000     
           1
         715         160         448         176         444
   1.00000000000000       0.800000000000000       0.800000000000000     
  0.800000000000000       0.800000000000000       0.800000000000000     
  0.800000000000000       0.800000000000000        1.00000000000000     
  0.800000000000000       0.600000000000000       0.800000000000000     
           1
         716         175         444         156         160
  0.800000000000000       0.600000000000000        1.00000000000000     
  0.800000000000000       0.600000000000000       0.800000000000000     
   1.00000000000000       0.600000000000000       0.800000000000000     
   1.00000000000000       0.800000000000000       0.800000000000000     
           1
         717         176         444         175         160
  0.800000000000000       0.800000000000000        1.00000000000000     
  0.800000000000000       0.600000000000000       0.800000000000000     
  0.800000000000000       0.600000000000000        1.00000000000000     
   1.00000000000000       0.800000000000000       0.800000000000000     
           1
         718          40         160         176          39
   1.00000000000000       0.800000000000000        1.00000000000000     
   1.00000000000000       0.800000000000000       0.800000000000000     
  0.800000000000000       0.800000000000000        1.00000000000000     
   1.00000000000000       0.600000000000000        1.00000000000000     
           1
         719          39         175         156         160
   1.00000000000000       0.600000000000000        1.00000000000000     
  0.800000000000000       0.600000000000000        1.00000000000000     
   1.00000000000000       0.600000000000000       0.800000000000000     
   1.00000000000000       0.800000000000000       0.800000000000000     
           1
         720          39         176         175         160
   1.00000000000000       0.600000000000000        1.00000000000000     
  0.800000000000000       0.800000000000000        1.00000000000000     
  0.800000000000000       0.600000000000000        1.00000000000000     
   1.00000000000000       0.800000000000000       0.800000000000000     
           1
         721           4          52         212         208
   1.00000000000000        1.00000000000000       0.000000000000000E+000
  0.800000000000000        1.00000000000000       0.000000000000000E+000
  0.800000000000000        1.00000000000000       0.200000000000000     
  0.800000000000000       0.800000000000000       0.000000000000000E+000
           1
         722         445         208          36           4
  0.800000000000000       0.800000000000000       0.200000000000000     
  0.800000000000000       0.800000000000000       0.000000000000000E+000
   1.00000000000000       0.800000000000000       0.000000000000000E+000
   1.00000000000000        1.00000000000000       0.000000000000000E+000
           1
         723         212         208         445           4
  0.800000000000000        1.00000000000000       0.200000000000000     
  0.800000000000000       0.800000000000000       0.000000000000000E+000
  0.800000000000000       0.800000000000000       0.200000000000000     
   1.00000000000000        1.00000000000000       0.000000000000000E+000
           1
         724          53           4         212         157
   1.00000000000000        1.00000000000000       0.200000000000000     
   1.00000000000000        1.00000000000000       0.000000000000000E+000
  0.800000000000000        1.00000000000000       0.200000000000000     
   1.00000000000000       0.800000000000000       0.200000000000000     
           1
         725         157         445          36           4
   1.00000000000000       0.800000000000000       0.200000000000000     
  0.800000000000000       0.800000000000000       0.200000000000000     
   1.00000000000000       0.800000000000000       0.000000000000000E+000
   1.00000000000000        1.00000000000000       0.000000000000000E+000
           1
         726         157         212         445           4
   1.00000000000000       0.800000000000000       0.200000000000000     
  0.800000000000000        1.00000000000000       0.200000000000000     
  0.800000000000000       0.800000000000000       0.200000000000000     
   1.00000000000000        1.00000000000000       0.000000000000000E+000
           1
         727          53         212         216         445
   1.00000000000000        1.00000000000000       0.200000000000000     
  0.800000000000000        1.00000000000000       0.200000000000000     
  0.800000000000000        1.00000000000000       0.400000000000000     
  0.800000000000000       0.800000000000000       0.200000000000000     
           1
         728         446         445         157          53
  0.800000000000000       0.800000000000000       0.400000000000000     
  0.800000000000000       0.800000000000000       0.200000000000000     
   1.00000000000000       0.800000000000000       0.200000000000000     
   1.00000000000000        1.00000000000000       0.200000000000000     
           1
         729         216         445         446          53
  0.800000000000000        1.00000000000000       0.400000000000000     
  0.800000000000000       0.800000000000000       0.200000000000000     
  0.800000000000000       0.800000000000000       0.400000000000000     
   1.00000000000000        1.00000000000000       0.200000000000000     
           1
         730          54          53         216         158
   1.00000000000000        1.00000000000000       0.400000000000000     
   1.00000000000000        1.00000000000000       0.200000000000000     
  0.800000000000000        1.00000000000000       0.400000000000000     
   1.00000000000000       0.800000000000000       0.400000000000000     
           1
         731         158         446         157          53
   1.00000000000000       0.800000000000000       0.400000000000000     
  0.800000000000000       0.800000000000000       0.400000000000000     
   1.00000000000000       0.800000000000000       0.200000000000000     
   1.00000000000000        1.00000000000000       0.200000000000000     
           1
         732         158         216         446          53
   1.00000000000000       0.800000000000000       0.400000000000000     
  0.800000000000000        1.00000000000000       0.400000000000000     
  0.800000000000000       0.800000000000000       0.400000000000000     
   1.00000000000000        1.00000000000000       0.200000000000000     
           1
         733          54         216         220         446
   1.00000000000000        1.00000000000000       0.400000000000000     
  0.800000000000000        1.00000000000000       0.400000000000000     
  0.800000000000000        1.00000000000000       0.600000000000000     
  0.800000000000000       0.800000000000000       0.400000000000000     
           1
         734         447         446         158          54
  0.800000000000000       0.800000000000000       0.600000000000000     
  0.800000000000000       0.800000000000000       0.400000000000000     
   1.00000000000000       0.800000000000000       0.400000000000000     
   1.00000000000000        1.00000000000000       0.400000000000000     
           1
         735         220         446         447          54
  0.800000000000000        1.00000000000000       0.600000000000000     
  0.800000000000000       0.800000000000000       0.400000000000000     
  0.800000000000000       0.800000000000000       0.600000000000000     
   1.00000000000000        1.00000000000000       0.400000000000000     
           1
         736          55          54         220         159
   1.00000000000000        1.00000000000000       0.600000000000000     
   1.00000000000000        1.00000000000000       0.400000000000000     
  0.800000000000000        1.00000000000000       0.600000000000000     
   1.00000000000000       0.800000000000000       0.600000000000000     
           1
         737         159         447         158          54
   1.00000000000000       0.800000000000000       0.600000000000000     
  0.800000000000000       0.800000000000000       0.600000000000000     
   1.00000000000000       0.800000000000000       0.400000000000000     
   1.00000000000000        1.00000000000000       0.400000000000000     
           1
         738         159         220         447          54
   1.00000000000000       0.800000000000000       0.600000000000000     
  0.800000000000000        1.00000000000000       0.600000000000000     
  0.800000000000000       0.800000000000000       0.600000000000000     
   1.00000000000000        1.00000000000000       0.400000000000000     
           1
         739          55         220         224         447
   1.00000000000000        1.00000000000000       0.600000000000000     
  0.800000000000000        1.00000000000000       0.600000000000000     
  0.800000000000000        1.00000000000000       0.800000000000000     
  0.800000000000000       0.800000000000000       0.600000000000000     
           1
         740         448         447         159          55
  0.800000000000000       0.800000000000000       0.800000000000000     
  0.800000000000000       0.800000000000000       0.600000000000000     
   1.00000000000000       0.800000000000000       0.600000000000000     
   1.00000000000000        1.00000000000000       0.600000000000000     
           1
         741         224         447         448          55
  0.800000000000000        1.00000000000000       0.800000000000000     
  0.800000000000000       0.800000000000000       0.600000000000000     
  0.800000000000000       0.800000000000000       0.800000000000000     
   1.00000000000000        1.00000000000000       0.600000000000000     
           1
         742          56          55         224         160
   1.00000000000000        1.00000000000000       0.800000000000000     
   1.00000000000000        1.00000000000000       0.600000000000000     
  0.800000000000000        1.00000000000000       0.800000000000000     
   1.00000000000000       0.800000000000000       0.800000000000000     
           1
         743         160         448         159          55
   1.00000000000000       0.800000000000000       0.800000000000000     
  0.800000000000000       0.800000000000000       0.800000000000000     
   1.00000000000000       0.800000000000000       0.600000000000000     
   1.00000000000000        1.00000000000000       0.600000000000000     
           1
         744         160         224         448          55
   1.00000000000000       0.800000000000000       0.800000000000000     
  0.800000000000000        1.00000000000000       0.800000000000000     
  0.800000000000000       0.800000000000000       0.800000000000000     
   1.00000000000000        1.00000000000000       0.600000000000000     
           1
         745          56         224          60         448
   1.00000000000000        1.00000000000000       0.800000000000000     
  0.800000000000000        1.00000000000000       0.800000000000000     
  0.800000000000000        1.00000000000000        1.00000000000000     
  0.800000000000000       0.800000000000000       0.800000000000000     
           1
         746         176         448         160          56
  0.800000000000000       0.800000000000000        1.00000000000000     
  0.800000000000000       0.800000000000000       0.800000000000000     
   1.00000000000000       0.800000000000000       0.800000000000000     
   1.00000000000000        1.00000000000000       0.800000000000000     
           1
         747          60         448         176          56
  0.800000000000000        1.00000000000000        1.00000000000000     
  0.800000000000000       0.800000000000000       0.800000000000000     
  0.800000000000000       0.800000000000000        1.00000000000000     
   1.00000000000000        1.00000000000000       0.800000000000000     
           1
         748           8          56          60          40
   1.00000000000000        1.00000000000000        1.00000000000000     
   1.00000000000000        1.00000000000000       0.800000000000000     
  0.800000000000000        1.00000000000000        1.00000000000000     
   1.00000000000000       0.800000000000000        1.00000000000000     
           1
         749          40         176         160          56
   1.00000000000000       0.800000000000000        1.00000000000000     
  0.800000000000000       0.800000000000000        1.00000000000000     
   1.00000000000000       0.800000000000000       0.800000000000000     
   1.00000000000000        1.00000000000000       0.800000000000000     
           1
         750          40          60         176          56
   1.00000000000000       0.800000000000000        1.00000000000000     
  0.800000000000000        1.00000000000000        1.00000000000000     
  0.800000000000000       0.800000000000000        1.00000000000000     
   1.00000000000000        1.00000000000000       0.800000000000000     
           1
         751         161          41         273           5
  0.200000000000000       0.200000000000000        1.00000000000000     
  0.000000000000000E+000  0.200000000000000        1.00000000000000     
  0.000000000000000E+000  0.200000000000000        1.20000000000000     
  0.000000000000000E+000  0.000000000000000E+000   1.00000000000000     
           1
         752          73           5          25         161
  0.000000000000000E+000  0.000000000000000E+000   1.20000000000000     
  0.000000000000000E+000  0.000000000000000E+000   1.00000000000000     
  0.200000000000000       0.000000000000000E+000   1.00000000000000     
  0.200000000000000       0.200000000000000        1.00000000000000     
           1
         753         273           5          73         161
  0.000000000000000E+000  0.200000000000000        1.20000000000000     
  0.000000000000000E+000  0.000000000000000E+000   1.00000000000000     
  0.000000000000000E+000  0.000000000000000E+000   1.20000000000000     
  0.200000000000000       0.200000000000000        1.00000000000000     
           1
         754         449         161         273         225
  0.200000000000000       0.200000000000000        1.20000000000000     
  0.200000000000000       0.200000000000000        1.00000000000000     
  0.000000000000000E+000  0.200000000000000        1.20000000000000     
  0.200000000000000       0.000000000000000E+000   1.20000000000000     
           1
         755         225          73          25         161
  0.200000000000000       0.000000000000000E+000   1.20000000000000     
  0.000000000000000E+000  0.000000000000000E+000   1.20000000000000     
  0.200000000000000       0.000000000000000E+000   1.00000000000000     
  0.200000000000000       0.200000000000000        1.00000000000000     
           1
         756         225         273          73         161
  0.200000000000000       0.000000000000000E+000   1.20000000000000     
  0.000000000000000E+000  0.200000000000000        1.20000000000000     
  0.000000000000000E+000  0.000000000000000E+000   1.20000000000000     
  0.200000000000000       0.200000000000000        1.00000000000000     
           1
         757         449         273         274          73
  0.200000000000000       0.200000000000000        1.20000000000000     
  0.000000000000000E+000  0.200000000000000        1.20000000000000     
  0.000000000000000E+000  0.200000000000000        1.40000000000000     
  0.000000000000000E+000  0.000000000000000E+000   1.20000000000000     
           1
         758          74          73         225         449
  0.000000000000000E+000  0.000000000000000E+000   1.40000000000000     
  0.000000000000000E+000  0.000000000000000E+000   1.20000000000000     
  0.200000000000000       0.000000000000000E+000   1.20000000000000     
  0.200000000000000       0.200000000000000        1.20000000000000     
           1
         759         274          73          74         449
  0.000000000000000E+000  0.200000000000000        1.40000000000000     
  0.000000000000000E+000  0.000000000000000E+000   1.20000000000000     
  0.000000000000000E+000  0.000000000000000E+000   1.40000000000000     
  0.200000000000000       0.200000000000000        1.20000000000000     
           1
         760         450         449         274         229
  0.200000000000000       0.200000000000000        1.40000000000000     
  0.200000000000000       0.200000000000000        1.20000000000000     
  0.000000000000000E+000  0.200000000000000        1.40000000000000     
  0.200000000000000       0.000000000000000E+000   1.40000000000000     
           1
         761         229          74         225         449
  0.200000000000000       0.000000000000000E+000   1.40000000000000     
  0.000000000000000E+000  0.000000000000000E+000   1.40000000000000     
  0.200000000000000       0.000000000000000E+000   1.20000000000000     
  0.200000000000000       0.200000000000000        1.20000000000000     
           1
         762         229         274          74         449
  0.200000000000000       0.000000000000000E+000   1.40000000000000     
  0.000000000000000E+000  0.200000000000000        1.40000000000000     
  0.000000000000000E+000  0.000000000000000E+000   1.40000000000000     
  0.200000000000000       0.200000000000000        1.20000000000000     
           1
         763         450         274         275          74
  0.200000000000000       0.200000000000000        1.40000000000000     
  0.000000000000000E+000  0.200000000000000        1.40000000000000     
  0.000000000000000E+000  0.200000000000000        1.60000000000000     
  0.000000000000000E+000  0.000000000000000E+000   1.40000000000000     
           1
         764          75          74         229         450
  0.000000000000000E+000  0.000000000000000E+000   1.60000000000000     
  0.000000000000000E+000  0.000000000000000E+000   1.40000000000000     
  0.200000000000000       0.000000000000000E+000   1.40000000000000     
  0.200000000000000       0.200000000000000        1.40000000000000     
           1
         765         275          74          75         450
  0.000000000000000E+000  0.200000000000000        1.60000000000000     
  0.000000000000000E+000  0.000000000000000E+000   1.40000000000000     
  0.000000000000000E+000  0.000000000000000E+000   1.60000000000000     
  0.200000000000000       0.200000000000000        1.40000000000000     
           1
         766         451         450         275         233
  0.200000000000000       0.200000000000000        1.60000000000000     
  0.200000000000000       0.200000000000000        1.40000000000000     
  0.000000000000000E+000  0.200000000000000        1.60000000000000     
  0.200000000000000       0.000000000000000E+000   1.60000000000000     
           1
         767         233          75         229         450
  0.200000000000000       0.000000000000000E+000   1.60000000000000     
  0.000000000000000E+000  0.000000000000000E+000   1.60000000000000     
  0.200000000000000       0.000000000000000E+000   1.40000000000000     
  0.200000000000000       0.200000000000000        1.40000000000000     
           1
         768         233         275          75         450
  0.200000000000000       0.000000000000000E+000   1.60000000000000     
  0.000000000000000E+000  0.200000000000000        1.60000000000000     
  0.000000000000000E+000  0.000000000000000E+000   1.60000000000000     
  0.200000000000000       0.200000000000000        1.40000000000000     
           1
         769         451         275         276          75
  0.200000000000000       0.200000000000000        1.60000000000000     
  0.000000000000000E+000  0.200000000000000        1.60000000000000     
  0.000000000000000E+000  0.200000000000000        1.80000000000000     
  0.000000000000000E+000  0.000000000000000E+000   1.60000000000000     
           1
         770          76          75         233         451
  0.000000000000000E+000  0.000000000000000E+000   1.80000000000000     
  0.000000000000000E+000  0.000000000000000E+000   1.60000000000000     
  0.200000000000000       0.000000000000000E+000   1.60000000000000     
  0.200000000000000       0.200000000000000        1.60000000000000     
           1
         771         276          75          76         451
  0.000000000000000E+000  0.200000000000000        1.80000000000000     
  0.000000000000000E+000  0.000000000000000E+000   1.60000000000000     
  0.000000000000000E+000  0.000000000000000E+000   1.80000000000000     
  0.200000000000000       0.200000000000000        1.60000000000000     
           1
         772         452         451         276         237
  0.200000000000000       0.200000000000000        1.80000000000000     
  0.200000000000000       0.200000000000000        1.60000000000000     
  0.000000000000000E+000  0.200000000000000        1.80000000000000     
  0.200000000000000       0.000000000000000E+000   1.80000000000000     
           1
         773         237          76         233         451
  0.200000000000000       0.000000000000000E+000   1.80000000000000     
  0.000000000000000E+000  0.000000000000000E+000   1.80000000000000     
  0.200000000000000       0.000000000000000E+000   1.60000000000000     
  0.200000000000000       0.200000000000000        1.60000000000000     
           1
         774         237         276          76         451
  0.200000000000000       0.000000000000000E+000   1.80000000000000     
  0.000000000000000E+000  0.200000000000000        1.80000000000000     
  0.000000000000000E+000  0.000000000000000E+000   1.80000000000000     
  0.200000000000000       0.200000000000000        1.60000000000000     
           1
         775         452         276          81          76
  0.200000000000000       0.200000000000000        1.80000000000000     
  0.000000000000000E+000  0.200000000000000        1.80000000000000     
  0.000000000000000E+000  0.200000000000000        2.00000000000000     
  0.000000000000000E+000  0.000000000000000E+000   1.80000000000000     
           1
         776           9          76         237         452
  0.000000000000000E+000  0.000000000000000E+000   2.00000000000000     
  0.000000000000000E+000  0.000000000000000E+000   1.80000000000000     
  0.200000000000000       0.000000000000000E+000   1.80000000000000     
  0.200000000000000       0.200000000000000        1.80000000000000     
           1
         777          81          76           9         452
  0.000000000000000E+000  0.200000000000000        2.00000000000000     
  0.000000000000000E+000  0.000000000000000E+000   1.80000000000000     
  0.000000000000000E+000  0.000000000000000E+000   2.00000000000000     
  0.200000000000000       0.200000000000000        1.80000000000000     
           1
         778         257         452          81          69
  0.200000000000000       0.200000000000000        2.00000000000000     
  0.200000000000000       0.200000000000000        1.80000000000000     
  0.000000000000000E+000  0.200000000000000        2.00000000000000     
  0.200000000000000       0.000000000000000E+000   2.00000000000000     
           1
         779          69           9         237         452
  0.200000000000000       0.000000000000000E+000   2.00000000000000     
  0.000000000000000E+000  0.000000000000000E+000   2.00000000000000     
  0.200000000000000       0.000000000000000E+000   1.80000000000000     
  0.200000000000000       0.200000000000000        1.80000000000000     
           1
         780          69          81           9         452
  0.200000000000000       0.000000000000000E+000   2.00000000000000     
  0.000000000000000E+000  0.200000000000000        2.00000000000000     
  0.000000000000000E+000  0.000000000000000E+000   2.00000000000000     
  0.200000000000000       0.200000000000000        1.80000000000000     
           1
         781         162          42         277          41
  0.200000000000000       0.400000000000000        1.00000000000000     
  0.000000000000000E+000  0.400000000000000        1.00000000000000     
  0.000000000000000E+000  0.400000000000000        1.20000000000000     
  0.000000000000000E+000  0.200000000000000        1.00000000000000     
           1
         782         273          41         161         162
  0.000000000000000E+000  0.200000000000000        1.20000000000000     
  0.000000000000000E+000  0.200000000000000        1.00000000000000     
  0.200000000000000       0.200000000000000        1.00000000000000     
  0.200000000000000       0.400000000000000        1.00000000000000     
           1
         783         277          41         273         162
  0.000000000000000E+000  0.400000000000000        1.20000000000000     
  0.000000000000000E+000  0.200000000000000        1.00000000000000     
  0.000000000000000E+000  0.200000000000000        1.20000000000000     
  0.200000000000000       0.400000000000000        1.00000000000000     
           1
         784         453         162         277         449
  0.200000000000000       0.400000000000000        1.20000000000000     
  0.200000000000000       0.400000000000000        1.00000000000000     
  0.000000000000000E+000  0.400000000000000        1.20000000000000     
  0.200000000000000       0.200000000000000        1.20000000000000     
           1
         785         449         273         161         162
  0.200000000000000       0.200000000000000        1.20000000000000     
  0.000000000000000E+000  0.200000000000000        1.20000000000000     
  0.200000000000000       0.200000000000000        1.00000000000000     
  0.200000000000000       0.400000000000000        1.00000000000000     
           1
         786         449         277         273         162
  0.200000000000000       0.200000000000000        1.20000000000000     
  0.000000000000000E+000  0.400000000000000        1.20000000000000     
  0.000000000000000E+000  0.200000000000000        1.20000000000000     
  0.200000000000000       0.400000000000000        1.00000000000000     
           1
         787         453         277         278         273
  0.200000000000000       0.400000000000000        1.20000000000000     
  0.000000000000000E+000  0.400000000000000        1.20000000000000     
  0.000000000000000E+000  0.400000000000000        1.40000000000000     
  0.000000000000000E+000  0.200000000000000        1.20000000000000     
           1
         788         274         273         449         453
  0.000000000000000E+000  0.200000000000000        1.40000000000000     
  0.000000000000000E+000  0.200000000000000        1.20000000000000     
  0.200000000000000       0.200000000000000        1.20000000000000     
  0.200000000000000       0.400000000000000        1.20000000000000     
           1
         789         278         273         274         453
  0.000000000000000E+000  0.400000000000000        1.40000000000000     
  0.000000000000000E+000  0.200000000000000        1.20000000000000     
  0.000000000000000E+000  0.200000000000000        1.40000000000000     
  0.200000000000000       0.400000000000000        1.20000000000000     
           1
         790         454         453         278         450
  0.200000000000000       0.400000000000000        1.40000000000000     
  0.200000000000000       0.400000000000000        1.20000000000000     
  0.000000000000000E+000  0.400000000000000        1.40000000000000     
  0.200000000000000       0.200000000000000        1.40000000000000     
           1
         791         450         274         449         453
  0.200000000000000       0.200000000000000        1.40000000000000     
  0.000000000000000E+000  0.200000000000000        1.40000000000000     
  0.200000000000000       0.200000000000000        1.20000000000000     
  0.200000000000000       0.400000000000000        1.20000000000000     
           1
         792         450         278         274         453
  0.200000000000000       0.200000000000000        1.40000000000000     
  0.000000000000000E+000  0.400000000000000        1.40000000000000     
  0.000000000000000E+000  0.200000000000000        1.40000000000000     
  0.200000000000000       0.400000000000000        1.20000000000000     
           1
         793         454         278         279         274
  0.200000000000000       0.400000000000000        1.40000000000000     
  0.000000000000000E+000  0.400000000000000        1.40000000000000     
  0.000000000000000E+000  0.400000000000000        1.60000000000000     
  0.000000000000000E+000  0.200000000000000        1.40000000000000     
           1
         794         275         274         450         454
  0.000000000000000E+000  0.200000000000000        1.60000000000000     
  0.000000000000000E+000  0.200000000000000        1.40000000000000     
  0.200000000000000       0.200000000000000        1.40000000000000     
  0.200000000000000       0.400000000000000        1.40000000000000     
           1
         795         279         274         275         454
  0.000000000000000E+000  0.400000000000000        1.60000000000000     
  0.000000000000000E+000  0.200000000000000        1.40000000000000     
  0.000000000000000E+000  0.200000000000000        1.60000000000000     
  0.200000000000000       0.400000000000000        1.40000000000000     
           1
         796         455         454         279         451
  0.200000000000000       0.400000000000000        1.60000000000000     
  0.200000000000000       0.400000000000000        1.40000000000000     
  0.000000000000000E+000  0.400000000000000        1.60000000000000     
  0.200000000000000       0.200000000000000        1.60000000000000     
           1
         797         451         275         450         454
  0.200000000000000       0.200000000000000        1.60000000000000     
  0.000000000000000E+000  0.200000000000000        1.60000000000000     
  0.200000000000000       0.200000000000000        1.40000000000000     
  0.200000000000000       0.400000000000000        1.40000000000000     
           1
         798         451         279         275         454
  0.200000000000000       0.200000000000000        1.60000000000000     
  0.000000000000000E+000  0.400000000000000        1.60000000000000     
  0.000000000000000E+000  0.200000000000000        1.60000000000000     
  0.200000000000000       0.400000000000000        1.40000000000000     
           1
         799         455         279         280         275
  0.200000000000000       0.400000000000000        1.60000000000000     
  0.000000000000000E+000  0.400000000000000        1.60000000000000     
  0.000000000000000E+000  0.400000000000000        1.80000000000000     
  0.000000000000000E+000  0.200000000000000        1.60000000000000     
           1
         800         276         275         451         455
  0.000000000000000E+000  0.200000000000000        1.80000000000000     
  0.000000000000000E+000  0.200000000000000        1.60000000000000     
  0.200000000000000       0.200000000000000        1.60000000000000     
  0.200000000000000       0.400000000000000        1.60000000000000     
           1
         801         280         275         276         455
  0.000000000000000E+000  0.400000000000000        1.80000000000000     
  0.000000000000000E+000  0.200000000000000        1.60000000000000     
  0.000000000000000E+000  0.200000000000000        1.80000000000000     
  0.200000000000000       0.400000000000000        1.60000000000000     
           1
         802         456         455         280         452
  0.200000000000000       0.400000000000000        1.80000000000000     
  0.200000000000000       0.400000000000000        1.60000000000000     
  0.000000000000000E+000  0.400000000000000        1.80000000000000     
  0.200000000000000       0.200000000000000        1.80000000000000     
           1
         803         452         276         451         455
  0.200000000000000       0.200000000000000        1.80000000000000     
  0.000000000000000E+000  0.200000000000000        1.80000000000000     
  0.200000000000000       0.200000000000000        1.60000000000000     
  0.200000000000000       0.400000000000000        1.60000000000000     
           1
         804         452         280         276         455
  0.200000000000000       0.200000000000000        1.80000000000000     
  0.000000000000000E+000  0.400000000000000        1.80000000000000     
  0.000000000000000E+000  0.200000000000000        1.80000000000000     
  0.200000000000000       0.400000000000000        1.60000000000000     
           1
         805         456         280          82         276
  0.200000000000000       0.400000000000000        1.80000000000000     
  0.000000000000000E+000  0.400000000000000        1.80000000000000     
  0.000000000000000E+000  0.400000000000000        2.00000000000000     
  0.000000000000000E+000  0.200000000000000        1.80000000000000     
           1
         806          81         276         452         456
  0.000000000000000E+000  0.200000000000000        2.00000000000000     
  0.000000000000000E+000  0.200000000000000        1.80000000000000     
  0.200000000000000       0.200000000000000        1.80000000000000     
  0.200000000000000       0.400000000000000        1.80000000000000     
           1
         807          82         276          81         456
  0.000000000000000E+000  0.400000000000000        2.00000000000000     
  0.000000000000000E+000  0.200000000000000        1.80000000000000     
  0.000000000000000E+000  0.200000000000000        2.00000000000000     
  0.200000000000000       0.400000000000000        1.80000000000000     
           1
         808         258         456          82         257
  0.200000000000000       0.400000000000000        2.00000000000000     
  0.200000000000000       0.400000000000000        1.80000000000000     
  0.000000000000000E+000  0.400000000000000        2.00000000000000     
  0.200000000000000       0.200000000000000        2.00000000000000     
           1
         809         257          81         452         456
  0.200000000000000       0.200000000000000        2.00000000000000     
  0.000000000000000E+000  0.200000000000000        2.00000000000000     
  0.200000000000000       0.200000000000000        1.80000000000000     
  0.200000000000000       0.400000000000000        1.80000000000000     
           1
         810         257          82          81         456
  0.200000000000000       0.200000000000000        2.00000000000000     
  0.000000000000000E+000  0.400000000000000        2.00000000000000     
  0.000000000000000E+000  0.200000000000000        2.00000000000000     
  0.200000000000000       0.400000000000000        1.80000000000000     
           1
         811         163          43         281          42
  0.200000000000000       0.600000000000000        1.00000000000000     
  0.000000000000000E+000  0.600000000000000        1.00000000000000     
  0.000000000000000E+000  0.600000000000000        1.20000000000000     
  0.000000000000000E+000  0.400000000000000        1.00000000000000     
           1
         812         277          42         162         163
  0.000000000000000E+000  0.400000000000000        1.20000000000000     
  0.000000000000000E+000  0.400000000000000        1.00000000000000     
  0.200000000000000       0.400000000000000        1.00000000000000     
  0.200000000000000       0.600000000000000        1.00000000000000     
           1
         813         281          42         277         163
  0.000000000000000E+000  0.600000000000000        1.20000000000000     
  0.000000000000000E+000  0.400000000000000        1.00000000000000     
  0.000000000000000E+000  0.400000000000000        1.20000000000000     
  0.200000000000000       0.600000000000000        1.00000000000000     
           1
         814         457         163         281         453
  0.200000000000000       0.600000000000000        1.20000000000000     
  0.200000000000000       0.600000000000000        1.00000000000000     
  0.000000000000000E+000  0.600000000000000        1.20000000000000     
  0.200000000000000       0.400000000000000        1.20000000000000     
           1
         815         453         277         162         163
  0.200000000000000       0.400000000000000        1.20000000000000     
  0.000000000000000E+000  0.400000000000000        1.20000000000000     
  0.200000000000000       0.400000000000000        1.00000000000000     
  0.200000000000000       0.600000000000000        1.00000000000000     
           1
         816         453         281         277         163
  0.200000000000000       0.400000000000000        1.20000000000000     
  0.000000000000000E+000  0.600000000000000        1.20000000000000     
  0.000000000000000E+000  0.400000000000000        1.20000000000000     
  0.200000000000000       0.600000000000000        1.00000000000000     
           1
         817         457         281         282         277
  0.200000000000000       0.600000000000000        1.20000000000000     
  0.000000000000000E+000  0.600000000000000        1.20000000000000     
  0.000000000000000E+000  0.600000000000000        1.40000000000000     
  0.000000000000000E+000  0.400000000000000        1.20000000000000     
           1
         818         278         277         453         457
  0.000000000000000E+000  0.400000000000000        1.40000000000000     
  0.000000000000000E+000  0.400000000000000        1.20000000000000     
  0.200000000000000       0.400000000000000        1.20000000000000     
  0.200000000000000       0.600000000000000        1.20000000000000     
           1
         819         282         277         278         457
  0.000000000000000E+000  0.600000000000000        1.40000000000000     
  0.000000000000000E+000  0.400000000000000        1.20000000000000     
  0.000000000000000E+000  0.400000000000000        1.40000000000000     
  0.200000000000000       0.600000000000000        1.20000000000000     
           1
         820         458         457         282         454
  0.200000000000000       0.600000000000000        1.40000000000000     
  0.200000000000000       0.600000000000000        1.20000000000000     
  0.000000000000000E+000  0.600000000000000        1.40000000000000     
  0.200000000000000       0.400000000000000        1.40000000000000     
           1
         821         454         278         453         457
  0.200000000000000       0.400000000000000        1.40000000000000     
  0.000000000000000E+000  0.400000000000000        1.40000000000000     
  0.200000000000000       0.400000000000000        1.20000000000000     
  0.200000000000000       0.600000000000000        1.20000000000000     
           1
         822         454         282         278         457
  0.200000000000000       0.400000000000000        1.40000000000000     
  0.000000000000000E+000  0.600000000000000        1.40000000000000     
  0.000000000000000E+000  0.400000000000000        1.40000000000000     
  0.200000000000000       0.600000000000000        1.20000000000000     
           1
         823         458         282         283         278
  0.200000000000000       0.600000000000000        1.40000000000000     
  0.000000000000000E+000  0.600000000000000        1.40000000000000     
  0.000000000000000E+000  0.600000000000000        1.60000000000000     
  0.000000000000000E+000  0.400000000000000        1.40000000000000     
           1
         824         279         278         454         458
  0.000000000000000E+000  0.400000000000000        1.60000000000000     
  0.000000000000000E+000  0.400000000000000        1.40000000000000     
  0.200000000000000       0.400000000000000        1.40000000000000     
  0.200000000000000       0.600000000000000        1.40000000000000     
           1
         825         283         278         279         458
  0.000000000000000E+000  0.600000000000000        1.60000000000000     
  0.000000000000000E+000  0.400000000000000        1.40000000000000     
  0.000000000000000E+000  0.400000000000000        1.60000000000000     
  0.200000000000000       0.600000000000000        1.40000000000000     
           1
         826         459         458         283         455
  0.200000000000000       0.600000000000000        1.60000000000000     
  0.200000000000000       0.600000000000000        1.40000000000000     
  0.000000000000000E+000  0.600000000000000        1.60000000000000     
  0.200000000000000       0.400000000000000        1.60000000000000     
           1
         827         455         279         454         458
  0.200000000000000       0.400000000000000        1.60000000000000     
  0.000000000000000E+000  0.400000000000000        1.60000000000000     
  0.200000000000000       0.400000000000000        1.40000000000000     
  0.200000000000000       0.600000000000000        1.40000000000000     
           1
         828         455         283         279         458
  0.200000000000000       0.400000000000000        1.60000000000000     
  0.000000000000000E+000  0.600000000000000        1.60000000000000     
  0.000000000000000E+000  0.400000000000000        1.60000000000000     
  0.200000000000000       0.600000000000000        1.40000000000000     
           1
         829         459         283         284         279
  0.200000000000000       0.600000000000000        1.60000000000000     
  0.000000000000000E+000  0.600000000000000        1.60000000000000     
  0.000000000000000E+000  0.600000000000000        1.80000000000000     
  0.000000000000000E+000  0.400000000000000        1.60000000000000     
           1
         830         280         279         455         459
  0.000000000000000E+000  0.400000000000000        1.80000000000000     
  0.000000000000000E+000  0.400000000000000        1.60000000000000     
  0.200000000000000       0.400000000000000        1.60000000000000     
  0.200000000000000       0.600000000000000        1.60000000000000     
           1
         831         284         279         280         459
  0.000000000000000E+000  0.600000000000000        1.80000000000000     
  0.000000000000000E+000  0.400000000000000        1.60000000000000     
  0.000000000000000E+000  0.400000000000000        1.80000000000000     
  0.200000000000000       0.600000000000000        1.60000000000000     
           1
         832         460         459         284         456
  0.200000000000000       0.600000000000000        1.80000000000000     
  0.200000000000000       0.600000000000000        1.60000000000000     
  0.000000000000000E+000  0.600000000000000        1.80000000000000     
  0.200000000000000       0.400000000000000        1.80000000000000     
           1
         833         456         280         455         459
  0.200000000000000       0.400000000000000        1.80000000000000     
  0.000000000000000E+000  0.400000000000000        1.80000000000000     
  0.200000000000000       0.400000000000000        1.60000000000000     
  0.200000000000000       0.600000000000000        1.60000000000000     
           1
         834         456         284         280         459
  0.200000000000000       0.400000000000000        1.80000000000000     
  0.000000000000000E+000  0.600000000000000        1.80000000000000     
  0.000000000000000E+000  0.400000000000000        1.80000000000000     
  0.200000000000000       0.600000000000000        1.60000000000000     
           1
         835         460         284          83         280
  0.200000000000000       0.600000000000000        1.80000000000000     
  0.000000000000000E+000  0.600000000000000        1.80000000000000     
  0.000000000000000E+000  0.600000000000000        2.00000000000000     
  0.000000000000000E+000  0.400000000000000        1.80000000000000     
           1
         836          82         280         456         460
  0.000000000000000E+000  0.400000000000000        2.00000000000000     
  0.000000000000000E+000  0.400000000000000        1.80000000000000     
  0.200000000000000       0.400000000000000        1.80000000000000     
  0.200000000000000       0.600000000000000        1.80000000000000     
           1
         837          83         280          82         460
  0.000000000000000E+000  0.600000000000000        2.00000000000000     
  0.000000000000000E+000  0.400000000000000        1.80000000000000     
  0.000000000000000E+000  0.400000000000000        2.00000000000000     
  0.200000000000000       0.600000000000000        1.80000000000000     
           1
         838         259         460          83         258
  0.200000000000000       0.600000000000000        2.00000000000000     
  0.200000000000000       0.600000000000000        1.80000000000000     
  0.000000000000000E+000  0.600000000000000        2.00000000000000     
  0.200000000000000       0.400000000000000        2.00000000000000     
           1
         839         258          82         456         460
  0.200000000000000       0.400000000000000        2.00000000000000     
  0.000000000000000E+000  0.400000000000000        2.00000000000000     
  0.200000000000000       0.400000000000000        1.80000000000000     
  0.200000000000000       0.600000000000000        1.80000000000000     
           1
         840         258          83          82         460
  0.200000000000000       0.400000000000000        2.00000000000000     
  0.000000000000000E+000  0.600000000000000        2.00000000000000     
  0.000000000000000E+000  0.400000000000000        2.00000000000000     
  0.200000000000000       0.600000000000000        1.80000000000000     
           1
         841         164          44         285          43
  0.200000000000000       0.800000000000000        1.00000000000000     
  0.000000000000000E+000  0.800000000000000        1.00000000000000     
  0.000000000000000E+000  0.800000000000000        1.20000000000000     
  0.000000000000000E+000  0.600000000000000        1.00000000000000     
           1
         842         281          43         163         164
  0.000000000000000E+000  0.600000000000000        1.20000000000000     
  0.000000000000000E+000  0.600000000000000        1.00000000000000     
  0.200000000000000       0.600000000000000        1.00000000000000     
  0.200000000000000       0.800000000000000        1.00000000000000     
           1
         843         285          43         281         164
  0.000000000000000E+000  0.800000000000000        1.20000000000000     
  0.000000000000000E+000  0.600000000000000        1.00000000000000     
  0.000000000000000E+000  0.600000000000000        1.20000000000000     
  0.200000000000000       0.800000000000000        1.00000000000000     
           1
         844         461         164         285         457
  0.200000000000000       0.800000000000000        1.20000000000000     
  0.200000000000000       0.800000000000000        1.00000000000000     
  0.000000000000000E+000  0.800000000000000        1.20000000000000     
  0.200000000000000       0.600000000000000        1.20000000000000     
           1
         845         457         281         163         164
  0.200000000000000       0.600000000000000        1.20000000000000     
  0.000000000000000E+000  0.600000000000000        1.20000000000000     
  0.200000000000000       0.600000000000000        1.00000000000000     
  0.200000000000000       0.800000000000000        1.00000000000000     
           1
         846         457         285         281         164
  0.200000000000000       0.600000000000000        1.20000000000000     
  0.000000000000000E+000  0.800000000000000        1.20000000000000     
  0.000000000000000E+000  0.600000000000000        1.20000000000000     
  0.200000000000000       0.800000000000000        1.00000000000000     
           1
         847         461         285         286         281
  0.200000000000000       0.800000000000000        1.20000000000000     
  0.000000000000000E+000  0.800000000000000        1.20000000000000     
  0.000000000000000E+000  0.800000000000000        1.40000000000000     
  0.000000000000000E+000  0.600000000000000        1.20000000000000     
           1
         848         282         281         457         461
  0.000000000000000E+000  0.600000000000000        1.40000000000000     
  0.000000000000000E+000  0.600000000000000        1.20000000000000     
  0.200000000000000       0.600000000000000        1.20000000000000     
  0.200000000000000       0.800000000000000        1.20000000000000     
           1
         849         286         281         282         461
  0.000000000000000E+000  0.800000000000000        1.40000000000000     
  0.000000000000000E+000  0.600000000000000        1.20000000000000     
  0.000000000000000E+000  0.600000000000000        1.40000000000000     
  0.200000000000000       0.800000000000000        1.20000000000000     
           1
         850         462         461         286         458
  0.200000000000000       0.800000000000000        1.40000000000000     
  0.200000000000000       0.800000000000000        1.20000000000000     
  0.000000000000000E+000  0.800000000000000        1.40000000000000     
  0.200000000000000       0.600000000000000        1.40000000000000     
           1
         851         458         282         457         461
  0.200000000000000       0.600000000000000        1.40000000000000     
  0.000000000000000E+000  0.600000000000000        1.40000000000000     
  0.200000000000000       0.600000000000000        1.20000000000000     
  0.200000000000000       0.800000000000000        1.20000000000000     
           1
         852         458         286         282         461
  0.200000000000000       0.600000000000000        1.40000000000000     
  0.000000000000000E+000  0.800000000000000        1.40000000000000     
  0.000000000000000E+000  0.600000000000000        1.40000000000000     
  0.200000000000000       0.800000000000000        1.20000000000000     
           1
         853         462         286         287         282
  0.200000000000000       0.800000000000000        1.40000000000000     
  0.000000000000000E+000  0.800000000000000        1.40000000000000     
  0.000000000000000E+000  0.800000000000000        1.60000000000000     
  0.000000000000000E+000  0.600000000000000        1.40000000000000     
           1
         854         283         282         458         462
  0.000000000000000E+000  0.600000000000000        1.60000000000000     
  0.000000000000000E+000  0.600000000000000        1.40000000000000     
  0.200000000000000       0.600000000000000        1.40000000000000     
  0.200000000000000       0.800000000000000        1.40000000000000     
           1
         855         287         282         283         462
  0.000000000000000E+000  0.800000000000000        1.60000000000000     
  0.000000000000000E+000  0.600000000000000        1.40000000000000     
  0.000000000000000E+000  0.600000000000000        1.60000000000000     
  0.200000000000000       0.800000000000000        1.40000000000000     
           1
         856         463         462         287         459
  0.200000000000000       0.800000000000000        1.60000000000000     
  0.200000000000000       0.800000000000000        1.40000000000000     
  0.000000000000000E+000  0.800000000000000        1.60000000000000     
  0.200000000000000       0.600000000000000        1.60000000000000     
           1
         857         459         283         458         462
  0.200000000000000       0.600000000000000        1.60000000000000     
  0.000000000000000E+000  0.600000000000000        1.60000000000000     
  0.200000000000000       0.600000000000000        1.40000000000000     
  0.200000000000000       0.800000000000000        1.40000000000000     
           1
         858         459         287         283         462
  0.200000000000000       0.600000000000000        1.60000000000000     
  0.000000000000000E+000  0.800000000000000        1.60000000000000     
  0.000000000000000E+000  0.600000000000000        1.60000000000000     
  0.200000000000000       0.800000000000000        1.40000000000000     
           1
         859         463         287         288         283
  0.200000000000000       0.800000000000000        1.60000000000000     
  0.000000000000000E+000  0.800000000000000        1.60000000000000     
  0.000000000000000E+000  0.800000000000000        1.80000000000000     
  0.000000000000000E+000  0.600000000000000        1.60000000000000     
           1
         860         284         283         459         463
  0.000000000000000E+000  0.600000000000000        1.80000000000000     
  0.000000000000000E+000  0.600000000000000        1.60000000000000     
  0.200000000000000       0.600000000000000        1.60000000000000     
  0.200000000000000       0.800000000000000        1.60000000000000     
           1
         861         288         283         284         463
  0.000000000000000E+000  0.800000000000000        1.80000000000000     
  0.000000000000000E+000  0.600000000000000        1.60000000000000     
  0.000000000000000E+000  0.600000000000000        1.80000000000000     
  0.200000000000000       0.800000000000000        1.60000000000000     
           1
         862         464         463         288         460
  0.200000000000000       0.800000000000000        1.80000000000000     
  0.200000000000000       0.800000000000000        1.60000000000000     
  0.000000000000000E+000  0.800000000000000        1.80000000000000     
  0.200000000000000       0.600000000000000        1.80000000000000     
           1
         863         460         284         459         463
  0.200000000000000       0.600000000000000        1.80000000000000     
  0.000000000000000E+000  0.600000000000000        1.80000000000000     
  0.200000000000000       0.600000000000000        1.60000000000000     
  0.200000000000000       0.800000000000000        1.60000000000000     
           1
         864         460         288         284         463
  0.200000000000000       0.600000000000000        1.80000000000000     
  0.000000000000000E+000  0.800000000000000        1.80000000000000     
  0.000000000000000E+000  0.600000000000000        1.80000000000000     
  0.200000000000000       0.800000000000000        1.60000000000000     
           1
         865         464         288          84         284
  0.200000000000000       0.800000000000000        1.80000000000000     
  0.000000000000000E+000  0.800000000000000        1.80000000000000     
  0.000000000000000E+000  0.800000000000000        2.00000000000000     
  0.000000000000000E+000  0.600000000000000        1.80000000000000     
           1
         866          83         284         460         464
  0.000000000000000E+000  0.600000000000000        2.00000000000000     
  0.000000000000000E+000  0.600000000000000        1.80000000000000     
  0.200000000000000       0.600000000000000        1.80000000000000     
  0.200000000000000       0.800000000000000        1.80000000000000     
           1
         867          84         284          83         464
  0.000000000000000E+000  0.800000000000000        2.00000000000000     
  0.000000000000000E+000  0.600000000000000        1.80000000000000     
  0.000000000000000E+000  0.600000000000000        2.00000000000000     
  0.200000000000000       0.800000000000000        1.80000000000000     
           1
         868         260         464          84         259
  0.200000000000000       0.800000000000000        2.00000000000000     
  0.200000000000000       0.800000000000000        1.80000000000000     
  0.000000000000000E+000  0.800000000000000        2.00000000000000     
  0.200000000000000       0.600000000000000        2.00000000000000     
           1
         869         259          83         460         464
  0.200000000000000       0.600000000000000        2.00000000000000     
  0.000000000000000E+000  0.600000000000000        2.00000000000000     
  0.200000000000000       0.600000000000000        1.80000000000000     
  0.200000000000000       0.800000000000000        1.80000000000000     
           1
         870         259          84          83         464
  0.200000000000000       0.600000000000000        2.00000000000000     
  0.000000000000000E+000  0.800000000000000        2.00000000000000     
  0.000000000000000E+000  0.600000000000000        2.00000000000000     
  0.200000000000000       0.800000000000000        1.80000000000000     
           1
         871          57           7          93          44
  0.200000000000000        1.00000000000000        1.00000000000000     
  0.000000000000000E+000   1.00000000000000        1.00000000000000     
  0.000000000000000E+000   1.00000000000000        1.20000000000000     
  0.000000000000000E+000  0.800000000000000        1.00000000000000     
           1
         872         285          44         164          57
  0.000000000000000E+000  0.800000000000000        1.20000000000000     
  0.000000000000000E+000  0.800000000000000        1.00000000000000     
  0.200000000000000       0.800000000000000        1.00000000000000     
  0.200000000000000        1.00000000000000        1.00000000000000     
           1
         873          93          44         285          57
  0.000000000000000E+000   1.00000000000000        1.20000000000000     
  0.000000000000000E+000  0.800000000000000        1.00000000000000     
  0.000000000000000E+000  0.800000000000000        1.20000000000000     
  0.200000000000000        1.00000000000000        1.00000000000000     
           1
         874         289          57          93         461
  0.200000000000000        1.00000000000000        1.20000000000000     
  0.200000000000000        1.00000000000000        1.00000000000000     
  0.000000000000000E+000   1.00000000000000        1.20000000000000     
  0.200000000000000       0.800000000000000        1.20000000000000     
           1
         875         461         285         164          57
  0.200000000000000       0.800000000000000        1.20000000000000     
  0.000000000000000E+000  0.800000000000000        1.20000000000000     
  0.200000000000000       0.800000000000000        1.00000000000000     
  0.200000000000000        1.00000000000000        1.00000000000000     
           1
         876         461          93         285          57
  0.200000000000000       0.800000000000000        1.20000000000000     
  0.000000000000000E+000   1.00000000000000        1.20000000000000     
  0.000000000000000E+000  0.800000000000000        1.20000000000000     
  0.200000000000000        1.00000000000000        1.00000000000000     
           1
         877         289          93          94         285
  0.200000000000000        1.00000000000000        1.20000000000000     
  0.000000000000000E+000   1.00000000000000        1.20000000000000     
  0.000000000000000E+000   1.00000000000000        1.40000000000000     
  0.000000000000000E+000  0.800000000000000        1.20000000000000     
           1
         878         286         285         461         289
  0.000000000000000E+000  0.800000000000000        1.40000000000000     
  0.000000000000000E+000  0.800000000000000        1.20000000000000     
  0.200000000000000       0.800000000000000        1.20000000000000     
  0.200000000000000        1.00000000000000        1.20000000000000     
           1
         879          94         285         286         289
  0.000000000000000E+000   1.00000000000000        1.40000000000000     
  0.000000000000000E+000  0.800000000000000        1.20000000000000     
  0.000000000000000E+000  0.800000000000000        1.40000000000000     
  0.200000000000000        1.00000000000000        1.20000000000000     
           1
         880         293         289          94         462
  0.200000000000000        1.00000000000000        1.40000000000000     
  0.200000000000000        1.00000000000000        1.20000000000000     
  0.000000000000000E+000   1.00000000000000        1.40000000000000     
  0.200000000000000       0.800000000000000        1.40000000000000     
           1
         881         462         286         461         289
  0.200000000000000       0.800000000000000        1.40000000000000     
  0.000000000000000E+000  0.800000000000000        1.40000000000000     
  0.200000000000000       0.800000000000000        1.20000000000000     
  0.200000000000000        1.00000000000000        1.20000000000000     
           1
         882         462          94         286         289
  0.200000000000000       0.800000000000000        1.40000000000000     
  0.000000000000000E+000   1.00000000000000        1.40000000000000     
  0.000000000000000E+000  0.800000000000000        1.40000000000000     
  0.200000000000000        1.00000000000000        1.20000000000000     
           1
         883         293          94          95         286
  0.200000000000000        1.00000000000000        1.40000000000000     
  0.000000000000000E+000   1.00000000000000        1.40000000000000     
  0.000000000000000E+000   1.00000000000000        1.60000000000000     
  0.000000000000000E+000  0.800000000000000        1.40000000000000     
           1
         884         287         286         462         293
  0.000000000000000E+000  0.800000000000000        1.60000000000000     
  0.000000000000000E+000  0.800000000000000        1.40000000000000     
  0.200000000000000       0.800000000000000        1.40000000000000     
  0.200000000000000        1.00000000000000        1.40000000000000     
           1
         885          95         286         287         293
  0.000000000000000E+000   1.00000000000000        1.60000000000000     
  0.000000000000000E+000  0.800000000000000        1.40000000000000     
  0.000000000000000E+000  0.800000000000000        1.60000000000000     
  0.200000000000000        1.00000000000000        1.40000000000000     
           1
         886         297         293          95         463
  0.200000000000000        1.00000000000000        1.60000000000000     
  0.200000000000000        1.00000000000000        1.40000000000000     
  0.000000000000000E+000   1.00000000000000        1.60000000000000     
  0.200000000000000       0.800000000000000        1.60000000000000     
           1
         887         463         287         462         293
  0.200000000000000       0.800000000000000        1.60000000000000     
  0.000000000000000E+000  0.800000000000000        1.60000000000000     
  0.200000000000000       0.800000000000000        1.40000000000000     
  0.200000000000000        1.00000000000000        1.40000000000000     
           1
         888         463          95         287         293
  0.200000000000000       0.800000000000000        1.60000000000000     
  0.000000000000000E+000   1.00000000000000        1.60000000000000     
  0.000000000000000E+000  0.800000000000000        1.60000000000000     
  0.200000000000000        1.00000000000000        1.40000000000000     
           1
         889         297          95          96         287
  0.200000000000000        1.00000000000000        1.60000000000000     
  0.000000000000000E+000   1.00000000000000        1.60000000000000     
  0.000000000000000E+000   1.00000000000000        1.80000000000000     
  0.000000000000000E+000  0.800000000000000        1.60000000000000     
           1
         890         288         287         463         297
  0.000000000000000E+000  0.800000000000000        1.80000000000000     
  0.000000000000000E+000  0.800000000000000        1.60000000000000     
  0.200000000000000       0.800000000000000        1.60000000000000     
  0.200000000000000        1.00000000000000        1.60000000000000     
           1
         891          96         287         288         297
  0.000000000000000E+000   1.00000000000000        1.80000000000000     
  0.000000000000000E+000  0.800000000000000        1.60000000000000     
  0.000000000000000E+000  0.800000000000000        1.80000000000000     
  0.200000000000000        1.00000000000000        1.60000000000000     
           1
         892         301         297          96         464
  0.200000000000000        1.00000000000000        1.80000000000000     
  0.200000000000000        1.00000000000000        1.60000000000000     
  0.000000000000000E+000   1.00000000000000        1.80000000000000     
  0.200000000000000       0.800000000000000        1.80000000000000     
           1
         893         464         288         463         297
  0.200000000000000       0.800000000000000        1.80000000000000     
  0.000000000000000E+000  0.800000000000000        1.80000000000000     
  0.200000000000000       0.800000000000000        1.60000000000000     
  0.200000000000000        1.00000000000000        1.60000000000000     
           1
         894         464          96         288         297
  0.200000000000000       0.800000000000000        1.80000000000000     
  0.000000000000000E+000   1.00000000000000        1.80000000000000     
  0.000000000000000E+000  0.800000000000000        1.80000000000000     
  0.200000000000000        1.00000000000000        1.60000000000000     
           1
         895         301          96          11         288
  0.200000000000000        1.00000000000000        1.80000000000000     
  0.000000000000000E+000   1.00000000000000        1.80000000000000     
  0.000000000000000E+000   1.00000000000000        2.00000000000000     
  0.000000000000000E+000  0.800000000000000        1.80000000000000     
           1
         896          84         288         464         301
  0.000000000000000E+000  0.800000000000000        2.00000000000000     
  0.000000000000000E+000  0.800000000000000        1.80000000000000     
  0.200000000000000       0.800000000000000        1.80000000000000     
  0.200000000000000        1.00000000000000        1.80000000000000     
           1
         897          11         288          84         301
  0.000000000000000E+000   1.00000000000000        2.00000000000000     
  0.000000000000000E+000  0.800000000000000        1.80000000000000     
  0.000000000000000E+000  0.800000000000000        2.00000000000000     
  0.200000000000000        1.00000000000000        1.80000000000000     
           1
         898          89         301          11         260
  0.200000000000000        1.00000000000000        2.00000000000000     
  0.200000000000000        1.00000000000000        1.80000000000000     
  0.000000000000000E+000   1.00000000000000        2.00000000000000     
  0.200000000000000       0.800000000000000        2.00000000000000     
           1
         899         260          84         464         301
  0.200000000000000       0.800000000000000        2.00000000000000     
  0.000000000000000E+000  0.800000000000000        2.00000000000000     
  0.200000000000000       0.800000000000000        1.80000000000000     
  0.200000000000000        1.00000000000000        1.80000000000000     
           1
         900         260          11          84         301
  0.200000000000000       0.800000000000000        2.00000000000000     
  0.000000000000000E+000   1.00000000000000        2.00000000000000     
  0.000000000000000E+000  0.800000000000000        2.00000000000000     
  0.200000000000000        1.00000000000000        1.80000000000000     
           1
         901         165         161         449          25
  0.400000000000000       0.200000000000000        1.00000000000000     
  0.200000000000000       0.200000000000000        1.00000000000000     
  0.200000000000000       0.200000000000000        1.20000000000000     
  0.200000000000000       0.000000000000000E+000   1.00000000000000     
           1
         902         225          25          26         165
  0.200000000000000       0.000000000000000E+000   1.20000000000000     
  0.200000000000000       0.000000000000000E+000   1.00000000000000     
  0.400000000000000       0.000000000000000E+000   1.00000000000000     
  0.400000000000000       0.200000000000000        1.00000000000000     
           1
         903         449          25         225         165
  0.200000000000000       0.200000000000000        1.20000000000000     
  0.200000000000000       0.000000000000000E+000   1.00000000000000     
  0.200000000000000       0.000000000000000E+000   1.20000000000000     
  0.400000000000000       0.200000000000000        1.00000000000000     
           1
         904         465         165         449         226
  0.400000000000000       0.200000000000000        1.20000000000000     
  0.400000000000000       0.200000000000000        1.00000000000000     
  0.200000000000000       0.200000000000000        1.20000000000000     
  0.400000000000000       0.000000000000000E+000   1.20000000000000     
           1
         905         226         225          26         165
  0.400000000000000       0.000000000000000E+000   1.20000000000000     
  0.200000000000000       0.000000000000000E+000   1.20000000000000     
  0.400000000000000       0.000000000000000E+000   1.00000000000000     
  0.400000000000000       0.200000000000000        1.00000000000000     
           1
         906         226         449         225         165
  0.400000000000000       0.000000000000000E+000   1.20000000000000     
  0.200000000000000       0.200000000000000        1.20000000000000     
  0.200000000000000       0.000000000000000E+000   1.20000000000000     
  0.400000000000000       0.200000000000000        1.00000000000000     
           1
         907         465         449         450         225
  0.400000000000000       0.200000000000000        1.20000000000000     
  0.200000000000000       0.200000000000000        1.20000000000000     
  0.200000000000000       0.200000000000000        1.40000000000000     
  0.200000000000000       0.000000000000000E+000   1.20000000000000     
           1
         908         229         225         226         465
  0.200000000000000       0.000000000000000E+000   1.40000000000000     
  0.200000000000000       0.000000000000000E+000   1.20000000000000     
  0.400000000000000       0.000000000000000E+000   1.20000000000000     
  0.400000000000000       0.200000000000000        1.20000000000000     
           1
         909         450         225         229         465
  0.200000000000000       0.200000000000000        1.40000000000000     
  0.200000000000000       0.000000000000000E+000   1.20000000000000     
  0.200000000000000       0.000000000000000E+000   1.40000000000000     
  0.400000000000000       0.200000000000000        1.20000000000000     
           1
         910         466         465         450         230
  0.400000000000000       0.200000000000000        1.40000000000000     
  0.400000000000000       0.200000000000000        1.20000000000000     
  0.200000000000000       0.200000000000000        1.40000000000000     
  0.400000000000000       0.000000000000000E+000   1.40000000000000     
           1
         911         230         229         226         465
  0.400000000000000       0.000000000000000E+000   1.40000000000000     
  0.200000000000000       0.000000000000000E+000   1.40000000000000     
  0.400000000000000       0.000000000000000E+000   1.20000000000000     
  0.400000000000000       0.200000000000000        1.20000000000000     
           1
         912         230         450         229         465
  0.400000000000000       0.000000000000000E+000   1.40000000000000     
  0.200000000000000       0.200000000000000        1.40000000000000     
  0.200000000000000       0.000000000000000E+000   1.40000000000000     
  0.400000000000000       0.200000000000000        1.20000000000000     
           1
         913         466         450         451         229
  0.400000000000000       0.200000000000000        1.40000000000000     
  0.200000000000000       0.200000000000000        1.40000000000000     
  0.200000000000000       0.200000000000000        1.60000000000000     
  0.200000000000000       0.000000000000000E+000   1.40000000000000     
           1
         914         233         229         230         466
  0.200000000000000       0.000000000000000E+000   1.60000000000000     
  0.200000000000000       0.000000000000000E+000   1.40000000000000     
  0.400000000000000       0.000000000000000E+000   1.40000000000000     
  0.400000000000000       0.200000000000000        1.40000000000000     
           1
         915         451         229         233         466
  0.200000000000000       0.200000000000000        1.60000000000000     
  0.200000000000000       0.000000000000000E+000   1.40000000000000     
  0.200000000000000       0.000000000000000E+000   1.60000000000000     
  0.400000000000000       0.200000000000000        1.40000000000000     
           1
         916         467         466         451         234
  0.400000000000000       0.200000000000000        1.60000000000000     
  0.400000000000000       0.200000000000000        1.40000000000000     
  0.200000000000000       0.200000000000000        1.60000000000000     
  0.400000000000000       0.000000000000000E+000   1.60000000000000     
           1
         917         234         233         230         466
  0.400000000000000       0.000000000000000E+000   1.60000000000000     
  0.200000000000000       0.000000000000000E+000   1.60000000000000     
  0.400000000000000       0.000000000000000E+000   1.40000000000000     
  0.400000000000000       0.200000000000000        1.40000000000000     
           1
         918         234         451         233         466
  0.400000000000000       0.000000000000000E+000   1.60000000000000     
  0.200000000000000       0.200000000000000        1.60000000000000     
  0.200000000000000       0.000000000000000E+000   1.60000000000000     
  0.400000000000000       0.200000000000000        1.40000000000000     
           1
         919         467         451         452         233
  0.400000000000000       0.200000000000000        1.60000000000000     
  0.200000000000000       0.200000000000000        1.60000000000000     
  0.200000000000000       0.200000000000000        1.80000000000000     
  0.200000000000000       0.000000000000000E+000   1.60000000000000     
           1
         920         237         233         234         467
  0.200000000000000       0.000000000000000E+000   1.80000000000000     
  0.200000000000000       0.000000000000000E+000   1.60000000000000     
  0.400000000000000       0.000000000000000E+000   1.60000000000000     
  0.400000000000000       0.200000000000000        1.60000000000000     
           1
         921         452         233         237         467
  0.200000000000000       0.200000000000000        1.80000000000000     
  0.200000000000000       0.000000000000000E+000   1.60000000000000     
  0.200000000000000       0.000000000000000E+000   1.80000000000000     
  0.400000000000000       0.200000000000000        1.60000000000000     
           1
         922         468         467         452         238
  0.400000000000000       0.200000000000000        1.80000000000000     
  0.400000000000000       0.200000000000000        1.60000000000000     
  0.200000000000000       0.200000000000000        1.80000000000000     
  0.400000000000000       0.000000000000000E+000   1.80000000000000     
           1
         923         238         237         234         467
  0.400000000000000       0.000000000000000E+000   1.80000000000000     
  0.200000000000000       0.000000000000000E+000   1.80000000000000     
  0.400000000000000       0.000000000000000E+000   1.60000000000000     
  0.400000000000000       0.200000000000000        1.60000000000000     
           1
         924         238         452         237         467
  0.400000000000000       0.000000000000000E+000   1.80000000000000     
  0.200000000000000       0.200000000000000        1.80000000000000     
  0.200000000000000       0.000000000000000E+000   1.80000000000000     
  0.400000000000000       0.200000000000000        1.60000000000000     
           1
         925         468         452         257         237
  0.400000000000000       0.200000000000000        1.80000000000000     
  0.200000000000000       0.200000000000000        1.80000000000000     
  0.200000000000000       0.200000000000000        2.00000000000000     
  0.200000000000000       0.000000000000000E+000   1.80000000000000     
           1
         926          69         237         238         468
  0.200000000000000       0.000000000000000E+000   2.00000000000000     
  0.200000000000000       0.000000000000000E+000   1.80000000000000     
  0.400000000000000       0.000000000000000E+000   1.80000000000000     
  0.400000000000000       0.200000000000000        1.80000000000000     
           1
         927         257         237          69         468
  0.200000000000000       0.200000000000000        2.00000000000000     
  0.200000000000000       0.000000000000000E+000   1.80000000000000     
  0.200000000000000       0.000000000000000E+000   2.00000000000000     
  0.400000000000000       0.200000000000000        1.80000000000000     
           1
         928         261         468         257          70
  0.400000000000000       0.200000000000000        2.00000000000000     
  0.400000000000000       0.200000000000000        1.80000000000000     
  0.200000000000000       0.200000000000000        2.00000000000000     
  0.400000000000000       0.000000000000000E+000   2.00000000000000     
           1
         929          70          69         238         468
  0.400000000000000       0.000000000000000E+000   2.00000000000000     
  0.200000000000000       0.000000000000000E+000   2.00000000000000     
  0.400000000000000       0.000000000000000E+000   1.80000000000000     
  0.400000000000000       0.200000000000000        1.80000000000000     
           1
         930          70         257          69         468
  0.400000000000000       0.000000000000000E+000   2.00000000000000     
  0.200000000000000       0.200000000000000        2.00000000000000     
  0.200000000000000       0.000000000000000E+000   2.00000000000000     
  0.400000000000000       0.200000000000000        1.80000000000000     
           1
         931         166         162         453         161
  0.400000000000000       0.400000000000000        1.00000000000000     
  0.200000000000000       0.400000000000000        1.00000000000000     
  0.200000000000000       0.400000000000000        1.20000000000000     
  0.200000000000000       0.200000000000000        1.00000000000000     
           1
         932         449         161         165         166
  0.200000000000000       0.200000000000000        1.20000000000000     
  0.200000000000000       0.200000000000000        1.00000000000000     
  0.400000000000000       0.200000000000000        1.00000000000000     
  0.400000000000000       0.400000000000000        1.00000000000000     
           1
         933         453         161         449         166
  0.200000000000000       0.400000000000000        1.20000000000000     
  0.200000000000000       0.200000000000000        1.00000000000000     
  0.200000000000000       0.200000000000000        1.20000000000000     
  0.400000000000000       0.400000000000000        1.00000000000000     
           1
         934         469         166         453         465
  0.400000000000000       0.400000000000000        1.20000000000000     
  0.400000000000000       0.400000000000000        1.00000000000000     
  0.200000000000000       0.400000000000000        1.20000000000000     
  0.400000000000000       0.200000000000000        1.20000000000000     
           1
         935         465         449         165         166
  0.400000000000000       0.200000000000000        1.20000000000000     
  0.200000000000000       0.200000000000000        1.20000000000000     
  0.400000000000000       0.200000000000000        1.00000000000000     
  0.400000000000000       0.400000000000000        1.00000000000000     
           1
         936         465         453         449         166
  0.400000000000000       0.200000000000000        1.20000000000000     
  0.200000000000000       0.400000000000000        1.20000000000000     
  0.200000000000000       0.200000000000000        1.20000000000000     
  0.400000000000000       0.400000000000000        1.00000000000000     
           1
         937         469         453         454         449
  0.400000000000000       0.400000000000000        1.20000000000000     
  0.200000000000000       0.400000000000000        1.20000000000000     
  0.200000000000000       0.400000000000000        1.40000000000000     
  0.200000000000000       0.200000000000000        1.20000000000000     
           1
         938         450         449         465         469
  0.200000000000000       0.200000000000000        1.40000000000000     
  0.200000000000000       0.200000000000000        1.20000000000000     
  0.400000000000000       0.200000000000000        1.20000000000000     
  0.400000000000000       0.400000000000000        1.20000000000000     
           1
         939         454         449         450         469
  0.200000000000000       0.400000000000000        1.40000000000000     
  0.200000000000000       0.200000000000000        1.20000000000000     
  0.200000000000000       0.200000000000000        1.40000000000000     
  0.400000000000000       0.400000000000000        1.20000000000000     
           1
         940         470         469         454         466
  0.400000000000000       0.400000000000000        1.40000000000000     
  0.400000000000000       0.400000000000000        1.20000000000000     
  0.200000000000000       0.400000000000000        1.40000000000000     
  0.400000000000000       0.200000000000000        1.40000000000000     
           1
         941         466         450         465         469
  0.400000000000000       0.200000000000000        1.40000000000000     
  0.200000000000000       0.200000000000000        1.40000000000000     
  0.400000000000000       0.200000000000000        1.20000000000000     
  0.400000000000000       0.400000000000000        1.20000000000000     
           1
         942         466         454         450         469
  0.400000000000000       0.200000000000000        1.40000000000000     
  0.200000000000000       0.400000000000000        1.40000000000000     
  0.200000000000000       0.200000000000000        1.40000000000000     
  0.400000000000000       0.400000000000000        1.20000000000000     
           1
         943         470         454         455         450
  0.400000000000000       0.400000000000000        1.40000000000000     
  0.200000000000000       0.400000000000000        1.40000000000000     
  0.200000000000000       0.400000000000000        1.60000000000000     
  0.200000000000000       0.200000000000000        1.40000000000000     
           1
         944         451         450         466         470
  0.200000000000000       0.200000000000000        1.60000000000000     
  0.200000000000000       0.200000000000000        1.40000000000000     
  0.400000000000000       0.200000000000000        1.40000000000000     
  0.400000000000000       0.400000000000000        1.40000000000000     
           1
         945         455         450         451         470
  0.200000000000000       0.400000000000000        1.60000000000000     
  0.200000000000000       0.200000000000000        1.40000000000000     
  0.200000000000000       0.200000000000000        1.60000000000000     
  0.400000000000000       0.400000000000000        1.40000000000000     
           1
         946         471         470         455         467
  0.400000000000000       0.400000000000000        1.60000000000000     
  0.400000000000000       0.400000000000000        1.40000000000000     
  0.200000000000000       0.400000000000000        1.60000000000000     
  0.400000000000000       0.200000000000000        1.60000000000000     
           1
         947         467         451         466         470
  0.400000000000000       0.200000000000000        1.60000000000000     
  0.200000000000000       0.200000000000000        1.60000000000000     
  0.400000000000000       0.200000000000000        1.40000000000000     
  0.400000000000000       0.400000000000000        1.40000000000000     
           1
         948         467         455         451         470
  0.400000000000000       0.200000000000000        1.60000000000000     
  0.200000000000000       0.400000000000000        1.60000000000000     
  0.200000000000000       0.200000000000000        1.60000000000000     
  0.400000000000000       0.400000000000000        1.40000000000000     
           1
         949         471         455         456         451
  0.400000000000000       0.400000000000000        1.60000000000000     
  0.200000000000000       0.400000000000000        1.60000000000000     
  0.200000000000000       0.400000000000000        1.80000000000000     
  0.200000000000000       0.200000000000000        1.60000000000000     
           1
         950         452         451         467         471
  0.200000000000000       0.200000000000000        1.80000000000000     
  0.200000000000000       0.200000000000000        1.60000000000000     
  0.400000000000000       0.200000000000000        1.60000000000000     
  0.400000000000000       0.400000000000000        1.60000000000000     
           1
         951         456         451         452         471
  0.200000000000000       0.400000000000000        1.80000000000000     
  0.200000000000000       0.200000000000000        1.60000000000000     
  0.200000000000000       0.200000000000000        1.80000000000000     
  0.400000000000000       0.400000000000000        1.60000000000000     
           1
         952         472         471         456         468
  0.400000000000000       0.400000000000000        1.80000000000000     
  0.400000000000000       0.400000000000000        1.60000000000000     
  0.200000000000000       0.400000000000000        1.80000000000000     
  0.400000000000000       0.200000000000000        1.80000000000000     
           1
         953         468         452         467         471
  0.400000000000000       0.200000000000000        1.80000000000000     
  0.200000000000000       0.200000000000000        1.80000000000000     
  0.400000000000000       0.200000000000000        1.60000000000000     
  0.400000000000000       0.400000000000000        1.60000000000000     
           1
         954         468         456         452         471
  0.400000000000000       0.200000000000000        1.80000000000000     
  0.200000000000000       0.400000000000000        1.80000000000000     
  0.200000000000000       0.200000000000000        1.80000000000000     
  0.400000000000000       0.400000000000000        1.60000000000000     
           1
         955         472         456         258         452
  0.400000000000000       0.400000000000000        1.80000000000000     
  0.200000000000000       0.400000000000000        1.80000000000000     
  0.200000000000000       0.400000000000000        2.00000000000000     
  0.200000000000000       0.200000000000000        1.80000000000000     
           1
         956         257         452         468         472
  0.200000000000000       0.200000000000000        2.00000000000000     
  0.200000000000000       0.200000000000000        1.80000000000000     
  0.400000000000000       0.200000000000000        1.80000000000000     
  0.400000000000000       0.400000000000000        1.80000000000000     
           1
         957         258         452         257         472
  0.200000000000000       0.400000000000000        2.00000000000000     
  0.200000000000000       0.200000000000000        1.80000000000000     
  0.200000000000000       0.200000000000000        2.00000000000000     
  0.400000000000000       0.400000000000000        1.80000000000000     
           1
         958         262         472         258         261
  0.400000000000000       0.400000000000000        2.00000000000000     
  0.400000000000000       0.400000000000000        1.80000000000000     
  0.200000000000000       0.400000000000000        2.00000000000000     
  0.400000000000000       0.200000000000000        2.00000000000000     
           1
         959         261         257         468         472
  0.400000000000000       0.200000000000000        2.00000000000000     
  0.200000000000000       0.200000000000000        2.00000000000000     
  0.400000000000000       0.200000000000000        1.80000000000000     
  0.400000000000000       0.400000000000000        1.80000000000000     
           1
         960         261         258         257         472
  0.400000000000000       0.200000000000000        2.00000000000000     
  0.200000000000000       0.400000000000000        2.00000000000000     
  0.200000000000000       0.200000000000000        2.00000000000000     
  0.400000000000000       0.400000000000000        1.80000000000000     
           1
         961         167         163         457         162
  0.400000000000000       0.600000000000000        1.00000000000000     
  0.200000000000000       0.600000000000000        1.00000000000000     
  0.200000000000000       0.600000000000000        1.20000000000000     
  0.200000000000000       0.400000000000000        1.00000000000000     
           1
         962         453         162         166         167
  0.200000000000000       0.400000000000000        1.20000000000000     
  0.200000000000000       0.400000000000000        1.00000000000000     
  0.400000000000000       0.400000000000000        1.00000000000000     
  0.400000000000000       0.600000000000000        1.00000000000000     
           1
         963         457         162         453         167
  0.200000000000000       0.600000000000000        1.20000000000000     
  0.200000000000000       0.400000000000000        1.00000000000000     
  0.200000000000000       0.400000000000000        1.20000000000000     
  0.400000000000000       0.600000000000000        1.00000000000000     
           1
         964         473         167         457         469
  0.400000000000000       0.600000000000000        1.20000000000000     
  0.400000000000000       0.600000000000000        1.00000000000000     
  0.200000000000000       0.600000000000000        1.20000000000000     
  0.400000000000000       0.400000000000000        1.20000000000000     
           1
         965         469         453         166         167
  0.400000000000000       0.400000000000000        1.20000000000000     
  0.200000000000000       0.400000000000000        1.20000000000000     
  0.400000000000000       0.400000000000000        1.00000000000000     
  0.400000000000000       0.600000000000000        1.00000000000000     
           1
         966         469         457         453         167
  0.400000000000000       0.400000000000000        1.20000000000000     
  0.200000000000000       0.600000000000000        1.20000000000000     
  0.200000000000000       0.400000000000000        1.20000000000000     
  0.400000000000000       0.600000000000000        1.00000000000000     
           1
         967         473         457         458         453
  0.400000000000000       0.600000000000000        1.20000000000000     
  0.200000000000000       0.600000000000000        1.20000000000000     
  0.200000000000000       0.600000000000000        1.40000000000000     
  0.200000000000000       0.400000000000000        1.20000000000000     
           1
         968         454         453         469         473
  0.200000000000000       0.400000000000000        1.40000000000000     
  0.200000000000000       0.400000000000000        1.20000000000000     
  0.400000000000000       0.400000000000000        1.20000000000000     
  0.400000000000000       0.600000000000000        1.20000000000000     
           1
         969         458         453         454         473
  0.200000000000000       0.600000000000000        1.40000000000000     
  0.200000000000000       0.400000000000000        1.20000000000000     
  0.200000000000000       0.400000000000000        1.40000000000000     
  0.400000000000000       0.600000000000000        1.20000000000000     
           1
         970         474         473         458         470
  0.400000000000000       0.600000000000000        1.40000000000000     
  0.400000000000000       0.600000000000000        1.20000000000000     
  0.200000000000000       0.600000000000000        1.40000000000000     
  0.400000000000000       0.400000000000000        1.40000000000000     
           1
         971         470         454         469         473
  0.400000000000000       0.400000000000000        1.40000000000000     
  0.200000000000000       0.400000000000000        1.40000000000000     
  0.400000000000000       0.400000000000000        1.20000000000000     
  0.400000000000000       0.600000000000000        1.20000000000000     
           1
         972         470         458         454         473
  0.400000000000000       0.400000000000000        1.40000000000000     
  0.200000000000000       0.600000000000000        1.40000000000000     
  0.200000000000000       0.400000000000000        1.40000000000000     
  0.400000000000000       0.600000000000000        1.20000000000000     
           1
         973         474         458         459         454
  0.400000000000000       0.600000000000000        1.40000000000000     
  0.200000000000000       0.600000000000000        1.40000000000000     
  0.200000000000000       0.600000000000000        1.60000000000000     
  0.200000000000000       0.400000000000000        1.40000000000000     
           1
         974         455         454         470         474
  0.200000000000000       0.400000000000000        1.60000000000000     
  0.200000000000000       0.400000000000000        1.40000000000000     
  0.400000000000000       0.400000000000000        1.40000000000000     
  0.400000000000000       0.600000000000000        1.40000000000000     
           1
         975         459         454         455         474
  0.200000000000000       0.600000000000000        1.60000000000000     
  0.200000000000000       0.400000000000000        1.40000000000000     
  0.200000000000000       0.400000000000000        1.60000000000000     
  0.400000000000000       0.600000000000000        1.40000000000000     
           1
         976         475         474         459         471
  0.400000000000000       0.600000000000000        1.60000000000000     
  0.400000000000000       0.600000000000000        1.40000000000000     
  0.200000000000000       0.600000000000000        1.60000000000000     
  0.400000000000000       0.400000000000000        1.60000000000000     
           1
         977         471         455         470         474
  0.400000000000000       0.400000000000000        1.60000000000000     
  0.200000000000000       0.400000000000000        1.60000000000000     
  0.400000000000000       0.400000000000000        1.40000000000000     
  0.400000000000000       0.600000000000000        1.40000000000000     
           1
         978         471         459         455         474
  0.400000000000000       0.400000000000000        1.60000000000000     
  0.200000000000000       0.600000000000000        1.60000000000000     
  0.200000000000000       0.400000000000000        1.60000000000000     
  0.400000000000000       0.600000000000000        1.40000000000000     
           1
         979         475         459         460         455
  0.400000000000000       0.600000000000000        1.60000000000000     
  0.200000000000000       0.600000000000000        1.60000000000000     
  0.200000000000000       0.600000000000000        1.80000000000000     
  0.200000000000000       0.400000000000000        1.60000000000000     
           1
         980         456         455         471         475
  0.200000000000000       0.400000000000000        1.80000000000000     
  0.200000000000000       0.400000000000000        1.60000000000000     
  0.400000000000000       0.400000000000000        1.60000000000000     
  0.400000000000000       0.600000000000000        1.60000000000000     
           1
         981         460         455         456         475
  0.200000000000000       0.600000000000000        1.80000000000000     
  0.200000000000000       0.400000000000000        1.60000000000000     
  0.200000000000000       0.400000000000000        1.80000000000000     
  0.400000000000000       0.600000000000000        1.60000000000000     
           1
         982         476         475         460         472
  0.400000000000000       0.600000000000000        1.80000000000000     
  0.400000000000000       0.600000000000000        1.60000000000000     
  0.200000000000000       0.600000000000000        1.80000000000000     
  0.400000000000000       0.400000000000000        1.80000000000000     
           1
         983         472         456         471         475
  0.400000000000000       0.400000000000000        1.80000000000000     
  0.200000000000000       0.400000000000000        1.80000000000000     
  0.400000000000000       0.400000000000000        1.60000000000000     
  0.400000000000000       0.600000000000000        1.60000000000000     
           1
         984         472         460         456         475
  0.400000000000000       0.400000000000000        1.80000000000000     
  0.200000000000000       0.600000000000000        1.80000000000000     
  0.200000000000000       0.400000000000000        1.80000000000000     
  0.400000000000000       0.600000000000000        1.60000000000000     
           1
         985         476         460         259         456
  0.400000000000000       0.600000000000000        1.80000000000000     
  0.200000000000000       0.600000000000000        1.80000000000000     
  0.200000000000000       0.600000000000000        2.00000000000000     
  0.200000000000000       0.400000000000000        1.80000000000000     
           1
         986         258         456         472         476
  0.200000000000000       0.400000000000000        2.00000000000000     
  0.200000000000000       0.400000000000000        1.80000000000000     
  0.400000000000000       0.400000000000000        1.80000000000000     
  0.400000000000000       0.600000000000000        1.80000000000000     
           1
         987         259         456         258         476
  0.200000000000000       0.600000000000000        2.00000000000000     
  0.200000000000000       0.400000000000000        1.80000000000000     
  0.200000000000000       0.400000000000000        2.00000000000000     
  0.400000000000000       0.600000000000000        1.80000000000000     
           1
         988         263         476         259         262
  0.400000000000000       0.600000000000000        2.00000000000000     
  0.400000000000000       0.600000000000000        1.80000000000000     
  0.200000000000000       0.600000000000000        2.00000000000000     
  0.400000000000000       0.400000000000000        2.00000000000000     
           1
         989         262         258         472         476
  0.400000000000000       0.400000000000000        2.00000000000000     
  0.200000000000000       0.400000000000000        2.00000000000000     
  0.400000000000000       0.400000000000000        1.80000000000000     
  0.400000000000000       0.600000000000000        1.80000000000000     
           1
         990         262         259         258         476
  0.400000000000000       0.400000000000000        2.00000000000000     
  0.200000000000000       0.600000000000000        2.00000000000000     
  0.200000000000000       0.400000000000000        2.00000000000000     
  0.400000000000000       0.600000000000000        1.80000000000000     
           1
         991         168         164         461         163
  0.400000000000000       0.800000000000000        1.00000000000000     
  0.200000000000000       0.800000000000000        1.00000000000000     
  0.200000000000000       0.800000000000000        1.20000000000000     
  0.200000000000000       0.600000000000000        1.00000000000000     
           1
         992         457         163         167         168
  0.200000000000000       0.600000000000000        1.20000000000000     
  0.200000000000000       0.600000000000000        1.00000000000000     
  0.400000000000000       0.600000000000000        1.00000000000000     
  0.400000000000000       0.800000000000000        1.00000000000000     
           1
         993         461         163         457         168
  0.200000000000000       0.800000000000000        1.20000000000000     
  0.200000000000000       0.600000000000000        1.00000000000000     
  0.200000000000000       0.600000000000000        1.20000000000000     
  0.400000000000000       0.800000000000000        1.00000000000000     
           1
         994         477         168         461         473
  0.400000000000000       0.800000000000000        1.20000000000000     
  0.400000000000000       0.800000000000000        1.00000000000000     
  0.200000000000000       0.800000000000000        1.20000000000000     
  0.400000000000000       0.600000000000000        1.20000000000000     
           1
         995         473         457         167         168
  0.400000000000000       0.600000000000000        1.20000000000000     
  0.200000000000000       0.600000000000000        1.20000000000000     
  0.400000000000000       0.600000000000000        1.00000000000000     
  0.400000000000000       0.800000000000000        1.00000000000000     
           1
         996         473         461         457         168
  0.400000000000000       0.600000000000000        1.20000000000000     
  0.200000000000000       0.800000000000000        1.20000000000000     
  0.200000000000000       0.600000000000000        1.20000000000000     
  0.400000000000000       0.800000000000000        1.00000000000000     
           1
         997         477         461         462         457
  0.400000000000000       0.800000000000000        1.20000000000000     
  0.200000000000000       0.800000000000000        1.20000000000000     
  0.200000000000000       0.800000000000000        1.40000000000000     
  0.200000000000000       0.600000000000000        1.20000000000000     
           1
         998         458         457         473         477
  0.200000000000000       0.600000000000000        1.40000000000000     
  0.200000000000000       0.600000000000000        1.20000000000000     
  0.400000000000000       0.600000000000000        1.20000000000000     
  0.400000000000000       0.800000000000000        1.20000000000000     
           1
         999         462         457         458         477
  0.200000000000000       0.800000000000000        1.40000000000000     
  0.200000000000000       0.600000000000000        1.20000000000000     
  0.200000000000000       0.600000000000000        1.40000000000000     
  0.400000000000000       0.800000000000000        1.20000000000000     
           1
        1000         478         477         462         474
  0.400000000000000       0.800000000000000        1.40000000000000     
  0.400000000000000       0.800000000000000        1.20000000000000     
  0.200000000000000       0.800000000000000        1.40000000000000     
  0.400000000000000       0.600000000000000        1.40000000000000     
           1
        1001         474         458         473         477
  0.400000000000000       0.600000000000000        1.40000000000000     
  0.200000000000000       0.600000000000000        1.40000000000000     
  0.400000000000000       0.600000000000000        1.20000000000000     
  0.400000000000000       0.800000000000000        1.20000000000000     
           1
        1002         474         462         458         477
  0.400000000000000       0.600000000000000        1.40000000000000     
  0.200000000000000       0.800000000000000        1.40000000000000     
  0.200000000000000       0.600000000000000        1.40000000000000     
  0.400000000000000       0.800000000000000        1.20000000000000     
           1
        1003         478         462         463         458
  0.400000000000000       0.800000000000000        1.40000000000000     
  0.200000000000000       0.800000000000000        1.40000000000000     
  0.200000000000000       0.800000000000000        1.60000000000000     
  0.200000000000000       0.600000000000000        1.40000000000000     
           1
        1004         459         458         474         478
  0.200000000000000       0.600000000000000        1.60000000000000     
  0.200000000000000       0.600000000000000        1.40000000000000     
  0.400000000000000       0.600000000000000        1.40000000000000     
  0.400000000000000       0.800000000000000        1.40000000000000     
           1
        1005         463         458         459         478
  0.200000000000000       0.800000000000000        1.60000000000000     
  0.200000000000000       0.600000000000000        1.40000000000000     
  0.200000000000000       0.600000000000000        1.60000000000000     
  0.400000000000000       0.800000000000000        1.40000000000000     
           1
        1006         479         478         463         475
  0.400000000000000       0.800000000000000        1.60000000000000     
  0.400000000000000       0.800000000000000        1.40000000000000     
  0.200000000000000       0.800000000000000        1.60000000000000     
  0.400000000000000       0.600000000000000        1.60000000000000     
           1
        1007         475         459         474         478
  0.400000000000000       0.600000000000000        1.60000000000000     
  0.200000000000000       0.600000000000000        1.60000000000000     
  0.400000000000000       0.600000000000000        1.40000000000000     
  0.400000000000000       0.800000000000000        1.40000000000000     
           1
        1008         475         463         459         478
  0.400000000000000       0.600000000000000        1.60000000000000     
  0.200000000000000       0.800000000000000        1.60000000000000     
  0.200000000000000       0.600000000000000        1.60000000000000     
  0.400000000000000       0.800000000000000        1.40000000000000     
           1
        1009         479         463         464         459
  0.400000000000000       0.800000000000000        1.60000000000000     
  0.200000000000000       0.800000000000000        1.60000000000000     
  0.200000000000000       0.800000000000000        1.80000000000000     
  0.200000000000000       0.600000000000000        1.60000000000000     
           1
        1010         460         459         475         479
  0.200000000000000       0.600000000000000        1.80000000000000     
  0.200000000000000       0.600000000000000        1.60000000000000     
  0.400000000000000       0.600000000000000        1.60000000000000     
  0.400000000000000       0.800000000000000        1.60000000000000     
           1
        1011         464         459         460         479
  0.200000000000000       0.800000000000000        1.80000000000000     
  0.200000000000000       0.600000000000000        1.60000000000000     
  0.200000000000000       0.600000000000000        1.80000000000000     
  0.400000000000000       0.800000000000000        1.60000000000000     
           1
        1012         480         479         464         476
  0.400000000000000       0.800000000000000        1.80000000000000     
  0.400000000000000       0.800000000000000        1.60000000000000     
  0.200000000000000       0.800000000000000        1.80000000000000     
  0.400000000000000       0.600000000000000        1.80000000000000     
           1
        1013         476         460         475         479
  0.400000000000000       0.600000000000000        1.80000000000000     
  0.200000000000000       0.600000000000000        1.80000000000000     
  0.400000000000000       0.600000000000000        1.60000000000000     
  0.400000000000000       0.800000000000000        1.60000000000000     
           1
        1014         476         464         460         479
  0.400000000000000       0.600000000000000        1.80000000000000     
  0.200000000000000       0.800000000000000        1.80000000000000     
  0.200000000000000       0.600000000000000        1.80000000000000     
  0.400000000000000       0.800000000000000        1.60000000000000     
           1
        1015         480         464         260         460
  0.400000000000000       0.800000000000000        1.80000000000000     
  0.200000000000000       0.800000000000000        1.80000000000000     
  0.200000000000000       0.800000000000000        2.00000000000000     
  0.200000000000000       0.600000000000000        1.80000000000000     
           1
        1016         259         460         476         480
  0.200000000000000       0.600000000000000        2.00000000000000     
  0.200000000000000       0.600000000000000        1.80000000000000     
  0.400000000000000       0.600000000000000        1.80000000000000     
  0.400000000000000       0.800000000000000        1.80000000000000     
           1
        1017         260         460         259         480
  0.200000000000000       0.800000000000000        2.00000000000000     
  0.200000000000000       0.600000000000000        1.80000000000000     
  0.200000000000000       0.600000000000000        2.00000000000000     
  0.400000000000000       0.800000000000000        1.80000000000000     
           1
        1018         264         480         260         263
  0.400000000000000       0.800000000000000        2.00000000000000     
  0.400000000000000       0.800000000000000        1.80000000000000     
  0.200000000000000       0.800000000000000        2.00000000000000     
  0.400000000000000       0.600000000000000        2.00000000000000     
           1
        1019         263         259         476         480
  0.400000000000000       0.600000000000000        2.00000000000000     
  0.200000000000000       0.600000000000000        2.00000000000000     
  0.400000000000000       0.600000000000000        1.80000000000000     
  0.400000000000000       0.800000000000000        1.80000000000000     
           1
        1020         263         260         259         480
  0.400000000000000       0.600000000000000        2.00000000000000     
  0.200000000000000       0.800000000000000        2.00000000000000     
  0.200000000000000       0.600000000000000        2.00000000000000     
  0.400000000000000       0.800000000000000        1.80000000000000     
           1
        1021          58          57         289         164
  0.400000000000000        1.00000000000000        1.00000000000000     
  0.200000000000000        1.00000000000000        1.00000000000000     
  0.200000000000000        1.00000000000000        1.20000000000000     
  0.200000000000000       0.800000000000000        1.00000000000000     
           1
        1022         461         164         168          58
  0.200000000000000       0.800000000000000        1.20000000000000     
  0.200000000000000       0.800000000000000        1.00000000000000     
  0.400000000000000       0.800000000000000        1.00000000000000     
  0.400000000000000        1.00000000000000        1.00000000000000     
           1
        1023         289         164         461          58
  0.200000000000000        1.00000000000000        1.20000000000000     
  0.200000000000000       0.800000000000000        1.00000000000000     
  0.200000000000000       0.800000000000000        1.20000000000000     
  0.400000000000000        1.00000000000000        1.00000000000000     
           1
        1024         290          58         289         477
  0.400000000000000        1.00000000000000        1.20000000000000     
  0.400000000000000        1.00000000000000        1.00000000000000     
  0.200000000000000        1.00000000000000        1.20000000000000     
  0.400000000000000       0.800000000000000        1.20000000000000     
           1
        1025         477         461         168          58
  0.400000000000000       0.800000000000000        1.20000000000000     
  0.200000000000000       0.800000000000000        1.20000000000000     
  0.400000000000000       0.800000000000000        1.00000000000000     
  0.400000000000000        1.00000000000000        1.00000000000000     
           1
        1026         477         289         461          58
  0.400000000000000       0.800000000000000        1.20000000000000     
  0.200000000000000        1.00000000000000        1.20000000000000     
  0.200000000000000       0.800000000000000        1.20000000000000     
  0.400000000000000        1.00000000000000        1.00000000000000     
           1
        1027         290         289         293         461
  0.400000000000000        1.00000000000000        1.20000000000000     
  0.200000000000000        1.00000000000000        1.20000000000000     
  0.200000000000000        1.00000000000000        1.40000000000000     
  0.200000000000000       0.800000000000000        1.20000000000000     
           1
        1028         462         461         477         290
  0.200000000000000       0.800000000000000        1.40000000000000     
  0.200000000000000       0.800000000000000        1.20000000000000     
  0.400000000000000       0.800000000000000        1.20000000000000     
  0.400000000000000        1.00000000000000        1.20000000000000     
           1
        1029         293         461         462         290
  0.200000000000000        1.00000000000000        1.40000000000000     
  0.200000000000000       0.800000000000000        1.20000000000000     
  0.200000000000000       0.800000000000000        1.40000000000000     
  0.400000000000000        1.00000000000000        1.20000000000000     
           1
        1030         294         290         293         478
  0.400000000000000        1.00000000000000        1.40000000000000     
  0.400000000000000        1.00000000000000        1.20000000000000     
  0.200000000000000        1.00000000000000        1.40000000000000     
  0.400000000000000       0.800000000000000        1.40000000000000     
           1
        1031         478         462         477         290
  0.400000000000000       0.800000000000000        1.40000000000000     
  0.200000000000000       0.800000000000000        1.40000000000000     
  0.400000000000000       0.800000000000000        1.20000000000000     
  0.400000000000000        1.00000000000000        1.20000000000000     
           1
        1032         478         293         462         290
  0.400000000000000       0.800000000000000        1.40000000000000     
  0.200000000000000        1.00000000000000        1.40000000000000     
  0.200000000000000       0.800000000000000        1.40000000000000     
  0.400000000000000        1.00000000000000        1.20000000000000     
           1
        1033         294         293         297         462
  0.400000000000000        1.00000000000000        1.40000000000000     
  0.200000000000000        1.00000000000000        1.40000000000000     
  0.200000000000000        1.00000000000000        1.60000000000000     
  0.200000000000000       0.800000000000000        1.40000000000000     
           1
        1034         463         462         478         294
  0.200000000000000       0.800000000000000        1.60000000000000     
  0.200000000000000       0.800000000000000        1.40000000000000     
  0.400000000000000       0.800000000000000        1.40000000000000     
  0.400000000000000        1.00000000000000        1.40000000000000     
           1
        1035         297         462         463         294
  0.200000000000000        1.00000000000000        1.60000000000000     
  0.200000000000000       0.800000000000000        1.40000000000000     
  0.200000000000000       0.800000000000000        1.60000000000000     
  0.400000000000000        1.00000000000000        1.40000000000000     
           1
        1036         298         294         297         479
  0.400000000000000        1.00000000000000        1.60000000000000     
  0.400000000000000        1.00000000000000        1.40000000000000     
  0.200000000000000        1.00000000000000        1.60000000000000     
  0.400000000000000       0.800000000000000        1.60000000000000     
           1
        1037         479         463         478         294
  0.400000000000000       0.800000000000000        1.60000000000000     
  0.200000000000000       0.800000000000000        1.60000000000000     
  0.400000000000000       0.800000000000000        1.40000000000000     
  0.400000000000000        1.00000000000000        1.40000000000000     
           1
        1038         479         297         463         294
  0.400000000000000       0.800000000000000        1.60000000000000     
  0.200000000000000        1.00000000000000        1.60000000000000     
  0.200000000000000       0.800000000000000        1.60000000000000     
  0.400000000000000        1.00000000000000        1.40000000000000     
           1
        1039         298         297         301         463
  0.400000000000000        1.00000000000000        1.60000000000000     
  0.200000000000000        1.00000000000000        1.60000000000000     
  0.200000000000000        1.00000000000000        1.80000000000000     
  0.200000000000000       0.800000000000000        1.60000000000000     
           1
        1040         464         463         479         298
  0.200000000000000       0.800000000000000        1.80000000000000     
  0.200000000000000       0.800000000000000        1.60000000000000     
  0.400000000000000       0.800000000000000        1.60000000000000     
  0.400000000000000        1.00000000000000        1.60000000000000     
           1
        1041         301         463         464         298
  0.200000000000000        1.00000000000000        1.80000000000000     
  0.200000000000000       0.800000000000000        1.60000000000000     
  0.200000000000000       0.800000000000000        1.80000000000000     
  0.400000000000000        1.00000000000000        1.60000000000000     
           1
        1042         302         298         301         480
  0.400000000000000        1.00000000000000        1.80000000000000     
  0.400000000000000        1.00000000000000        1.60000000000000     
  0.200000000000000        1.00000000000000        1.80000000000000     
  0.400000000000000       0.800000000000000        1.80000000000000     
           1
        1043         480         464         479         298
  0.400000000000000       0.800000000000000        1.80000000000000     
  0.200000000000000       0.800000000000000        1.80000000000000     
  0.400000000000000       0.800000000000000        1.60000000000000     
  0.400000000000000        1.00000000000000        1.60000000000000     
           1
        1044         480         301         464         298
  0.400000000000000       0.800000000000000        1.80000000000000     
  0.200000000000000        1.00000000000000        1.80000000000000     
  0.200000000000000       0.800000000000000        1.80000000000000     
  0.400000000000000        1.00000000000000        1.60000000000000     
           1
        1045         302         301          89         464
  0.400000000000000        1.00000000000000        1.80000000000000     
  0.200000000000000        1.00000000000000        1.80000000000000     
  0.200000000000000        1.00000000000000        2.00000000000000     
  0.200000000000000       0.800000000000000        1.80000000000000     
           1
        1046         260         464         480         302
  0.200000000000000       0.800000000000000        2.00000000000000     
  0.200000000000000       0.800000000000000        1.80000000000000     
  0.400000000000000       0.800000000000000        1.80000000000000     
  0.400000000000000        1.00000000000000        1.80000000000000     
           1
        1047          89         464         260         302
  0.200000000000000        1.00000000000000        2.00000000000000     
  0.200000000000000       0.800000000000000        1.80000000000000     
  0.200000000000000       0.800000000000000        2.00000000000000     
  0.400000000000000        1.00000000000000        1.80000000000000     
           1
        1048          90         302          89         264
  0.400000000000000        1.00000000000000        2.00000000000000     
  0.400000000000000        1.00000000000000        1.80000000000000     
  0.200000000000000        1.00000000000000        2.00000000000000     
  0.400000000000000       0.800000000000000        2.00000000000000     
           1
        1049         264         260         480         302
  0.400000000000000       0.800000000000000        2.00000000000000     
  0.200000000000000       0.800000000000000        2.00000000000000     
  0.400000000000000       0.800000000000000        1.80000000000000     
  0.400000000000000        1.00000000000000        1.80000000000000     
           1
        1050         264          89         260         302
  0.400000000000000       0.800000000000000        2.00000000000000     
  0.200000000000000        1.00000000000000        2.00000000000000     
  0.200000000000000       0.800000000000000        2.00000000000000     
  0.400000000000000        1.00000000000000        1.80000000000000     
           1
        1051         169         165         465          26
  0.600000000000000       0.200000000000000        1.00000000000000     
  0.400000000000000       0.200000000000000        1.00000000000000     
  0.400000000000000       0.200000000000000        1.20000000000000     
  0.400000000000000       0.000000000000000E+000   1.00000000000000     
           1
        1052         226          26          27         169
  0.400000000000000       0.000000000000000E+000   1.20000000000000     
  0.400000000000000       0.000000000000000E+000   1.00000000000000     
  0.600000000000000       0.000000000000000E+000   1.00000000000000     
  0.600000000000000       0.200000000000000        1.00000000000000     
           1
        1053         465          26         226         169
  0.400000000000000       0.200000000000000        1.20000000000000     
  0.400000000000000       0.000000000000000E+000   1.00000000000000     
  0.400000000000000       0.000000000000000E+000   1.20000000000000     
  0.600000000000000       0.200000000000000        1.00000000000000     
           1
        1054         481         169         465         227
  0.600000000000000       0.200000000000000        1.20000000000000     
  0.600000000000000       0.200000000000000        1.00000000000000     
  0.400000000000000       0.200000000000000        1.20000000000000     
  0.600000000000000       0.000000000000000E+000   1.20000000000000     
           1
        1055         227         226          27         169
  0.600000000000000       0.000000000000000E+000   1.20000000000000     
  0.400000000000000       0.000000000000000E+000   1.20000000000000     
  0.600000000000000       0.000000000000000E+000   1.00000000000000     
  0.600000000000000       0.200000000000000        1.00000000000000     
           1
        1056         227         465         226         169
  0.600000000000000       0.000000000000000E+000   1.20000000000000     
  0.400000000000000       0.200000000000000        1.20000000000000     
  0.400000000000000       0.000000000000000E+000   1.20000000000000     
  0.600000000000000       0.200000000000000        1.00000000000000     
           1
        1057         481         465         466         226
  0.600000000000000       0.200000000000000        1.20000000000000     
  0.400000000000000       0.200000000000000        1.20000000000000     
  0.400000000000000       0.200000000000000        1.40000000000000     
  0.400000000000000       0.000000000000000E+000   1.20000000000000     
           1
        1058         230         226         227         481
  0.400000000000000       0.000000000000000E+000   1.40000000000000     
  0.400000000000000       0.000000000000000E+000   1.20000000000000     
  0.600000000000000       0.000000000000000E+000   1.20000000000000     
  0.600000000000000       0.200000000000000        1.20000000000000     
           1
        1059         466         226         230         481
  0.400000000000000       0.200000000000000        1.40000000000000     
  0.400000000000000       0.000000000000000E+000   1.20000000000000     
  0.400000000000000       0.000000000000000E+000   1.40000000000000     
  0.600000000000000       0.200000000000000        1.20000000000000     
           1
        1060         482         481         466         231
  0.600000000000000       0.200000000000000        1.40000000000000     
  0.600000000000000       0.200000000000000        1.20000000000000     
  0.400000000000000       0.200000000000000        1.40000000000000     
  0.600000000000000       0.000000000000000E+000   1.40000000000000     
           1
        1061         231         230         227         481
  0.600000000000000       0.000000000000000E+000   1.40000000000000     
  0.400000000000000       0.000000000000000E+000   1.40000000000000     
  0.600000000000000       0.000000000000000E+000   1.20000000000000     
  0.600000000000000       0.200000000000000        1.20000000000000     
           1
        1062         231         466         230         481
  0.600000000000000       0.000000000000000E+000   1.40000000000000     
  0.400000000000000       0.200000000000000        1.40000000000000     
  0.400000000000000       0.000000000000000E+000   1.40000000000000     
  0.600000000000000       0.200000000000000        1.20000000000000     
           1
        1063         482         466         467         230
  0.600000000000000       0.200000000000000        1.40000000000000     
  0.400000000000000       0.200000000000000        1.40000000000000     
  0.400000000000000       0.200000000000000        1.60000000000000     
  0.400000000000000       0.000000000000000E+000   1.40000000000000     
           1
        1064         234         230         231         482
  0.400000000000000       0.000000000000000E+000   1.60000000000000     
  0.400000000000000       0.000000000000000E+000   1.40000000000000     
  0.600000000000000       0.000000000000000E+000   1.40000000000000     
  0.600000000000000       0.200000000000000        1.40000000000000     
           1
        1065         467         230         234         482
  0.400000000000000       0.200000000000000        1.60000000000000     
  0.400000000000000       0.000000000000000E+000   1.40000000000000     
  0.400000000000000       0.000000000000000E+000   1.60000000000000     
  0.600000000000000       0.200000000000000        1.40000000000000     
           1
        1066         483         482         467         235
  0.600000000000000       0.200000000000000        1.60000000000000     
  0.600000000000000       0.200000000000000        1.40000000000000     
  0.400000000000000       0.200000000000000        1.60000000000000     
  0.600000000000000       0.000000000000000E+000   1.60000000000000     
           1
        1067         235         234         231         482
  0.600000000000000       0.000000000000000E+000   1.60000000000000     
  0.400000000000000       0.000000000000000E+000   1.60000000000000     
  0.600000000000000       0.000000000000000E+000   1.40000000000000     
  0.600000000000000       0.200000000000000        1.40000000000000     
           1
        1068         235         467         234         482
  0.600000000000000       0.000000000000000E+000   1.60000000000000     
  0.400000000000000       0.200000000000000        1.60000000000000     
  0.400000000000000       0.000000000000000E+000   1.60000000000000     
  0.600000000000000       0.200000000000000        1.40000000000000     
           1
        1069         483         467         468         234
  0.600000000000000       0.200000000000000        1.60000000000000     
  0.400000000000000       0.200000000000000        1.60000000000000     
  0.400000000000000       0.200000000000000        1.80000000000000     
  0.400000000000000       0.000000000000000E+000   1.60000000000000     
           1
        1070         238         234         235         483
  0.400000000000000       0.000000000000000E+000   1.80000000000000     
  0.400000000000000       0.000000000000000E+000   1.60000000000000     
  0.600000000000000       0.000000000000000E+000   1.60000000000000     
  0.600000000000000       0.200000000000000        1.60000000000000     
           1
        1071         468         234         238         483
  0.400000000000000       0.200000000000000        1.80000000000000     
  0.400000000000000       0.000000000000000E+000   1.60000000000000     
  0.400000000000000       0.000000000000000E+000   1.80000000000000     
  0.600000000000000       0.200000000000000        1.60000000000000     
           1
        1072         484         483         468         239
  0.600000000000000       0.200000000000000        1.80000000000000     
  0.600000000000000       0.200000000000000        1.60000000000000     
  0.400000000000000       0.200000000000000        1.80000000000000     
  0.600000000000000       0.000000000000000E+000   1.80000000000000     
           1
        1073         239         238         235         483
  0.600000000000000       0.000000000000000E+000   1.80000000000000     
  0.400000000000000       0.000000000000000E+000   1.80000000000000     
  0.600000000000000       0.000000000000000E+000   1.60000000000000     
  0.600000000000000       0.200000000000000        1.60000000000000     
           1
        1074         239         468         238         483
  0.600000000000000       0.000000000000000E+000   1.80000000000000     
  0.400000000000000       0.200000000000000        1.80000000000000     
  0.400000000000000       0.000000000000000E+000   1.80000000000000     
  0.600000000000000       0.200000000000000        1.60000000000000     
           1
        1075         484         468         261         238
  0.600000000000000       0.200000000000000        1.80000000000000     
  0.400000000000000       0.200000000000000        1.80000000000000     
  0.400000000000000       0.200000000000000        2.00000000000000     
  0.400000000000000       0.000000000000000E+000   1.80000000000000     
           1
        1076          70         238         239         484
  0.400000000000000       0.000000000000000E+000   2.00000000000000     
  0.400000000000000       0.000000000000000E+000   1.80000000000000     
  0.600000000000000       0.000000000000000E+000   1.80000000000000     
  0.600000000000000       0.200000000000000        1.80000000000000     
           1
        1077         261         238          70         484
  0.400000000000000       0.200000000000000        2.00000000000000     
  0.400000000000000       0.000000000000000E+000   1.80000000000000     
  0.400000000000000       0.000000000000000E+000   2.00000000000000     
  0.600000000000000       0.200000000000000        1.80000000000000     
           1
        1078         265         484         261          71
  0.600000000000000       0.200000000000000        2.00000000000000     
  0.600000000000000       0.200000000000000        1.80000000000000     
  0.400000000000000       0.200000000000000        2.00000000000000     
  0.600000000000000       0.000000000000000E+000   2.00000000000000     
           1
        1079          71          70         239         484
  0.600000000000000       0.000000000000000E+000   2.00000000000000     
  0.400000000000000       0.000000000000000E+000   2.00000000000000     
  0.600000000000000       0.000000000000000E+000   1.80000000000000     
  0.600000000000000       0.200000000000000        1.80000000000000     
           1
        1080          71         261          70         484
  0.600000000000000       0.000000000000000E+000   2.00000000000000     
  0.400000000000000       0.200000000000000        2.00000000000000     
  0.400000000000000       0.000000000000000E+000   2.00000000000000     
  0.600000000000000       0.200000000000000        1.80000000000000     
           1
        1081         170         166         469         165
  0.600000000000000       0.400000000000000        1.00000000000000     
  0.400000000000000       0.400000000000000        1.00000000000000     
  0.400000000000000       0.400000000000000        1.20000000000000     
  0.400000000000000       0.200000000000000        1.00000000000000     
           1
        1082         465         165         169         170
  0.400000000000000       0.200000000000000        1.20000000000000     
  0.400000000000000       0.200000000000000        1.00000000000000     
  0.600000000000000       0.200000000000000        1.00000000000000     
  0.600000000000000       0.400000000000000        1.00000000000000     
           1
        1083         469         165         465         170
  0.400000000000000       0.400000000000000        1.20000000000000     
  0.400000000000000       0.200000000000000        1.00000000000000     
  0.400000000000000       0.200000000000000        1.20000000000000     
  0.600000000000000       0.400000000000000        1.00000000000000     
           1
        1084         485         170         469         481
  0.600000000000000       0.400000000000000        1.20000000000000     
  0.600000000000000       0.400000000000000        1.00000000000000     
  0.400000000000000       0.400000000000000        1.20000000000000     
  0.600000000000000       0.200000000000000        1.20000000000000     
           1
        1085         481         465         169         170
  0.600000000000000       0.200000000000000        1.20000000000000     
  0.400000000000000       0.200000000000000        1.20000000000000     
  0.600000000000000       0.200000000000000        1.00000000000000     
  0.600000000000000       0.400000000000000        1.00000000000000     
           1
        1086         481         469         465         170
  0.600000000000000       0.200000000000000        1.20000000000000     
  0.400000000000000       0.400000000000000        1.20000000000000     
  0.400000000000000       0.200000000000000        1.20000000000000     
  0.600000000000000       0.400000000000000        1.00000000000000     
           1
        1087         485         469         470         465
  0.600000000000000       0.400000000000000        1.20000000000000     
  0.400000000000000       0.400000000000000        1.20000000000000     
  0.400000000000000       0.400000000000000        1.40000000000000     
  0.400000000000000       0.200000000000000        1.20000000000000     
           1
        1088         466         465         481         485
  0.400000000000000       0.200000000000000        1.40000000000000     
  0.400000000000000       0.200000000000000        1.20000000000000     
  0.600000000000000       0.200000000000000        1.20000000000000     
  0.600000000000000       0.400000000000000        1.20000000000000     
           1
        1089         470         465         466         485
  0.400000000000000       0.400000000000000        1.40000000000000     
  0.400000000000000       0.200000000000000        1.20000000000000     
  0.400000000000000       0.200000000000000        1.40000000000000     
  0.600000000000000       0.400000000000000        1.20000000000000     
           1
        1090         486         485         470         482
  0.600000000000000       0.400000000000000        1.40000000000000     
  0.600000000000000       0.400000000000000        1.20000000000000     
  0.400000000000000       0.400000000000000        1.40000000000000     
  0.600000000000000       0.200000000000000        1.40000000000000     
           1
        1091         482         466         481         485
  0.600000000000000       0.200000000000000        1.40000000000000     
  0.400000000000000       0.200000000000000        1.40000000000000     
  0.600000000000000       0.200000000000000        1.20000000000000     
  0.600000000000000       0.400000000000000        1.20000000000000     
           1
        1092         482         470         466         485
  0.600000000000000       0.200000000000000        1.40000000000000     
  0.400000000000000       0.400000000000000        1.40000000000000     
  0.400000000000000       0.200000000000000        1.40000000000000     
  0.600000000000000       0.400000000000000        1.20000000000000     
           1
        1093         486         470         471         466
  0.600000000000000       0.400000000000000        1.40000000000000     
  0.400000000000000       0.400000000000000        1.40000000000000     
  0.400000000000000       0.400000000000000        1.60000000000000     
  0.400000000000000       0.200000000000000        1.40000000000000     
           1
        1094         467         466         482         486
  0.400000000000000       0.200000000000000        1.60000000000000     
  0.400000000000000       0.200000000000000        1.40000000000000     
  0.600000000000000       0.200000000000000        1.40000000000000     
  0.600000000000000       0.400000000000000        1.40000000000000     
           1
        1095         471         466         467         486
  0.400000000000000       0.400000000000000        1.60000000000000     
  0.400000000000000       0.200000000000000        1.40000000000000     
  0.400000000000000       0.200000000000000        1.60000000000000     
  0.600000000000000       0.400000000000000        1.40000000000000     
           1
        1096         487         486         471         483
  0.600000000000000       0.400000000000000        1.60000000000000     
  0.600000000000000       0.400000000000000        1.40000000000000     
  0.400000000000000       0.400000000000000        1.60000000000000     
  0.600000000000000       0.200000000000000        1.60000000000000     
           1
        1097         483         467         482         486
  0.600000000000000       0.200000000000000        1.60000000000000     
  0.400000000000000       0.200000000000000        1.60000000000000     
  0.600000000000000       0.200000000000000        1.40000000000000     
  0.600000000000000       0.400000000000000        1.40000000000000     
           1
        1098         483         471         467         486
  0.600000000000000       0.200000000000000        1.60000000000000     
  0.400000000000000       0.400000000000000        1.60000000000000     
  0.400000000000000       0.200000000000000        1.60000000000000     
  0.600000000000000       0.400000000000000        1.40000000000000     
           1
        1099         487         471         472         467
  0.600000000000000       0.400000000000000        1.60000000000000     
  0.400000000000000       0.400000000000000        1.60000000000000     
  0.400000000000000       0.400000000000000        1.80000000000000     
  0.400000000000000       0.200000000000000        1.60000000000000     
           1
        1100         468         467         483         487
  0.400000000000000       0.200000000000000        1.80000000000000     
  0.400000000000000       0.200000000000000        1.60000000000000     
  0.600000000000000       0.200000000000000        1.60000000000000     
  0.600000000000000       0.400000000000000        1.60000000000000     
           1
        1101         472         467         468         487
  0.400000000000000       0.400000000000000        1.80000000000000     
  0.400000000000000       0.200000000000000        1.60000000000000     
  0.400000000000000       0.200000000000000        1.80000000000000     
  0.600000000000000       0.400000000000000        1.60000000000000     
           1
        1102         488         487         472         484
  0.600000000000000       0.400000000000000        1.80000000000000     
  0.600000000000000       0.400000000000000        1.60000000000000     
  0.400000000000000       0.400000000000000        1.80000000000000     
  0.600000000000000       0.200000000000000        1.80000000000000     
           1
        1103         484         468         483         487
  0.600000000000000       0.200000000000000        1.80000000000000     
  0.400000000000000       0.200000000000000        1.80000000000000     
  0.600000000000000       0.200000000000000        1.60000000000000     
  0.600000000000000       0.400000000000000        1.60000000000000     
           1
        1104         484         472         468         487
  0.600000000000000       0.200000000000000        1.80000000000000     
  0.400000000000000       0.400000000000000        1.80000000000000     
  0.400000000000000       0.200000000000000        1.80000000000000     
  0.600000000000000       0.400000000000000        1.60000000000000     
           1
        1105         488         472         262         468
  0.600000000000000       0.400000000000000        1.80000000000000     
  0.400000000000000       0.400000000000000        1.80000000000000     
  0.400000000000000       0.400000000000000        2.00000000000000     
  0.400000000000000       0.200000000000000        1.80000000000000     
           1
        1106         261         468         484         488
  0.400000000000000       0.200000000000000        2.00000000000000     
  0.400000000000000       0.200000000000000        1.80000000000000     
  0.600000000000000       0.200000000000000        1.80000000000000     
  0.600000000000000       0.400000000000000        1.80000000000000     
           1
        1107         262         468         261         488
  0.400000000000000       0.400000000000000        2.00000000000000     
  0.400000000000000       0.200000000000000        1.80000000000000     
  0.400000000000000       0.200000000000000        2.00000000000000     
  0.600000000000000       0.400000000000000        1.80000000000000     
           1
        1108         266         488         262         265
  0.600000000000000       0.400000000000000        2.00000000000000     
  0.600000000000000       0.400000000000000        1.80000000000000     
  0.400000000000000       0.400000000000000        2.00000000000000     
  0.600000000000000       0.200000000000000        2.00000000000000     
           1
        1109         265         261         484         488
  0.600000000000000       0.200000000000000        2.00000000000000     
  0.400000000000000       0.200000000000000        2.00000000000000     
  0.600000000000000       0.200000000000000        1.80000000000000     
  0.600000000000000       0.400000000000000        1.80000000000000     
           1
        1110         265         262         261         488
  0.600000000000000       0.200000000000000        2.00000000000000     
  0.400000000000000       0.400000000000000        2.00000000000000     
  0.400000000000000       0.200000000000000        2.00000000000000     
  0.600000000000000       0.400000000000000        1.80000000000000     
           1
        1111         171         167         473         166
  0.600000000000000       0.600000000000000        1.00000000000000     
  0.400000000000000       0.600000000000000        1.00000000000000     
  0.400000000000000       0.600000000000000        1.20000000000000     
  0.400000000000000       0.400000000000000        1.00000000000000     
           1
        1112         469         166         170         171
  0.400000000000000       0.400000000000000        1.20000000000000     
  0.400000000000000       0.400000000000000        1.00000000000000     
  0.600000000000000       0.400000000000000        1.00000000000000     
  0.600000000000000       0.600000000000000        1.00000000000000     
           1
        1113         473         166         469         171
  0.400000000000000       0.600000000000000        1.20000000000000     
  0.400000000000000       0.400000000000000        1.00000000000000     
  0.400000000000000       0.400000000000000        1.20000000000000     
  0.600000000000000       0.600000000000000        1.00000000000000     
           1
        1114         489         171         473         485
  0.600000000000000       0.600000000000000        1.20000000000000     
  0.600000000000000       0.600000000000000        1.00000000000000     
  0.400000000000000       0.600000000000000        1.20000000000000     
  0.600000000000000       0.400000000000000        1.20000000000000     
           1
        1115         485         469         170         171
  0.600000000000000       0.400000000000000        1.20000000000000     
  0.400000000000000       0.400000000000000        1.20000000000000     
  0.600000000000000       0.400000000000000        1.00000000000000     
  0.600000000000000       0.600000000000000        1.00000000000000     
           1
        1116         485         473         469         171
  0.600000000000000       0.400000000000000        1.20000000000000     
  0.400000000000000       0.600000000000000        1.20000000000000     
  0.400000000000000       0.400000000000000        1.20000000000000     
  0.600000000000000       0.600000000000000        1.00000000000000     
           1
        1117         489         473         474         469
  0.600000000000000       0.600000000000000        1.20000000000000     
  0.400000000000000       0.600000000000000        1.20000000000000     
  0.400000000000000       0.600000000000000        1.40000000000000     
  0.400000000000000       0.400000000000000        1.20000000000000     
           1
        1118         470         469         485         489
  0.400000000000000       0.400000000000000        1.40000000000000     
  0.400000000000000       0.400000000000000        1.20000000000000     
  0.600000000000000       0.400000000000000        1.20000000000000     
  0.600000000000000       0.600000000000000        1.20000000000000     
           1
        1119         474         469         470         489
  0.400000000000000       0.600000000000000        1.40000000000000     
  0.400000000000000       0.400000000000000        1.20000000000000     
  0.400000000000000       0.400000000000000        1.40000000000000     
  0.600000000000000       0.600000000000000        1.20000000000000     
           1
        1120         490         489         474         486
  0.600000000000000       0.600000000000000        1.40000000000000     
  0.600000000000000       0.600000000000000        1.20000000000000     
  0.400000000000000       0.600000000000000        1.40000000000000     
  0.600000000000000       0.400000000000000        1.40000000000000     
           1
        1121         486         470         485         489
  0.600000000000000       0.400000000000000        1.40000000000000     
  0.400000000000000       0.400000000000000        1.40000000000000     
  0.600000000000000       0.400000000000000        1.20000000000000     
  0.600000000000000       0.600000000000000        1.20000000000000     
           1
        1122         486         474         470         489
  0.600000000000000       0.400000000000000        1.40000000000000     
  0.400000000000000       0.600000000000000        1.40000000000000     
  0.400000000000000       0.400000000000000        1.40000000000000     
  0.600000000000000       0.600000000000000        1.20000000000000     
           1
        1123         490         474         475         470
  0.600000000000000       0.600000000000000        1.40000000000000     
  0.400000000000000       0.600000000000000        1.40000000000000     
  0.400000000000000       0.600000000000000        1.60000000000000     
  0.400000000000000       0.400000000000000        1.40000000000000     
           1
        1124         471         470         486         490
  0.400000000000000       0.400000000000000        1.60000000000000     
  0.400000000000000       0.400000000000000        1.40000000000000     
  0.600000000000000       0.400000000000000        1.40000000000000     
  0.600000000000000       0.600000000000000        1.40000000000000     
           1
        1125         475         470         471         490
  0.400000000000000       0.600000000000000        1.60000000000000     
  0.400000000000000       0.400000000000000        1.40000000000000     
  0.400000000000000       0.400000000000000        1.60000000000000     
  0.600000000000000       0.600000000000000        1.40000000000000     
           1
        1126         491         490         475         487
  0.600000000000000       0.600000000000000        1.60000000000000     
  0.600000000000000       0.600000000000000        1.40000000000000     
  0.400000000000000       0.600000000000000        1.60000000000000     
  0.600000000000000       0.400000000000000        1.60000000000000     
           1
        1127         487         471         486         490
  0.600000000000000       0.400000000000000        1.60000000000000     
  0.400000000000000       0.400000000000000        1.60000000000000     
  0.600000000000000       0.400000000000000        1.40000000000000     
  0.600000000000000       0.600000000000000        1.40000000000000     
           1
        1128         487         475         471         490
  0.600000000000000       0.400000000000000        1.60000000000000     
  0.400000000000000       0.600000000000000        1.60000000000000     
  0.400000000000000       0.400000000000000        1.60000000000000     
  0.600000000000000       0.600000000000000        1.40000000000000     
           1
        1129         491         475         476         471
  0.600000000000000       0.600000000000000        1.60000000000000     
  0.400000000000000       0.600000000000000        1.60000000000000     
  0.400000000000000       0.600000000000000        1.80000000000000     
  0.400000000000000       0.400000000000000        1.60000000000000     
           1
        1130         472         471         487         491
  0.400000000000000       0.400000000000000        1.80000000000000     
  0.400000000000000       0.400000000000000        1.60000000000000     
  0.600000000000000       0.400000000000000        1.60000000000000     
  0.600000000000000       0.600000000000000        1.60000000000000     
           1
        1131         476         471         472         491
  0.400000000000000       0.600000000000000        1.80000000000000     
  0.400000000000000       0.400000000000000        1.60000000000000     
  0.400000000000000       0.400000000000000        1.80000000000000     
  0.600000000000000       0.600000000000000        1.60000000000000     
           1
        1132         492         491         476         488
  0.600000000000000       0.600000000000000        1.80000000000000     
  0.600000000000000       0.600000000000000        1.60000000000000     
  0.400000000000000       0.600000000000000        1.80000000000000     
  0.600000000000000       0.400000000000000        1.80000000000000     
           1
        1133         488         472         487         491
  0.600000000000000       0.400000000000000        1.80000000000000     
  0.400000000000000       0.400000000000000        1.80000000000000     
  0.600000000000000       0.400000000000000        1.60000000000000     
  0.600000000000000       0.600000000000000        1.60000000000000     
           1
        1134         488         476         472         491
  0.600000000000000       0.400000000000000        1.80000000000000     
  0.400000000000000       0.600000000000000        1.80000000000000     
  0.400000000000000       0.400000000000000        1.80000000000000     
  0.600000000000000       0.600000000000000        1.60000000000000     
           1
        1135         492         476         263         472
  0.600000000000000       0.600000000000000        1.80000000000000     
  0.400000000000000       0.600000000000000        1.80000000000000     
  0.400000000000000       0.600000000000000        2.00000000000000     
  0.400000000000000       0.400000000000000        1.80000000000000     
           1
        1136         262         472         488         492
  0.400000000000000       0.400000000000000        2.00000000000000     
  0.400000000000000       0.400000000000000        1.80000000000000     
  0.600000000000000       0.400000000000000        1.80000000000000     
  0.600000000000000       0.600000000000000        1.80000000000000     
           1
        1137         263         472         262         492
  0.400000000000000       0.600000000000000        2.00000000000000     
  0.400000000000000       0.400000000000000        1.80000000000000     
  0.400000000000000       0.400000000000000        2.00000000000000     
  0.600000000000000       0.600000000000000        1.80000000000000     
           1
        1138         267         492         263         266
  0.600000000000000       0.600000000000000        2.00000000000000     
  0.600000000000000       0.600000000000000        1.80000000000000     
  0.400000000000000       0.600000000000000        2.00000000000000     
  0.600000000000000       0.400000000000000        2.00000000000000     
           1
        1139         266         262         488         492
  0.600000000000000       0.400000000000000        2.00000000000000     
  0.400000000000000       0.400000000000000        2.00000000000000     
  0.600000000000000       0.400000000000000        1.80000000000000     
  0.600000000000000       0.600000000000000        1.80000000000000     
           1
        1140         266         263         262         492
  0.600000000000000       0.400000000000000        2.00000000000000     
  0.400000000000000       0.600000000000000        2.00000000000000     
  0.400000000000000       0.400000000000000        2.00000000000000     
  0.600000000000000       0.600000000000000        1.80000000000000     
           1
        1141         172         168         477         167
  0.600000000000000       0.800000000000000        1.00000000000000     
  0.400000000000000       0.800000000000000        1.00000000000000     
  0.400000000000000       0.800000000000000        1.20000000000000     
  0.400000000000000       0.600000000000000        1.00000000000000     
           1
        1142         473         167         171         172
  0.400000000000000       0.600000000000000        1.20000000000000     
  0.400000000000000       0.600000000000000        1.00000000000000     
  0.600000000000000       0.600000000000000        1.00000000000000     
  0.600000000000000       0.800000000000000        1.00000000000000     
           1
        1143         477         167         473         172
  0.400000000000000       0.800000000000000        1.20000000000000     
  0.400000000000000       0.600000000000000        1.00000000000000     
  0.400000000000000       0.600000000000000        1.20000000000000     
  0.600000000000000       0.800000000000000        1.00000000000000     
           1
        1144         493         172         477         489
  0.600000000000000       0.800000000000000        1.20000000000000     
  0.600000000000000       0.800000000000000        1.00000000000000     
  0.400000000000000       0.800000000000000        1.20000000000000     
  0.600000000000000       0.600000000000000        1.20000000000000     
           1
        1145         489         473         171         172
  0.600000000000000       0.600000000000000        1.20000000000000     
  0.400000000000000       0.600000000000000        1.20000000000000     
  0.600000000000000       0.600000000000000        1.00000000000000     
  0.600000000000000       0.800000000000000        1.00000000000000     
           1
        1146         489         477         473         172
  0.600000000000000       0.600000000000000        1.20000000000000     
  0.400000000000000       0.800000000000000        1.20000000000000     
  0.400000000000000       0.600000000000000        1.20000000000000     
  0.600000000000000       0.800000000000000        1.00000000000000     
           1
        1147         493         477         478         473
  0.600000000000000       0.800000000000000        1.20000000000000     
  0.400000000000000       0.800000000000000        1.20000000000000     
  0.400000000000000       0.800000000000000        1.40000000000000     
  0.400000000000000       0.600000000000000        1.20000000000000     
           1
        1148         474         473         489         493
  0.400000000000000       0.600000000000000        1.40000000000000     
  0.400000000000000       0.600000000000000        1.20000000000000     
  0.600000000000000       0.600000000000000        1.20000000000000     
  0.600000000000000       0.800000000000000        1.20000000000000     
           1
        1149         478         473         474         493
  0.400000000000000       0.800000000000000        1.40000000000000     
  0.400000000000000       0.600000000000000        1.20000000000000     
  0.400000000000000       0.600000000000000        1.40000000000000     
  0.600000000000000       0.800000000000000        1.20000000000000     
           1
        1150         494         493         478         490
  0.600000000000000       0.800000000000000        1.40000000000000     
  0.600000000000000       0.800000000000000        1.20000000000000     
  0.400000000000000       0.800000000000000        1.40000000000000     
  0.600000000000000       0.600000000000000        1.40000000000000     
           1
        1151         490         474         489         493
  0.600000000000000       0.600000000000000        1.40000000000000     
  0.400000000000000       0.600000000000000        1.40000000000000     
  0.600000000000000       0.600000000000000        1.20000000000000     
  0.600000000000000       0.800000000000000        1.20000000000000     
           1
        1152         490         478         474         493
  0.600000000000000       0.600000000000000        1.40000000000000     
  0.400000000000000       0.800000000000000        1.40000000000000     
  0.400000000000000       0.600000000000000        1.40000000000000     
  0.600000000000000       0.800000000000000        1.20000000000000     
           1
        1153         494         478         479         474
  0.600000000000000       0.800000000000000        1.40000000000000     
  0.400000000000000       0.800000000000000        1.40000000000000     
  0.400000000000000       0.800000000000000        1.60000000000000     
  0.400000000000000       0.600000000000000        1.40000000000000     
           1
        1154         475         474         490         494
  0.400000000000000       0.600000000000000        1.60000000000000     
  0.400000000000000       0.600000000000000        1.40000000000000     
  0.600000000000000       0.600000000000000        1.40000000000000     
  0.600000000000000       0.800000000000000        1.40000000000000     
           1
        1155         479         474         475         494
  0.400000000000000       0.800000000000000        1.60000000000000     
  0.400000000000000       0.600000000000000        1.40000000000000     
  0.400000000000000       0.600000000000000        1.60000000000000     
  0.600000000000000       0.800000000000000        1.40000000000000     
           1
        1156         495         494         479         491
  0.600000000000000       0.800000000000000        1.60000000000000     
  0.600000000000000       0.800000000000000        1.40000000000000     
  0.400000000000000       0.800000000000000        1.60000000000000     
  0.600000000000000       0.600000000000000        1.60000000000000     
           1
        1157         491         475         490         494
  0.600000000000000       0.600000000000000        1.60000000000000     
  0.400000000000000       0.600000000000000        1.60000000000000     
  0.600000000000000       0.600000000000000        1.40000000000000     
  0.600000000000000       0.800000000000000        1.40000000000000     
           1
        1158         491         479         475         494
  0.600000000000000       0.600000000000000        1.60000000000000     
  0.400000000000000       0.800000000000000        1.60000000000000     
  0.400000000000000       0.600000000000000        1.60000000000000     
  0.600000000000000       0.800000000000000        1.40000000000000     
           1
        1159         495         479         480         475
  0.600000000000000       0.800000000000000        1.60000000000000     
  0.400000000000000       0.800000000000000        1.60000000000000     
  0.400000000000000       0.800000000000000        1.80000000000000     
  0.400000000000000       0.600000000000000        1.60000000000000     
           1
        1160         476         475         491         495
  0.400000000000000       0.600000000000000        1.80000000000000     
  0.400000000000000       0.600000000000000        1.60000000000000     
  0.600000000000000       0.600000000000000        1.60000000000000     
  0.600000000000000       0.800000000000000        1.60000000000000     
           1
        1161         480         475         476         495
  0.400000000000000       0.800000000000000        1.80000000000000     
  0.400000000000000       0.600000000000000        1.60000000000000     
  0.400000000000000       0.600000000000000        1.80000000000000     
  0.600000000000000       0.800000000000000        1.60000000000000     
           1
        1162         496         495         480         492
  0.600000000000000       0.800000000000000        1.80000000000000     
  0.600000000000000       0.800000000000000        1.60000000000000     
  0.400000000000000       0.800000000000000        1.80000000000000     
  0.600000000000000       0.600000000000000        1.80000000000000     
           1
        1163         492         476         491         495
  0.600000000000000       0.600000000000000        1.80000000000000     
  0.400000000000000       0.600000000000000        1.80000000000000     
  0.600000000000000       0.600000000000000        1.60000000000000     
  0.600000000000000       0.800000000000000        1.60000000000000     
           1
        1164         492         480         476         495
  0.600000000000000       0.600000000000000        1.80000000000000     
  0.400000000000000       0.800000000000000        1.80000000000000     
  0.400000000000000       0.600000000000000        1.80000000000000     
  0.600000000000000       0.800000000000000        1.60000000000000     
           1
        1165         496         480         264         476
  0.600000000000000       0.800000000000000        1.80000000000000     
  0.400000000000000       0.800000000000000        1.80000000000000     
  0.400000000000000       0.800000000000000        2.00000000000000     
  0.400000000000000       0.600000000000000        1.80000000000000     
           1
        1166         263         476         492         496
  0.400000000000000       0.600000000000000        2.00000000000000     
  0.400000000000000       0.600000000000000        1.80000000000000     
  0.600000000000000       0.600000000000000        1.80000000000000     
  0.600000000000000       0.800000000000000        1.80000000000000     
           1
        1167         264         476         263         496
  0.400000000000000       0.800000000000000        2.00000000000000     
  0.400000000000000       0.600000000000000        1.80000000000000     
  0.400000000000000       0.600000000000000        2.00000000000000     
  0.600000000000000       0.800000000000000        1.80000000000000     
           1
        1168         268         496         264         267
  0.600000000000000       0.800000000000000        2.00000000000000     
  0.600000000000000       0.800000000000000        1.80000000000000     
  0.400000000000000       0.800000000000000        2.00000000000000     
  0.600000000000000       0.600000000000000        2.00000000000000     
           1
        1169         267         263         492         496
  0.600000000000000       0.600000000000000        2.00000000000000     
  0.400000000000000       0.600000000000000        2.00000000000000     
  0.600000000000000       0.600000000000000        1.80000000000000     
  0.600000000000000       0.800000000000000        1.80000000000000     
           1
        1170         267         264         263         496
  0.600000000000000       0.600000000000000        2.00000000000000     
  0.400000000000000       0.800000000000000        2.00000000000000     
  0.400000000000000       0.600000000000000        2.00000000000000     
  0.600000000000000       0.800000000000000        1.80000000000000     
           1
        1171          59          58         290         168
  0.600000000000000        1.00000000000000        1.00000000000000     
  0.400000000000000        1.00000000000000        1.00000000000000     
  0.400000000000000        1.00000000000000        1.20000000000000     
  0.400000000000000       0.800000000000000        1.00000000000000     
           1
        1172         477         168         172          59
  0.400000000000000       0.800000000000000        1.20000000000000     
  0.400000000000000       0.800000000000000        1.00000000000000     
  0.600000000000000       0.800000000000000        1.00000000000000     
  0.600000000000000        1.00000000000000        1.00000000000000     
           1
        1173         290         168         477          59
  0.400000000000000        1.00000000000000        1.20000000000000     
  0.400000000000000       0.800000000000000        1.00000000000000     
  0.400000000000000       0.800000000000000        1.20000000000000     
  0.600000000000000        1.00000000000000        1.00000000000000     
           1
        1174         291          59         290         493
  0.600000000000000        1.00000000000000        1.20000000000000     
  0.600000000000000        1.00000000000000        1.00000000000000     
  0.400000000000000        1.00000000000000        1.20000000000000     
  0.600000000000000       0.800000000000000        1.20000000000000     
           1
        1175         493         477         172          59
  0.600000000000000       0.800000000000000        1.20000000000000     
  0.400000000000000       0.800000000000000        1.20000000000000     
  0.600000000000000       0.800000000000000        1.00000000000000     
  0.600000000000000        1.00000000000000        1.00000000000000     
           1
        1176         493         290         477          59
  0.600000000000000       0.800000000000000        1.20000000000000     
  0.400000000000000        1.00000000000000        1.20000000000000     
  0.400000000000000       0.800000000000000        1.20000000000000     
  0.600000000000000        1.00000000000000        1.00000000000000     
           1
        1177         291         290         294         477
  0.600000000000000        1.00000000000000        1.20000000000000     
  0.400000000000000        1.00000000000000        1.20000000000000     
  0.400000000000000        1.00000000000000        1.40000000000000     
  0.400000000000000       0.800000000000000        1.20000000000000     
           1
        1178         478         477         493         291
  0.400000000000000       0.800000000000000        1.40000000000000     
  0.400000000000000       0.800000000000000        1.20000000000000     
  0.600000000000000       0.800000000000000        1.20000000000000     
  0.600000000000000        1.00000000000000        1.20000000000000     
           1
        1179         294         477         478         291
  0.400000000000000        1.00000000000000        1.40000000000000     
  0.400000000000000       0.800000000000000        1.20000000000000     
  0.400000000000000       0.800000000000000        1.40000000000000     
  0.600000000000000        1.00000000000000        1.20000000000000     
           1
        1180         295         291         294         494
  0.600000000000000        1.00000000000000        1.40000000000000     
  0.600000000000000        1.00000000000000        1.20000000000000     
  0.400000000000000        1.00000000000000        1.40000000000000     
  0.600000000000000       0.800000000000000        1.40000000000000     
           1
        1181         494         478         493         291
  0.600000000000000       0.800000000000000        1.40000000000000     
  0.400000000000000       0.800000000000000        1.40000000000000     
  0.600000000000000       0.800000000000000        1.20000000000000     
  0.600000000000000        1.00000000000000        1.20000000000000     
           1
        1182         494         294         478         291
  0.600000000000000       0.800000000000000        1.40000000000000     
  0.400000000000000        1.00000000000000        1.40000000000000     
  0.400000000000000       0.800000000000000        1.40000000000000     
  0.600000000000000        1.00000000000000        1.20000000000000     
           1
        1183         295         294         298         478
  0.600000000000000        1.00000000000000        1.40000000000000     
  0.400000000000000        1.00000000000000        1.40000000000000     
  0.400000000000000        1.00000000000000        1.60000000000000     
  0.400000000000000       0.800000000000000        1.40000000000000     
           1
        1184         479         478         494         295
  0.400000000000000       0.800000000000000        1.60000000000000     
  0.400000000000000       0.800000000000000        1.40000000000000     
  0.600000000000000       0.800000000000000        1.40000000000000     
  0.600000000000000        1.00000000000000        1.40000000000000     
           1
        1185         298         478         479         295
  0.400000000000000        1.00000000000000        1.60000000000000     
  0.400000000000000       0.800000000000000        1.40000000000000     
  0.400000000000000       0.800000000000000        1.60000000000000     
  0.600000000000000        1.00000000000000        1.40000000000000     
           1
        1186         299         295         298         495
  0.600000000000000        1.00000000000000        1.60000000000000     
  0.600000000000000        1.00000000000000        1.40000000000000     
  0.400000000000000        1.00000000000000        1.60000000000000     
  0.600000000000000       0.800000000000000        1.60000000000000     
           1
        1187         495         479         494         295
  0.600000000000000       0.800000000000000        1.60000000000000     
  0.400000000000000       0.800000000000000        1.60000000000000     
  0.600000000000000       0.800000000000000        1.40000000000000     
  0.600000000000000        1.00000000000000        1.40000000000000     
           1
        1188         495         298         479         295
  0.600000000000000       0.800000000000000        1.60000000000000     
  0.400000000000000        1.00000000000000        1.60000000000000     
  0.400000000000000       0.800000000000000        1.60000000000000     
  0.600000000000000        1.00000000000000        1.40000000000000     
           1
        1189         299         298         302         479
  0.600000000000000        1.00000000000000        1.60000000000000     
  0.400000000000000        1.00000000000000        1.60000000000000     
  0.400000000000000        1.00000000000000        1.80000000000000     
  0.400000000000000       0.800000000000000        1.60000000000000     
           1
        1190         480         479         495         299
  0.400000000000000       0.800000000000000        1.80000000000000     
  0.400000000000000       0.800000000000000        1.60000000000000     
  0.600000000000000       0.800000000000000        1.60000000000000     
  0.600000000000000        1.00000000000000        1.60000000000000     
           1
        1191         302         479         480         299
  0.400000000000000        1.00000000000000        1.80000000000000     
  0.400000000000000       0.800000000000000        1.60000000000000     
  0.400000000000000       0.800000000000000        1.80000000000000     
  0.600000000000000        1.00000000000000        1.60000000000000     
           1
        1192         303         299         302         496
  0.600000000000000        1.00000000000000        1.80000000000000     
  0.600000000000000        1.00000000000000        1.60000000000000     
  0.400000000000000        1.00000000000000        1.80000000000000     
  0.600000000000000       0.800000000000000        1.80000000000000     
           1
        1193         496         480         495         299
  0.600000000000000       0.800000000000000        1.80000000000000     
  0.400000000000000       0.800000000000000        1.80000000000000     
  0.600000000000000       0.800000000000000        1.60000000000000     
  0.600000000000000        1.00000000000000        1.60000000000000     
           1
        1194         496         302         480         299
  0.600000000000000       0.800000000000000        1.80000000000000     
  0.400000000000000        1.00000000000000        1.80000000000000     
  0.400000000000000       0.800000000000000        1.80000000000000     
  0.600000000000000        1.00000000000000        1.60000000000000     
           1
        1195         303         302          90         480
  0.600000000000000        1.00000000000000        1.80000000000000     
  0.400000000000000        1.00000000000000        1.80000000000000     
  0.400000000000000        1.00000000000000        2.00000000000000     
  0.400000000000000       0.800000000000000        1.80000000000000     
           1
        1196         264         480         496         303
  0.400000000000000       0.800000000000000        2.00000000000000     
  0.400000000000000       0.800000000000000        1.80000000000000     
  0.600000000000000       0.800000000000000        1.80000000000000     
  0.600000000000000        1.00000000000000        1.80000000000000     
           1
        1197          90         480         264         303
  0.400000000000000        1.00000000000000        2.00000000000000     
  0.400000000000000       0.800000000000000        1.80000000000000     
  0.400000000000000       0.800000000000000        2.00000000000000     
  0.600000000000000        1.00000000000000        1.80000000000000     
           1
        1198          91         303          90         268
  0.600000000000000        1.00000000000000        2.00000000000000     
  0.600000000000000        1.00000000000000        1.80000000000000     
  0.400000000000000        1.00000000000000        2.00000000000000     
  0.600000000000000       0.800000000000000        2.00000000000000     
           1
        1199         268         264         496         303
  0.600000000000000       0.800000000000000        2.00000000000000     
  0.400000000000000       0.800000000000000        2.00000000000000     
  0.600000000000000       0.800000000000000        1.80000000000000     
  0.600000000000000        1.00000000000000        1.80000000000000     
           1
        1200         268          90         264         303
  0.600000000000000       0.800000000000000        2.00000000000000     
  0.400000000000000        1.00000000000000        2.00000000000000     
  0.400000000000000       0.800000000000000        2.00000000000000     
  0.600000000000000        1.00000000000000        1.80000000000000     
           1
        1201         173         169         481          27
  0.800000000000000       0.200000000000000        1.00000000000000     
  0.600000000000000       0.200000000000000        1.00000000000000     
  0.600000000000000       0.200000000000000        1.20000000000000     
  0.600000000000000       0.000000000000000E+000   1.00000000000000     
           1
        1202         227          27          28         173
  0.600000000000000       0.000000000000000E+000   1.20000000000000     
  0.600000000000000       0.000000000000000E+000   1.00000000000000     
  0.800000000000000       0.000000000000000E+000   1.00000000000000     
  0.800000000000000       0.200000000000000        1.00000000000000     
           1
        1203         481          27         227         173
  0.600000000000000       0.200000000000000        1.20000000000000     
  0.600000000000000       0.000000000000000E+000   1.00000000000000     
  0.600000000000000       0.000000000000000E+000   1.20000000000000     
  0.800000000000000       0.200000000000000        1.00000000000000     
           1
        1204         497         173         481         228
  0.800000000000000       0.200000000000000        1.20000000000000     
  0.800000000000000       0.200000000000000        1.00000000000000     
  0.600000000000000       0.200000000000000        1.20000000000000     
  0.800000000000000       0.000000000000000E+000   1.20000000000000     
           1
        1205         228         227          28         173
  0.800000000000000       0.000000000000000E+000   1.20000000000000     
  0.600000000000000       0.000000000000000E+000   1.20000000000000     
  0.800000000000000       0.000000000000000E+000   1.00000000000000     
  0.800000000000000       0.200000000000000        1.00000000000000     
           1
        1206         228         481         227         173
  0.800000000000000       0.000000000000000E+000   1.20000000000000     
  0.600000000000000       0.200000000000000        1.20000000000000     
  0.600000000000000       0.000000000000000E+000   1.20000000000000     
  0.800000000000000       0.200000000000000        1.00000000000000     
           1
        1207         497         481         482         227
  0.800000000000000       0.200000000000000        1.20000000000000     
  0.600000000000000       0.200000000000000        1.20000000000000     
  0.600000000000000       0.200000000000000        1.40000000000000     
  0.600000000000000       0.000000000000000E+000   1.20000000000000     
           1
        1208         231         227         228         497
  0.600000000000000       0.000000000000000E+000   1.40000000000000     
  0.600000000000000       0.000000000000000E+000   1.20000000000000     
  0.800000000000000       0.000000000000000E+000   1.20000000000000     
  0.800000000000000       0.200000000000000        1.20000000000000     
           1
        1209         482         227         231         497
  0.600000000000000       0.200000000000000        1.40000000000000     
  0.600000000000000       0.000000000000000E+000   1.20000000000000     
  0.600000000000000       0.000000000000000E+000   1.40000000000000     
  0.800000000000000       0.200000000000000        1.20000000000000     
           1
        1210         498         497         482         232
  0.800000000000000       0.200000000000000        1.40000000000000     
  0.800000000000000       0.200000000000000        1.20000000000000     
  0.600000000000000       0.200000000000000        1.40000000000000     
  0.800000000000000       0.000000000000000E+000   1.40000000000000     
           1
        1211         232         231         228         497
  0.800000000000000       0.000000000000000E+000   1.40000000000000     
  0.600000000000000       0.000000000000000E+000   1.40000000000000     
  0.800000000000000       0.000000000000000E+000   1.20000000000000     
  0.800000000000000       0.200000000000000        1.20000000000000     
           1
        1212         232         482         231         497
  0.800000000000000       0.000000000000000E+000   1.40000000000000     
  0.600000000000000       0.200000000000000        1.40000000000000     
  0.600000000000000       0.000000000000000E+000   1.40000000000000     
  0.800000000000000       0.200000000000000        1.20000000000000     
           1
        1213         498         482         483         231
  0.800000000000000       0.200000000000000        1.40000000000000     
  0.600000000000000       0.200000000000000        1.40000000000000     
  0.600000000000000       0.200000000000000        1.60000000000000     
  0.600000000000000       0.000000000000000E+000   1.40000000000000     
           1
        1214         235         231         232         498
  0.600000000000000       0.000000000000000E+000   1.60000000000000     
  0.600000000000000       0.000000000000000E+000   1.40000000000000     
  0.800000000000000       0.000000000000000E+000   1.40000000000000     
  0.800000000000000       0.200000000000000        1.40000000000000     
           1
        1215         483         231         235         498
  0.600000000000000       0.200000000000000        1.60000000000000     
  0.600000000000000       0.000000000000000E+000   1.40000000000000     
  0.600000000000000       0.000000000000000E+000   1.60000000000000     
  0.800000000000000       0.200000000000000        1.40000000000000     
           1
        1216         499         498         483         236
  0.800000000000000       0.200000000000000        1.60000000000000     
  0.800000000000000       0.200000000000000        1.40000000000000     
  0.600000000000000       0.200000000000000        1.60000000000000     
  0.800000000000000       0.000000000000000E+000   1.60000000000000     
           1
        1217         236         235         232         498
  0.800000000000000       0.000000000000000E+000   1.60000000000000     
  0.600000000000000       0.000000000000000E+000   1.60000000000000     
  0.800000000000000       0.000000000000000E+000   1.40000000000000     
  0.800000000000000       0.200000000000000        1.40000000000000     
           1
        1218         236         483         235         498
  0.800000000000000       0.000000000000000E+000   1.60000000000000     
  0.600000000000000       0.200000000000000        1.60000000000000     
  0.600000000000000       0.000000000000000E+000   1.60000000000000     
  0.800000000000000       0.200000000000000        1.40000000000000     
           1
        1219         499         483         484         235
  0.800000000000000       0.200000000000000        1.60000000000000     
  0.600000000000000       0.200000000000000        1.60000000000000     
  0.600000000000000       0.200000000000000        1.80000000000000     
  0.600000000000000       0.000000000000000E+000   1.60000000000000     
           1
        1220         239         235         236         499
  0.600000000000000       0.000000000000000E+000   1.80000000000000     
  0.600000000000000       0.000000000000000E+000   1.60000000000000     
  0.800000000000000       0.000000000000000E+000   1.60000000000000     
  0.800000000000000       0.200000000000000        1.60000000000000     
           1
        1221         484         235         239         499
  0.600000000000000       0.200000000000000        1.80000000000000     
  0.600000000000000       0.000000000000000E+000   1.60000000000000     
  0.600000000000000       0.000000000000000E+000   1.80000000000000     
  0.800000000000000       0.200000000000000        1.60000000000000     
           1
        1222         500         499         484         240
  0.800000000000000       0.200000000000000        1.80000000000000     
  0.800000000000000       0.200000000000000        1.60000000000000     
  0.600000000000000       0.200000000000000        1.80000000000000     
  0.800000000000000       0.000000000000000E+000   1.80000000000000     
           1
        1223         240         239         236         499
  0.800000000000000       0.000000000000000E+000   1.80000000000000     
  0.600000000000000       0.000000000000000E+000   1.80000000000000     
  0.800000000000000       0.000000000000000E+000   1.60000000000000     
  0.800000000000000       0.200000000000000        1.60000000000000     
           1
        1224         240         484         239         499
  0.800000000000000       0.000000000000000E+000   1.80000000000000     
  0.600000000000000       0.200000000000000        1.80000000000000     
  0.600000000000000       0.000000000000000E+000   1.80000000000000     
  0.800000000000000       0.200000000000000        1.60000000000000     
           1
        1225         500         484         265         239
  0.800000000000000       0.200000000000000        1.80000000000000     
  0.600000000000000       0.200000000000000        1.80000000000000     
  0.600000000000000       0.200000000000000        2.00000000000000     
  0.600000000000000       0.000000000000000E+000   1.80000000000000     
           1
        1226          71         239         240         500
  0.600000000000000       0.000000000000000E+000   2.00000000000000     
  0.600000000000000       0.000000000000000E+000   1.80000000000000     
  0.800000000000000       0.000000000000000E+000   1.80000000000000     
  0.800000000000000       0.200000000000000        1.80000000000000     
           1
        1227         265         239          71         500
  0.600000000000000       0.200000000000000        2.00000000000000     
  0.600000000000000       0.000000000000000E+000   1.80000000000000     
  0.600000000000000       0.000000000000000E+000   2.00000000000000     
  0.800000000000000       0.200000000000000        1.80000000000000     
           1
        1228         269         500         265          72
  0.800000000000000       0.200000000000000        2.00000000000000     
  0.800000000000000       0.200000000000000        1.80000000000000     
  0.600000000000000       0.200000000000000        2.00000000000000     
  0.800000000000000       0.000000000000000E+000   2.00000000000000     
           1
        1229          72          71         240         500
  0.800000000000000       0.000000000000000E+000   2.00000000000000     
  0.600000000000000       0.000000000000000E+000   2.00000000000000     
  0.800000000000000       0.000000000000000E+000   1.80000000000000     
  0.800000000000000       0.200000000000000        1.80000000000000     
           1
        1230          72         265          71         500
  0.800000000000000       0.000000000000000E+000   2.00000000000000     
  0.600000000000000       0.200000000000000        2.00000000000000     
  0.600000000000000       0.000000000000000E+000   2.00000000000000     
  0.800000000000000       0.200000000000000        1.80000000000000     
           1
        1231         174         170         485         169
  0.800000000000000       0.400000000000000        1.00000000000000     
  0.600000000000000       0.400000000000000        1.00000000000000     
  0.600000000000000       0.400000000000000        1.20000000000000     
  0.600000000000000       0.200000000000000        1.00000000000000     
           1
        1232         481         169         173         174
  0.600000000000000       0.200000000000000        1.20000000000000     
  0.600000000000000       0.200000000000000        1.00000000000000     
  0.800000000000000       0.200000000000000        1.00000000000000     
  0.800000000000000       0.400000000000000        1.00000000000000     
           1
        1233         485         169         481         174
  0.600000000000000       0.400000000000000        1.20000000000000     
  0.600000000000000       0.200000000000000        1.00000000000000     
  0.600000000000000       0.200000000000000        1.20000000000000     
  0.800000000000000       0.400000000000000        1.00000000000000     
           1
        1234         501         174         485         497
  0.800000000000000       0.400000000000000        1.20000000000000     
  0.800000000000000       0.400000000000000        1.00000000000000     
  0.600000000000000       0.400000000000000        1.20000000000000     
  0.800000000000000       0.200000000000000        1.20000000000000     
           1
        1235         497         481         173         174
  0.800000000000000       0.200000000000000        1.20000000000000     
  0.600000000000000       0.200000000000000        1.20000000000000     
  0.800000000000000       0.200000000000000        1.00000000000000     
  0.800000000000000       0.400000000000000        1.00000000000000     
           1
        1236         497         485         481         174
  0.800000000000000       0.200000000000000        1.20000000000000     
  0.600000000000000       0.400000000000000        1.20000000000000     
  0.600000000000000       0.200000000000000        1.20000000000000     
  0.800000000000000       0.400000000000000        1.00000000000000     
           1
        1237         501         485         486         481
  0.800000000000000       0.400000000000000        1.20000000000000     
  0.600000000000000       0.400000000000000        1.20000000000000     
  0.600000000000000       0.400000000000000        1.40000000000000     
  0.600000000000000       0.200000000000000        1.20000000000000     
           1
        1238         482         481         497         501
  0.600000000000000       0.200000000000000        1.40000000000000     
  0.600000000000000       0.200000000000000        1.20000000000000     
  0.800000000000000       0.200000000000000        1.20000000000000     
  0.800000000000000       0.400000000000000        1.20000000000000     
           1
        1239         486         481         482         501
  0.600000000000000       0.400000000000000        1.40000000000000     
  0.600000000000000       0.200000000000000        1.20000000000000     
  0.600000000000000       0.200000000000000        1.40000000000000     
  0.800000000000000       0.400000000000000        1.20000000000000     
           1
        1240         502         501         486         498
  0.800000000000000       0.400000000000000        1.40000000000000     
  0.800000000000000       0.400000000000000        1.20000000000000     
  0.600000000000000       0.400000000000000        1.40000000000000     
  0.800000000000000       0.200000000000000        1.40000000000000     
           1
        1241         498         482         497         501
  0.800000000000000       0.200000000000000        1.40000000000000     
  0.600000000000000       0.200000000000000        1.40000000000000     
  0.800000000000000       0.200000000000000        1.20000000000000     
  0.800000000000000       0.400000000000000        1.20000000000000     
           1
        1242         498         486         482         501
  0.800000000000000       0.200000000000000        1.40000000000000     
  0.600000000000000       0.400000000000000        1.40000000000000     
  0.600000000000000       0.200000000000000        1.40000000000000     
  0.800000000000000       0.400000000000000        1.20000000000000     
           1
        1243         502         486         487         482
  0.800000000000000       0.400000000000000        1.40000000000000     
  0.600000000000000       0.400000000000000        1.40000000000000     
  0.600000000000000       0.400000000000000        1.60000000000000     
  0.600000000000000       0.200000000000000        1.40000000000000     
           1
        1244         483         482         498         502
  0.600000000000000       0.200000000000000        1.60000000000000     
  0.600000000000000       0.200000000000000        1.40000000000000     
  0.800000000000000       0.200000000000000        1.40000000000000     
  0.800000000000000       0.400000000000000        1.40000000000000     
           1
        1245         487         482         483         502
  0.600000000000000       0.400000000000000        1.60000000000000     
  0.600000000000000       0.200000000000000        1.40000000000000     
  0.600000000000000       0.200000000000000        1.60000000000000     
  0.800000000000000       0.400000000000000        1.40000000000000     
           1
        1246         503         502         487         499
  0.800000000000000       0.400000000000000        1.60000000000000     
  0.800000000000000       0.400000000000000        1.40000000000000     
  0.600000000000000       0.400000000000000        1.60000000000000     
  0.800000000000000       0.200000000000000        1.60000000000000     
           1
        1247         499         483         498         502
  0.800000000000000       0.200000000000000        1.60000000000000     
  0.600000000000000       0.200000000000000        1.60000000000000     
  0.800000000000000       0.200000000000000        1.40000000000000     
  0.800000000000000       0.400000000000000        1.40000000000000     
           1
        1248         499         487         483         502
  0.800000000000000       0.200000000000000        1.60000000000000     
  0.600000000000000       0.400000000000000        1.60000000000000     
  0.600000000000000       0.200000000000000        1.60000000000000     
  0.800000000000000       0.400000000000000        1.40000000000000     
           1
        1249         503         487         488         483
  0.800000000000000       0.400000000000000        1.60000000000000     
  0.600000000000000       0.400000000000000        1.60000000000000     
  0.600000000000000       0.400000000000000        1.80000000000000     
  0.600000000000000       0.200000000000000        1.60000000000000     
           1
        1250         484         483         499         503
  0.600000000000000       0.200000000000000        1.80000000000000     
  0.600000000000000       0.200000000000000        1.60000000000000     
  0.800000000000000       0.200000000000000        1.60000000000000     
  0.800000000000000       0.400000000000000        1.60000000000000     
           1
        1251         488         483         484         503
  0.600000000000000       0.400000000000000        1.80000000000000     
  0.600000000000000       0.200000000000000        1.60000000000000     
  0.600000000000000       0.200000000000000        1.80000000000000     
  0.800000000000000       0.400000000000000        1.60000000000000     
           1
        1252         504         503         488         500
  0.800000000000000       0.400000000000000        1.80000000000000     
  0.800000000000000       0.400000000000000        1.60000000000000     
  0.600000000000000       0.400000000000000        1.80000000000000     
  0.800000000000000       0.200000000000000        1.80000000000000     
           1
        1253         500         484         499         503
  0.800000000000000       0.200000000000000        1.80000000000000     
  0.600000000000000       0.200000000000000        1.80000000000000     
  0.800000000000000       0.200000000000000        1.60000000000000     
  0.800000000000000       0.400000000000000        1.60000000000000     
           1
        1254         500         488         484         503
  0.800000000000000       0.200000000000000        1.80000000000000     
  0.600000000000000       0.400000000000000        1.80000000000000     
  0.600000000000000       0.200000000000000        1.80000000000000     
  0.800000000000000       0.400000000000000        1.60000000000000     
           1
        1255         504         488         266         484
  0.800000000000000       0.400000000000000        1.80000000000000     
  0.600000000000000       0.400000000000000        1.80000000000000     
  0.600000000000000       0.400000000000000        2.00000000000000     
  0.600000000000000       0.200000000000000        1.80000000000000     
           1
        1256         265         484         500         504
  0.600000000000000       0.200000000000000        2.00000000000000     
  0.600000000000000       0.200000000000000        1.80000000000000     
  0.800000000000000       0.200000000000000        1.80000000000000     
  0.800000000000000       0.400000000000000        1.80000000000000     
           1
        1257         266         484         265         504
  0.600000000000000       0.400000000000000        2.00000000000000     
  0.600000000000000       0.200000000000000        1.80000000000000     
  0.600000000000000       0.200000000000000        2.00000000000000     
  0.800000000000000       0.400000000000000        1.80000000000000     
           1
        1258         270         504         266         269
  0.800000000000000       0.400000000000000        2.00000000000000     
  0.800000000000000       0.400000000000000        1.80000000000000     
  0.600000000000000       0.400000000000000        2.00000000000000     
  0.800000000000000       0.200000000000000        2.00000000000000     
           1
        1259         269         265         500         504
  0.800000000000000       0.200000000000000        2.00000000000000     
  0.600000000000000       0.200000000000000        2.00000000000000     
  0.800000000000000       0.200000000000000        1.80000000000000     
  0.800000000000000       0.400000000000000        1.80000000000000     
           1
        1260         269         266         265         504
  0.800000000000000       0.200000000000000        2.00000000000000     
  0.600000000000000       0.400000000000000        2.00000000000000     
  0.600000000000000       0.200000000000000        2.00000000000000     
  0.800000000000000       0.400000000000000        1.80000000000000     
           1
        1261         175         171         489         170
  0.800000000000000       0.600000000000000        1.00000000000000     
  0.600000000000000       0.600000000000000        1.00000000000000     
  0.600000000000000       0.600000000000000        1.20000000000000     
  0.600000000000000       0.400000000000000        1.00000000000000     
           1
        1262         485         170         174         175
  0.600000000000000       0.400000000000000        1.20000000000000     
  0.600000000000000       0.400000000000000        1.00000000000000     
  0.800000000000000       0.400000000000000        1.00000000000000     
  0.800000000000000       0.600000000000000        1.00000000000000     
           1
        1263         489         170         485         175
  0.600000000000000       0.600000000000000        1.20000000000000     
  0.600000000000000       0.400000000000000        1.00000000000000     
  0.600000000000000       0.400000000000000        1.20000000000000     
  0.800000000000000       0.600000000000000        1.00000000000000     
           1
        1264         505         175         489         501
  0.800000000000000       0.600000000000000        1.20000000000000     
  0.800000000000000       0.600000000000000        1.00000000000000     
  0.600000000000000       0.600000000000000        1.20000000000000     
  0.800000000000000       0.400000000000000        1.20000000000000     
           1
        1265         501         485         174         175
  0.800000000000000       0.400000000000000        1.20000000000000     
  0.600000000000000       0.400000000000000        1.20000000000000     
  0.800000000000000       0.400000000000000        1.00000000000000     
  0.800000000000000       0.600000000000000        1.00000000000000     
           1
        1266         501         489         485         175
  0.800000000000000       0.400000000000000        1.20000000000000     
  0.600000000000000       0.600000000000000        1.20000000000000     
  0.600000000000000       0.400000000000000        1.20000000000000     
  0.800000000000000       0.600000000000000        1.00000000000000     
           1
        1267         505         489         490         485
  0.800000000000000       0.600000000000000        1.20000000000000     
  0.600000000000000       0.600000000000000        1.20000000000000     
  0.600000000000000       0.600000000000000        1.40000000000000     
  0.600000000000000       0.400000000000000        1.20000000000000     
           1
        1268         486         485         501         505
  0.600000000000000       0.400000000000000        1.40000000000000     
  0.600000000000000       0.400000000000000        1.20000000000000     
  0.800000000000000       0.400000000000000        1.20000000000000     
  0.800000000000000       0.600000000000000        1.20000000000000     
           1
        1269         490         485         486         505
  0.600000000000000       0.600000000000000        1.40000000000000     
  0.600000000000000       0.400000000000000        1.20000000000000     
  0.600000000000000       0.400000000000000        1.40000000000000     
  0.800000000000000       0.600000000000000        1.20000000000000     
           1
        1270         506         505         490         502
  0.800000000000000       0.600000000000000        1.40000000000000     
  0.800000000000000       0.600000000000000        1.20000000000000     
  0.600000000000000       0.600000000000000        1.40000000000000     
  0.800000000000000       0.400000000000000        1.40000000000000     
           1
        1271         502         486         501         505
  0.800000000000000       0.400000000000000        1.40000000000000     
  0.600000000000000       0.400000000000000        1.40000000000000     
  0.800000000000000       0.400000000000000        1.20000000000000     
  0.800000000000000       0.600000000000000        1.20000000000000     
           1
        1272         502         490         486         505
  0.800000000000000       0.400000000000000        1.40000000000000     
  0.600000000000000       0.600000000000000        1.40000000000000     
  0.600000000000000       0.400000000000000        1.40000000000000     
  0.800000000000000       0.600000000000000        1.20000000000000     
           1
        1273         506         490         491         486
  0.800000000000000       0.600000000000000        1.40000000000000     
  0.600000000000000       0.600000000000000        1.40000000000000     
  0.600000000000000       0.600000000000000        1.60000000000000     
  0.600000000000000       0.400000000000000        1.40000000000000     
           1
        1274         487         486         502         506
  0.600000000000000       0.400000000000000        1.60000000000000     
  0.600000000000000       0.400000000000000        1.40000000000000     
  0.800000000000000       0.400000000000000        1.40000000000000     
  0.800000000000000       0.600000000000000        1.40000000000000     
           1
        1275         491         486         487         506
  0.600000000000000       0.600000000000000        1.60000000000000     
  0.600000000000000       0.400000000000000        1.40000000000000     
  0.600000000000000       0.400000000000000        1.60000000000000     
  0.800000000000000       0.600000000000000        1.40000000000000     
           1
        1276         507         506         491         503
  0.800000000000000       0.600000000000000        1.60000000000000     
  0.800000000000000       0.600000000000000        1.40000000000000     
  0.600000000000000       0.600000000000000        1.60000000000000     
  0.800000000000000       0.400000000000000        1.60000000000000     
           1
        1277         503         487         502         506
  0.800000000000000       0.400000000000000        1.60000000000000     
  0.600000000000000       0.400000000000000        1.60000000000000     
  0.800000000000000       0.400000000000000        1.40000000000000     
  0.800000000000000       0.600000000000000        1.40000000000000     
           1
        1278         503         491         487         506
  0.800000000000000       0.400000000000000        1.60000000000000     
  0.600000000000000       0.600000000000000        1.60000000000000     
  0.600000000000000       0.400000000000000        1.60000000000000     
  0.800000000000000       0.600000000000000        1.40000000000000     
           1
        1279         507         491         492         487
  0.800000000000000       0.600000000000000        1.60000000000000     
  0.600000000000000       0.600000000000000        1.60000000000000     
  0.600000000000000       0.600000000000000        1.80000000000000     
  0.600000000000000       0.400000000000000        1.60000000000000     
           1
        1280         488         487         503         507
  0.600000000000000       0.400000000000000        1.80000000000000     
  0.600000000000000       0.400000000000000        1.60000000000000     
  0.800000000000000       0.400000000000000        1.60000000000000     
  0.800000000000000       0.600000000000000        1.60000000000000     
           1
        1281         492         487         488         507
  0.600000000000000       0.600000000000000        1.80000000000000     
  0.600000000000000       0.400000000000000        1.60000000000000     
  0.600000000000000       0.400000000000000        1.80000000000000     
  0.800000000000000       0.600000000000000        1.60000000000000     
           1
        1282         508         507         492         504
  0.800000000000000       0.600000000000000        1.80000000000000     
  0.800000000000000       0.600000000000000        1.60000000000000     
  0.600000000000000       0.600000000000000        1.80000000000000     
  0.800000000000000       0.400000000000000        1.80000000000000     
           1
        1283         504         488         503         507
  0.800000000000000       0.400000000000000        1.80000000000000     
  0.600000000000000       0.400000000000000        1.80000000000000     
  0.800000000000000       0.400000000000000        1.60000000000000     
  0.800000000000000       0.600000000000000        1.60000000000000     
           1
        1284         504         492         488         507
  0.800000000000000       0.400000000000000        1.80000000000000     
  0.600000000000000       0.600000000000000        1.80000000000000     
  0.600000000000000       0.400000000000000        1.80000000000000     
  0.800000000000000       0.600000000000000        1.60000000000000     
           1
        1285         508         492         267         488
  0.800000000000000       0.600000000000000        1.80000000000000     
  0.600000000000000       0.600000000000000        1.80000000000000     
  0.600000000000000       0.600000000000000        2.00000000000000     
  0.600000000000000       0.400000000000000        1.80000000000000     
           1
        1286         266         488         504         508
  0.600000000000000       0.400000000000000        2.00000000000000     
  0.600000000000000       0.400000000000000        1.80000000000000     
  0.800000000000000       0.400000000000000        1.80000000000000     
  0.800000000000000       0.600000000000000        1.80000000000000     
           1
        1287         267         488         266         508
  0.600000000000000       0.600000000000000        2.00000000000000     
  0.600000000000000       0.400000000000000        1.80000000000000     
  0.600000000000000       0.400000000000000        2.00000000000000     
  0.800000000000000       0.600000000000000        1.80000000000000     
           1
        1288         271         508         267         270
  0.800000000000000       0.600000000000000        2.00000000000000     
  0.800000000000000       0.600000000000000        1.80000000000000     
  0.600000000000000       0.600000000000000        2.00000000000000     
  0.800000000000000       0.400000000000000        2.00000000000000     
           1
        1289         270         266         504         508
  0.800000000000000       0.400000000000000        2.00000000000000     
  0.600000000000000       0.400000000000000        2.00000000000000     
  0.800000000000000       0.400000000000000        1.80000000000000     
  0.800000000000000       0.600000000000000        1.80000000000000     
           1
        1290         270         267         266         508
  0.800000000000000       0.400000000000000        2.00000000000000     
  0.600000000000000       0.600000000000000        2.00000000000000     
  0.600000000000000       0.400000000000000        2.00000000000000     
  0.800000000000000       0.600000000000000        1.80000000000000     
           1
        1291         176         172         493         171
  0.800000000000000       0.800000000000000        1.00000000000000     
  0.600000000000000       0.800000000000000        1.00000000000000     
  0.600000000000000       0.800000000000000        1.20000000000000     
  0.600000000000000       0.600000000000000        1.00000000000000     
           1
        1292         489         171         175         176
  0.600000000000000       0.600000000000000        1.20000000000000     
  0.600000000000000       0.600000000000000        1.00000000000000     
  0.800000000000000       0.600000000000000        1.00000000000000     
  0.800000000000000       0.800000000000000        1.00000000000000     
           1
        1293         493         171         489         176
  0.600000000000000       0.800000000000000        1.20000000000000     
  0.600000000000000       0.600000000000000        1.00000000000000     
  0.600000000000000       0.600000000000000        1.20000000000000     
  0.800000000000000       0.800000000000000        1.00000000000000     
           1
        1294         509         176         493         505
  0.800000000000000       0.800000000000000        1.20000000000000     
  0.800000000000000       0.800000000000000        1.00000000000000     
  0.600000000000000       0.800000000000000        1.20000000000000     
  0.800000000000000       0.600000000000000        1.20000000000000     
           1
        1295         505         489         175         176
  0.800000000000000       0.600000000000000        1.20000000000000     
  0.600000000000000       0.600000000000000        1.20000000000000     
  0.800000000000000       0.600000000000000        1.00000000000000     
  0.800000000000000       0.800000000000000        1.00000000000000     
           1
        1296         505         493         489         176
  0.800000000000000       0.600000000000000        1.20000000000000     
  0.600000000000000       0.800000000000000        1.20000000000000     
  0.600000000000000       0.600000000000000        1.20000000000000     
  0.800000000000000       0.800000000000000        1.00000000000000     
           1
        1297         509         493         494         489
  0.800000000000000       0.800000000000000        1.20000000000000     
  0.600000000000000       0.800000000000000        1.20000000000000     
  0.600000000000000       0.800000000000000        1.40000000000000     
  0.600000000000000       0.600000000000000        1.20000000000000     
           1
        1298         490         489         505         509
  0.600000000000000       0.600000000000000        1.40000000000000     
  0.600000000000000       0.600000000000000        1.20000000000000     
  0.800000000000000       0.600000000000000        1.20000000000000     
  0.800000000000000       0.800000000000000        1.20000000000000     
           1
        1299         494         489         490         509
  0.600000000000000       0.800000000000000        1.40000000000000     
  0.600000000000000       0.600000000000000        1.20000000000000     
  0.600000000000000       0.600000000000000        1.40000000000000     
  0.800000000000000       0.800000000000000        1.20000000000000     
           1
        1300         510         509         494         506
  0.800000000000000       0.800000000000000        1.40000000000000     
  0.800000000000000       0.800000000000000        1.20000000000000     
  0.600000000000000       0.800000000000000        1.40000000000000     
  0.800000000000000       0.600000000000000        1.40000000000000     
           1
        1301         506         490         505         509
  0.800000000000000       0.600000000000000        1.40000000000000     
  0.600000000000000       0.600000000000000        1.40000000000000     
  0.800000000000000       0.600000000000000        1.20000000000000     
  0.800000000000000       0.800000000000000        1.20000000000000     
           1
        1302         506         494         490         509
  0.800000000000000       0.600000000000000        1.40000000000000     
  0.600000000000000       0.800000000000000        1.40000000000000     
  0.600000000000000       0.600000000000000        1.40000000000000     
  0.800000000000000       0.800000000000000        1.20000000000000     
           1
        1303         510         494         495         490
  0.800000000000000       0.800000000000000        1.40000000000000     
  0.600000000000000       0.800000000000000        1.40000000000000     
  0.600000000000000       0.800000000000000        1.60000000000000     
  0.600000000000000       0.600000000000000        1.40000000000000     
           1
        1304         491         490         506         510
  0.600000000000000       0.600000000000000        1.60000000000000     
  0.600000000000000       0.600000000000000        1.40000000000000     
  0.800000000000000       0.600000000000000        1.40000000000000     
  0.800000000000000       0.800000000000000        1.40000000000000     
           1
        1305         495         490         491         510
  0.600000000000000       0.800000000000000        1.60000000000000     
  0.600000000000000       0.600000000000000        1.40000000000000     
  0.600000000000000       0.600000000000000        1.60000000000000     
  0.800000000000000       0.800000000000000        1.40000000000000     
           1
        1306         511         510         495         507
  0.800000000000000       0.800000000000000        1.60000000000000     
  0.800000000000000       0.800000000000000        1.40000000000000     
  0.600000000000000       0.800000000000000        1.60000000000000     
  0.800000000000000       0.600000000000000        1.60000000000000     
           1
        1307         507         491         506         510
  0.800000000000000       0.600000000000000        1.60000000000000     
  0.600000000000000       0.600000000000000        1.60000000000000     
  0.800000000000000       0.600000000000000        1.40000000000000     
  0.800000000000000       0.800000000000000        1.40000000000000     
           1
        1308         507         495         491         510
  0.800000000000000       0.600000000000000        1.60000000000000     
  0.600000000000000       0.800000000000000        1.60000000000000     
  0.600000000000000       0.600000000000000        1.60000000000000     
  0.800000000000000       0.800000000000000        1.40000000000000     
           1
        1309         511         495         496         491
  0.800000000000000       0.800000000000000        1.60000000000000     
  0.600000000000000       0.800000000000000        1.60000000000000     
  0.600000000000000       0.800000000000000        1.80000000000000     
  0.600000000000000       0.600000000000000        1.60000000000000     
           1
        1310         492         491         507         511
  0.600000000000000       0.600000000000000        1.80000000000000     
  0.600000000000000       0.600000000000000        1.60000000000000     
  0.800000000000000       0.600000000000000        1.60000000000000     
  0.800000000000000       0.800000000000000        1.60000000000000     
           1
        1311         496         491         492         511
  0.600000000000000       0.800000000000000        1.80000000000000     
  0.600000000000000       0.600000000000000        1.60000000000000     
  0.600000000000000       0.600000000000000        1.80000000000000     
  0.800000000000000       0.800000000000000        1.60000000000000     
           1
        1312         512         511         496         508
  0.800000000000000       0.800000000000000        1.80000000000000     
  0.800000000000000       0.800000000000000        1.60000000000000     
  0.600000000000000       0.800000000000000        1.80000000000000     
  0.800000000000000       0.600000000000000        1.80000000000000     
           1
        1313         508         492         507         511
  0.800000000000000       0.600000000000000        1.80000000000000     
  0.600000000000000       0.600000000000000        1.80000000000000     
  0.800000000000000       0.600000000000000        1.60000000000000     
  0.800000000000000       0.800000000000000        1.60000000000000     
           1
        1314         508         496         492         511
  0.800000000000000       0.600000000000000        1.80000000000000     
  0.600000000000000       0.800000000000000        1.80000000000000     
  0.600000000000000       0.600000000000000        1.80000000000000     
  0.800000000000000       0.800000000000000        1.60000000000000     
           1
        1315         512         496         268         492
  0.800000000000000       0.800000000000000        1.80000000000000     
  0.600000000000000       0.800000000000000        1.80000000000000     
  0.600000000000000       0.800000000000000        2.00000000000000     
  0.600000000000000       0.600000000000000        1.80000000000000     
           1
        1316         267         492         508         512
  0.600000000000000       0.600000000000000        2.00000000000000     
  0.600000000000000       0.600000000000000        1.80000000000000     
  0.800000000000000       0.600000000000000        1.80000000000000     
  0.800000000000000       0.800000000000000        1.80000000000000     
           1
        1317         268         492         267         512
  0.600000000000000       0.800000000000000        2.00000000000000     
  0.600000000000000       0.600000000000000        1.80000000000000     
  0.600000000000000       0.600000000000000        2.00000000000000     
  0.800000000000000       0.800000000000000        1.80000000000000     
           1
        1318         272         512         268         271
  0.800000000000000       0.800000000000000        2.00000000000000     
  0.800000000000000       0.800000000000000        1.80000000000000     
  0.600000000000000       0.800000000000000        2.00000000000000     
  0.800000000000000       0.600000000000000        2.00000000000000     
           1
        1319         271         267         508         512
  0.800000000000000       0.600000000000000        2.00000000000000     
  0.600000000000000       0.600000000000000        2.00000000000000     
  0.800000000000000       0.600000000000000        1.80000000000000     
  0.800000000000000       0.800000000000000        1.80000000000000     
           1
        1320         271         268         267         512
  0.800000000000000       0.600000000000000        2.00000000000000     
  0.600000000000000       0.800000000000000        2.00000000000000     
  0.600000000000000       0.600000000000000        2.00000000000000     
  0.800000000000000       0.800000000000000        1.80000000000000     
           1
        1321          60          59         291         172
  0.800000000000000        1.00000000000000        1.00000000000000     
  0.600000000000000        1.00000000000000        1.00000000000000     
  0.600000000000000        1.00000000000000        1.20000000000000     
  0.600000000000000       0.800000000000000        1.00000000000000     
           1
        1322         493         172         176          60
  0.600000000000000       0.800000000000000        1.20000000000000     
  0.600000000000000       0.800000000000000        1.00000000000000     
  0.800000000000000       0.800000000000000        1.00000000000000     
  0.800000000000000        1.00000000000000        1.00000000000000     
           1
        1323         291         172         493          60
  0.600000000000000        1.00000000000000        1.20000000000000     
  0.600000000000000       0.800000000000000        1.00000000000000     
  0.600000000000000       0.800000000000000        1.20000000000000     
  0.800000000000000        1.00000000000000        1.00000000000000     
           1
        1324         292          60         291         509
  0.800000000000000        1.00000000000000        1.20000000000000     
  0.800000000000000        1.00000000000000        1.00000000000000     
  0.600000000000000        1.00000000000000        1.20000000000000     
  0.800000000000000       0.800000000000000        1.20000000000000     
           1
        1325         509         493         176          60
  0.800000000000000       0.800000000000000        1.20000000000000     
  0.600000000000000       0.800000000000000        1.20000000000000     
  0.800000000000000       0.800000000000000        1.00000000000000     
  0.800000000000000        1.00000000000000        1.00000000000000     
           1
        1326         509         291         493          60
  0.800000000000000       0.800000000000000        1.20000000000000     
  0.600000000000000        1.00000000000000        1.20000000000000     
  0.600000000000000       0.800000000000000        1.20000000000000     
  0.800000000000000        1.00000000000000        1.00000000000000     
           1
        1327         292         291         295         493
  0.800000000000000        1.00000000000000        1.20000000000000     
  0.600000000000000        1.00000000000000        1.20000000000000     
  0.600000000000000        1.00000000000000        1.40000000000000     
  0.600000000000000       0.800000000000000        1.20000000000000     
           1
        1328         494         493         509         292
  0.600000000000000       0.800000000000000        1.40000000000000     
  0.600000000000000       0.800000000000000        1.20000000000000     
  0.800000000000000       0.800000000000000        1.20000000000000     
  0.800000000000000        1.00000000000000        1.20000000000000     
           1
        1329         295         493         494         292
  0.600000000000000        1.00000000000000        1.40000000000000     
  0.600000000000000       0.800000000000000        1.20000000000000     
  0.600000000000000       0.800000000000000        1.40000000000000     
  0.800000000000000        1.00000000000000        1.20000000000000     
           1
        1330         296         292         295         510
  0.800000000000000        1.00000000000000        1.40000000000000     
  0.800000000000000        1.00000000000000        1.20000000000000     
  0.600000000000000        1.00000000000000        1.40000000000000     
  0.800000000000000       0.800000000000000        1.40000000000000     
           1
        1331         510         494         509         292
  0.800000000000000       0.800000000000000        1.40000000000000     
  0.600000000000000       0.800000000000000        1.40000000000000     
  0.800000000000000       0.800000000000000        1.20000000000000     
  0.800000000000000        1.00000000000000        1.20000000000000     
           1
        1332         510         295         494         292
  0.800000000000000       0.800000000000000        1.40000000000000     
  0.600000000000000        1.00000000000000        1.40000000000000     
  0.600000000000000       0.800000000000000        1.40000000000000     
  0.800000000000000        1.00000000000000        1.20000000000000     
           1
        1333         296         295         299         494
  0.800000000000000        1.00000000000000        1.40000000000000     
  0.600000000000000        1.00000000000000        1.40000000000000     
  0.600000000000000        1.00000000000000        1.60000000000000     
  0.600000000000000       0.800000000000000        1.40000000000000     
           1
        1334         495         494         510         296
  0.600000000000000       0.800000000000000        1.60000000000000     
  0.600000000000000       0.800000000000000        1.40000000000000     
  0.800000000000000       0.800000000000000        1.40000000000000     
  0.800000000000000        1.00000000000000        1.40000000000000     
           1
        1335         299         494         495         296
  0.600000000000000        1.00000000000000        1.60000000000000     
  0.600000000000000       0.800000000000000        1.40000000000000     
  0.600000000000000       0.800000000000000        1.60000000000000     
  0.800000000000000        1.00000000000000        1.40000000000000     
           1
        1336         300         296         299         511
  0.800000000000000        1.00000000000000        1.60000000000000     
  0.800000000000000        1.00000000000000        1.40000000000000     
  0.600000000000000        1.00000000000000        1.60000000000000     
  0.800000000000000       0.800000000000000        1.60000000000000     
           1
        1337         511         495         510         296
  0.800000000000000       0.800000000000000        1.60000000000000     
  0.600000000000000       0.800000000000000        1.60000000000000     
  0.800000000000000       0.800000000000000        1.40000000000000     
  0.800000000000000        1.00000000000000        1.40000000000000     
           1
        1338         511         299         495         296
  0.800000000000000       0.800000000000000        1.60000000000000     
  0.600000000000000        1.00000000000000        1.60000000000000     
  0.600000000000000       0.800000000000000        1.60000000000000     
  0.800000000000000        1.00000000000000        1.40000000000000     
           1
        1339         300         299         303         495
  0.800000000000000        1.00000000000000        1.60000000000000     
  0.600000000000000        1.00000000000000        1.60000000000000     
  0.600000000000000        1.00000000000000        1.80000000000000     
  0.600000000000000       0.800000000000000        1.60000000000000     
           1
        1340         496         495         511         300
  0.600000000000000       0.800000000000000        1.80000000000000     
  0.600000000000000       0.800000000000000        1.60000000000000     
  0.800000000000000       0.800000000000000        1.60000000000000     
  0.800000000000000        1.00000000000000        1.60000000000000     
           1
        1341         303         495         496         300
  0.600000000000000        1.00000000000000        1.80000000000000     
  0.600000000000000       0.800000000000000        1.60000000000000     
  0.600000000000000       0.800000000000000        1.80000000000000     
  0.800000000000000        1.00000000000000        1.60000000000000     
           1
        1342         304         300         303         512
  0.800000000000000        1.00000000000000        1.80000000000000     
  0.800000000000000        1.00000000000000        1.60000000000000     
  0.600000000000000        1.00000000000000        1.80000000000000     
  0.800000000000000       0.800000000000000        1.80000000000000     
           1
        1343         512         496         511         300
  0.800000000000000       0.800000000000000        1.80000000000000     
  0.600000000000000       0.800000000000000        1.80000000000000     
  0.800000000000000       0.800000000000000        1.60000000000000     
  0.800000000000000        1.00000000000000        1.60000000000000     
           1
        1344         512         303         496         300
  0.800000000000000       0.800000000000000        1.80000000000000     
  0.600000000000000        1.00000000000000        1.80000000000000     
  0.600000000000000       0.800000000000000        1.80000000000000     
  0.800000000000000        1.00000000000000        1.60000000000000     
           1
        1345         304         303          91         496
  0.800000000000000        1.00000000000000        1.80000000000000     
  0.600000000000000        1.00000000000000        1.80000000000000     
  0.600000000000000        1.00000000000000        2.00000000000000     
  0.600000000000000       0.800000000000000        1.80000000000000     
           1
        1346         268         496         512         304
  0.600000000000000       0.800000000000000        2.00000000000000     
  0.600000000000000       0.800000000000000        1.80000000000000     
  0.800000000000000       0.800000000000000        1.80000000000000     
  0.800000000000000        1.00000000000000        1.80000000000000     
           1
        1347          91         496         268         304
  0.600000000000000        1.00000000000000        2.00000000000000     
  0.600000000000000       0.800000000000000        1.80000000000000     
  0.600000000000000       0.800000000000000        2.00000000000000     
  0.800000000000000        1.00000000000000        1.80000000000000     
           1
        1348          92         304          91         272
  0.800000000000000        1.00000000000000        2.00000000000000     
  0.800000000000000        1.00000000000000        1.80000000000000     
  0.600000000000000        1.00000000000000        2.00000000000000     
  0.800000000000000       0.800000000000000        2.00000000000000     
           1
        1349         272         268         512         304
  0.800000000000000       0.800000000000000        2.00000000000000     
  0.600000000000000       0.800000000000000        2.00000000000000     
  0.800000000000000       0.800000000000000        1.80000000000000     
  0.800000000000000        1.00000000000000        1.80000000000000     
           1
        1350         272          91         268         304
  0.800000000000000       0.800000000000000        2.00000000000000     
  0.600000000000000        1.00000000000000        2.00000000000000     
  0.600000000000000       0.800000000000000        2.00000000000000     
  0.800000000000000        1.00000000000000        1.80000000000000     
           1
        1351          37         173         497          28
   1.00000000000000       0.200000000000000        1.00000000000000     
  0.800000000000000       0.200000000000000        1.00000000000000     
  0.800000000000000       0.200000000000000        1.20000000000000     
  0.800000000000000       0.000000000000000E+000   1.00000000000000     
           1
        1352         228          28           6          37
  0.800000000000000       0.000000000000000E+000   1.20000000000000     
  0.800000000000000       0.000000000000000E+000   1.00000000000000     
   1.00000000000000       0.000000000000000E+000   1.00000000000000     
   1.00000000000000       0.200000000000000        1.00000000000000     
           1
        1353         497          28         228          37
  0.800000000000000       0.200000000000000        1.20000000000000     
  0.800000000000000       0.000000000000000E+000   1.00000000000000     
  0.800000000000000       0.000000000000000E+000   1.20000000000000     
   1.00000000000000       0.200000000000000        1.00000000000000     
           1
        1354         241          37         497          65
   1.00000000000000       0.200000000000000        1.20000000000000     
   1.00000000000000       0.200000000000000        1.00000000000000     
  0.800000000000000       0.200000000000000        1.20000000000000     
   1.00000000000000       0.000000000000000E+000   1.20000000000000     
           1
        1355          65         228           6          37
   1.00000000000000       0.000000000000000E+000   1.20000000000000     
  0.800000000000000       0.000000000000000E+000   1.20000000000000     
   1.00000000000000       0.000000000000000E+000   1.00000000000000     
   1.00000000000000       0.200000000000000        1.00000000000000     
           1
        1356          65         497         228          37
   1.00000000000000       0.000000000000000E+000   1.20000000000000     
  0.800000000000000       0.200000000000000        1.20000000000000     
  0.800000000000000       0.000000000000000E+000   1.20000000000000     
   1.00000000000000       0.200000000000000        1.00000000000000     
           1
        1357         241         497         498         228
   1.00000000000000       0.200000000000000        1.20000000000000     
  0.800000000000000       0.200000000000000        1.20000000000000     
  0.800000000000000       0.200000000000000        1.40000000000000     
  0.800000000000000       0.000000000000000E+000   1.20000000000000     
           1
        1358         232         228          65         241
  0.800000000000000       0.000000000000000E+000   1.40000000000000     
  0.800000000000000       0.000000000000000E+000   1.20000000000000     
   1.00000000000000       0.000000000000000E+000   1.20000000000000     
   1.00000000000000       0.200000000000000        1.20000000000000     
           1
        1359         498         228         232         241
  0.800000000000000       0.200000000000000        1.40000000000000     
  0.800000000000000       0.000000000000000E+000   1.20000000000000     
  0.800000000000000       0.000000000000000E+000   1.40000000000000     
   1.00000000000000       0.200000000000000        1.20000000000000     
           1
        1360         242         241         498          66
   1.00000000000000       0.200000000000000        1.40000000000000     
   1.00000000000000       0.200000000000000        1.20000000000000     
  0.800000000000000       0.200000000000000        1.40000000000000     
   1.00000000000000       0.000000000000000E+000   1.40000000000000     
           1
        1361          66         232          65         241
   1.00000000000000       0.000000000000000E+000   1.40000000000000     
  0.800000000000000       0.000000000000000E+000   1.40000000000000     
   1.00000000000000       0.000000000000000E+000   1.20000000000000     
   1.00000000000000       0.200000000000000        1.20000000000000     
           1
        1362          66         498         232         241
   1.00000000000000       0.000000000000000E+000   1.40000000000000     
  0.800000000000000       0.200000000000000        1.40000000000000     
  0.800000000000000       0.000000000000000E+000   1.40000000000000     
   1.00000000000000       0.200000000000000        1.20000000000000     
           1
        1363         242         498         499         232
   1.00000000000000       0.200000000000000        1.40000000000000     
  0.800000000000000       0.200000000000000        1.40000000000000     
  0.800000000000000       0.200000000000000        1.60000000000000     
  0.800000000000000       0.000000000000000E+000   1.40000000000000     
           1
        1364         236         232          66         242
  0.800000000000000       0.000000000000000E+000   1.60000000000000     
  0.800000000000000       0.000000000000000E+000   1.40000000000000     
   1.00000000000000       0.000000000000000E+000   1.40000000000000     
   1.00000000000000       0.200000000000000        1.40000000000000     
           1
        1365         499         232         236         242
  0.800000000000000       0.200000000000000        1.60000000000000     
  0.800000000000000       0.000000000000000E+000   1.40000000000000     
  0.800000000000000       0.000000000000000E+000   1.60000000000000     
   1.00000000000000       0.200000000000000        1.40000000000000     
           1
        1366         243         242         499          67
   1.00000000000000       0.200000000000000        1.60000000000000     
   1.00000000000000       0.200000000000000        1.40000000000000     
  0.800000000000000       0.200000000000000        1.60000000000000     
   1.00000000000000       0.000000000000000E+000   1.60000000000000     
           1
        1367          67         236          66         242
   1.00000000000000       0.000000000000000E+000   1.60000000000000     
  0.800000000000000       0.000000000000000E+000   1.60000000000000     
   1.00000000000000       0.000000000000000E+000   1.40000000000000     
   1.00000000000000       0.200000000000000        1.40000000000000     
           1
        1368          67         499         236         242
   1.00000000000000       0.000000000000000E+000   1.60000000000000     
  0.800000000000000       0.200000000000000        1.60000000000000     
  0.800000000000000       0.000000000000000E+000   1.60000000000000     
   1.00000000000000       0.200000000000000        1.40000000000000     
           1
        1369         243         499         500         236
   1.00000000000000       0.200000000000000        1.60000000000000     
  0.800000000000000       0.200000000000000        1.60000000000000     
  0.800000000000000       0.200000000000000        1.80000000000000     
  0.800000000000000       0.000000000000000E+000   1.60000000000000     
           1
        1370         240         236          67         243
  0.800000000000000       0.000000000000000E+000   1.80000000000000     
  0.800000000000000       0.000000000000000E+000   1.60000000000000     
   1.00000000000000       0.000000000000000E+000   1.60000000000000     
   1.00000000000000       0.200000000000000        1.60000000000000     
           1
        1371         500         236         240         243
  0.800000000000000       0.200000000000000        1.80000000000000     
  0.800000000000000       0.000000000000000E+000   1.60000000000000     
  0.800000000000000       0.000000000000000E+000   1.80000000000000     
   1.00000000000000       0.200000000000000        1.60000000000000     
           1
        1372         244         243         500          68
   1.00000000000000       0.200000000000000        1.80000000000000     
   1.00000000000000       0.200000000000000        1.60000000000000     
  0.800000000000000       0.200000000000000        1.80000000000000     
   1.00000000000000       0.000000000000000E+000   1.80000000000000     
           1
        1373          68         240          67         243
   1.00000000000000       0.000000000000000E+000   1.80000000000000     
  0.800000000000000       0.000000000000000E+000   1.80000000000000     
   1.00000000000000       0.000000000000000E+000   1.60000000000000     
   1.00000000000000       0.200000000000000        1.60000000000000     
           1
        1374          68         500         240         243
   1.00000000000000       0.000000000000000E+000   1.80000000000000     
  0.800000000000000       0.200000000000000        1.80000000000000     
  0.800000000000000       0.000000000000000E+000   1.80000000000000     
   1.00000000000000       0.200000000000000        1.60000000000000     
           1
        1375         244         500         269         240
   1.00000000000000       0.200000000000000        1.80000000000000     
  0.800000000000000       0.200000000000000        1.80000000000000     
  0.800000000000000       0.200000000000000        2.00000000000000     
  0.800000000000000       0.000000000000000E+000   1.80000000000000     
           1
        1376          72         240          68         244
  0.800000000000000       0.000000000000000E+000   2.00000000000000     
  0.800000000000000       0.000000000000000E+000   1.80000000000000     
   1.00000000000000       0.000000000000000E+000   1.80000000000000     
   1.00000000000000       0.200000000000000        1.80000000000000     
           1
        1377         269         240          72         244
  0.800000000000000       0.200000000000000        2.00000000000000     
  0.800000000000000       0.000000000000000E+000   1.80000000000000     
  0.800000000000000       0.000000000000000E+000   2.00000000000000     
   1.00000000000000       0.200000000000000        1.80000000000000     
           1
        1378          77         244         269          10
   1.00000000000000       0.200000000000000        2.00000000000000     
   1.00000000000000       0.200000000000000        1.80000000000000     
  0.800000000000000       0.200000000000000        2.00000000000000     
   1.00000000000000       0.000000000000000E+000   2.00000000000000     
           1
        1379          10          72          68         244
   1.00000000000000       0.000000000000000E+000   2.00000000000000     
  0.800000000000000       0.000000000000000E+000   2.00000000000000     
   1.00000000000000       0.000000000000000E+000   1.80000000000000     
   1.00000000000000       0.200000000000000        1.80000000000000     
           1
        1380          10         269          72         244
   1.00000000000000       0.000000000000000E+000   2.00000000000000     
  0.800000000000000       0.200000000000000        2.00000000000000     
  0.800000000000000       0.000000000000000E+000   2.00000000000000     
   1.00000000000000       0.200000000000000        1.80000000000000     
           1
        1381          38         174         501         173
   1.00000000000000       0.400000000000000        1.00000000000000     
  0.800000000000000       0.400000000000000        1.00000000000000     
  0.800000000000000       0.400000000000000        1.20000000000000     
  0.800000000000000       0.200000000000000        1.00000000000000     
           1
        1382         497         173          37          38
  0.800000000000000       0.200000000000000        1.20000000000000     
  0.800000000000000       0.200000000000000        1.00000000000000     
   1.00000000000000       0.200000000000000        1.00000000000000     
   1.00000000000000       0.400000000000000        1.00000000000000     
           1
        1383         501         173         497          38
  0.800000000000000       0.400000000000000        1.20000000000000     
  0.800000000000000       0.200000000000000        1.00000000000000     
  0.800000000000000       0.200000000000000        1.20000000000000     
   1.00000000000000       0.400000000000000        1.00000000000000     
           1
        1384         245          38         501         241
   1.00000000000000       0.400000000000000        1.20000000000000     
   1.00000000000000       0.400000000000000        1.00000000000000     
  0.800000000000000       0.400000000000000        1.20000000000000     
   1.00000000000000       0.200000000000000        1.20000000000000     
           1
        1385         241         497          37          38
   1.00000000000000       0.200000000000000        1.20000000000000     
  0.800000000000000       0.200000000000000        1.20000000000000     
   1.00000000000000       0.200000000000000        1.00000000000000     
   1.00000000000000       0.400000000000000        1.00000000000000     
           1
        1386         241         501         497          38
   1.00000000000000       0.200000000000000        1.20000000000000     
  0.800000000000000       0.400000000000000        1.20000000000000     
  0.800000000000000       0.200000000000000        1.20000000000000     
   1.00000000000000       0.400000000000000        1.00000000000000     
           1
        1387         245         501         502         497
   1.00000000000000       0.400000000000000        1.20000000000000     
  0.800000000000000       0.400000000000000        1.20000000000000     
  0.800000000000000       0.400000000000000        1.40000000000000     
  0.800000000000000       0.200000000000000        1.20000000000000     
           1
        1388         498         497         241         245
  0.800000000000000       0.200000000000000        1.40000000000000     
  0.800000000000000       0.200000000000000        1.20000000000000     
   1.00000000000000       0.200000000000000        1.20000000000000     
   1.00000000000000       0.400000000000000        1.20000000000000     
           1
        1389         502         497         498         245
  0.800000000000000       0.400000000000000        1.40000000000000     
  0.800000000000000       0.200000000000000        1.20000000000000     
  0.800000000000000       0.200000000000000        1.40000000000000     
   1.00000000000000       0.400000000000000        1.20000000000000     
           1
        1390         246         245         502         242
   1.00000000000000       0.400000000000000        1.40000000000000     
   1.00000000000000       0.400000000000000        1.20000000000000     
  0.800000000000000       0.400000000000000        1.40000000000000     
   1.00000000000000       0.200000000000000        1.40000000000000     
           1
        1391         242         498         241         245
   1.00000000000000       0.200000000000000        1.40000000000000     
  0.800000000000000       0.200000000000000        1.40000000000000     
   1.00000000000000       0.200000000000000        1.20000000000000     
   1.00000000000000       0.400000000000000        1.20000000000000     
           1
        1392         242         502         498         245
   1.00000000000000       0.200000000000000        1.40000000000000     
  0.800000000000000       0.400000000000000        1.40000000000000     
  0.800000000000000       0.200000000000000        1.40000000000000     
   1.00000000000000       0.400000000000000        1.20000000000000     
           1
        1393         246         502         503         498
   1.00000000000000       0.400000000000000        1.40000000000000     
  0.800000000000000       0.400000000000000        1.40000000000000     
  0.800000000000000       0.400000000000000        1.60000000000000     
  0.800000000000000       0.200000000000000        1.40000000000000     
           1
        1394         499         498         242         246
  0.800000000000000       0.200000000000000        1.60000000000000     
  0.800000000000000       0.200000000000000        1.40000000000000     
   1.00000000000000       0.200000000000000        1.40000000000000     
   1.00000000000000       0.400000000000000        1.40000000000000     
           1
        1395         503         498         499         246
  0.800000000000000       0.400000000000000        1.60000000000000     
  0.800000000000000       0.200000000000000        1.40000000000000     
  0.800000000000000       0.200000000000000        1.60000000000000     
   1.00000000000000       0.400000000000000        1.40000000000000     
           1
        1396         247         246         503         243
   1.00000000000000       0.400000000000000        1.60000000000000     
   1.00000000000000       0.400000000000000        1.40000000000000     
  0.800000000000000       0.400000000000000        1.60000000000000     
   1.00000000000000       0.200000000000000        1.60000000000000     
           1
        1397         243         499         242         246
   1.00000000000000       0.200000000000000        1.60000000000000     
  0.800000000000000       0.200000000000000        1.60000000000000     
   1.00000000000000       0.200000000000000        1.40000000000000     
   1.00000000000000       0.400000000000000        1.40000000000000     
           1
        1398         243         503         499         246
   1.00000000000000       0.200000000000000        1.60000000000000     
  0.800000000000000       0.400000000000000        1.60000000000000     
  0.800000000000000       0.200000000000000        1.60000000000000     
   1.00000000000000       0.400000000000000        1.40000000000000     
           1
        1399         247         503         504         499
   1.00000000000000       0.400000000000000        1.60000000000000     
  0.800000000000000       0.400000000000000        1.60000000000000     
  0.800000000000000       0.400000000000000        1.80000000000000     
  0.800000000000000       0.200000000000000        1.60000000000000     
           1
        1400         500         499         243         247
  0.800000000000000       0.200000000000000        1.80000000000000     
  0.800000000000000       0.200000000000000        1.60000000000000     
   1.00000000000000       0.200000000000000        1.60000000000000     
   1.00000000000000       0.400000000000000        1.60000000000000     
           1
        1401         504         499         500         247
  0.800000000000000       0.400000000000000        1.80000000000000     
  0.800000000000000       0.200000000000000        1.60000000000000     
  0.800000000000000       0.200000000000000        1.80000000000000     
   1.00000000000000       0.400000000000000        1.60000000000000     
           1
        1402         248         247         504         244
   1.00000000000000       0.400000000000000        1.80000000000000     
   1.00000000000000       0.400000000000000        1.60000000000000     
  0.800000000000000       0.400000000000000        1.80000000000000     
   1.00000000000000       0.200000000000000        1.80000000000000     
           1
        1403         244         500         243         247
   1.00000000000000       0.200000000000000        1.80000000000000     
  0.800000000000000       0.200000000000000        1.80000000000000     
   1.00000000000000       0.200000000000000        1.60000000000000     
   1.00000000000000       0.400000000000000        1.60000000000000     
           1
        1404         244         504         500         247
   1.00000000000000       0.200000000000000        1.80000000000000     
  0.800000000000000       0.400000000000000        1.80000000000000     
  0.800000000000000       0.200000000000000        1.80000000000000     
   1.00000000000000       0.400000000000000        1.60000000000000     
           1
        1405         248         504         270         500
   1.00000000000000       0.400000000000000        1.80000000000000     
  0.800000000000000       0.400000000000000        1.80000000000000     
  0.800000000000000       0.400000000000000        2.00000000000000     
  0.800000000000000       0.200000000000000        1.80000000000000     
           1
        1406         269         500         244         248
  0.800000000000000       0.200000000000000        2.00000000000000     
  0.800000000000000       0.200000000000000        1.80000000000000     
   1.00000000000000       0.200000000000000        1.80000000000000     
   1.00000000000000       0.400000000000000        1.80000000000000     
           1
        1407         270         500         269         248
  0.800000000000000       0.400000000000000        2.00000000000000     
  0.800000000000000       0.200000000000000        1.80000000000000     
  0.800000000000000       0.200000000000000        2.00000000000000     
   1.00000000000000       0.400000000000000        1.80000000000000     
           1
        1408          78         248         270          77
   1.00000000000000       0.400000000000000        2.00000000000000     
   1.00000000000000       0.400000000000000        1.80000000000000     
  0.800000000000000       0.400000000000000        2.00000000000000     
   1.00000000000000       0.200000000000000        2.00000000000000     
           1
        1409          77         269         244         248
   1.00000000000000       0.200000000000000        2.00000000000000     
  0.800000000000000       0.200000000000000        2.00000000000000     
   1.00000000000000       0.200000000000000        1.80000000000000     
   1.00000000000000       0.400000000000000        1.80000000000000     
           1
        1410          77         270         269         248
   1.00000000000000       0.200000000000000        2.00000000000000     
  0.800000000000000       0.400000000000000        2.00000000000000     
  0.800000000000000       0.200000000000000        2.00000000000000     
   1.00000000000000       0.400000000000000        1.80000000000000     
           1
        1411          39         175         505         174
   1.00000000000000       0.600000000000000        1.00000000000000     
  0.800000000000000       0.600000000000000        1.00000000000000     
  0.800000000000000       0.600000000000000        1.20000000000000     
  0.800000000000000       0.400000000000000        1.00000000000000     
           1
        1412         501         174          38          39
  0.800000000000000       0.400000000000000        1.20000000000000     
  0.800000000000000       0.400000000000000        1.00000000000000     
   1.00000000000000       0.400000000000000        1.00000000000000     
   1.00000000000000       0.600000000000000        1.00000000000000     
           1
        1413         505         174         501          39
  0.800000000000000       0.600000000000000        1.20000000000000     
  0.800000000000000       0.400000000000000        1.00000000000000     
  0.800000000000000       0.400000000000000        1.20000000000000     
   1.00000000000000       0.600000000000000        1.00000000000000     
           1
        1414         249          39         505         245
   1.00000000000000       0.600000000000000        1.20000000000000     
   1.00000000000000       0.600000000000000        1.00000000000000     
  0.800000000000000       0.600000000000000        1.20000000000000     
   1.00000000000000       0.400000000000000        1.20000000000000     
           1
        1415         245         501          38          39
   1.00000000000000       0.400000000000000        1.20000000000000     
  0.800000000000000       0.400000000000000        1.20000000000000     
   1.00000000000000       0.400000000000000        1.00000000000000     
   1.00000000000000       0.600000000000000        1.00000000000000     
           1
        1416         245         505         501          39
   1.00000000000000       0.400000000000000        1.20000000000000     
  0.800000000000000       0.600000000000000        1.20000000000000     
  0.800000000000000       0.400000000000000        1.20000000000000     
   1.00000000000000       0.600000000000000        1.00000000000000     
           1
        1417         249         505         506         501
   1.00000000000000       0.600000000000000        1.20000000000000     
  0.800000000000000       0.600000000000000        1.20000000000000     
  0.800000000000000       0.600000000000000        1.40000000000000     
  0.800000000000000       0.400000000000000        1.20000000000000     
           1
        1418         502         501         245         249
  0.800000000000000       0.400000000000000        1.40000000000000     
  0.800000000000000       0.400000000000000        1.20000000000000     
   1.00000000000000       0.400000000000000        1.20000000000000     
   1.00000000000000       0.600000000000000        1.20000000000000     
           1
        1419         506         501         502         249
  0.800000000000000       0.600000000000000        1.40000000000000     
  0.800000000000000       0.400000000000000        1.20000000000000     
  0.800000000000000       0.400000000000000        1.40000000000000     
   1.00000000000000       0.600000000000000        1.20000000000000     
           1
        1420         250         249         506         246
   1.00000000000000       0.600000000000000        1.40000000000000     
   1.00000000000000       0.600000000000000        1.20000000000000     
  0.800000000000000       0.600000000000000        1.40000000000000     
   1.00000000000000       0.400000000000000        1.40000000000000     
           1
        1421         246         502         245         249
   1.00000000000000       0.400000000000000        1.40000000000000     
  0.800000000000000       0.400000000000000        1.40000000000000     
   1.00000000000000       0.400000000000000        1.20000000000000     
   1.00000000000000       0.600000000000000        1.20000000000000     
           1
        1422         246         506         502         249
   1.00000000000000       0.400000000000000        1.40000000000000     
  0.800000000000000       0.600000000000000        1.40000000000000     
  0.800000000000000       0.400000000000000        1.40000000000000     
   1.00000000000000       0.600000000000000        1.20000000000000     
           1
        1423         250         506         507         502
   1.00000000000000       0.600000000000000        1.40000000000000     
  0.800000000000000       0.600000000000000        1.40000000000000     
  0.800000000000000       0.600000000000000        1.60000000000000     
  0.800000000000000       0.400000000000000        1.40000000000000     
           1
        1424         503         502         246         250
  0.800000000000000       0.400000000000000        1.60000000000000     
  0.800000000000000       0.400000000000000        1.40000000000000     
   1.00000000000000       0.400000000000000        1.40000000000000     
   1.00000000000000       0.600000000000000        1.40000000000000     
           1
        1425         507         502         503         250
  0.800000000000000       0.600000000000000        1.60000000000000     
  0.800000000000000       0.400000000000000        1.40000000000000     
  0.800000000000000       0.400000000000000        1.60000000000000     
   1.00000000000000       0.600000000000000        1.40000000000000     
           1
        1426         251         250         507         247
   1.00000000000000       0.600000000000000        1.60000000000000     
   1.00000000000000       0.600000000000000        1.40000000000000     
  0.800000000000000       0.600000000000000        1.60000000000000     
   1.00000000000000       0.400000000000000        1.60000000000000     
           1
        1427         247         503         246         250
   1.00000000000000       0.400000000000000        1.60000000000000     
  0.800000000000000       0.400000000000000        1.60000000000000     
   1.00000000000000       0.400000000000000        1.40000000000000     
   1.00000000000000       0.600000000000000        1.40000000000000     
           1
        1428         247         507         503         250
   1.00000000000000       0.400000000000000        1.60000000000000     
  0.800000000000000       0.600000000000000        1.60000000000000     
  0.800000000000000       0.400000000000000        1.60000000000000     
   1.00000000000000       0.600000000000000        1.40000000000000     
           1
        1429         251         507         508         503
   1.00000000000000       0.600000000000000        1.60000000000000     
  0.800000000000000       0.600000000000000        1.60000000000000     
  0.800000000000000       0.600000000000000        1.80000000000000     
  0.800000000000000       0.400000000000000        1.60000000000000     
           1
        1430         504         503         247         251
  0.800000000000000       0.400000000000000        1.80000000000000     
  0.800000000000000       0.400000000000000        1.60000000000000     
   1.00000000000000       0.400000000000000        1.60000000000000     
   1.00000000000000       0.600000000000000        1.60000000000000     
           1
        1431         508         503         504         251
  0.800000000000000       0.600000000000000        1.80000000000000     
  0.800000000000000       0.400000000000000        1.60000000000000     
  0.800000000000000       0.400000000000000        1.80000000000000     
   1.00000000000000       0.600000000000000        1.60000000000000     
           1
        1432         252         251         508         248
   1.00000000000000       0.600000000000000        1.80000000000000     
   1.00000000000000       0.600000000000000        1.60000000000000     
  0.800000000000000       0.600000000000000        1.80000000000000     
   1.00000000000000       0.400000000000000        1.80000000000000     
           1
        1433         248         504         247         251
   1.00000000000000       0.400000000000000        1.80000000000000     
  0.800000000000000       0.400000000000000        1.80000000000000     
   1.00000000000000       0.400000000000000        1.60000000000000     
   1.00000000000000       0.600000000000000        1.60000000000000     
           1
        1434         248         508         504         251
   1.00000000000000       0.400000000000000        1.80000000000000     
  0.800000000000000       0.600000000000000        1.80000000000000     
  0.800000000000000       0.400000000000000        1.80000000000000     
   1.00000000000000       0.600000000000000        1.60000000000000     
           1
        1435         252         508         271         504
   1.00000000000000       0.600000000000000        1.80000000000000     
  0.800000000000000       0.600000000000000        1.80000000000000     
  0.800000000000000       0.600000000000000        2.00000000000000     
  0.800000000000000       0.400000000000000        1.80000000000000     
           1
        1436         270         504         248         252
  0.800000000000000       0.400000000000000        2.00000000000000     
  0.800000000000000       0.400000000000000        1.80000000000000     
   1.00000000000000       0.400000000000000        1.80000000000000     
   1.00000000000000       0.600000000000000        1.80000000000000     
           1
        1437         271         504         270         252
  0.800000000000000       0.600000000000000        2.00000000000000     
  0.800000000000000       0.400000000000000        1.80000000000000     
  0.800000000000000       0.400000000000000        2.00000000000000     
   1.00000000000000       0.600000000000000        1.80000000000000     
           1
        1438          79         252         271          78
   1.00000000000000       0.600000000000000        2.00000000000000     
   1.00000000000000       0.600000000000000        1.80000000000000     
  0.800000000000000       0.600000000000000        2.00000000000000     
   1.00000000000000       0.400000000000000        2.00000000000000     
           1
        1439          78         270         248         252
   1.00000000000000       0.400000000000000        2.00000000000000     
  0.800000000000000       0.400000000000000        2.00000000000000     
   1.00000000000000       0.400000000000000        1.80000000000000     
   1.00000000000000       0.600000000000000        1.80000000000000     
           1
        1440          78         271         270         252
   1.00000000000000       0.400000000000000        2.00000000000000     
  0.800000000000000       0.600000000000000        2.00000000000000     
  0.800000000000000       0.400000000000000        2.00000000000000     
   1.00000000000000       0.600000000000000        1.80000000000000     
           1
        1441          40         176         509         175
   1.00000000000000       0.800000000000000        1.00000000000000     
  0.800000000000000       0.800000000000000        1.00000000000000     
  0.800000000000000       0.800000000000000        1.20000000000000     
  0.800000000000000       0.600000000000000        1.00000000000000     
           1
        1442         505         175          39          40
  0.800000000000000       0.600000000000000        1.20000000000000     
  0.800000000000000       0.600000000000000        1.00000000000000     
   1.00000000000000       0.600000000000000        1.00000000000000     
   1.00000000000000       0.800000000000000        1.00000000000000     
           1
        1443         509         175         505          40
  0.800000000000000       0.800000000000000        1.20000000000000     
  0.800000000000000       0.600000000000000        1.00000000000000     
  0.800000000000000       0.600000000000000        1.20000000000000     
   1.00000000000000       0.800000000000000        1.00000000000000     
           1
        1444         253          40         509         249
   1.00000000000000       0.800000000000000        1.20000000000000     
   1.00000000000000       0.800000000000000        1.00000000000000     
  0.800000000000000       0.800000000000000        1.20000000000000     
   1.00000000000000       0.600000000000000        1.20000000000000     
           1
        1445         249         505          39          40
   1.00000000000000       0.600000000000000        1.20000000000000     
  0.800000000000000       0.600000000000000        1.20000000000000     
   1.00000000000000       0.600000000000000        1.00000000000000     
   1.00000000000000       0.800000000000000        1.00000000000000     
           1
        1446         249         509         505          40
   1.00000000000000       0.600000000000000        1.20000000000000     
  0.800000000000000       0.800000000000000        1.20000000000000     
  0.800000000000000       0.600000000000000        1.20000000000000     
   1.00000000000000       0.800000000000000        1.00000000000000     
           1
        1447         253         509         510         505
   1.00000000000000       0.800000000000000        1.20000000000000     
  0.800000000000000       0.800000000000000        1.20000000000000     
  0.800000000000000       0.800000000000000        1.40000000000000     
  0.800000000000000       0.600000000000000        1.20000000000000     
           1
        1448         506         505         249         253
  0.800000000000000       0.600000000000000        1.40000000000000     
  0.800000000000000       0.600000000000000        1.20000000000000     
   1.00000000000000       0.600000000000000        1.20000000000000     
   1.00000000000000       0.800000000000000        1.20000000000000     
           1
        1449         510         505         506         253
  0.800000000000000       0.800000000000000        1.40000000000000     
  0.800000000000000       0.600000000000000        1.20000000000000     
  0.800000000000000       0.600000000000000        1.40000000000000     
   1.00000000000000       0.800000000000000        1.20000000000000     
           1
        1450         254         253         510         250
   1.00000000000000       0.800000000000000        1.40000000000000     
   1.00000000000000       0.800000000000000        1.20000000000000     
  0.800000000000000       0.800000000000000        1.40000000000000     
   1.00000000000000       0.600000000000000        1.40000000000000     
           1
        1451         250         506         249         253
   1.00000000000000       0.600000000000000        1.40000000000000     
  0.800000000000000       0.600000000000000        1.40000000000000     
   1.00000000000000       0.600000000000000        1.20000000000000     
   1.00000000000000       0.800000000000000        1.20000000000000     
           1
        1452         250         510         506         253
   1.00000000000000       0.600000000000000        1.40000000000000     
  0.800000000000000       0.800000000000000        1.40000000000000     
  0.800000000000000       0.600000000000000        1.40000000000000     
   1.00000000000000       0.800000000000000        1.20000000000000     
           1
        1453         254         510         511         506
   1.00000000000000       0.800000000000000        1.40000000000000     
  0.800000000000000       0.800000000000000        1.40000000000000     
  0.800000000000000       0.800000000000000        1.60000000000000     
  0.800000000000000       0.600000000000000        1.40000000000000     
           1
        1454         507         506         250         254
  0.800000000000000       0.600000000000000        1.60000000000000     
  0.800000000000000       0.600000000000000        1.40000000000000     
   1.00000000000000       0.600000000000000        1.40000000000000     
   1.00000000000000       0.800000000000000        1.40000000000000     
           1
        1455         511         506         507         254
  0.800000000000000       0.800000000000000        1.60000000000000     
  0.800000000000000       0.600000000000000        1.40000000000000     
  0.800000000000000       0.600000000000000        1.60000000000000     
   1.00000000000000       0.800000000000000        1.40000000000000     
           1
        1456         255         254         511         251
   1.00000000000000       0.800000000000000        1.60000000000000     
   1.00000000000000       0.800000000000000        1.40000000000000     
  0.800000000000000       0.800000000000000        1.60000000000000     
   1.00000000000000       0.600000000000000        1.60000000000000     
           1
        1457         251         507         250         254
   1.00000000000000       0.600000000000000        1.60000000000000     
  0.800000000000000       0.600000000000000        1.60000000000000     
   1.00000000000000       0.600000000000000        1.40000000000000     
   1.00000000000000       0.800000000000000        1.40000000000000     
           1
        1458         251         511         507         254
   1.00000000000000       0.600000000000000        1.60000000000000     
  0.800000000000000       0.800000000000000        1.60000000000000     
  0.800000000000000       0.600000000000000        1.60000000000000     
   1.00000000000000       0.800000000000000        1.40000000000000     
           1
        1459         255         511         512         507
   1.00000000000000       0.800000000000000        1.60000000000000     
  0.800000000000000       0.800000000000000        1.60000000000000     
  0.800000000000000       0.800000000000000        1.80000000000000     
  0.800000000000000       0.600000000000000        1.60000000000000     
           1
        1460         508         507         251         255
  0.800000000000000       0.600000000000000        1.80000000000000     
  0.800000000000000       0.600000000000000        1.60000000000000     
   1.00000000000000       0.600000000000000        1.60000000000000     
   1.00000000000000       0.800000000000000        1.60000000000000     
           1
        1461         512         507         508         255
  0.800000000000000       0.800000000000000        1.80000000000000     
  0.800000000000000       0.600000000000000        1.60000000000000     
  0.800000000000000       0.600000000000000        1.80000000000000     
   1.00000000000000       0.800000000000000        1.60000000000000     
           1
        1462         256         255         512         252
   1.00000000000000       0.800000000000000        1.80000000000000     
   1.00000000000000       0.800000000000000        1.60000000000000     
  0.800000000000000       0.800000000000000        1.80000000000000     
   1.00000000000000       0.600000000000000        1.80000000000000     
           1
        1463         252         508         251         255
   1.00000000000000       0.600000000000000        1.80000000000000     
  0.800000000000000       0.600000000000000        1.80000000000000     
   1.00000000000000       0.600000000000000        1.60000000000000     
   1.00000000000000       0.800000000000000        1.60000000000000     
           1
        1464         252         512         508         255
   1.00000000000000       0.600000000000000        1.80000000000000     
  0.800000000000000       0.800000000000000        1.80000000000000     
  0.800000000000000       0.600000000000000        1.80000000000000     
   1.00000000000000       0.800000000000000        1.60000000000000     
           1
        1465         256         512         272         508
   1.00000000000000       0.800000000000000        1.80000000000000     
  0.800000000000000       0.800000000000000        1.80000000000000     
  0.800000000000000       0.800000000000000        2.00000000000000     
  0.800000000000000       0.600000000000000        1.80000000000000     
           1
        1466         271         508         252         256
  0.800000000000000       0.600000000000000        2.00000000000000     
  0.800000000000000       0.600000000000000        1.80000000000000     
   1.00000000000000       0.600000000000000        1.80000000000000     
   1.00000000000000       0.800000000000000        1.80000000000000     
           1
        1467         272         508         271         256
  0.800000000000000       0.800000000000000        2.00000000000000     
  0.800000000000000       0.600000000000000        1.80000000000000     
  0.800000000000000       0.600000000000000        2.00000000000000     
   1.00000000000000       0.800000000000000        1.80000000000000     
           1
        1468          80         256         272          79
   1.00000000000000       0.800000000000000        2.00000000000000     
   1.00000000000000       0.800000000000000        1.80000000000000     
  0.800000000000000       0.800000000000000        2.00000000000000     
   1.00000000000000       0.600000000000000        2.00000000000000     
           1
        1469          79         271         252         256
   1.00000000000000       0.600000000000000        2.00000000000000     
  0.800000000000000       0.600000000000000        2.00000000000000     
   1.00000000000000       0.600000000000000        1.80000000000000     
   1.00000000000000       0.800000000000000        1.80000000000000     
           1
        1470          79         272         271         256
   1.00000000000000       0.600000000000000        2.00000000000000     
  0.800000000000000       0.800000000000000        2.00000000000000     
  0.800000000000000       0.600000000000000        2.00000000000000     
   1.00000000000000       0.800000000000000        1.80000000000000     
           1
        1471           8          60         292         176
   1.00000000000000        1.00000000000000        1.00000000000000     
  0.800000000000000        1.00000000000000        1.00000000000000     
  0.800000000000000        1.00000000000000        1.20000000000000     
  0.800000000000000       0.800000000000000        1.00000000000000     
           1
        1472         509         176          40           8
  0.800000000000000       0.800000000000000        1.20000000000000     
  0.800000000000000       0.800000000000000        1.00000000000000     
   1.00000000000000       0.800000000000000        1.00000000000000     
   1.00000000000000        1.00000000000000        1.00000000000000     
           1
        1473         292         176         509           8
  0.800000000000000        1.00000000000000        1.20000000000000     
  0.800000000000000       0.800000000000000        1.00000000000000     
  0.800000000000000       0.800000000000000        1.20000000000000     
   1.00000000000000        1.00000000000000        1.00000000000000     
           1
        1474          85           8         292         253
   1.00000000000000        1.00000000000000        1.20000000000000     
   1.00000000000000        1.00000000000000        1.00000000000000     
  0.800000000000000        1.00000000000000        1.20000000000000     
   1.00000000000000       0.800000000000000        1.20000000000000     
           1
        1475         253         509          40           8
   1.00000000000000       0.800000000000000        1.20000000000000     
  0.800000000000000       0.800000000000000        1.20000000000000     
   1.00000000000000       0.800000000000000        1.00000000000000     
   1.00000000000000        1.00000000000000        1.00000000000000     
           1
        1476         253         292         509           8
   1.00000000000000       0.800000000000000        1.20000000000000     
  0.800000000000000        1.00000000000000        1.20000000000000     
  0.800000000000000       0.800000000000000        1.20000000000000     
   1.00000000000000        1.00000000000000        1.00000000000000     
           1
        1477          85         292         296         509
   1.00000000000000        1.00000000000000        1.20000000000000     
  0.800000000000000        1.00000000000000        1.20000000000000     
  0.800000000000000        1.00000000000000        1.40000000000000     
  0.800000000000000       0.800000000000000        1.20000000000000     
           1
        1478         510         509         253          85
  0.800000000000000       0.800000000000000        1.40000000000000     
  0.800000000000000       0.800000000000000        1.20000000000000     
   1.00000000000000       0.800000000000000        1.20000000000000     
   1.00000000000000        1.00000000000000        1.20000000000000     
           1
        1479         296         509         510          85
  0.800000000000000        1.00000000000000        1.40000000000000     
  0.800000000000000       0.800000000000000        1.20000000000000     
  0.800000000000000       0.800000000000000        1.40000000000000     
   1.00000000000000        1.00000000000000        1.20000000000000     
           1
        1480          86          85         296         254
   1.00000000000000        1.00000000000000        1.40000000000000     
   1.00000000000000        1.00000000000000        1.20000000000000     
  0.800000000000000        1.00000000000000        1.40000000000000     
   1.00000000000000       0.800000000000000        1.40000000000000     
           1
        1481         254         510         253          85
   1.00000000000000       0.800000000000000        1.40000000000000     
  0.800000000000000       0.800000000000000        1.40000000000000     
   1.00000000000000       0.800000000000000        1.20000000000000     
   1.00000000000000        1.00000000000000        1.20000000000000     
           1
        1482         254         296         510          85
   1.00000000000000       0.800000000000000        1.40000000000000     
  0.800000000000000        1.00000000000000        1.40000000000000     
  0.800000000000000       0.800000000000000        1.40000000000000     
   1.00000000000000        1.00000000000000        1.20000000000000     
           1
        1483          86         296         300         510
   1.00000000000000        1.00000000000000        1.40000000000000     
  0.800000000000000        1.00000000000000        1.40000000000000     
  0.800000000000000        1.00000000000000        1.60000000000000     
  0.800000000000000       0.800000000000000        1.40000000000000     
           1
        1484         511         510         254          86
  0.800000000000000       0.800000000000000        1.60000000000000     
  0.800000000000000       0.800000000000000        1.40000000000000     
   1.00000000000000       0.800000000000000        1.40000000000000     
   1.00000000000000        1.00000000000000        1.40000000000000     
           1
        1485         300         510         511          86
  0.800000000000000        1.00000000000000        1.60000000000000     
  0.800000000000000       0.800000000000000        1.40000000000000     
  0.800000000000000       0.800000000000000        1.60000000000000     
   1.00000000000000        1.00000000000000        1.40000000000000     
           1
        1486          87          86         300         255
   1.00000000000000        1.00000000000000        1.60000000000000     
   1.00000000000000        1.00000000000000        1.40000000000000     
  0.800000000000000        1.00000000000000        1.60000000000000     
   1.00000000000000       0.800000000000000        1.60000000000000     
           1
        1487         255         511         254          86
   1.00000000000000       0.800000000000000        1.60000000000000     
  0.800000000000000       0.800000000000000        1.60000000000000     
   1.00000000000000       0.800000000000000        1.40000000000000     
   1.00000000000000        1.00000000000000        1.40000000000000     
           1
        1488         255         300         511          86
   1.00000000000000       0.800000000000000        1.60000000000000     
  0.800000000000000        1.00000000000000        1.60000000000000     
  0.800000000000000       0.800000000000000        1.60000000000000     
   1.00000000000000        1.00000000000000        1.40000000000000     
           1
        1489          87         300         304         511
   1.00000000000000        1.00000000000000        1.60000000000000     
  0.800000000000000        1.00000000000000        1.60000000000000     
  0.800000000000000        1.00000000000000        1.80000000000000     
  0.800000000000000       0.800000000000000        1.60000000000000     
           1
        1490         512         511         255          87
  0.800000000000000       0.800000000000000        1.80000000000000     
  0.800000000000000       0.800000000000000        1.60000000000000     
   1.00000000000000       0.800000000000000        1.60000000000000     
   1.00000000000000        1.00000000000000        1.60000000000000     
           1
        1491         304         511         512          87
  0.800000000000000        1.00000000000000        1.80000000000000     
  0.800000000000000       0.800000000000000        1.60000000000000     
  0.800000000000000       0.800000000000000        1.80000000000000     
   1.00000000000000        1.00000000000000        1.60000000000000     
           1
        1492          88          87         304         256
   1.00000000000000        1.00000000000000        1.80000000000000     
   1.00000000000000        1.00000000000000        1.60000000000000     
  0.800000000000000        1.00000000000000        1.80000000000000     
   1.00000000000000       0.800000000000000        1.80000000000000     
           1
        1493         256         512         255          87
   1.00000000000000       0.800000000000000        1.80000000000000     
  0.800000000000000       0.800000000000000        1.80000000000000     
   1.00000000000000       0.800000000000000        1.60000000000000     
   1.00000000000000        1.00000000000000        1.60000000000000     
           1
        1494         256         304         512          87
   1.00000000000000       0.800000000000000        1.80000000000000     
  0.800000000000000        1.00000000000000        1.80000000000000     
  0.800000000000000       0.800000000000000        1.80000000000000     
   1.00000000000000        1.00000000000000        1.60000000000000     
           1
        1495          88         304          92         512
   1.00000000000000        1.00000000000000        1.80000000000000     
  0.800000000000000        1.00000000000000        1.80000000000000     
  0.800000000000000        1.00000000000000        2.00000000000000     
  0.800000000000000       0.800000000000000        1.80000000000000     
           1
        1496         272         512         256          88
  0.800000000000000       0.800000000000000        2.00000000000000     
  0.800000000000000       0.800000000000000        1.80000000000000     
   1.00000000000000       0.800000000000000        1.80000000000000     
   1.00000000000000        1.00000000000000        1.80000000000000     
           1
        1497          92         512         272          88
  0.800000000000000        1.00000000000000        2.00000000000000     
  0.800000000000000       0.800000000000000        1.80000000000000     
  0.800000000000000       0.800000000000000        2.00000000000000     
   1.00000000000000        1.00000000000000        1.80000000000000     
           1
        1498          12          88          92          80
   1.00000000000000        1.00000000000000        2.00000000000000     
   1.00000000000000        1.00000000000000        1.80000000000000     
  0.800000000000000        1.00000000000000        2.00000000000000     
   1.00000000000000       0.800000000000000        2.00000000000000     
           1
        1499          80         272         256          88
   1.00000000000000       0.800000000000000        2.00000000000000     
  0.800000000000000       0.800000000000000        2.00000000000000     
   1.00000000000000       0.800000000000000        1.80000000000000     
   1.00000000000000        1.00000000000000        1.80000000000000     
           1
        1500          80          92         272          88
   1.00000000000000       0.800000000000000        2.00000000000000     
  0.800000000000000        1.00000000000000        2.00000000000000     
  0.800000000000000       0.800000000000000        2.00000000000000     
   1.00000000000000        1.00000000000000        1.80000000000000     
           1
        1501         353         109         337           7
  0.200000000000000        1.20000000000000        1.00000000000000     
  0.000000000000000E+000   1.20000000000000        1.00000000000000     
  0.000000000000000E+000   1.20000000000000        1.20000000000000     
  0.000000000000000E+000   1.00000000000000        1.00000000000000     
           1
        1502          93           7          57         353
  0.000000000000000E+000   1.00000000000000        1.20000000000000     
  0.000000000000000E+000   1.00000000000000        1.00000000000000     
  0.200000000000000        1.00000000000000        1.00000000000000     
  0.200000000000000        1.20000000000000        1.00000000000000     
           1
        1503         337           7          93         353
  0.000000000000000E+000   1.20000000000000        1.20000000000000     
  0.000000000000000E+000   1.00000000000000        1.00000000000000     
  0.000000000000000E+000   1.00000000000000        1.20000000000000     
  0.200000000000000        1.20000000000000        1.00000000000000     
           1
        1504         513         353         337         289
  0.200000000000000        1.20000000000000        1.20000000000000     
  0.200000000000000        1.20000000000000        1.00000000000000     
  0.000000000000000E+000   1.20000000000000        1.20000000000000     
  0.200000000000000        1.00000000000000        1.20000000000000     
           1
        1505         289          93          57         353
  0.200000000000000        1.00000000000000        1.20000000000000     
  0.000000000000000E+000   1.00000000000000        1.20000000000000     
  0.200000000000000        1.00000000000000        1.00000000000000     
  0.200000000000000        1.20000000000000        1.00000000000000     
           1
        1506         289         337          93         353
  0.200000000000000        1.00000000000000        1.20000000000000     
  0.000000000000000E+000   1.20000000000000        1.20000000000000     
  0.000000000000000E+000   1.00000000000000        1.20000000000000     
  0.200000000000000        1.20000000000000        1.00000000000000     
           1
        1507         513         337         338          93
  0.200000000000000        1.20000000000000        1.20000000000000     
  0.000000000000000E+000   1.20000000000000        1.20000000000000     
  0.000000000000000E+000   1.20000000000000        1.40000000000000     
  0.000000000000000E+000   1.00000000000000        1.20000000000000     
           1
        1508          94          93         289         513
  0.000000000000000E+000   1.00000000000000        1.40000000000000     
  0.000000000000000E+000   1.00000000000000        1.20000000000000     
  0.200000000000000        1.00000000000000        1.20000000000000     
  0.200000000000000        1.20000000000000        1.20000000000000     
           1
        1509         338          93          94         513
  0.000000000000000E+000   1.20000000000000        1.40000000000000     
  0.000000000000000E+000   1.00000000000000        1.20000000000000     
  0.000000000000000E+000   1.00000000000000        1.40000000000000     
  0.200000000000000        1.20000000000000        1.20000000000000     
           1
        1510         514         513         338         293
  0.200000000000000        1.20000000000000        1.40000000000000     
  0.200000000000000        1.20000000000000        1.20000000000000     
  0.000000000000000E+000   1.20000000000000        1.40000000000000     
  0.200000000000000        1.00000000000000        1.40000000000000     
           1
        1511         293          94         289         513
  0.200000000000000        1.00000000000000        1.40000000000000     
  0.000000000000000E+000   1.00000000000000        1.40000000000000     
  0.200000000000000        1.00000000000000        1.20000000000000     
  0.200000000000000        1.20000000000000        1.20000000000000     
           1
        1512         293         338          94         513
  0.200000000000000        1.00000000000000        1.40000000000000     
  0.000000000000000E+000   1.20000000000000        1.40000000000000     
  0.000000000000000E+000   1.00000000000000        1.40000000000000     
  0.200000000000000        1.20000000000000        1.20000000000000     
           1
        1513         514         338         339          94
  0.200000000000000        1.20000000000000        1.40000000000000     
  0.000000000000000E+000   1.20000000000000        1.40000000000000     
  0.000000000000000E+000   1.20000000000000        1.60000000000000     
  0.000000000000000E+000   1.00000000000000        1.40000000000000     
           1
        1514          95          94         293         514
  0.000000000000000E+000   1.00000000000000        1.60000000000000     
  0.000000000000000E+000   1.00000000000000        1.40000000000000     
  0.200000000000000        1.00000000000000        1.40000000000000     
  0.200000000000000        1.20000000000000        1.40000000000000     
           1
        1515         339          94          95         514
  0.000000000000000E+000   1.20000000000000        1.60000000000000     
  0.000000000000000E+000   1.00000000000000        1.40000000000000     
  0.000000000000000E+000   1.00000000000000        1.60000000000000     
  0.200000000000000        1.20000000000000        1.40000000000000     
           1
        1516         515         514         339         297
  0.200000000000000        1.20000000000000        1.60000000000000     
  0.200000000000000        1.20000000000000        1.40000000000000     
  0.000000000000000E+000   1.20000000000000        1.60000000000000     
  0.200000000000000        1.00000000000000        1.60000000000000     
           1
        1517         297          95         293         514
  0.200000000000000        1.00000000000000        1.60000000000000     
  0.000000000000000E+000   1.00000000000000        1.60000000000000     
  0.200000000000000        1.00000000000000        1.40000000000000     
  0.200000000000000        1.20000000000000        1.40000000000000     
           1
        1518         297         339          95         514
  0.200000000000000        1.00000000000000        1.60000000000000     
  0.000000000000000E+000   1.20000000000000        1.60000000000000     
  0.000000000000000E+000   1.00000000000000        1.60000000000000     
  0.200000000000000        1.20000000000000        1.40000000000000     
           1
        1519         515         339         340          95
  0.200000000000000        1.20000000000000        1.60000000000000     
  0.000000000000000E+000   1.20000000000000        1.60000000000000     
  0.000000000000000E+000   1.20000000000000        1.80000000000000     
  0.000000000000000E+000   1.00000000000000        1.60000000000000     
           1
        1520          96          95         297         515
  0.000000000000000E+000   1.00000000000000        1.80000000000000     
  0.000000000000000E+000   1.00000000000000        1.60000000000000     
  0.200000000000000        1.00000000000000        1.60000000000000     
  0.200000000000000        1.20000000000000        1.60000000000000     
           1
        1521         340          95          96         515
  0.000000000000000E+000   1.20000000000000        1.80000000000000     
  0.000000000000000E+000   1.00000000000000        1.60000000000000     
  0.000000000000000E+000   1.00000000000000        1.80000000000000     
  0.200000000000000        1.20000000000000        1.60000000000000     
           1
        1522         516         515         340         301
  0.200000000000000        1.20000000000000        1.80000000000000     
  0.200000000000000        1.20000000000000        1.60000000000000     
  0.000000000000000E+000   1.20000000000000        1.80000000000000     
  0.200000000000000        1.00000000000000        1.80000000000000     
           1
        1523         301          96         297         515
  0.200000000000000        1.00000000000000        1.80000000000000     
  0.000000000000000E+000   1.00000000000000        1.80000000000000     
  0.200000000000000        1.00000000000000        1.60000000000000     
  0.200000000000000        1.20000000000000        1.60000000000000     
           1
        1524         301         340          96         515
  0.200000000000000        1.00000000000000        1.80000000000000     
  0.000000000000000E+000   1.20000000000000        1.80000000000000     
  0.000000000000000E+000   1.00000000000000        1.80000000000000     
  0.200000000000000        1.20000000000000        1.60000000000000     
           1
        1525         516         340         105          96
  0.200000000000000        1.20000000000000        1.80000000000000     
  0.000000000000000E+000   1.20000000000000        1.80000000000000     
  0.000000000000000E+000   1.20000000000000        2.00000000000000     
  0.000000000000000E+000   1.00000000000000        1.80000000000000     
           1
        1526          11          96         301         516
  0.000000000000000E+000   1.00000000000000        2.00000000000000     
  0.000000000000000E+000   1.00000000000000        1.80000000000000     
  0.200000000000000        1.00000000000000        1.80000000000000     
  0.200000000000000        1.20000000000000        1.80000000000000     
           1
        1527         105          96          11         516
  0.000000000000000E+000   1.20000000000000        2.00000000000000     
  0.000000000000000E+000   1.00000000000000        1.80000000000000     
  0.000000000000000E+000   1.00000000000000        2.00000000000000     
  0.200000000000000        1.20000000000000        1.80000000000000     
           1
        1528         321         516         105          89
  0.200000000000000        1.20000000000000        2.00000000000000     
  0.200000000000000        1.20000000000000        1.80000000000000     
  0.000000000000000E+000   1.20000000000000        2.00000000000000     
  0.200000000000000        1.00000000000000        2.00000000000000     
           1
        1529          89          11         301         516
  0.200000000000000        1.00000000000000        2.00000000000000     
  0.000000000000000E+000   1.00000000000000        2.00000000000000     
  0.200000000000000        1.00000000000000        1.80000000000000     
  0.200000000000000        1.20000000000000        1.80000000000000     
           1
        1530          89         105          11         516
  0.200000000000000        1.00000000000000        2.00000000000000     
  0.000000000000000E+000   1.20000000000000        2.00000000000000     
  0.000000000000000E+000   1.00000000000000        2.00000000000000     
  0.200000000000000        1.20000000000000        1.80000000000000     
           1
        1531         354         110         341         109
  0.200000000000000        1.40000000000000        1.00000000000000     
  0.000000000000000E+000   1.40000000000000        1.00000000000000     
  0.000000000000000E+000   1.40000000000000        1.20000000000000     
  0.000000000000000E+000   1.20000000000000        1.00000000000000     
           1
        1532         337         109         353         354
  0.000000000000000E+000   1.20000000000000        1.20000000000000     
  0.000000000000000E+000   1.20000000000000        1.00000000000000     
  0.200000000000000        1.20000000000000        1.00000000000000     
  0.200000000000000        1.40000000000000        1.00000000000000     
           1
        1533         341         109         337         354
  0.000000000000000E+000   1.40000000000000        1.20000000000000     
  0.000000000000000E+000   1.20000000000000        1.00000000000000     
  0.000000000000000E+000   1.20000000000000        1.20000000000000     
  0.200000000000000        1.40000000000000        1.00000000000000     
           1
        1534         517         354         341         513
  0.200000000000000        1.40000000000000        1.20000000000000     
  0.200000000000000        1.40000000000000        1.00000000000000     
  0.000000000000000E+000   1.40000000000000        1.20000000000000     
  0.200000000000000        1.20000000000000        1.20000000000000     
           1
        1535         513         337         353         354
  0.200000000000000        1.20000000000000        1.20000000000000     
  0.000000000000000E+000   1.20000000000000        1.20000000000000     
  0.200000000000000        1.20000000000000        1.00000000000000     
  0.200000000000000        1.40000000000000        1.00000000000000     
           1
        1536         513         341         337         354
  0.200000000000000        1.20000000000000        1.20000000000000     
  0.000000000000000E+000   1.40000000000000        1.20000000000000     
  0.000000000000000E+000   1.20000000000000        1.20000000000000     
  0.200000000000000        1.40000000000000        1.00000000000000     
           1
        1537         517         341         342         337
  0.200000000000000        1.40000000000000        1.20000000000000     
  0.000000000000000E+000   1.40000000000000        1.20000000000000     
  0.000000000000000E+000   1.40000000000000        1.40000000000000     
  0.000000000000000E+000   1.20000000000000        1.20000000000000     
           1
        1538         338         337         513         517
  0.000000000000000E+000   1.20000000000000        1.40000000000000     
  0.000000000000000E+000   1.20000000000000        1.20000000000000     
  0.200000000000000        1.20000000000000        1.20000000000000     
  0.200000000000000        1.40000000000000        1.20000000000000     
           1
        1539         342         337         338         517
  0.000000000000000E+000   1.40000000000000        1.40000000000000     
  0.000000000000000E+000   1.20000000000000        1.20000000000000     
  0.000000000000000E+000   1.20000000000000        1.40000000000000     
  0.200000000000000        1.40000000000000        1.20000000000000     
           1
        1540         518         517         342         514
  0.200000000000000        1.40000000000000        1.40000000000000     
  0.200000000000000        1.40000000000000        1.20000000000000     
  0.000000000000000E+000   1.40000000000000        1.40000000000000     
  0.200000000000000        1.20000000000000        1.40000000000000     
           1
        1541         514         338         513         517
  0.200000000000000        1.20000000000000        1.40000000000000     
  0.000000000000000E+000   1.20000000000000        1.40000000000000     
  0.200000000000000        1.20000000000000        1.20000000000000     
  0.200000000000000        1.40000000000000        1.20000000000000     
           1
        1542         514         342         338         517
  0.200000000000000        1.20000000000000        1.40000000000000     
  0.000000000000000E+000   1.40000000000000        1.40000000000000     
  0.000000000000000E+000   1.20000000000000        1.40000000000000     
  0.200000000000000        1.40000000000000        1.20000000000000     
           1
        1543         518         342         343         338
  0.200000000000000        1.40000000000000        1.40000000000000     
  0.000000000000000E+000   1.40000000000000        1.40000000000000     
  0.000000000000000E+000   1.40000000000000        1.60000000000000     
  0.000000000000000E+000   1.20000000000000        1.40000000000000     
           1
        1544         339         338         514         518
  0.000000000000000E+000   1.20000000000000        1.60000000000000     
  0.000000000000000E+000   1.20000000000000        1.40000000000000     
  0.200000000000000        1.20000000000000        1.40000000000000     
  0.200000000000000        1.40000000000000        1.40000000000000     
           1
        1545         343         338         339         518
  0.000000000000000E+000   1.40000000000000        1.60000000000000     
  0.000000000000000E+000   1.20000000000000        1.40000000000000     
  0.000000000000000E+000   1.20000000000000        1.60000000000000     
  0.200000000000000        1.40000000000000        1.40000000000000     
           1
        1546         519         518         343         515
  0.200000000000000        1.40000000000000        1.60000000000000     
  0.200000000000000        1.40000000000000        1.40000000000000     
  0.000000000000000E+000   1.40000000000000        1.60000000000000     
  0.200000000000000        1.20000000000000        1.60000000000000     
           1
        1547         515         339         514         518
  0.200000000000000        1.20000000000000        1.60000000000000     
  0.000000000000000E+000   1.20000000000000        1.60000000000000     
  0.200000000000000        1.20000000000000        1.40000000000000     
  0.200000000000000        1.40000000000000        1.40000000000000     
           1
        1548         515         343         339         518
  0.200000000000000        1.20000000000000        1.60000000000000     
  0.000000000000000E+000   1.40000000000000        1.60000000000000     
  0.000000000000000E+000   1.20000000000000        1.60000000000000     
  0.200000000000000        1.40000000000000        1.40000000000000     
           1
        1549         519         343         344         339
  0.200000000000000        1.40000000000000        1.60000000000000     
  0.000000000000000E+000   1.40000000000000        1.60000000000000     
  0.000000000000000E+000   1.40000000000000        1.80000000000000     
  0.000000000000000E+000   1.20000000000000        1.60000000000000     
           1
        1550         340         339         515         519
  0.000000000000000E+000   1.20000000000000        1.80000000000000     
  0.000000000000000E+000   1.20000000000000        1.60000000000000     
  0.200000000000000        1.20000000000000        1.60000000000000     
  0.200000000000000        1.40000000000000        1.60000000000000     
           1
        1551         344         339         340         519
  0.000000000000000E+000   1.40000000000000        1.80000000000000     
  0.000000000000000E+000   1.20000000000000        1.60000000000000     
  0.000000000000000E+000   1.20000000000000        1.80000000000000     
  0.200000000000000        1.40000000000000        1.60000000000000     
           1
        1552         520         519         344         516
  0.200000000000000        1.40000000000000        1.80000000000000     
  0.200000000000000        1.40000000000000        1.60000000000000     
  0.000000000000000E+000   1.40000000000000        1.80000000000000     
  0.200000000000000        1.20000000000000        1.80000000000000     
           1
        1553         516         340         515         519
  0.200000000000000        1.20000000000000        1.80000000000000     
  0.000000000000000E+000   1.20000000000000        1.80000000000000     
  0.200000000000000        1.20000000000000        1.60000000000000     
  0.200000000000000        1.40000000000000        1.60000000000000     
           1
        1554         516         344         340         519
  0.200000000000000        1.20000000000000        1.80000000000000     
  0.000000000000000E+000   1.40000000000000        1.80000000000000     
  0.000000000000000E+000   1.20000000000000        1.80000000000000     
  0.200000000000000        1.40000000000000        1.60000000000000     
           1
        1555         520         344         106         340
  0.200000000000000        1.40000000000000        1.80000000000000     
  0.000000000000000E+000   1.40000000000000        1.80000000000000     
  0.000000000000000E+000   1.40000000000000        2.00000000000000     
  0.000000000000000E+000   1.20000000000000        1.80000000000000     
           1
        1556         105         340         516         520
  0.000000000000000E+000   1.20000000000000        2.00000000000000     
  0.000000000000000E+000   1.20000000000000        1.80000000000000     
  0.200000000000000        1.20000000000000        1.80000000000000     
  0.200000000000000        1.40000000000000        1.80000000000000     
           1
        1557         106         340         105         520
  0.000000000000000E+000   1.40000000000000        2.00000000000000     
  0.000000000000000E+000   1.20000000000000        1.80000000000000     
  0.000000000000000E+000   1.20000000000000        2.00000000000000     
  0.200000000000000        1.40000000000000        1.80000000000000     
           1
        1558         322         520         106         321
  0.200000000000000        1.40000000000000        2.00000000000000     
  0.200000000000000        1.40000000000000        1.80000000000000     
  0.000000000000000E+000   1.40000000000000        2.00000000000000     
  0.200000000000000        1.20000000000000        2.00000000000000     
           1
        1559         321         105         516         520
  0.200000000000000        1.20000000000000        2.00000000000000     
  0.000000000000000E+000   1.20000000000000        2.00000000000000     
  0.200000000000000        1.20000000000000        1.80000000000000     
  0.200000000000000        1.40000000000000        1.80000000000000     
           1
        1560         321         106         105         520
  0.200000000000000        1.20000000000000        2.00000000000000     
  0.000000000000000E+000   1.40000000000000        2.00000000000000     
  0.000000000000000E+000   1.20000000000000        2.00000000000000     
  0.200000000000000        1.40000000000000        1.80000000000000     
           1
        1561         355         111         345         110
  0.200000000000000        1.60000000000000        1.00000000000000     
  0.000000000000000E+000   1.60000000000000        1.00000000000000     
  0.000000000000000E+000   1.60000000000000        1.20000000000000     
  0.000000000000000E+000   1.40000000000000        1.00000000000000     
           1
        1562         341         110         354         355
  0.000000000000000E+000   1.40000000000000        1.20000000000000     
  0.000000000000000E+000   1.40000000000000        1.00000000000000     
  0.200000000000000        1.40000000000000        1.00000000000000     
  0.200000000000000        1.60000000000000        1.00000000000000     
           1
        1563         345         110         341         355
  0.000000000000000E+000   1.60000000000000        1.20000000000000     
  0.000000000000000E+000   1.40000000000000        1.00000000000000     
  0.000000000000000E+000   1.40000000000000        1.20000000000000     
  0.200000000000000        1.60000000000000        1.00000000000000     
           1
        1564         521         355         345         517
  0.200000000000000        1.60000000000000        1.20000000000000     
  0.200000000000000        1.60000000000000        1.00000000000000     
  0.000000000000000E+000   1.60000000000000        1.20000000000000     
  0.200000000000000        1.40000000000000        1.20000000000000     
           1
        1565         517         341         354         355
  0.200000000000000        1.40000000000000        1.20000000000000     
  0.000000000000000E+000   1.40000000000000        1.20000000000000     
  0.200000000000000        1.40000000000000        1.00000000000000     
  0.200000000000000        1.60000000000000        1.00000000000000     
           1
        1566         517         345         341         355
  0.200000000000000        1.40000000000000        1.20000000000000     
  0.000000000000000E+000   1.60000000000000        1.20000000000000     
  0.000000000000000E+000   1.40000000000000        1.20000000000000     
  0.200000000000000        1.60000000000000        1.00000000000000     
           1
        1567         521         345         346         341
  0.200000000000000        1.60000000000000        1.20000000000000     
  0.000000000000000E+000   1.60000000000000        1.20000000000000     
  0.000000000000000E+000   1.60000000000000        1.40000000000000     
  0.000000000000000E+000   1.40000000000000        1.20000000000000     
           1
        1568         342         341         517         521
  0.000000000000000E+000   1.40000000000000        1.40000000000000     
  0.000000000000000E+000   1.40000000000000        1.20000000000000     
  0.200000000000000        1.40000000000000        1.20000000000000     
  0.200000000000000        1.60000000000000        1.20000000000000     
           1
        1569         346         341         342         521
  0.000000000000000E+000   1.60000000000000        1.40000000000000     
  0.000000000000000E+000   1.40000000000000        1.20000000000000     
  0.000000000000000E+000   1.40000000000000        1.40000000000000     
  0.200000000000000        1.60000000000000        1.20000000000000     
           1
        1570         522         521         346         518
  0.200000000000000        1.60000000000000        1.40000000000000     
  0.200000000000000        1.60000000000000        1.20000000000000     
  0.000000000000000E+000   1.60000000000000        1.40000000000000     
  0.200000000000000        1.40000000000000        1.40000000000000     
           1
        1571         518         342         517         521
  0.200000000000000        1.40000000000000        1.40000000000000     
  0.000000000000000E+000   1.40000000000000        1.40000000000000     
  0.200000000000000        1.40000000000000        1.20000000000000     
  0.200000000000000        1.60000000000000        1.20000000000000     
           1
        1572         518         346         342         521
  0.200000000000000        1.40000000000000        1.40000000000000     
  0.000000000000000E+000   1.60000000000000        1.40000000000000     
  0.000000000000000E+000   1.40000000000000        1.40000000000000     
  0.200000000000000        1.60000000000000        1.20000000000000     
           1
        1573         522         346         347         342
  0.200000000000000        1.60000000000000        1.40000000000000     
  0.000000000000000E+000   1.60000000000000        1.40000000000000     
  0.000000000000000E+000   1.60000000000000        1.60000000000000     
  0.000000000000000E+000   1.40000000000000        1.40000000000000     
           1
        1574         343         342         518         522
  0.000000000000000E+000   1.40000000000000        1.60000000000000     
  0.000000000000000E+000   1.40000000000000        1.40000000000000     
  0.200000000000000        1.40000000000000        1.40000000000000     
  0.200000000000000        1.60000000000000        1.40000000000000     
           1
        1575         347         342         343         522
  0.000000000000000E+000   1.60000000000000        1.60000000000000     
  0.000000000000000E+000   1.40000000000000        1.40000000000000     
  0.000000000000000E+000   1.40000000000000        1.60000000000000     
  0.200000000000000        1.60000000000000        1.40000000000000     
           1
        1576         523         522         347         519
  0.200000000000000        1.60000000000000        1.60000000000000     
  0.200000000000000        1.60000000000000        1.40000000000000     
  0.000000000000000E+000   1.60000000000000        1.60000000000000     
  0.200000000000000        1.40000000000000        1.60000000000000     
           1
        1577         519         343         518         522
  0.200000000000000        1.40000000000000        1.60000000000000     
  0.000000000000000E+000   1.40000000000000        1.60000000000000     
  0.200000000000000        1.40000000000000        1.40000000000000     
  0.200000000000000        1.60000000000000        1.40000000000000     
           1
        1578         519         347         343         522
  0.200000000000000        1.40000000000000        1.60000000000000     
  0.000000000000000E+000   1.60000000000000        1.60000000000000     
  0.000000000000000E+000   1.40000000000000        1.60000000000000     
  0.200000000000000        1.60000000000000        1.40000000000000     
           1
        1579         523         347         348         343
  0.200000000000000        1.60000000000000        1.60000000000000     
  0.000000000000000E+000   1.60000000000000        1.60000000000000     
  0.000000000000000E+000   1.60000000000000        1.80000000000000     
  0.000000000000000E+000   1.40000000000000        1.60000000000000     
           1
        1580         344         343         519         523
  0.000000000000000E+000   1.40000000000000        1.80000000000000     
  0.000000000000000E+000   1.40000000000000        1.60000000000000     
  0.200000000000000        1.40000000000000        1.60000000000000     
  0.200000000000000        1.60000000000000        1.60000000000000     
           1
        1581         348         343         344         523
  0.000000000000000E+000   1.60000000000000        1.80000000000000     
  0.000000000000000E+000   1.40000000000000        1.60000000000000     
  0.000000000000000E+000   1.40000000000000        1.80000000000000     
  0.200000000000000        1.60000000000000        1.60000000000000     
           1
        1582         524         523         348         520
  0.200000000000000        1.60000000000000        1.80000000000000     
  0.200000000000000        1.60000000000000        1.60000000000000     
  0.000000000000000E+000   1.60000000000000        1.80000000000000     
  0.200000000000000        1.40000000000000        1.80000000000000     
           1
        1583         520         344         519         523
  0.200000000000000        1.40000000000000        1.80000000000000     
  0.000000000000000E+000   1.40000000000000        1.80000000000000     
  0.200000000000000        1.40000000000000        1.60000000000000     
  0.200000000000000        1.60000000000000        1.60000000000000     
           1
        1584         520         348         344         523
  0.200000000000000        1.40000000000000        1.80000000000000     
  0.000000000000000E+000   1.60000000000000        1.80000000000000     
  0.000000000000000E+000   1.40000000000000        1.80000000000000     
  0.200000000000000        1.60000000000000        1.60000000000000     
           1
        1585         524         348         107         344
  0.200000000000000        1.60000000000000        1.80000000000000     
  0.000000000000000E+000   1.60000000000000        1.80000000000000     
  0.000000000000000E+000   1.60000000000000        2.00000000000000     
  0.000000000000000E+000   1.40000000000000        1.80000000000000     
           1
        1586         106         344         520         524
  0.000000000000000E+000   1.40000000000000        2.00000000000000     
  0.000000000000000E+000   1.40000000000000        1.80000000000000     
  0.200000000000000        1.40000000000000        1.80000000000000     
  0.200000000000000        1.60000000000000        1.80000000000000     
           1
        1587         107         344         106         524
  0.000000000000000E+000   1.60000000000000        2.00000000000000     
  0.000000000000000E+000   1.40000000000000        1.80000000000000     
  0.000000000000000E+000   1.40000000000000        2.00000000000000     
  0.200000000000000        1.60000000000000        1.80000000000000     
           1
        1588         323         524         107         322
  0.200000000000000        1.60000000000000        2.00000000000000     
  0.200000000000000        1.60000000000000        1.80000000000000     
  0.000000000000000E+000   1.60000000000000        2.00000000000000     
  0.200000000000000        1.40000000000000        2.00000000000000     
           1
        1589         322         106         520         524
  0.200000000000000        1.40000000000000        2.00000000000000     
  0.000000000000000E+000   1.40000000000000        2.00000000000000     
  0.200000000000000        1.40000000000000        1.80000000000000     
  0.200000000000000        1.60000000000000        1.80000000000000     
           1
        1590         322         107         106         524
  0.200000000000000        1.40000000000000        2.00000000000000     
  0.000000000000000E+000   1.60000000000000        2.00000000000000     
  0.000000000000000E+000   1.40000000000000        2.00000000000000     
  0.200000000000000        1.60000000000000        1.80000000000000     
           1
        1591         356         112         349         111
  0.200000000000000        1.80000000000000        1.00000000000000     
  0.000000000000000E+000   1.80000000000000        1.00000000000000     
  0.000000000000000E+000   1.80000000000000        1.20000000000000     
  0.000000000000000E+000   1.60000000000000        1.00000000000000     
           1
        1592         345         111         355         356
  0.000000000000000E+000   1.60000000000000        1.20000000000000     
  0.000000000000000E+000   1.60000000000000        1.00000000000000     
  0.200000000000000        1.60000000000000        1.00000000000000     
  0.200000000000000        1.80000000000000        1.00000000000000     
           1
        1593         349         111         345         356
  0.000000000000000E+000   1.80000000000000        1.20000000000000     
  0.000000000000000E+000   1.60000000000000        1.00000000000000     
  0.000000000000000E+000   1.60000000000000        1.20000000000000     
  0.200000000000000        1.80000000000000        1.00000000000000     
           1
        1594         525         356         349         521
  0.200000000000000        1.80000000000000        1.20000000000000     
  0.200000000000000        1.80000000000000        1.00000000000000     
  0.000000000000000E+000   1.80000000000000        1.20000000000000     
  0.200000000000000        1.60000000000000        1.20000000000000     
           1
        1595         521         345         355         356
  0.200000000000000        1.60000000000000        1.20000000000000     
  0.000000000000000E+000   1.60000000000000        1.20000000000000     
  0.200000000000000        1.60000000000000        1.00000000000000     
  0.200000000000000        1.80000000000000        1.00000000000000     
           1
        1596         521         349         345         356
  0.200000000000000        1.60000000000000        1.20000000000000     
  0.000000000000000E+000   1.80000000000000        1.20000000000000     
  0.000000000000000E+000   1.60000000000000        1.20000000000000     
  0.200000000000000        1.80000000000000        1.00000000000000     
           1
        1597         525         349         350         345
  0.200000000000000        1.80000000000000        1.20000000000000     
  0.000000000000000E+000   1.80000000000000        1.20000000000000     
  0.000000000000000E+000   1.80000000000000        1.40000000000000     
  0.000000000000000E+000   1.60000000000000        1.20000000000000     
           1
        1598         346         345         521         525
  0.000000000000000E+000   1.60000000000000        1.40000000000000     
  0.000000000000000E+000   1.60000000000000        1.20000000000000     
  0.200000000000000        1.60000000000000        1.20000000000000     
  0.200000000000000        1.80000000000000        1.20000000000000     
           1
        1599         350         345         346         525
  0.000000000000000E+000   1.80000000000000        1.40000000000000     
  0.000000000000000E+000   1.60000000000000        1.20000000000000     
  0.000000000000000E+000   1.60000000000000        1.40000000000000     
  0.200000000000000        1.80000000000000        1.20000000000000     
           1
        1600         526         525         350         522
  0.200000000000000        1.80000000000000        1.40000000000000     
  0.200000000000000        1.80000000000000        1.20000000000000     
  0.000000000000000E+000   1.80000000000000        1.40000000000000     
  0.200000000000000        1.60000000000000        1.40000000000000     
           1
        1601         522         346         521         525
  0.200000000000000        1.60000000000000        1.40000000000000     
  0.000000000000000E+000   1.60000000000000        1.40000000000000     
  0.200000000000000        1.60000000000000        1.20000000000000     
  0.200000000000000        1.80000000000000        1.20000000000000     
           1
        1602         522         350         346         525
  0.200000000000000        1.60000000000000        1.40000000000000     
  0.000000000000000E+000   1.80000000000000        1.40000000000000     
  0.000000000000000E+000   1.60000000000000        1.40000000000000     
  0.200000000000000        1.80000000000000        1.20000000000000     
           1
        1603         526         350         351         346
  0.200000000000000        1.80000000000000        1.40000000000000     
  0.000000000000000E+000   1.80000000000000        1.40000000000000     
  0.000000000000000E+000   1.80000000000000        1.60000000000000     
  0.000000000000000E+000   1.60000000000000        1.40000000000000     
           1
        1604         347         346         522         526
  0.000000000000000E+000   1.60000000000000        1.60000000000000     
  0.000000000000000E+000   1.60000000000000        1.40000000000000     
  0.200000000000000        1.60000000000000        1.40000000000000     
  0.200000000000000        1.80000000000000        1.40000000000000     
           1
        1605         351         346         347         526
  0.000000000000000E+000   1.80000000000000        1.60000000000000     
  0.000000000000000E+000   1.60000000000000        1.40000000000000     
  0.000000000000000E+000   1.60000000000000        1.60000000000000     
  0.200000000000000        1.80000000000000        1.40000000000000     
           1
        1606         527         526         351         523
  0.200000000000000        1.80000000000000        1.60000000000000     
  0.200000000000000        1.80000000000000        1.40000000000000     
  0.000000000000000E+000   1.80000000000000        1.60000000000000     
  0.200000000000000        1.60000000000000        1.60000000000000     
           1
        1607         523         347         522         526
  0.200000000000000        1.60000000000000        1.60000000000000     
  0.000000000000000E+000   1.60000000000000        1.60000000000000     
  0.200000000000000        1.60000000000000        1.40000000000000     
  0.200000000000000        1.80000000000000        1.40000000000000     
           1
        1608         523         351         347         526
  0.200000000000000        1.60000000000000        1.60000000000000     
  0.000000000000000E+000   1.80000000000000        1.60000000000000     
  0.000000000000000E+000   1.60000000000000        1.60000000000000     
  0.200000000000000        1.80000000000000        1.40000000000000     
           1
        1609         527         351         352         347
  0.200000000000000        1.80000000000000        1.60000000000000     
  0.000000000000000E+000   1.80000000000000        1.60000000000000     
  0.000000000000000E+000   1.80000000000000        1.80000000000000     
  0.000000000000000E+000   1.60000000000000        1.60000000000000     
           1
        1610         348         347         523         527
  0.000000000000000E+000   1.60000000000000        1.80000000000000     
  0.000000000000000E+000   1.60000000000000        1.60000000000000     
  0.200000000000000        1.60000000000000        1.60000000000000     
  0.200000000000000        1.80000000000000        1.60000000000000     
           1
        1611         352         347         348         527
  0.000000000000000E+000   1.80000000000000        1.80000000000000     
  0.000000000000000E+000   1.60000000000000        1.60000000000000     
  0.000000000000000E+000   1.60000000000000        1.80000000000000     
  0.200000000000000        1.80000000000000        1.60000000000000     
           1
        1612         528         527         352         524
  0.200000000000000        1.80000000000000        1.80000000000000     
  0.200000000000000        1.80000000000000        1.60000000000000     
  0.000000000000000E+000   1.80000000000000        1.80000000000000     
  0.200000000000000        1.60000000000000        1.80000000000000     
           1
        1613         524         348         523         527
  0.200000000000000        1.60000000000000        1.80000000000000     
  0.000000000000000E+000   1.60000000000000        1.80000000000000     
  0.200000000000000        1.60000000000000        1.60000000000000     
  0.200000000000000        1.80000000000000        1.60000000000000     
           1
        1614         524         352         348         527
  0.200000000000000        1.60000000000000        1.80000000000000     
  0.000000000000000E+000   1.80000000000000        1.80000000000000     
  0.000000000000000E+000   1.60000000000000        1.80000000000000     
  0.200000000000000        1.80000000000000        1.60000000000000     
           1
        1615         528         352         108         348
  0.200000000000000        1.80000000000000        1.80000000000000     
  0.000000000000000E+000   1.80000000000000        1.80000000000000     
  0.000000000000000E+000   1.80000000000000        2.00000000000000     
  0.000000000000000E+000   1.60000000000000        1.80000000000000     
           1
        1616         107         348         524         528
  0.000000000000000E+000   1.60000000000000        2.00000000000000     
  0.000000000000000E+000   1.60000000000000        1.80000000000000     
  0.200000000000000        1.60000000000000        1.80000000000000     
  0.200000000000000        1.80000000000000        1.80000000000000     
           1
        1617         108         348         107         528
  0.000000000000000E+000   1.80000000000000        2.00000000000000     
  0.000000000000000E+000   1.60000000000000        1.80000000000000     
  0.000000000000000E+000   1.60000000000000        2.00000000000000     
  0.200000000000000        1.80000000000000        1.80000000000000     
           1
        1618         324         528         108         323
  0.200000000000000        1.80000000000000        2.00000000000000     
  0.200000000000000        1.80000000000000        1.80000000000000     
  0.000000000000000E+000   1.80000000000000        2.00000000000000     
  0.200000000000000        1.60000000000000        2.00000000000000     
           1
        1619         323         107         524         528
  0.200000000000000        1.60000000000000        2.00000000000000     
  0.000000000000000E+000   1.60000000000000        2.00000000000000     
  0.200000000000000        1.60000000000000        1.80000000000000     
  0.200000000000000        1.80000000000000        1.80000000000000     
           1
        1620         323         108         107         528
  0.200000000000000        1.60000000000000        2.00000000000000     
  0.000000000000000E+000   1.80000000000000        2.00000000000000     
  0.000000000000000E+000   1.60000000000000        2.00000000000000     
  0.200000000000000        1.80000000000000        1.80000000000000     
           1
        1621         113          13         125         112
  0.200000000000000        2.00000000000000        1.00000000000000     
  0.000000000000000E+000   2.00000000000000        1.00000000000000     
  0.000000000000000E+000   2.00000000000000        1.20000000000000     
  0.000000000000000E+000   1.80000000000000        1.00000000000000     
           1
        1622         349         112         356         113
  0.000000000000000E+000   1.80000000000000        1.20000000000000     
  0.000000000000000E+000   1.80000000000000        1.00000000000000     
  0.200000000000000        1.80000000000000        1.00000000000000     
  0.200000000000000        2.00000000000000        1.00000000000000     
           1
        1623         125         112         349         113
  0.000000000000000E+000   2.00000000000000        1.20000000000000     
  0.000000000000000E+000   1.80000000000000        1.00000000000000     
  0.000000000000000E+000   1.80000000000000        1.20000000000000     
  0.200000000000000        2.00000000000000        1.00000000000000     
           1
        1624         369         113         125         525
  0.200000000000000        2.00000000000000        1.20000000000000     
  0.200000000000000        2.00000000000000        1.00000000000000     
  0.000000000000000E+000   2.00000000000000        1.20000000000000     
  0.200000000000000        1.80000000000000        1.20000000000000     
           1
        1625         525         349         356         113
  0.200000000000000        1.80000000000000        1.20000000000000     
  0.000000000000000E+000   1.80000000000000        1.20000000000000     
  0.200000000000000        1.80000000000000        1.00000000000000     
  0.200000000000000        2.00000000000000        1.00000000000000     
           1
        1626         525         125         349         113
  0.200000000000000        1.80000000000000        1.20000000000000     
  0.000000000000000E+000   2.00000000000000        1.20000000000000     
  0.000000000000000E+000   1.80000000000000        1.20000000000000     
  0.200000000000000        2.00000000000000        1.00000000000000     
           1
        1627         369         125         126         349
  0.200000000000000        2.00000000000000        1.20000000000000     
  0.000000000000000E+000   2.00000000000000        1.20000000000000     
  0.000000000000000E+000   2.00000000000000        1.40000000000000     
  0.000000000000000E+000   1.80000000000000        1.20000000000000     
           1
        1628         350         349         525         369
  0.000000000000000E+000   1.80000000000000        1.40000000000000     
  0.000000000000000E+000   1.80000000000000        1.20000000000000     
  0.200000000000000        1.80000000000000        1.20000000000000     
  0.200000000000000        2.00000000000000        1.20000000000000     
           1
        1629         126         349         350         369
  0.000000000000000E+000   2.00000000000000        1.40000000000000     
  0.000000000000000E+000   1.80000000000000        1.20000000000000     
  0.000000000000000E+000   1.80000000000000        1.40000000000000     
  0.200000000000000        2.00000000000000        1.20000000000000     
           1
        1630         373         369         126         526
  0.200000000000000        2.00000000000000        1.40000000000000     
  0.200000000000000        2.00000000000000        1.20000000000000     
  0.000000000000000E+000   2.00000000000000        1.40000000000000     
  0.200000000000000        1.80000000000000        1.40000000000000     
           1
        1631         526         350         525         369
  0.200000000000000        1.80000000000000        1.40000000000000     
  0.000000000000000E+000   1.80000000000000        1.40000000000000     
  0.200000000000000        1.80000000000000        1.20000000000000     
  0.200000000000000        2.00000000000000        1.20000000000000     
           1
        1632         526         126         350         369
  0.200000000000000        1.80000000000000        1.40000000000000     
  0.000000000000000E+000   2.00000000000000        1.40000000000000     
  0.000000000000000E+000   1.80000000000000        1.40000000000000     
  0.200000000000000        2.00000000000000        1.20000000000000     
           1
        1633         373         126         127         350
  0.200000000000000        2.00000000000000        1.40000000000000     
  0.000000000000000E+000   2.00000000000000        1.40000000000000     
  0.000000000000000E+000   2.00000000000000        1.60000000000000     
  0.000000000000000E+000   1.80000000000000        1.40000000000000     
           1
        1634         351         350         526         373
  0.000000000000000E+000   1.80000000000000        1.60000000000000     
  0.000000000000000E+000   1.80000000000000        1.40000000000000     
  0.200000000000000        1.80000000000000        1.40000000000000     
  0.200000000000000        2.00000000000000        1.40000000000000     
           1
        1635         127         350         351         373
  0.000000000000000E+000   2.00000000000000        1.60000000000000     
  0.000000000000000E+000   1.80000000000000        1.40000000000000     
  0.000000000000000E+000   1.80000000000000        1.60000000000000     
  0.200000000000000        2.00000000000000        1.40000000000000     
           1
        1636         377         373         127         527
  0.200000000000000        2.00000000000000        1.60000000000000     
  0.200000000000000        2.00000000000000        1.40000000000000     
  0.000000000000000E+000   2.00000000000000        1.60000000000000     
  0.200000000000000        1.80000000000000        1.60000000000000     
           1
        1637         527         351         526         373
  0.200000000000000        1.80000000000000        1.60000000000000     
  0.000000000000000E+000   1.80000000000000        1.60000000000000     
  0.200000000000000        1.80000000000000        1.40000000000000     
  0.200000000000000        2.00000000000000        1.40000000000000     
           1
        1638         527         127         351         373
  0.200000000000000        1.80000000000000        1.60000000000000     
  0.000000000000000E+000   2.00000000000000        1.60000000000000     
  0.000000000000000E+000   1.80000000000000        1.60000000000000     
  0.200000000000000        2.00000000000000        1.40000000000000     
           1
        1639         377         127         128         351
  0.200000000000000        2.00000000000000        1.60000000000000     
  0.000000000000000E+000   2.00000000000000        1.60000000000000     
  0.000000000000000E+000   2.00000000000000        1.80000000000000     
  0.000000000000000E+000   1.80000000000000        1.60000000000000     
           1
        1640         352         351         527         377
  0.000000000000000E+000   1.80000000000000        1.80000000000000     
  0.000000000000000E+000   1.80000000000000        1.60000000000000     
  0.200000000000000        1.80000000000000        1.60000000000000     
  0.200000000000000        2.00000000000000        1.60000000000000     
           1
        1641         128         351         352         377
  0.000000000000000E+000   2.00000000000000        1.80000000000000     
  0.000000000000000E+000   1.80000000000000        1.60000000000000     
  0.000000000000000E+000   1.80000000000000        1.80000000000000     
  0.200000000000000        2.00000000000000        1.60000000000000     
           1
        1642         381         377         128         528
  0.200000000000000        2.00000000000000        1.80000000000000     
  0.200000000000000        2.00000000000000        1.60000000000000     
  0.000000000000000E+000   2.00000000000000        1.80000000000000     
  0.200000000000000        1.80000000000000        1.80000000000000     
           1
        1643         528         352         527         377
  0.200000000000000        1.80000000000000        1.80000000000000     
  0.000000000000000E+000   1.80000000000000        1.80000000000000     
  0.200000000000000        1.80000000000000        1.60000000000000     
  0.200000000000000        2.00000000000000        1.60000000000000     
           1
        1644         528         128         352         377
  0.200000000000000        1.80000000000000        1.80000000000000     
  0.000000000000000E+000   2.00000000000000        1.80000000000000     
  0.000000000000000E+000   1.80000000000000        1.80000000000000     
  0.200000000000000        2.00000000000000        1.60000000000000     
           1
        1645         381         128          15         352
  0.200000000000000        2.00000000000000        1.80000000000000     
  0.000000000000000E+000   2.00000000000000        1.80000000000000     
  0.000000000000000E+000   2.00000000000000        2.00000000000000     
  0.000000000000000E+000   1.80000000000000        1.80000000000000     
           1
        1646         108         352         528         381
  0.000000000000000E+000   1.80000000000000        2.00000000000000     
  0.000000000000000E+000   1.80000000000000        1.80000000000000     
  0.200000000000000        1.80000000000000        1.80000000000000     
  0.200000000000000        2.00000000000000        1.80000000000000     
           1
        1647          15         352         108         381
  0.000000000000000E+000   2.00000000000000        2.00000000000000     
  0.000000000000000E+000   1.80000000000000        1.80000000000000     
  0.000000000000000E+000   1.80000000000000        2.00000000000000     
  0.200000000000000        2.00000000000000        1.80000000000000     
           1
        1648         121         381          15         324
  0.200000000000000        2.00000000000000        2.00000000000000     
  0.200000000000000        2.00000000000000        1.80000000000000     
  0.000000000000000E+000   2.00000000000000        2.00000000000000     
  0.200000000000000        1.80000000000000        2.00000000000000     
           1
        1649         324         108         528         381
  0.200000000000000        1.80000000000000        2.00000000000000     
  0.000000000000000E+000   1.80000000000000        2.00000000000000     
  0.200000000000000        1.80000000000000        1.80000000000000     
  0.200000000000000        2.00000000000000        1.80000000000000     
           1
        1650         324          15         108         381
  0.200000000000000        1.80000000000000        2.00000000000000     
  0.000000000000000E+000   2.00000000000000        2.00000000000000     
  0.000000000000000E+000   1.80000000000000        2.00000000000000     
  0.200000000000000        2.00000000000000        1.80000000000000     
           1
        1651         357         353         513          57
  0.400000000000000        1.20000000000000        1.00000000000000     
  0.200000000000000        1.20000000000000        1.00000000000000     
  0.200000000000000        1.20000000000000        1.20000000000000     
  0.200000000000000        1.00000000000000        1.00000000000000     
           1
        1652         289          57          58         357
  0.200000000000000        1.00000000000000        1.20000000000000     
  0.200000000000000        1.00000000000000        1.00000000000000     
  0.400000000000000        1.00000000000000        1.00000000000000     
  0.400000000000000        1.20000000000000        1.00000000000000     
           1
        1653         513          57         289         357
  0.200000000000000        1.20000000000000        1.20000000000000     
  0.200000000000000        1.00000000000000        1.00000000000000     
  0.200000000000000        1.00000000000000        1.20000000000000     
  0.400000000000000        1.20000000000000        1.00000000000000     
           1
        1654         529         357         513         290
  0.400000000000000        1.20000000000000        1.20000000000000     
  0.400000000000000        1.20000000000000        1.00000000000000     
  0.200000000000000        1.20000000000000        1.20000000000000     
  0.400000000000000        1.00000000000000        1.20000000000000     
           1
        1655         290         289          58         357
  0.400000000000000        1.00000000000000        1.20000000000000     
  0.200000000000000        1.00000000000000        1.20000000000000     
  0.400000000000000        1.00000000000000        1.00000000000000     
  0.400000000000000        1.20000000000000        1.00000000000000     
           1
        1656         290         513         289         357
  0.400000000000000        1.00000000000000        1.20000000000000     
  0.200000000000000        1.20000000000000        1.20000000000000     
  0.200000000000000        1.00000000000000        1.20000000000000     
  0.400000000000000        1.20000000000000        1.00000000000000     
           1
        1657         529         513         514         289
  0.400000000000000        1.20000000000000        1.20000000000000     
  0.200000000000000        1.20000000000000        1.20000000000000     
  0.200000000000000        1.20000000000000        1.40000000000000     
  0.200000000000000        1.00000000000000        1.20000000000000     
           1
        1658         293         289         290         529
  0.200000000000000        1.00000000000000        1.40000000000000     
  0.200000000000000        1.00000000000000        1.20000000000000     
  0.400000000000000        1.00000000000000        1.20000000000000     
  0.400000000000000        1.20000000000000        1.20000000000000     
           1
        1659         514         289         293         529
  0.200000000000000        1.20000000000000        1.40000000000000     
  0.200000000000000        1.00000000000000        1.20000000000000     
  0.200000000000000        1.00000000000000        1.40000000000000     
  0.400000000000000        1.20000000000000        1.20000000000000     
           1
        1660         530         529         514         294
  0.400000000000000        1.20000000000000        1.40000000000000     
  0.400000000000000        1.20000000000000        1.20000000000000     
  0.200000000000000        1.20000000000000        1.40000000000000     
  0.400000000000000        1.00000000000000        1.40000000000000     
           1
        1661         294         293         290         529
  0.400000000000000        1.00000000000000        1.40000000000000     
  0.200000000000000        1.00000000000000        1.40000000000000     
  0.400000000000000        1.00000000000000        1.20000000000000     
  0.400000000000000        1.20000000000000        1.20000000000000     
           1
        1662         294         514         293         529
  0.400000000000000        1.00000000000000        1.40000000000000     
  0.200000000000000        1.20000000000000        1.40000000000000     
  0.200000000000000        1.00000000000000        1.40000000000000     
  0.400000000000000        1.20000000000000        1.20000000000000     
           1
        1663         530         514         515         293
  0.400000000000000        1.20000000000000        1.40000000000000     
  0.200000000000000        1.20000000000000        1.40000000000000     
  0.200000000000000        1.20000000000000        1.60000000000000     
  0.200000000000000        1.00000000000000        1.40000000000000     
           1
        1664         297         293         294         530
  0.200000000000000        1.00000000000000        1.60000000000000     
  0.200000000000000        1.00000000000000        1.40000000000000     
  0.400000000000000        1.00000000000000        1.40000000000000     
  0.400000000000000        1.20000000000000        1.40000000000000     
           1
        1665         515         293         297         530
  0.200000000000000        1.20000000000000        1.60000000000000     
  0.200000000000000        1.00000000000000        1.40000000000000     
  0.200000000000000        1.00000000000000        1.60000000000000     
  0.400000000000000        1.20000000000000        1.40000000000000     
           1
        1666         531         530         515         298
  0.400000000000000        1.20000000000000        1.60000000000000     
  0.400000000000000        1.20000000000000        1.40000000000000     
  0.200000000000000        1.20000000000000        1.60000000000000     
  0.400000000000000        1.00000000000000        1.60000000000000     
           1
        1667         298         297         294         530
  0.400000000000000        1.00000000000000        1.60000000000000     
  0.200000000000000        1.00000000000000        1.60000000000000     
  0.400000000000000        1.00000000000000        1.40000000000000     
  0.400000000000000        1.20000000000000        1.40000000000000     
           1
        1668         298         515         297         530
  0.400000000000000        1.00000000000000        1.60000000000000     
  0.200000000000000        1.20000000000000        1.60000000000000     
  0.200000000000000        1.00000000000000        1.60000000000000     
  0.400000000000000        1.20000000000000        1.40000000000000     
           1
        1669         531         515         516         297
  0.400000000000000        1.20000000000000        1.60000000000000     
  0.200000000000000        1.20000000000000        1.60000000000000     
  0.200000000000000        1.20000000000000        1.80000000000000     
  0.200000000000000        1.00000000000000        1.60000000000000     
           1
        1670         301         297         298         531
  0.200000000000000        1.00000000000000        1.80000000000000     
  0.200000000000000        1.00000000000000        1.60000000000000     
  0.400000000000000        1.00000000000000        1.60000000000000     
  0.400000000000000        1.20000000000000        1.60000000000000     
           1
        1671         516         297         301         531
  0.200000000000000        1.20000000000000        1.80000000000000     
  0.200000000000000        1.00000000000000        1.60000000000000     
  0.200000000000000        1.00000000000000        1.80000000000000     
  0.400000000000000        1.20000000000000        1.60000000000000     
           1
        1672         532         531         516         302
  0.400000000000000        1.20000000000000        1.80000000000000     
  0.400000000000000        1.20000000000000        1.60000000000000     
  0.200000000000000        1.20000000000000        1.80000000000000     
  0.400000000000000        1.00000000000000        1.80000000000000     
           1
        1673         302         301         298         531
  0.400000000000000        1.00000000000000        1.80000000000000     
  0.200000000000000        1.00000000000000        1.80000000000000     
  0.400000000000000        1.00000000000000        1.60000000000000     
  0.400000000000000        1.20000000000000        1.60000000000000     
           1
        1674         302         516         301         531
  0.400000000000000        1.00000000000000        1.80000000000000     
  0.200000000000000        1.20000000000000        1.80000000000000     
  0.200000000000000        1.00000000000000        1.80000000000000     
  0.400000000000000        1.20000000000000        1.60000000000000     
           1
        1675         532         516         321         301
  0.400000000000000        1.20000000000000        1.80000000000000     
  0.200000000000000        1.20000000000000        1.80000000000000     
  0.200000000000000        1.20000000000000        2.00000000000000     
  0.200000000000000        1.00000000000000        1.80000000000000     
           1
        1676          89         301         302         532
  0.200000000000000        1.00000000000000        2.00000000000000     
  0.200000000000000        1.00000000000000        1.80000000000000     
  0.400000000000000        1.00000000000000        1.80000000000000     
  0.400000000000000        1.20000000000000        1.80000000000000     
           1
        1677         321         301          89         532
  0.200000000000000        1.20000000000000        2.00000000000000     
  0.200000000000000        1.00000000000000        1.80000000000000     
  0.200000000000000        1.00000000000000        2.00000000000000     
  0.400000000000000        1.20000000000000        1.80000000000000     
           1
        1678         325         532         321          90
  0.400000000000000        1.20000000000000        2.00000000000000     
  0.400000000000000        1.20000000000000        1.80000000000000     
  0.200000000000000        1.20000000000000        2.00000000000000     
  0.400000000000000        1.00000000000000        2.00000000000000     
           1
        1679          90          89         302         532
  0.400000000000000        1.00000000000000        2.00000000000000     
  0.200000000000000        1.00000000000000        2.00000000000000     
  0.400000000000000        1.00000000000000        1.80000000000000     
  0.400000000000000        1.20000000000000        1.80000000000000     
           1
        1680          90         321          89         532
  0.400000000000000        1.00000000000000        2.00000000000000     
  0.200000000000000        1.20000000000000        2.00000000000000     
  0.200000000000000        1.00000000000000        2.00000000000000     
  0.400000000000000        1.20000000000000        1.80000000000000     
           1
        1681         358         354         517         353
  0.400000000000000        1.40000000000000        1.00000000000000     
  0.200000000000000        1.40000000000000        1.00000000000000     
  0.200000000000000        1.40000000000000        1.20000000000000     
  0.200000000000000        1.20000000000000        1.00000000000000     
           1
        1682         513         353         357         358
  0.200000000000000        1.20000000000000        1.20000000000000     
  0.200000000000000        1.20000000000000        1.00000000000000     
  0.400000000000000        1.20000000000000        1.00000000000000     
  0.400000000000000        1.40000000000000        1.00000000000000     
           1
        1683         517         353         513         358
  0.200000000000000        1.40000000000000        1.20000000000000     
  0.200000000000000        1.20000000000000        1.00000000000000     
  0.200000000000000        1.20000000000000        1.20000000000000     
  0.400000000000000        1.40000000000000        1.00000000000000     
           1
        1684         533         358         517         529
  0.400000000000000        1.40000000000000        1.20000000000000     
  0.400000000000000        1.40000000000000        1.00000000000000     
  0.200000000000000        1.40000000000000        1.20000000000000     
  0.400000000000000        1.20000000000000        1.20000000000000     
           1
        1685         529         513         357         358
  0.400000000000000        1.20000000000000        1.20000000000000     
  0.200000000000000        1.20000000000000        1.20000000000000     
  0.400000000000000        1.20000000000000        1.00000000000000     
  0.400000000000000        1.40000000000000        1.00000000000000     
           1
        1686         529         517         513         358
  0.400000000000000        1.20000000000000        1.20000000000000     
  0.200000000000000        1.40000000000000        1.20000000000000     
  0.200000000000000        1.20000000000000        1.20000000000000     
  0.400000000000000        1.40000000000000        1.00000000000000     
           1
        1687         533         517         518         513
  0.400000000000000        1.40000000000000        1.20000000000000     
  0.200000000000000        1.40000000000000        1.20000000000000     
  0.200000000000000        1.40000000000000        1.40000000000000     
  0.200000000000000        1.20000000000000        1.20000000000000     
           1
        1688         514         513         529         533
  0.200000000000000        1.20000000000000        1.40000000000000     
  0.200000000000000        1.20000000000000        1.20000000000000     
  0.400000000000000        1.20000000000000        1.20000000000000     
  0.400000000000000        1.40000000000000        1.20000000000000     
           1
        1689         518         513         514         533
  0.200000000000000        1.40000000000000        1.40000000000000     
  0.200000000000000        1.20000000000000        1.20000000000000     
  0.200000000000000        1.20000000000000        1.40000000000000     
  0.400000000000000        1.40000000000000        1.20000000000000     
           1
        1690         534         533         518         530
  0.400000000000000        1.40000000000000        1.40000000000000     
  0.400000000000000        1.40000000000000        1.20000000000000     
  0.200000000000000        1.40000000000000        1.40000000000000     
  0.400000000000000        1.20000000000000        1.40000000000000     
           1
        1691         530         514         529         533
  0.400000000000000        1.20000000000000        1.40000000000000     
  0.200000000000000        1.20000000000000        1.40000000000000     
  0.400000000000000        1.20000000000000        1.20000000000000     
  0.400000000000000        1.40000000000000        1.20000000000000     
           1
        1692         530         518         514         533
  0.400000000000000        1.20000000000000        1.40000000000000     
  0.200000000000000        1.40000000000000        1.40000000000000     
  0.200000000000000        1.20000000000000        1.40000000000000     
  0.400000000000000        1.40000000000000        1.20000000000000     
           1
        1693         534         518         519         514
  0.400000000000000        1.40000000000000        1.40000000000000     
  0.200000000000000        1.40000000000000        1.40000000000000     
  0.200000000000000        1.40000000000000        1.60000000000000     
  0.200000000000000        1.20000000000000        1.40000000000000     
           1
        1694         515         514         530         534
  0.200000000000000        1.20000000000000        1.60000000000000     
  0.200000000000000        1.20000000000000        1.40000000000000     
  0.400000000000000        1.20000000000000        1.40000000000000     
  0.400000000000000        1.40000000000000        1.40000000000000     
           1
        1695         519         514         515         534
  0.200000000000000        1.40000000000000        1.60000000000000     
  0.200000000000000        1.20000000000000        1.40000000000000     
  0.200000000000000        1.20000000000000        1.60000000000000     
  0.400000000000000        1.40000000000000        1.40000000000000     
           1
        1696         535         534         519         531
  0.400000000000000        1.40000000000000        1.60000000000000     
  0.400000000000000        1.40000000000000        1.40000000000000     
  0.200000000000000        1.40000000000000        1.60000000000000     
  0.400000000000000        1.20000000000000        1.60000000000000     
           1
        1697         531         515         530         534
  0.400000000000000        1.20000000000000        1.60000000000000     
  0.200000000000000        1.20000000000000        1.60000000000000     
  0.400000000000000        1.20000000000000        1.40000000000000     
  0.400000000000000        1.40000000000000        1.40000000000000     
           1
        1698         531         519         515         534
  0.400000000000000        1.20000000000000        1.60000000000000     
  0.200000000000000        1.40000000000000        1.60000000000000     
  0.200000000000000        1.20000000000000        1.60000000000000     
  0.400000000000000        1.40000000000000        1.40000000000000     
           1
        1699         535         519         520         515
  0.400000000000000        1.40000000000000        1.60000000000000     
  0.200000000000000        1.40000000000000        1.60000000000000     
  0.200000000000000        1.40000000000000        1.80000000000000     
  0.200000000000000        1.20000000000000        1.60000000000000     
           1
        1700         516         515         531         535
  0.200000000000000        1.20000000000000        1.80000000000000     
  0.200000000000000        1.20000000000000        1.60000000000000     
  0.400000000000000        1.20000000000000        1.60000000000000     
  0.400000000000000        1.40000000000000        1.60000000000000     
           1
        1701         520         515         516         535
  0.200000000000000        1.40000000000000        1.80000000000000     
  0.200000000000000        1.20000000000000        1.60000000000000     
  0.200000000000000        1.20000000000000        1.80000000000000     
  0.400000000000000        1.40000000000000        1.60000000000000     
           1
        1702         536         535         520         532
  0.400000000000000        1.40000000000000        1.80000000000000     
  0.400000000000000        1.40000000000000        1.60000000000000     
  0.200000000000000        1.40000000000000        1.80000000000000     
  0.400000000000000        1.20000000000000        1.80000000000000     
           1
        1703         532         516         531         535
  0.400000000000000        1.20000000000000        1.80000000000000     
  0.200000000000000        1.20000000000000        1.80000000000000     
  0.400000000000000        1.20000000000000        1.60000000000000     
  0.400000000000000        1.40000000000000        1.60000000000000     
           1
        1704         532         520         516         535
  0.400000000000000        1.20000000000000        1.80000000000000     
  0.200000000000000        1.40000000000000        1.80000000000000     
  0.200000000000000        1.20000000000000        1.80000000000000     
  0.400000000000000        1.40000000000000        1.60000000000000     
           1
        1705         536         520         322         516
  0.400000000000000        1.40000000000000        1.80000000000000     
  0.200000000000000        1.40000000000000        1.80000000000000     
  0.200000000000000        1.40000000000000        2.00000000000000     
  0.200000000000000        1.20000000000000        1.80000000000000     
           1
        1706         321         516         532         536
  0.200000000000000        1.20000000000000        2.00000000000000     
  0.200000000000000        1.20000000000000        1.80000000000000     
  0.400000000000000        1.20000000000000        1.80000000000000     
  0.400000000000000        1.40000000000000        1.80000000000000     
           1
        1707         322         516         321         536
  0.200000000000000        1.40000000000000        2.00000000000000     
  0.200000000000000        1.20000000000000        1.80000000000000     
  0.200000000000000        1.20000000000000        2.00000000000000     
  0.400000000000000        1.40000000000000        1.80000000000000     
           1
        1708         326         536         322         325
  0.400000000000000        1.40000000000000        2.00000000000000     
  0.400000000000000        1.40000000000000        1.80000000000000     
  0.200000000000000        1.40000000000000        2.00000000000000     
  0.400000000000000        1.20000000000000        2.00000000000000     
           1
        1709         325         321         532         536
  0.400000000000000        1.20000000000000        2.00000000000000     
  0.200000000000000        1.20000000000000        2.00000000000000     
  0.400000000000000        1.20000000000000        1.80000000000000     
  0.400000000000000        1.40000000000000        1.80000000000000     
           1
        1710         325         322         321         536
  0.400000000000000        1.20000000000000        2.00000000000000     
  0.200000000000000        1.40000000000000        2.00000000000000     
  0.200000000000000        1.20000000000000        2.00000000000000     
  0.400000000000000        1.40000000000000        1.80000000000000     
           1
        1711         359         355         521         354
  0.400000000000000        1.60000000000000        1.00000000000000     
  0.200000000000000        1.60000000000000        1.00000000000000     
  0.200000000000000        1.60000000000000        1.20000000000000     
  0.200000000000000        1.40000000000000        1.00000000000000     
           1
        1712         517         354         358         359
  0.200000000000000        1.40000000000000        1.20000000000000     
  0.200000000000000        1.40000000000000        1.00000000000000     
  0.400000000000000        1.40000000000000        1.00000000000000     
  0.400000000000000        1.60000000000000        1.00000000000000     
           1
        1713         521         354         517         359
  0.200000000000000        1.60000000000000        1.20000000000000     
  0.200000000000000        1.40000000000000        1.00000000000000     
  0.200000000000000        1.40000000000000        1.20000000000000     
  0.400000000000000        1.60000000000000        1.00000000000000     
           1
        1714         537         359         521         533
  0.400000000000000        1.60000000000000        1.20000000000000     
  0.400000000000000        1.60000000000000        1.00000000000000     
  0.200000000000000        1.60000000000000        1.20000000000000     
  0.400000000000000        1.40000000000000        1.20000000000000     
           1
        1715         533         517         358         359
  0.400000000000000        1.40000000000000        1.20000000000000     
  0.200000000000000        1.40000000000000        1.20000000000000     
  0.400000000000000        1.40000000000000        1.00000000000000     
  0.400000000000000        1.60000000000000        1.00000000000000     
           1
        1716         533         521         517         359
  0.400000000000000        1.40000000000000        1.20000000000000     
  0.200000000000000        1.60000000000000        1.20000000000000     
  0.200000000000000        1.40000000000000        1.20000000000000     
  0.400000000000000        1.60000000000000        1.00000000000000     
           1
        1717         537         521         522         517
  0.400000000000000        1.60000000000000        1.20000000000000     
  0.200000000000000        1.60000000000000        1.20000000000000     
  0.200000000000000        1.60000000000000        1.40000000000000     
  0.200000000000000        1.40000000000000        1.20000000000000     
           1
        1718         518         517         533         537
  0.200000000000000        1.40000000000000        1.40000000000000     
  0.200000000000000        1.40000000000000        1.20000000000000     
  0.400000000000000        1.40000000000000        1.20000000000000     
  0.400000000000000        1.60000000000000        1.20000000000000     
           1
        1719         522         517         518         537
  0.200000000000000        1.60000000000000        1.40000000000000     
  0.200000000000000        1.40000000000000        1.20000000000000     
  0.200000000000000        1.40000000000000        1.40000000000000     
  0.400000000000000        1.60000000000000        1.20000000000000     
           1
        1720         538         537         522         534
  0.400000000000000        1.60000000000000        1.40000000000000     
  0.400000000000000        1.60000000000000        1.20000000000000     
  0.200000000000000        1.60000000000000        1.40000000000000     
  0.400000000000000        1.40000000000000        1.40000000000000     
           1
        1721         534         518         533         537
  0.400000000000000        1.40000000000000        1.40000000000000     
  0.200000000000000        1.40000000000000        1.40000000000000     
  0.400000000000000        1.40000000000000        1.20000000000000     
  0.400000000000000        1.60000000000000        1.20000000000000     
           1
        1722         534         522         518         537
  0.400000000000000        1.40000000000000        1.40000000000000     
  0.200000000000000        1.60000000000000        1.40000000000000     
  0.200000000000000        1.40000000000000        1.40000000000000     
  0.400000000000000        1.60000000000000        1.20000000000000     
           1
        1723         538         522         523         518
  0.400000000000000        1.60000000000000        1.40000000000000     
  0.200000000000000        1.60000000000000        1.40000000000000     
  0.200000000000000        1.60000000000000        1.60000000000000     
  0.200000000000000        1.40000000000000        1.40000000000000     
           1
        1724         519         518         534         538
  0.200000000000000        1.40000000000000        1.60000000000000     
  0.200000000000000        1.40000000000000        1.40000000000000     
  0.400000000000000        1.40000000000000        1.40000000000000     
  0.400000000000000        1.60000000000000        1.40000000000000     
           1
        1725         523         518         519         538
  0.200000000000000        1.60000000000000        1.60000000000000     
  0.200000000000000        1.40000000000000        1.40000000000000     
  0.200000000000000        1.40000000000000        1.60000000000000     
  0.400000000000000        1.60000000000000        1.40000000000000     
           1
        1726         539         538         523         535
  0.400000000000000        1.60000000000000        1.60000000000000     
  0.400000000000000        1.60000000000000        1.40000000000000     
  0.200000000000000        1.60000000000000        1.60000000000000     
  0.400000000000000        1.40000000000000        1.60000000000000     
           1
        1727         535         519         534         538
  0.400000000000000        1.40000000000000        1.60000000000000     
  0.200000000000000        1.40000000000000        1.60000000000000     
  0.400000000000000        1.40000000000000        1.40000000000000     
  0.400000000000000        1.60000000000000        1.40000000000000     
           1
        1728         535         523         519         538
  0.400000000000000        1.40000000000000        1.60000000000000     
  0.200000000000000        1.60000000000000        1.60000000000000     
  0.200000000000000        1.40000000000000        1.60000000000000     
  0.400000000000000        1.60000000000000        1.40000000000000     
           1
        1729         539         523         524         519
  0.400000000000000        1.60000000000000        1.60000000000000     
  0.200000000000000        1.60000000000000        1.60000000000000     
  0.200000000000000        1.60000000000000        1.80000000000000     
  0.200000000000000        1.40000000000000        1.60000000000000     
           1
        1730         520         519         535         539
  0.200000000000000        1.40000000000000        1.80000000000000     
  0.200000000000000        1.40000000000000        1.60000000000000     
  0.400000000000000        1.40000000000000        1.60000000000000     
  0.400000000000000        1.60000000000000        1.60000000000000     
           1
        1731         524         519         520         539
  0.200000000000000        1.60000000000000        1.80000000000000     
  0.200000000000000        1.40000000000000        1.60000000000000     
  0.200000000000000        1.40000000000000        1.80000000000000     
  0.400000000000000        1.60000000000000        1.60000000000000     
           1
        1732         540         539         524         536
  0.400000000000000        1.60000000000000        1.80000000000000     
  0.400000000000000        1.60000000000000        1.60000000000000     
  0.200000000000000        1.60000000000000        1.80000000000000     
  0.400000000000000        1.40000000000000        1.80000000000000     
           1
        1733         536         520         535         539
  0.400000000000000        1.40000000000000        1.80000000000000     
  0.200000000000000        1.40000000000000        1.80000000000000     
  0.400000000000000        1.40000000000000        1.60000000000000     
  0.400000000000000        1.60000000000000        1.60000000000000     
           1
        1734         536         524         520         539
  0.400000000000000        1.40000000000000        1.80000000000000     
  0.200000000000000        1.60000000000000        1.80000000000000     
  0.200000000000000        1.40000000000000        1.80000000000000     
  0.400000000000000        1.60000000000000        1.60000000000000     
           1
        1735         540         524         323         520
  0.400000000000000        1.60000000000000        1.80000000000000     
  0.200000000000000        1.60000000000000        1.80000000000000     
  0.200000000000000        1.60000000000000        2.00000000000000     
  0.200000000000000        1.40000000000000        1.80000000000000     
           1
        1736         322         520         536         540
  0.200000000000000        1.40000000000000        2.00000000000000     
  0.200000000000000        1.40000000000000        1.80000000000000     
  0.400000000000000        1.40000000000000        1.80000000000000     
  0.400000000000000        1.60000000000000        1.80000000000000     
           1
        1737         323         520         322         540
  0.200000000000000        1.60000000000000        2.00000000000000     
  0.200000000000000        1.40000000000000        1.80000000000000     
  0.200000000000000        1.40000000000000        2.00000000000000     
  0.400000000000000        1.60000000000000        1.80000000000000     
           1
        1738         327         540         323         326
  0.400000000000000        1.60000000000000        2.00000000000000     
  0.400000000000000        1.60000000000000        1.80000000000000     
  0.200000000000000        1.60000000000000        2.00000000000000     
  0.400000000000000        1.40000000000000        2.00000000000000     
           1
        1739         326         322         536         540
  0.400000000000000        1.40000000000000        2.00000000000000     
  0.200000000000000        1.40000000000000        2.00000000000000     
  0.400000000000000        1.40000000000000        1.80000000000000     
  0.400000000000000        1.60000000000000        1.80000000000000     
           1
        1740         326         323         322         540
  0.400000000000000        1.40000000000000        2.00000000000000     
  0.200000000000000        1.60000000000000        2.00000000000000     
  0.200000000000000        1.40000000000000        2.00000000000000     
  0.400000000000000        1.60000000000000        1.80000000000000     
           1
        1741         360         356         525         355
  0.400000000000000        1.80000000000000        1.00000000000000     
  0.200000000000000        1.80000000000000        1.00000000000000     
  0.200000000000000        1.80000000000000        1.20000000000000     
  0.200000000000000        1.60000000000000        1.00000000000000     
           1
        1742         521         355         359         360
  0.200000000000000        1.60000000000000        1.20000000000000     
  0.200000000000000        1.60000000000000        1.00000000000000     
  0.400000000000000        1.60000000000000        1.00000000000000     
  0.400000000000000        1.80000000000000        1.00000000000000     
           1
        1743         525         355         521         360
  0.200000000000000        1.80000000000000        1.20000000000000     
  0.200000000000000        1.60000000000000        1.00000000000000     
  0.200000000000000        1.60000000000000        1.20000000000000     
  0.400000000000000        1.80000000000000        1.00000000000000     
           1
        1744         541         360         525         537
  0.400000000000000        1.80000000000000        1.20000000000000     
  0.400000000000000        1.80000000000000        1.00000000000000     
  0.200000000000000        1.80000000000000        1.20000000000000     
  0.400000000000000        1.60000000000000        1.20000000000000     
           1
        1745         537         521         359         360
  0.400000000000000        1.60000000000000        1.20000000000000     
  0.200000000000000        1.60000000000000        1.20000000000000     
  0.400000000000000        1.60000000000000        1.00000000000000     
  0.400000000000000        1.80000000000000        1.00000000000000     
           1
        1746         537         525         521         360
  0.400000000000000        1.60000000000000        1.20000000000000     
  0.200000000000000        1.80000000000000        1.20000000000000     
  0.200000000000000        1.60000000000000        1.20000000000000     
  0.400000000000000        1.80000000000000        1.00000000000000     
           1
        1747         541         525         526         521
  0.400000000000000        1.80000000000000        1.20000000000000     
  0.200000000000000        1.80000000000000        1.20000000000000     
  0.200000000000000        1.80000000000000        1.40000000000000     
  0.200000000000000        1.60000000000000        1.20000000000000     
           1
        1748         522         521         537         541
  0.200000000000000        1.60000000000000        1.40000000000000     
  0.200000000000000        1.60000000000000        1.20000000000000     
  0.400000000000000        1.60000000000000        1.20000000000000     
  0.400000000000000        1.80000000000000        1.20000000000000     
           1
        1749         526         521         522         541
  0.200000000000000        1.80000000000000        1.40000000000000     
  0.200000000000000        1.60000000000000        1.20000000000000     
  0.200000000000000        1.60000000000000        1.40000000000000     
  0.400000000000000        1.80000000000000        1.20000000000000     
           1
        1750         542         541         526         538
  0.400000000000000        1.80000000000000        1.40000000000000     
  0.400000000000000        1.80000000000000        1.20000000000000     
  0.200000000000000        1.80000000000000        1.40000000000000     
  0.400000000000000        1.60000000000000        1.40000000000000     
           1
        1751         538         522         537         541
  0.400000000000000        1.60000000000000        1.40000000000000     
  0.200000000000000        1.60000000000000        1.40000000000000     
  0.400000000000000        1.60000000000000        1.20000000000000     
  0.400000000000000        1.80000000000000        1.20000000000000     
           1
        1752         538         526         522         541
  0.400000000000000        1.60000000000000        1.40000000000000     
  0.200000000000000        1.80000000000000        1.40000000000000     
  0.200000000000000        1.60000000000000        1.40000000000000     
  0.400000000000000        1.80000000000000        1.20000000000000     
           1
        1753         542         526         527         522
  0.400000000000000        1.80000000000000        1.40000000000000     
  0.200000000000000        1.80000000000000        1.40000000000000     
  0.200000000000000        1.80000000000000        1.60000000000000     
  0.200000000000000        1.60000000000000        1.40000000000000     
           1
        1754         523         522         538         542
  0.200000000000000        1.60000000000000        1.60000000000000     
  0.200000000000000        1.60000000000000        1.40000000000000     
  0.400000000000000        1.60000000000000        1.40000000000000     
  0.400000000000000        1.80000000000000        1.40000000000000     
           1
        1755         527         522         523         542
  0.200000000000000        1.80000000000000        1.60000000000000     
  0.200000000000000        1.60000000000000        1.40000000000000     
  0.200000000000000        1.60000000000000        1.60000000000000     
  0.400000000000000        1.80000000000000        1.40000000000000     
           1
        1756         543         542         527         539
  0.400000000000000        1.80000000000000        1.60000000000000     
  0.400000000000000        1.80000000000000        1.40000000000000     
  0.200000000000000        1.80000000000000        1.60000000000000     
  0.400000000000000        1.60000000000000        1.60000000000000     
           1
        1757         539         523         538         542
  0.400000000000000        1.60000000000000        1.60000000000000     
  0.200000000000000        1.60000000000000        1.60000000000000     
  0.400000000000000        1.60000000000000        1.40000000000000     
  0.400000000000000        1.80000000000000        1.40000000000000     
           1
        1758         539         527         523         542
  0.400000000000000        1.60000000000000        1.60000000000000     
  0.200000000000000        1.80000000000000        1.60000000000000     
  0.200000000000000        1.60000000000000        1.60000000000000     
  0.400000000000000        1.80000000000000        1.40000000000000     
           1
        1759         543         527         528         523
  0.400000000000000        1.80000000000000        1.60000000000000     
  0.200000000000000        1.80000000000000        1.60000000000000     
  0.200000000000000        1.80000000000000        1.80000000000000     
  0.200000000000000        1.60000000000000        1.60000000000000     
           1
        1760         524         523         539         543
  0.200000000000000        1.60000000000000        1.80000000000000     
  0.200000000000000        1.60000000000000        1.60000000000000     
  0.400000000000000        1.60000000000000        1.60000000000000     
  0.400000000000000        1.80000000000000        1.60000000000000     
           1
        1761         528         523         524         543
  0.200000000000000        1.80000000000000        1.80000000000000     
  0.200000000000000        1.60000000000000        1.60000000000000     
  0.200000000000000        1.60000000000000        1.80000000000000     
  0.400000000000000        1.80000000000000        1.60000000000000     
           1
        1762         544         543         528         540
  0.400000000000000        1.80000000000000        1.80000000000000     
  0.400000000000000        1.80000000000000        1.60000000000000     
  0.200000000000000        1.80000000000000        1.80000000000000     
  0.400000000000000        1.60000000000000        1.80000000000000     
           1
        1763         540         524         539         543
  0.400000000000000        1.60000000000000        1.80000000000000     
  0.200000000000000        1.60000000000000        1.80000000000000     
  0.400000000000000        1.60000000000000        1.60000000000000     
  0.400000000000000        1.80000000000000        1.60000000000000     
           1
        1764         540         528         524         543
  0.400000000000000        1.60000000000000        1.80000000000000     
  0.200000000000000        1.80000000000000        1.80000000000000     
  0.200000000000000        1.60000000000000        1.80000000000000     
  0.400000000000000        1.80000000000000        1.60000000000000     
           1
        1765         544         528         324         524
  0.400000000000000        1.80000000000000        1.80000000000000     
  0.200000000000000        1.80000000000000        1.80000000000000     
  0.200000000000000        1.80000000000000        2.00000000000000     
  0.200000000000000        1.60000000000000        1.80000000000000     
           1
        1766         323         524         540         544
  0.200000000000000        1.60000000000000        2.00000000000000     
  0.200000000000000        1.60000000000000        1.80000000000000     
  0.400000000000000        1.60000000000000        1.80000000000000     
  0.400000000000000        1.80000000000000        1.80000000000000     
           1
        1767         324         524         323         544
  0.200000000000000        1.80000000000000        2.00000000000000     
  0.200000000000000        1.60000000000000        1.80000000000000     
  0.200000000000000        1.60000000000000        2.00000000000000     
  0.400000000000000        1.80000000000000        1.80000000000000     
           1
        1768         328         544         324         327
  0.400000000000000        1.80000000000000        2.00000000000000     
  0.400000000000000        1.80000000000000        1.80000000000000     
  0.200000000000000        1.80000000000000        2.00000000000000     
  0.400000000000000        1.60000000000000        2.00000000000000     
           1
        1769         327         323         540         544
  0.400000000000000        1.60000000000000        2.00000000000000     
  0.200000000000000        1.60000000000000        2.00000000000000     
  0.400000000000000        1.60000000000000        1.80000000000000     
  0.400000000000000        1.80000000000000        1.80000000000000     
           1
        1770         327         324         323         544
  0.400000000000000        1.60000000000000        2.00000000000000     
  0.200000000000000        1.80000000000000        2.00000000000000     
  0.200000000000000        1.60000000000000        2.00000000000000     
  0.400000000000000        1.80000000000000        1.80000000000000     
           1
        1771         114         113         369         356
  0.400000000000000        2.00000000000000        1.00000000000000     
  0.200000000000000        2.00000000000000        1.00000000000000     
  0.200000000000000        2.00000000000000        1.20000000000000     
  0.200000000000000        1.80000000000000        1.00000000000000     
           1
        1772         525         356         360         114
  0.200000000000000        1.80000000000000        1.20000000000000     
  0.200000000000000        1.80000000000000        1.00000000000000     
  0.400000000000000        1.80000000000000        1.00000000000000     
  0.400000000000000        2.00000000000000        1.00000000000000     
           1
        1773         369         356         525         114
  0.200000000000000        2.00000000000000        1.20000000000000     
  0.200000000000000        1.80000000000000        1.00000000000000     
  0.200000000000000        1.80000000000000        1.20000000000000     
  0.400000000000000        2.00000000000000        1.00000000000000     
           1
        1774         370         114         369         541
  0.400000000000000        2.00000000000000        1.20000000000000     
  0.400000000000000        2.00000000000000        1.00000000000000     
  0.200000000000000        2.00000000000000        1.20000000000000     
  0.400000000000000        1.80000000000000        1.20000000000000     
           1
        1775         541         525         360         114
  0.400000000000000        1.80000000000000        1.20000000000000     
  0.200000000000000        1.80000000000000        1.20000000000000     
  0.400000000000000        1.80000000000000        1.00000000000000     
  0.400000000000000        2.00000000000000        1.00000000000000     
           1
        1776         541         369         525         114
  0.400000000000000        1.80000000000000        1.20000000000000     
  0.200000000000000        2.00000000000000        1.20000000000000     
  0.200000000000000        1.80000000000000        1.20000000000000     
  0.400000000000000        2.00000000000000        1.00000000000000     
           1
        1777         370         369         373         525
  0.400000000000000        2.00000000000000        1.20000000000000     
  0.200000000000000        2.00000000000000        1.20000000000000     
  0.200000000000000        2.00000000000000        1.40000000000000     
  0.200000000000000        1.80000000000000        1.20000000000000     
           1
        1778         526         525         541         370
  0.200000000000000        1.80000000000000        1.40000000000000     
  0.200000000000000        1.80000000000000        1.20000000000000     
  0.400000000000000        1.80000000000000        1.20000000000000     
  0.400000000000000        2.00000000000000        1.20000000000000     
           1
        1779         373         525         526         370
  0.200000000000000        2.00000000000000        1.40000000000000     
  0.200000000000000        1.80000000000000        1.20000000000000     
  0.200000000000000        1.80000000000000        1.40000000000000     
  0.400000000000000        2.00000000000000        1.20000000000000     
           1
        1780         374         370         373         542
  0.400000000000000        2.00000000000000        1.40000000000000     
  0.400000000000000        2.00000000000000        1.20000000000000     
  0.200000000000000        2.00000000000000        1.40000000000000     
  0.400000000000000        1.80000000000000        1.40000000000000     
           1
        1781         542         526         541         370
  0.400000000000000        1.80000000000000        1.40000000000000     
  0.200000000000000        1.80000000000000        1.40000000000000     
  0.400000000000000        1.80000000000000        1.20000000000000     
  0.400000000000000        2.00000000000000        1.20000000000000     
           1
        1782         542         373         526         370
  0.400000000000000        1.80000000000000        1.40000000000000     
  0.200000000000000        2.00000000000000        1.40000000000000     
  0.200000000000000        1.80000000000000        1.40000000000000     
  0.400000000000000        2.00000000000000        1.20000000000000     
           1
        1783         374         373         377         526
  0.400000000000000        2.00000000000000        1.40000000000000     
  0.200000000000000        2.00000000000000        1.40000000000000     
  0.200000000000000        2.00000000000000        1.60000000000000     
  0.200000000000000        1.80000000000000        1.40000000000000     
           1
        1784         527         526         542         374
  0.200000000000000        1.80000000000000        1.60000000000000     
  0.200000000000000        1.80000000000000        1.40000000000000     
  0.400000000000000        1.80000000000000        1.40000000000000     
  0.400000000000000        2.00000000000000        1.40000000000000     
           1
        1785         377         526         527         374
  0.200000000000000        2.00000000000000        1.60000000000000     
  0.200000000000000        1.80000000000000        1.40000000000000     
  0.200000000000000        1.80000000000000        1.60000000000000     
  0.400000000000000        2.00000000000000        1.40000000000000     
           1
        1786         378         374         377         543
  0.400000000000000        2.00000000000000        1.60000000000000     
  0.400000000000000        2.00000000000000        1.40000000000000     
  0.200000000000000        2.00000000000000        1.60000000000000     
  0.400000000000000        1.80000000000000        1.60000000000000     
           1
        1787         543         527         542         374
  0.400000000000000        1.80000000000000        1.60000000000000     
  0.200000000000000        1.80000000000000        1.60000000000000     
  0.400000000000000        1.80000000000000        1.40000000000000     
  0.400000000000000        2.00000000000000        1.40000000000000     
           1
        1788         543         377         527         374
  0.400000000000000        1.80000000000000        1.60000000000000     
  0.200000000000000        2.00000000000000        1.60000000000000     
  0.200000000000000        1.80000000000000        1.60000000000000     
  0.400000000000000        2.00000000000000        1.40000000000000     
           1
        1789         378         377         381         527
  0.400000000000000        2.00000000000000        1.60000000000000     
  0.200000000000000        2.00000000000000        1.60000000000000     
  0.200000000000000        2.00000000000000        1.80000000000000     
  0.200000000000000        1.80000000000000        1.60000000000000     
           1
        1790         528         527         543         378
  0.200000000000000        1.80000000000000        1.80000000000000     
  0.200000000000000        1.80000000000000        1.60000000000000     
  0.400000000000000        1.80000000000000        1.60000000000000     
  0.400000000000000        2.00000000000000        1.60000000000000     
           1
        1791         381         527         528         378
  0.200000000000000        2.00000000000000        1.80000000000000     
  0.200000000000000        1.80000000000000        1.60000000000000     
  0.200000000000000        1.80000000000000        1.80000000000000     
  0.400000000000000        2.00000000000000        1.60000000000000     
           1
        1792         382         378         381         544
  0.400000000000000        2.00000000000000        1.80000000000000     
  0.400000000000000        2.00000000000000        1.60000000000000     
  0.200000000000000        2.00000000000000        1.80000000000000     
  0.400000000000000        1.80000000000000        1.80000000000000     
           1
        1793         544         528         543         378
  0.400000000000000        1.80000000000000        1.80000000000000     
  0.200000000000000        1.80000000000000        1.80000000000000     
  0.400000000000000        1.80000000000000        1.60000000000000     
  0.400000000000000        2.00000000000000        1.60000000000000     
           1
        1794         544         381         528         378
  0.400000000000000        1.80000000000000        1.80000000000000     
  0.200000000000000        2.00000000000000        1.80000000000000     
  0.200000000000000        1.80000000000000        1.80000000000000     
  0.400000000000000        2.00000000000000        1.60000000000000     
           1
        1795         382         381         121         528
  0.400000000000000        2.00000000000000        1.80000000000000     
  0.200000000000000        2.00000000000000        1.80000000000000     
  0.200000000000000        2.00000000000000        2.00000000000000     
  0.200000000000000        1.80000000000000        1.80000000000000     
           1
        1796         324         528         544         382
  0.200000000000000        1.80000000000000        2.00000000000000     
  0.200000000000000        1.80000000000000        1.80000000000000     
  0.400000000000000        1.80000000000000        1.80000000000000     
  0.400000000000000        2.00000000000000        1.80000000000000     
           1
        1797         121         528         324         382
  0.200000000000000        2.00000000000000        2.00000000000000     
  0.200000000000000        1.80000000000000        1.80000000000000     
  0.200000000000000        1.80000000000000        2.00000000000000     
  0.400000000000000        2.00000000000000        1.80000000000000     
           1
        1798         122         382         121         328
  0.400000000000000        2.00000000000000        2.00000000000000     
  0.400000000000000        2.00000000000000        1.80000000000000     
  0.200000000000000        2.00000000000000        2.00000000000000     
  0.400000000000000        1.80000000000000        2.00000000000000     
           1
        1799         328         324         544         382
  0.400000000000000        1.80000000000000        2.00000000000000     
  0.200000000000000        1.80000000000000        2.00000000000000     
  0.400000000000000        1.80000000000000        1.80000000000000     
  0.400000000000000        2.00000000000000        1.80000000000000     
           1
        1800         328         121         324         382
  0.400000000000000        1.80000000000000        2.00000000000000     
  0.200000000000000        2.00000000000000        2.00000000000000     
  0.200000000000000        1.80000000000000        2.00000000000000     
  0.400000000000000        2.00000000000000        1.80000000000000     
           1
        1801         361         357         529          58
  0.600000000000000        1.20000000000000        1.00000000000000     
  0.400000000000000        1.20000000000000        1.00000000000000     
  0.400000000000000        1.20000000000000        1.20000000000000     
  0.400000000000000        1.00000000000000        1.00000000000000     
           1
        1802         290          58          59         361
  0.400000000000000        1.00000000000000        1.20000000000000     
  0.400000000000000        1.00000000000000        1.00000000000000     
  0.600000000000000        1.00000000000000        1.00000000000000     
  0.600000000000000        1.20000000000000        1.00000000000000     
           1
        1803         529          58         290         361
  0.400000000000000        1.20000000000000        1.20000000000000     
  0.400000000000000        1.00000000000000        1.00000000000000     
  0.400000000000000        1.00000000000000        1.20000000000000     
  0.600000000000000        1.20000000000000        1.00000000000000     
           1
        1804         545         361         529         291
  0.600000000000000        1.20000000000000        1.20000000000000     
  0.600000000000000        1.20000000000000        1.00000000000000     
  0.400000000000000        1.20000000000000        1.20000000000000     
  0.600000000000000        1.00000000000000        1.20000000000000     
           1
        1805         291         290          59         361
  0.600000000000000        1.00000000000000        1.20000000000000     
  0.400000000000000        1.00000000000000        1.20000000000000     
  0.600000000000000        1.00000000000000        1.00000000000000     
  0.600000000000000        1.20000000000000        1.00000000000000     
           1
        1806         291         529         290         361
  0.600000000000000        1.00000000000000        1.20000000000000     
  0.400000000000000        1.20000000000000        1.20000000000000     
  0.400000000000000        1.00000000000000        1.20000000000000     
  0.600000000000000        1.20000000000000        1.00000000000000     
           1
        1807         545         529         530         290
  0.600000000000000        1.20000000000000        1.20000000000000     
  0.400000000000000        1.20000000000000        1.20000000000000     
  0.400000000000000        1.20000000000000        1.40000000000000     
  0.400000000000000        1.00000000000000        1.20000000000000     
           1
        1808         294         290         291         545
  0.400000000000000        1.00000000000000        1.40000000000000     
  0.400000000000000        1.00000000000000        1.20000000000000     
  0.600000000000000        1.00000000000000        1.20000000000000     
  0.600000000000000        1.20000000000000        1.20000000000000     
           1
        1809         530         290         294         545
  0.400000000000000        1.20000000000000        1.40000000000000     
  0.400000000000000        1.00000000000000        1.20000000000000     
  0.400000000000000        1.00000000000000        1.40000000000000     
  0.600000000000000        1.20000000000000        1.20000000000000     
           1
        1810         546         545         530         295
  0.600000000000000        1.20000000000000        1.40000000000000     
  0.600000000000000        1.20000000000000        1.20000000000000     
  0.400000000000000        1.20000000000000        1.40000000000000     
  0.600000000000000        1.00000000000000        1.40000000000000     
           1
        1811         295         294         291         545
  0.600000000000000        1.00000000000000        1.40000000000000     
  0.400000000000000        1.00000000000000        1.40000000000000     
  0.600000000000000        1.00000000000000        1.20000000000000     
  0.600000000000000        1.20000000000000        1.20000000000000     
           1
        1812         295         530         294         545
  0.600000000000000        1.00000000000000        1.40000000000000     
  0.400000000000000        1.20000000000000        1.40000000000000     
  0.400000000000000        1.00000000000000        1.40000000000000     
  0.600000000000000        1.20000000000000        1.20000000000000     
           1
        1813         546         530         531         294
  0.600000000000000        1.20000000000000        1.40000000000000     
  0.400000000000000        1.20000000000000        1.40000000000000     
  0.400000000000000        1.20000000000000        1.60000000000000     
  0.400000000000000        1.00000000000000        1.40000000000000     
           1
        1814         298         294         295         546
  0.400000000000000        1.00000000000000        1.60000000000000     
  0.400000000000000        1.00000000000000        1.40000000000000     
  0.600000000000000        1.00000000000000        1.40000000000000     
  0.600000000000000        1.20000000000000        1.40000000000000     
           1
        1815         531         294         298         546
  0.400000000000000        1.20000000000000        1.60000000000000     
  0.400000000000000        1.00000000000000        1.40000000000000     
  0.400000000000000        1.00000000000000        1.60000000000000     
  0.600000000000000        1.20000000000000        1.40000000000000     
           1
        1816         547         546         531         299
  0.600000000000000        1.20000000000000        1.60000000000000     
  0.600000000000000        1.20000000000000        1.40000000000000     
  0.400000000000000        1.20000000000000        1.60000000000000     
  0.600000000000000        1.00000000000000        1.60000000000000     
           1
        1817         299         298         295         546
  0.600000000000000        1.00000000000000        1.60000000000000     
  0.400000000000000        1.00000000000000        1.60000000000000     
  0.600000000000000        1.00000000000000        1.40000000000000     
  0.600000000000000        1.20000000000000        1.40000000000000     
           1
        1818         299         531         298         546
  0.600000000000000        1.00000000000000        1.60000000000000     
  0.400000000000000        1.20000000000000        1.60000000000000     
  0.400000000000000        1.00000000000000        1.60000000000000     
  0.600000000000000        1.20000000000000        1.40000000000000     
           1
        1819         547         531         532         298
  0.600000000000000        1.20000000000000        1.60000000000000     
  0.400000000000000        1.20000000000000        1.60000000000000     
  0.400000000000000        1.20000000000000        1.80000000000000     
  0.400000000000000        1.00000000000000        1.60000000000000     
           1
        1820         302         298         299         547
  0.400000000000000        1.00000000000000        1.80000000000000     
  0.400000000000000        1.00000000000000        1.60000000000000     
  0.600000000000000        1.00000000000000        1.60000000000000     
  0.600000000000000        1.20000000000000        1.60000000000000     
           1
        1821         532         298         302         547
  0.400000000000000        1.20000000000000        1.80000000000000     
  0.400000000000000        1.00000000000000        1.60000000000000     
  0.400000000000000        1.00000000000000        1.80000000000000     
  0.600000000000000        1.20000000000000        1.60000000000000     
           1
        1822         548         547         532         303
  0.600000000000000        1.20000000000000        1.80000000000000     
  0.600000000000000        1.20000000000000        1.60000000000000     
  0.400000000000000        1.20000000000000        1.80000000000000     
  0.600000000000000        1.00000000000000        1.80000000000000     
           1
        1823         303         302         299         547
  0.600000000000000        1.00000000000000        1.80000000000000     
  0.400000000000000        1.00000000000000        1.80000000000000     
  0.600000000000000        1.00000000000000        1.60000000000000     
  0.600000000000000        1.20000000000000        1.60000000000000     
           1
        1824         303         532         302         547
  0.600000000000000        1.00000000000000        1.80000000000000     
  0.400000000000000        1.20000000000000        1.80000000000000     
  0.400000000000000        1.00000000000000        1.80000000000000     
  0.600000000000000        1.20000000000000        1.60000000000000     
           1
        1825         548         532         325         302
  0.600000000000000        1.20000000000000        1.80000000000000     
  0.400000000000000        1.20000000000000        1.80000000000000     
  0.400000000000000        1.20000000000000        2.00000000000000     
  0.400000000000000        1.00000000000000        1.80000000000000     
           1
        1826          90         302         303         548
  0.400000000000000        1.00000000000000        2.00000000000000     
  0.400000000000000        1.00000000000000        1.80000000000000     
  0.600000000000000        1.00000000000000        1.80000000000000     
  0.600000000000000        1.20000000000000        1.80000000000000     
           1
        1827         325         302          90         548
  0.400000000000000        1.20000000000000        2.00000000000000     
  0.400000000000000        1.00000000000000        1.80000000000000     
  0.400000000000000        1.00000000000000        2.00000000000000     
  0.600000000000000        1.20000000000000        1.80000000000000     
           1
        1828         329         548         325          91
  0.600000000000000        1.20000000000000        2.00000000000000     
  0.600000000000000        1.20000000000000        1.80000000000000     
  0.400000000000000        1.20000000000000        2.00000000000000     
  0.600000000000000        1.00000000000000        2.00000000000000     
           1
        1829          91          90         303         548
  0.600000000000000        1.00000000000000        2.00000000000000     
  0.400000000000000        1.00000000000000        2.00000000000000     
  0.600000000000000        1.00000000000000        1.80000000000000     
  0.600000000000000        1.20000000000000        1.80000000000000     
           1
        1830          91         325          90         548
  0.600000000000000        1.00000000000000        2.00000000000000     
  0.400000000000000        1.20000000000000        2.00000000000000     
  0.400000000000000        1.00000000000000        2.00000000000000     
  0.600000000000000        1.20000000000000        1.80000000000000     
           1
        1831         362         358         533         357
  0.600000000000000        1.40000000000000        1.00000000000000     
  0.400000000000000        1.40000000000000        1.00000000000000     
  0.400000000000000        1.40000000000000        1.20000000000000     
  0.400000000000000        1.20000000000000        1.00000000000000     
           1
        1832         529         357         361         362
  0.400000000000000        1.20000000000000        1.20000000000000     
  0.400000000000000        1.20000000000000        1.00000000000000     
  0.600000000000000        1.20000000000000        1.00000000000000     
  0.600000000000000        1.40000000000000        1.00000000000000     
           1
        1833         533         357         529         362
  0.400000000000000        1.40000000000000        1.20000000000000     
  0.400000000000000        1.20000000000000        1.00000000000000     
  0.400000000000000        1.20000000000000        1.20000000000000     
  0.600000000000000        1.40000000000000        1.00000000000000     
           1
        1834         549         362         533         545
  0.600000000000000        1.40000000000000        1.20000000000000     
  0.600000000000000        1.40000000000000        1.00000000000000     
  0.400000000000000        1.40000000000000        1.20000000000000     
  0.600000000000000        1.20000000000000        1.20000000000000     
           1
        1835         545         529         361         362
  0.600000000000000        1.20000000000000        1.20000000000000     
  0.400000000000000        1.20000000000000        1.20000000000000     
  0.600000000000000        1.20000000000000        1.00000000000000     
  0.600000000000000        1.40000000000000        1.00000000000000     
           1
        1836         545         533         529         362
  0.600000000000000        1.20000000000000        1.20000000000000     
  0.400000000000000        1.40000000000000        1.20000000000000     
  0.400000000000000        1.20000000000000        1.20000000000000     
  0.600000000000000        1.40000000000000        1.00000000000000     
           1
        1837         549         533         534         529
  0.600000000000000        1.40000000000000        1.20000000000000     
  0.400000000000000        1.40000000000000        1.20000000000000     
  0.400000000000000        1.40000000000000        1.40000000000000     
  0.400000000000000        1.20000000000000        1.20000000000000     
           1
        1838         530         529         545         549
  0.400000000000000        1.20000000000000        1.40000000000000     
  0.400000000000000        1.20000000000000        1.20000000000000     
  0.600000000000000        1.20000000000000        1.20000000000000     
  0.600000000000000        1.40000000000000        1.20000000000000     
           1
        1839         534         529         530         549
  0.400000000000000        1.40000000000000        1.40000000000000     
  0.400000000000000        1.20000000000000        1.20000000000000     
  0.400000000000000        1.20000000000000        1.40000000000000     
  0.600000000000000        1.40000000000000        1.20000000000000     
           1
        1840         550         549         534         546
  0.600000000000000        1.40000000000000        1.40000000000000     
  0.600000000000000        1.40000000000000        1.20000000000000     
  0.400000000000000        1.40000000000000        1.40000000000000     
  0.600000000000000        1.20000000000000        1.40000000000000     
           1
        1841         546         530         545         549
  0.600000000000000        1.20000000000000        1.40000000000000     
  0.400000000000000        1.20000000000000        1.40000000000000     
  0.600000000000000        1.20000000000000        1.20000000000000     
  0.600000000000000        1.40000000000000        1.20000000000000     
           1
        1842         546         534         530         549
  0.600000000000000        1.20000000000000        1.40000000000000     
  0.400000000000000        1.40000000000000        1.40000000000000     
  0.400000000000000        1.20000000000000        1.40000000000000     
  0.600000000000000        1.40000000000000        1.20000000000000     
           1
        1843         550         534         535         530
  0.600000000000000        1.40000000000000        1.40000000000000     
  0.400000000000000        1.40000000000000        1.40000000000000     
  0.400000000000000        1.40000000000000        1.60000000000000     
  0.400000000000000        1.20000000000000        1.40000000000000     
           1
        1844         531         530         546         550
  0.400000000000000        1.20000000000000        1.60000000000000     
  0.400000000000000        1.20000000000000        1.40000000000000     
  0.600000000000000        1.20000000000000        1.40000000000000     
  0.600000000000000        1.40000000000000        1.40000000000000     
           1
        1845         535         530         531         550
  0.400000000000000        1.40000000000000        1.60000000000000     
  0.400000000000000        1.20000000000000        1.40000000000000     
  0.400000000000000        1.20000000000000        1.60000000000000     
  0.600000000000000        1.40000000000000        1.40000000000000     
           1
        1846         551         550         535         547
  0.600000000000000        1.40000000000000        1.60000000000000     
  0.600000000000000        1.40000000000000        1.40000000000000     
  0.400000000000000        1.40000000000000        1.60000000000000     
  0.600000000000000        1.20000000000000        1.60000000000000     
           1
        1847         547         531         546         550
  0.600000000000000        1.20000000000000        1.60000000000000     
  0.400000000000000        1.20000000000000        1.60000000000000     
  0.600000000000000        1.20000000000000        1.40000000000000     
  0.600000000000000        1.40000000000000        1.40000000000000     
           1
        1848         547         535         531         550
  0.600000000000000        1.20000000000000        1.60000000000000     
  0.400000000000000        1.40000000000000        1.60000000000000     
  0.400000000000000        1.20000000000000        1.60000000000000     
  0.600000000000000        1.40000000000000        1.40000000000000     
           1
        1849         551         535         536         531
  0.600000000000000        1.40000000000000        1.60000000000000     
  0.400000000000000        1.40000000000000        1.60000000000000     
  0.400000000000000        1.40000000000000        1.80000000000000     
  0.400000000000000        1.20000000000000        1.60000000000000     
           1
        1850         532         531         547         551
  0.400000000000000        1.20000000000000        1.80000000000000     
  0.400000000000000        1.20000000000000        1.60000000000000     
  0.600000000000000        1.20000000000000        1.60000000000000     
  0.600000000000000        1.40000000000000        1.60000000000000     
           1
        1851         536         531         532         551
  0.400000000000000        1.40000000000000        1.80000000000000     
  0.400000000000000        1.20000000000000        1.60000000000000     
  0.400000000000000        1.20000000000000        1.80000000000000     
  0.600000000000000        1.40000000000000        1.60000000000000     
           1
        1852         552         551         536         548
  0.600000000000000        1.40000000000000        1.80000000000000     
  0.600000000000000        1.40000000000000        1.60000000000000     
  0.400000000000000        1.40000000000000        1.80000000000000     
  0.600000000000000        1.20000000000000        1.80000000000000     
           1
        1853         548         532         547         551
  0.600000000000000        1.20000000000000        1.80000000000000     
  0.400000000000000        1.20000000000000        1.80000000000000     
  0.600000000000000        1.20000000000000        1.60000000000000     
  0.600000000000000        1.40000000000000        1.60000000000000     
           1
        1854         548         536         532         551
  0.600000000000000        1.20000000000000        1.80000000000000     
  0.400000000000000        1.40000000000000        1.80000000000000     
  0.400000000000000        1.20000000000000        1.80000000000000     
  0.600000000000000        1.40000000000000        1.60000000000000     
           1
        1855         552         536         326         532
  0.600000000000000        1.40000000000000        1.80000000000000     
  0.400000000000000        1.40000000000000        1.80000000000000     
  0.400000000000000        1.40000000000000        2.00000000000000     
  0.400000000000000        1.20000000000000        1.80000000000000     
           1
        1856         325         532         548         552
  0.400000000000000        1.20000000000000        2.00000000000000     
  0.400000000000000        1.20000000000000        1.80000000000000     
  0.600000000000000        1.20000000000000        1.80000000000000     
  0.600000000000000        1.40000000000000        1.80000000000000     
           1
        1857         326         532         325         552
  0.400000000000000        1.40000000000000        2.00000000000000     
  0.400000000000000        1.20000000000000        1.80000000000000     
  0.400000000000000        1.20000000000000        2.00000000000000     
  0.600000000000000        1.40000000000000        1.80000000000000     
           1
        1858         330         552         326         329
  0.600000000000000        1.40000000000000        2.00000000000000     
  0.600000000000000        1.40000000000000        1.80000000000000     
  0.400000000000000        1.40000000000000        2.00000000000000     
  0.600000000000000        1.20000000000000        2.00000000000000     
           1
        1859         329         325         548         552
  0.600000000000000        1.20000000000000        2.00000000000000     
  0.400000000000000        1.20000000000000        2.00000000000000     
  0.600000000000000        1.20000000000000        1.80000000000000     
  0.600000000000000        1.40000000000000        1.80000000000000     
           1
        1860         329         326         325         552
  0.600000000000000        1.20000000000000        2.00000000000000     
  0.400000000000000        1.40000000000000        2.00000000000000     
  0.400000000000000        1.20000000000000        2.00000000000000     
  0.600000000000000        1.40000000000000        1.80000000000000     
           1
        1861         363         359         537         358
  0.600000000000000        1.60000000000000        1.00000000000000     
  0.400000000000000        1.60000000000000        1.00000000000000     
  0.400000000000000        1.60000000000000        1.20000000000000     
  0.400000000000000        1.40000000000000        1.00000000000000     
           1
        1862         533         358         362         363
  0.400000000000000        1.40000000000000        1.20000000000000     
  0.400000000000000        1.40000000000000        1.00000000000000     
  0.600000000000000        1.40000000000000        1.00000000000000     
  0.600000000000000        1.60000000000000        1.00000000000000     
           1
        1863         537         358         533         363
  0.400000000000000        1.60000000000000        1.20000000000000     
  0.400000000000000        1.40000000000000        1.00000000000000     
  0.400000000000000        1.40000000000000        1.20000000000000     
  0.600000000000000        1.60000000000000        1.00000000000000     
           1
        1864         553         363         537         549
  0.600000000000000        1.60000000000000        1.20000000000000     
  0.600000000000000        1.60000000000000        1.00000000000000     
  0.400000000000000        1.60000000000000        1.20000000000000     
  0.600000000000000        1.40000000000000        1.20000000000000     
           1
        1865         549         533         362         363
  0.600000000000000        1.40000000000000        1.20000000000000     
  0.400000000000000        1.40000000000000        1.20000000000000     
  0.600000000000000        1.40000000000000        1.00000000000000     
  0.600000000000000        1.60000000000000        1.00000000000000     
           1
        1866         549         537         533         363
  0.600000000000000        1.40000000000000        1.20000000000000     
  0.400000000000000        1.60000000000000        1.20000000000000     
  0.400000000000000        1.40000000000000        1.20000000000000     
  0.600000000000000        1.60000000000000        1.00000000000000     
           1
        1867         553         537         538         533
  0.600000000000000        1.60000000000000        1.20000000000000     
  0.400000000000000        1.60000000000000        1.20000000000000     
  0.400000000000000        1.60000000000000        1.40000000000000     
  0.400000000000000        1.40000000000000        1.20000000000000     
           1
        1868         534         533         549         553
  0.400000000000000        1.40000000000000        1.40000000000000     
  0.400000000000000        1.40000000000000        1.20000000000000     
  0.600000000000000        1.40000000000000        1.20000000000000     
  0.600000000000000        1.60000000000000        1.20000000000000     
           1
        1869         538         533         534         553
  0.400000000000000        1.60000000000000        1.40000000000000     
  0.400000000000000        1.40000000000000        1.20000000000000     
  0.400000000000000        1.40000000000000        1.40000000000000     
  0.600000000000000        1.60000000000000        1.20000000000000     
           1
        1870         554         553         538         550
  0.600000000000000        1.60000000000000        1.40000000000000     
  0.600000000000000        1.60000000000000        1.20000000000000     
  0.400000000000000        1.60000000000000        1.40000000000000     
  0.600000000000000        1.40000000000000        1.40000000000000     
           1
        1871         550         534         549         553
  0.600000000000000        1.40000000000000        1.40000000000000     
  0.400000000000000        1.40000000000000        1.40000000000000     
  0.600000000000000        1.40000000000000        1.20000000000000     
  0.600000000000000        1.60000000000000        1.20000000000000     
           1
        1872         550         538         534         553
  0.600000000000000        1.40000000000000        1.40000000000000     
  0.400000000000000        1.60000000000000        1.40000000000000     
  0.400000000000000        1.40000000000000        1.40000000000000     
  0.600000000000000        1.60000000000000        1.20000000000000     
           1
        1873         554         538         539         534
  0.600000000000000        1.60000000000000        1.40000000000000     
  0.400000000000000        1.60000000000000        1.40000000000000     
  0.400000000000000        1.60000000000000        1.60000000000000     
  0.400000000000000        1.40000000000000        1.40000000000000     
           1
        1874         535         534         550         554
  0.400000000000000        1.40000000000000        1.60000000000000     
  0.400000000000000        1.40000000000000        1.40000000000000     
  0.600000000000000        1.40000000000000        1.40000000000000     
  0.600000000000000        1.60000000000000        1.40000000000000     
           1
        1875         539         534         535         554
  0.400000000000000        1.60000000000000        1.60000000000000     
  0.400000000000000        1.40000000000000        1.40000000000000     
  0.400000000000000        1.40000000000000        1.60000000000000     
  0.600000000000000        1.60000000000000        1.40000000000000     
           1
        1876         555         554         539         551
  0.600000000000000        1.60000000000000        1.60000000000000     
  0.600000000000000        1.60000000000000        1.40000000000000     
  0.400000000000000        1.60000000000000        1.60000000000000     
  0.600000000000000        1.40000000000000        1.60000000000000     
           1
        1877         551         535         550         554
  0.600000000000000        1.40000000000000        1.60000000000000     
  0.400000000000000        1.40000000000000        1.60000000000000     
  0.600000000000000        1.40000000000000        1.40000000000000     
  0.600000000000000        1.60000000000000        1.40000000000000     
           1
        1878         551         539         535         554
  0.600000000000000        1.40000000000000        1.60000000000000     
  0.400000000000000        1.60000000000000        1.60000000000000     
  0.400000000000000        1.40000000000000        1.60000000000000     
  0.600000000000000        1.60000000000000        1.40000000000000     
           1
        1879         555         539         540         535
  0.600000000000000        1.60000000000000        1.60000000000000     
  0.400000000000000        1.60000000000000        1.60000000000000     
  0.400000000000000        1.60000000000000        1.80000000000000     
  0.400000000000000        1.40000000000000        1.60000000000000     
           1
        1880         536         535         551         555
  0.400000000000000        1.40000000000000        1.80000000000000     
  0.400000000000000        1.40000000000000        1.60000000000000     
  0.600000000000000        1.40000000000000        1.60000000000000     
  0.600000000000000        1.60000000000000        1.60000000000000     
           1
        1881         540         535         536         555
  0.400000000000000        1.60000000000000        1.80000000000000     
  0.400000000000000        1.40000000000000        1.60000000000000     
  0.400000000000000        1.40000000000000        1.80000000000000     
  0.600000000000000        1.60000000000000        1.60000000000000     
           1
        1882         556         555         540         552
  0.600000000000000        1.60000000000000        1.80000000000000     
  0.600000000000000        1.60000000000000        1.60000000000000     
  0.400000000000000        1.60000000000000        1.80000000000000     
  0.600000000000000        1.40000000000000        1.80000000000000     
           1
        1883         552         536         551         555
  0.600000000000000        1.40000000000000        1.80000000000000     
  0.400000000000000        1.40000000000000        1.80000000000000     
  0.600000000000000        1.40000000000000        1.60000000000000     
  0.600000000000000        1.60000000000000        1.60000000000000     
           1
        1884         552         540         536         555
  0.600000000000000        1.40000000000000        1.80000000000000     
  0.400000000000000        1.60000000000000        1.80000000000000     
  0.400000000000000        1.40000000000000        1.80000000000000     
  0.600000000000000        1.60000000000000        1.60000000000000     
           1
        1885         556         540         327         536
  0.600000000000000        1.60000000000000        1.80000000000000     
  0.400000000000000        1.60000000000000        1.80000000000000     
  0.400000000000000        1.60000000000000        2.00000000000000     
  0.400000000000000        1.40000000000000        1.80000000000000     
           1
        1886         326         536         552         556
  0.400000000000000        1.40000000000000        2.00000000000000     
  0.400000000000000        1.40000000000000        1.80000000000000     
  0.600000000000000        1.40000000000000        1.80000000000000     
  0.600000000000000        1.60000000000000        1.80000000000000     
           1
        1887         327         536         326         556
  0.400000000000000        1.60000000000000        2.00000000000000     
  0.400000000000000        1.40000000000000        1.80000000000000     
  0.400000000000000        1.40000000000000        2.00000000000000     
  0.600000000000000        1.60000000000000        1.80000000000000     
           1
        1888         331         556         327         330
  0.600000000000000        1.60000000000000        2.00000000000000     
  0.600000000000000        1.60000000000000        1.80000000000000     
  0.400000000000000        1.60000000000000        2.00000000000000     
  0.600000000000000        1.40000000000000        2.00000000000000     
           1
        1889         330         326         552         556
  0.600000000000000        1.40000000000000        2.00000000000000     
  0.400000000000000        1.40000000000000        2.00000000000000     
  0.600000000000000        1.40000000000000        1.80000000000000     
  0.600000000000000        1.60000000000000        1.80000000000000     
           1
        1890         330         327         326         556
  0.600000000000000        1.40000000000000        2.00000000000000     
  0.400000000000000        1.60000000000000        2.00000000000000     
  0.400000000000000        1.40000000000000        2.00000000000000     
  0.600000000000000        1.60000000000000        1.80000000000000     
           1
        1891         364         360         541         359
  0.600000000000000        1.80000000000000        1.00000000000000     
  0.400000000000000        1.80000000000000        1.00000000000000     
  0.400000000000000        1.80000000000000        1.20000000000000     
  0.400000000000000        1.60000000000000        1.00000000000000     
           1
        1892         537         359         363         364
  0.400000000000000        1.60000000000000        1.20000000000000     
  0.400000000000000        1.60000000000000        1.00000000000000     
  0.600000000000000        1.60000000000000        1.00000000000000     
  0.600000000000000        1.80000000000000        1.00000000000000     
           1
        1893         541         359         537         364
  0.400000000000000        1.80000000000000        1.20000000000000     
  0.400000000000000        1.60000000000000        1.00000000000000     
  0.400000000000000        1.60000000000000        1.20000000000000     
  0.600000000000000        1.80000000000000        1.00000000000000     
           1
        1894         557         364         541         553
  0.600000000000000        1.80000000000000        1.20000000000000     
  0.600000000000000        1.80000000000000        1.00000000000000     
  0.400000000000000        1.80000000000000        1.20000000000000     
  0.600000000000000        1.60000000000000        1.20000000000000     
           1
        1895         553         537         363         364
  0.600000000000000        1.60000000000000        1.20000000000000     
  0.400000000000000        1.60000000000000        1.20000000000000     
  0.600000000000000        1.60000000000000        1.00000000000000     
  0.600000000000000        1.80000000000000        1.00000000000000     
           1
        1896         553         541         537         364
  0.600000000000000        1.60000000000000        1.20000000000000     
  0.400000000000000        1.80000000000000        1.20000000000000     
  0.400000000000000        1.60000000000000        1.20000000000000     
  0.600000000000000        1.80000000000000        1.00000000000000     
           1
        1897         557         541         542         537
  0.600000000000000        1.80000000000000        1.20000000000000     
  0.400000000000000        1.80000000000000        1.20000000000000     
  0.400000000000000        1.80000000000000        1.40000000000000     
  0.400000000000000        1.60000000000000        1.20000000000000     
           1
        1898         538         537         553         557
  0.400000000000000        1.60000000000000        1.40000000000000     
  0.400000000000000        1.60000000000000        1.20000000000000     
  0.600000000000000        1.60000000000000        1.20000000000000     
  0.600000000000000        1.80000000000000        1.20000000000000     
           1
        1899         542         537         538         557
  0.400000000000000        1.80000000000000        1.40000000000000     
  0.400000000000000        1.60000000000000        1.20000000000000     
  0.400000000000000        1.60000000000000        1.40000000000000     
  0.600000000000000        1.80000000000000        1.20000000000000     
           1
        1900         558         557         542         554
  0.600000000000000        1.80000000000000        1.40000000000000     
  0.600000000000000        1.80000000000000        1.20000000000000     
  0.400000000000000        1.80000000000000        1.40000000000000     
  0.600000000000000        1.60000000000000        1.40000000000000     
           1
        1901         554         538         553         557
  0.600000000000000        1.60000000000000        1.40000000000000     
  0.400000000000000        1.60000000000000        1.40000000000000     
  0.600000000000000        1.60000000000000        1.20000000000000     
  0.600000000000000        1.80000000000000        1.20000000000000     
           1
        1902         554         542         538         557
  0.600000000000000        1.60000000000000        1.40000000000000     
  0.400000000000000        1.80000000000000        1.40000000000000     
  0.400000000000000        1.60000000000000        1.40000000000000     
  0.600000000000000        1.80000000000000        1.20000000000000     
           1
        1903         558         542         543         538
  0.600000000000000        1.80000000000000        1.40000000000000     
  0.400000000000000        1.80000000000000        1.40000000000000     
  0.400000000000000        1.80000000000000        1.60000000000000     
  0.400000000000000        1.60000000000000        1.40000000000000     
           1
        1904         539         538         554         558
  0.400000000000000        1.60000000000000        1.60000000000000     
  0.400000000000000        1.60000000000000        1.40000000000000     
  0.600000000000000        1.60000000000000        1.40000000000000     
  0.600000000000000        1.80000000000000        1.40000000000000     
           1
        1905         543         538         539         558
  0.400000000000000        1.80000000000000        1.60000000000000     
  0.400000000000000        1.60000000000000        1.40000000000000     
  0.400000000000000        1.60000000000000        1.60000000000000     
  0.600000000000000        1.80000000000000        1.40000000000000     
           1
        1906         559         558         543         555
  0.600000000000000        1.80000000000000        1.60000000000000     
  0.600000000000000        1.80000000000000        1.40000000000000     
  0.400000000000000        1.80000000000000        1.60000000000000     
  0.600000000000000        1.60000000000000        1.60000000000000     
           1
        1907         555         539         554         558
  0.600000000000000        1.60000000000000        1.60000000000000     
  0.400000000000000        1.60000000000000        1.60000000000000     
  0.600000000000000        1.60000000000000        1.40000000000000     
  0.600000000000000        1.80000000000000        1.40000000000000     
           1
        1908         555         543         539         558
  0.600000000000000        1.60000000000000        1.60000000000000     
  0.400000000000000        1.80000000000000        1.60000000000000     
  0.400000000000000        1.60000000000000        1.60000000000000     
  0.600000000000000        1.80000000000000        1.40000000000000     
           1
        1909         559         543         544         539
  0.600000000000000        1.80000000000000        1.60000000000000     
  0.400000000000000        1.80000000000000        1.60000000000000     
  0.400000000000000        1.80000000000000        1.80000000000000     
  0.400000000000000        1.60000000000000        1.60000000000000     
           1
        1910         540         539         555         559
  0.400000000000000        1.60000000000000        1.80000000000000     
  0.400000000000000        1.60000000000000        1.60000000000000     
  0.600000000000000        1.60000000000000        1.60000000000000     
  0.600000000000000        1.80000000000000        1.60000000000000     
           1
        1911         544         539         540         559
  0.400000000000000        1.80000000000000        1.80000000000000     
  0.400000000000000        1.60000000000000        1.60000000000000     
  0.400000000000000        1.60000000000000        1.80000000000000     
  0.600000000000000        1.80000000000000        1.60000000000000     
           1
        1912         560         559         544         556
  0.600000000000000        1.80000000000000        1.80000000000000     
  0.600000000000000        1.80000000000000        1.60000000000000     
  0.400000000000000        1.80000000000000        1.80000000000000     
  0.600000000000000        1.60000000000000        1.80000000000000     
           1
        1913         556         540         555         559
  0.600000000000000        1.60000000000000        1.80000000000000     
  0.400000000000000        1.60000000000000        1.80000000000000     
  0.600000000000000        1.60000000000000        1.60000000000000     
  0.600000000000000        1.80000000000000        1.60000000000000     
           1
        1914         556         544         540         559
  0.600000000000000        1.60000000000000        1.80000000000000     
  0.400000000000000        1.80000000000000        1.80000000000000     
  0.400000000000000        1.60000000000000        1.80000000000000     
  0.600000000000000        1.80000000000000        1.60000000000000     
           1
        1915         560         544         328         540
  0.600000000000000        1.80000000000000        1.80000000000000     
  0.400000000000000        1.80000000000000        1.80000000000000     
  0.400000000000000        1.80000000000000        2.00000000000000     
  0.400000000000000        1.60000000000000        1.80000000000000     
           1
        1916         327         540         556         560
  0.400000000000000        1.60000000000000        2.00000000000000     
  0.400000000000000        1.60000000000000        1.80000000000000     
  0.600000000000000        1.60000000000000        1.80000000000000     
  0.600000000000000        1.80000000000000        1.80000000000000     
           1
        1917         328         540         327         560
  0.400000000000000        1.80000000000000        2.00000000000000     
  0.400000000000000        1.60000000000000        1.80000000000000     
  0.400000000000000        1.60000000000000        2.00000000000000     
  0.600000000000000        1.80000000000000        1.80000000000000     
           1
        1918         332         560         328         331
  0.600000000000000        1.80000000000000        2.00000000000000     
  0.600000000000000        1.80000000000000        1.80000000000000     
  0.400000000000000        1.80000000000000        2.00000000000000     
  0.600000000000000        1.60000000000000        2.00000000000000     
           1
        1919         331         327         556         560
  0.600000000000000        1.60000000000000        2.00000000000000     
  0.400000000000000        1.60000000000000        2.00000000000000     
  0.600000000000000        1.60000000000000        1.80000000000000     
  0.600000000000000        1.80000000000000        1.80000000000000     
           1
        1920         331         328         327         560
  0.600000000000000        1.60000000000000        2.00000000000000     
  0.400000000000000        1.80000000000000        2.00000000000000     
  0.400000000000000        1.60000000000000        2.00000000000000     
  0.600000000000000        1.80000000000000        1.80000000000000     
           1
        1921         115         114         370         360
  0.600000000000000        2.00000000000000        1.00000000000000     
  0.400000000000000        2.00000000000000        1.00000000000000     
  0.400000000000000        2.00000000000000        1.20000000000000     
  0.400000000000000        1.80000000000000        1.00000000000000     
           1
        1922         541         360         364         115
  0.400000000000000        1.80000000000000        1.20000000000000     
  0.400000000000000        1.80000000000000        1.00000000000000     
  0.600000000000000        1.80000000000000        1.00000000000000     
  0.600000000000000        2.00000000000000        1.00000000000000     
           1
        1923         370         360         541         115
  0.400000000000000        2.00000000000000        1.20000000000000     
  0.400000000000000        1.80000000000000        1.00000000000000     
  0.400000000000000        1.80000000000000        1.20000000000000     
  0.600000000000000        2.00000000000000        1.00000000000000     
           1
        1924         371         115         370         557
  0.600000000000000        2.00000000000000        1.20000000000000     
  0.600000000000000        2.00000000000000        1.00000000000000     
  0.400000000000000        2.00000000000000        1.20000000000000     
  0.600000000000000        1.80000000000000        1.20000000000000     
           1
        1925         557         541         364         115
  0.600000000000000        1.80000000000000        1.20000000000000     
  0.400000000000000        1.80000000000000        1.20000000000000     
  0.600000000000000        1.80000000000000        1.00000000000000     
  0.600000000000000        2.00000000000000        1.00000000000000     
           1
        1926         557         370         541         115
  0.600000000000000        1.80000000000000        1.20000000000000     
  0.400000000000000        2.00000000000000        1.20000000000000     
  0.400000000000000        1.80000000000000        1.20000000000000     
  0.600000000000000        2.00000000000000        1.00000000000000     
           1
        1927         371         370         374         541
  0.600000000000000        2.00000000000000        1.20000000000000     
  0.400000000000000        2.00000000000000        1.20000000000000     
  0.400000000000000        2.00000000000000        1.40000000000000     
  0.400000000000000        1.80000000000000        1.20000000000000     
           1
        1928         542         541         557         371
  0.400000000000000        1.80000000000000        1.40000000000000     
  0.400000000000000        1.80000000000000        1.20000000000000     
  0.600000000000000        1.80000000000000        1.20000000000000     
  0.600000000000000        2.00000000000000        1.20000000000000     
           1
        1929         374         541         542         371
  0.400000000000000        2.00000000000000        1.40000000000000     
  0.400000000000000        1.80000000000000        1.20000000000000     
  0.400000000000000        1.80000000000000        1.40000000000000     
  0.600000000000000        2.00000000000000        1.20000000000000     
           1
        1930         375         371         374         558
  0.600000000000000        2.00000000000000        1.40000000000000     
  0.600000000000000        2.00000000000000        1.20000000000000     
  0.400000000000000        2.00000000000000        1.40000000000000     
  0.600000000000000        1.80000000000000        1.40000000000000     
           1
        1931         558         542         557         371
  0.600000000000000        1.80000000000000        1.40000000000000     
  0.400000000000000        1.80000000000000        1.40000000000000     
  0.600000000000000        1.80000000000000        1.20000000000000     
  0.600000000000000        2.00000000000000        1.20000000000000     
           1
        1932         558         374         542         371
  0.600000000000000        1.80000000000000        1.40000000000000     
  0.400000000000000        2.00000000000000        1.40000000000000     
  0.400000000000000        1.80000000000000        1.40000000000000     
  0.600000000000000        2.00000000000000        1.20000000000000     
           1
        1933         375         374         378         542
  0.600000000000000        2.00000000000000        1.40000000000000     
  0.400000000000000        2.00000000000000        1.40000000000000     
  0.400000000000000        2.00000000000000        1.60000000000000     
  0.400000000000000        1.80000000000000        1.40000000000000     
           1
        1934         543         542         558         375
  0.400000000000000        1.80000000000000        1.60000000000000     
  0.400000000000000        1.80000000000000        1.40000000000000     
  0.600000000000000        1.80000000000000        1.40000000000000     
  0.600000000000000        2.00000000000000        1.40000000000000     
           1
        1935         378         542         543         375
  0.400000000000000        2.00000000000000        1.60000000000000     
  0.400000000000000        1.80000000000000        1.40000000000000     
  0.400000000000000        1.80000000000000        1.60000000000000     
  0.600000000000000        2.00000000000000        1.40000000000000     
           1
        1936         379         375         378         559
  0.600000000000000        2.00000000000000        1.60000000000000     
  0.600000000000000        2.00000000000000        1.40000000000000     
  0.400000000000000        2.00000000000000        1.60000000000000     
  0.600000000000000        1.80000000000000        1.60000000000000     
           1
        1937         559         543         558         375
  0.600000000000000        1.80000000000000        1.60000000000000     
  0.400000000000000        1.80000000000000        1.60000000000000     
  0.600000000000000        1.80000000000000        1.40000000000000     
  0.600000000000000        2.00000000000000        1.40000000000000     
           1
        1938         559         378         543         375
  0.600000000000000        1.80000000000000        1.60000000000000     
  0.400000000000000        2.00000000000000        1.60000000000000     
  0.400000000000000        1.80000000000000        1.60000000000000     
  0.600000000000000        2.00000000000000        1.40000000000000     
           1
        1939         379         378         382         543
  0.600000000000000        2.00000000000000        1.60000000000000     
  0.400000000000000        2.00000000000000        1.60000000000000     
  0.400000000000000        2.00000000000000        1.80000000000000     
  0.400000000000000        1.80000000000000        1.60000000000000     
           1
        1940         544         543         559         379
  0.400000000000000        1.80000000000000        1.80000000000000     
  0.400000000000000        1.80000000000000        1.60000000000000     
  0.600000000000000        1.80000000000000        1.60000000000000     
  0.600000000000000        2.00000000000000        1.60000000000000     
           1
        1941         382         543         544         379
  0.400000000000000        2.00000000000000        1.80000000000000     
  0.400000000000000        1.80000000000000        1.60000000000000     
  0.400000000000000        1.80000000000000        1.80000000000000     
  0.600000000000000        2.00000000000000        1.60000000000000     
           1
        1942         383         379         382         560
  0.600000000000000        2.00000000000000        1.80000000000000     
  0.600000000000000        2.00000000000000        1.60000000000000     
  0.400000000000000        2.00000000000000        1.80000000000000     
  0.600000000000000        1.80000000000000        1.80000000000000     
           1
        1943         560         544         559         379
  0.600000000000000        1.80000000000000        1.80000000000000     
  0.400000000000000        1.80000000000000        1.80000000000000     
  0.600000000000000        1.80000000000000        1.60000000000000     
  0.600000000000000        2.00000000000000        1.60000000000000     
           1
        1944         560         382         544         379
  0.600000000000000        1.80000000000000        1.80000000000000     
  0.400000000000000        2.00000000000000        1.80000000000000     
  0.400000000000000        1.80000000000000        1.80000000000000     
  0.600000000000000        2.00000000000000        1.60000000000000     
           1
        1945         383         382         122         544
  0.600000000000000        2.00000000000000        1.80000000000000     
  0.400000000000000        2.00000000000000        1.80000000000000     
  0.400000000000000        2.00000000000000        2.00000000000000     
  0.400000000000000        1.80000000000000        1.80000000000000     
           1
        1946         328         544         560         383
  0.400000000000000        1.80000000000000        2.00000000000000     
  0.400000000000000        1.80000000000000        1.80000000000000     
  0.600000000000000        1.80000000000000        1.80000000000000     
  0.600000000000000        2.00000000000000        1.80000000000000     
           1
        1947         122         544         328         383
  0.400000000000000        2.00000000000000        2.00000000000000     
  0.400000000000000        1.80000000000000        1.80000000000000     
  0.400000000000000        1.80000000000000        2.00000000000000     
  0.600000000000000        2.00000000000000        1.80000000000000     
           1
        1948         123         383         122         332
  0.600000000000000        2.00000000000000        2.00000000000000     
  0.600000000000000        2.00000000000000        1.80000000000000     
  0.400000000000000        2.00000000000000        2.00000000000000     
  0.600000000000000        1.80000000000000        2.00000000000000     
           1
        1949         332         328         560         383
  0.600000000000000        1.80000000000000        2.00000000000000     
  0.400000000000000        1.80000000000000        2.00000000000000     
  0.600000000000000        1.80000000000000        1.80000000000000     
  0.600000000000000        2.00000000000000        1.80000000000000     
           1
        1950         332         122         328         383
  0.600000000000000        1.80000000000000        2.00000000000000     
  0.400000000000000        2.00000000000000        2.00000000000000     
  0.400000000000000        1.80000000000000        2.00000000000000     
  0.600000000000000        2.00000000000000        1.80000000000000     
           1
        1951         365         361         545          59
  0.800000000000000        1.20000000000000        1.00000000000000     
  0.600000000000000        1.20000000000000        1.00000000000000     
  0.600000000000000        1.20000000000000        1.20000000000000     
  0.600000000000000        1.00000000000000        1.00000000000000     
           1
        1952         291          59          60         365
  0.600000000000000        1.00000000000000        1.20000000000000     
  0.600000000000000        1.00000000000000        1.00000000000000     
  0.800000000000000        1.00000000000000        1.00000000000000     
  0.800000000000000        1.20000000000000        1.00000000000000     
           1
        1953         545          59         291         365
  0.600000000000000        1.20000000000000        1.20000000000000     
  0.600000000000000        1.00000000000000        1.00000000000000     
  0.600000000000000        1.00000000000000        1.20000000000000     
  0.800000000000000        1.20000000000000        1.00000000000000     
           1
        1954         561         365         545         292
  0.800000000000000        1.20000000000000        1.20000000000000     
  0.800000000000000        1.20000000000000        1.00000000000000     
  0.600000000000000        1.20000000000000        1.20000000000000     
  0.800000000000000        1.00000000000000        1.20000000000000     
           1
        1955         292         291          60         365
  0.800000000000000        1.00000000000000        1.20000000000000     
  0.600000000000000        1.00000000000000        1.20000000000000     
  0.800000000000000        1.00000000000000        1.00000000000000     
  0.800000000000000        1.20000000000000        1.00000000000000     
           1
        1956         292         545         291         365
  0.800000000000000        1.00000000000000        1.20000000000000     
  0.600000000000000        1.20000000000000        1.20000000000000     
  0.600000000000000        1.00000000000000        1.20000000000000     
  0.800000000000000        1.20000000000000        1.00000000000000     
           1
        1957         561         545         546         291
  0.800000000000000        1.20000000000000        1.20000000000000     
  0.600000000000000        1.20000000000000        1.20000000000000     
  0.600000000000000        1.20000000000000        1.40000000000000     
  0.600000000000000        1.00000000000000        1.20000000000000     
           1
        1958         295         291         292         561
  0.600000000000000        1.00000000000000        1.40000000000000     
  0.600000000000000        1.00000000000000        1.20000000000000     
  0.800000000000000        1.00000000000000        1.20000000000000     
  0.800000000000000        1.20000000000000        1.20000000000000     
           1
        1959         546         291         295         561
  0.600000000000000        1.20000000000000        1.40000000000000     
  0.600000000000000        1.00000000000000        1.20000000000000     
  0.600000000000000        1.00000000000000        1.40000000000000     
  0.800000000000000        1.20000000000000        1.20000000000000     
           1
        1960         562         561         546         296
  0.800000000000000        1.20000000000000        1.40000000000000     
  0.800000000000000        1.20000000000000        1.20000000000000     
  0.600000000000000        1.20000000000000        1.40000000000000     
  0.800000000000000        1.00000000000000        1.40000000000000     
           1
        1961         296         295         292         561
  0.800000000000000        1.00000000000000        1.40000000000000     
  0.600000000000000        1.00000000000000        1.40000000000000     
  0.800000000000000        1.00000000000000        1.20000000000000     
  0.800000000000000        1.20000000000000        1.20000000000000     
           1
        1962         296         546         295         561
  0.800000000000000        1.00000000000000        1.40000000000000     
  0.600000000000000        1.20000000000000        1.40000000000000     
  0.600000000000000        1.00000000000000        1.40000000000000     
  0.800000000000000        1.20000000000000        1.20000000000000     
           1
        1963         562         546         547         295
  0.800000000000000        1.20000000000000        1.40000000000000     
  0.600000000000000        1.20000000000000        1.40000000000000     
  0.600000000000000        1.20000000000000        1.60000000000000     
  0.600000000000000        1.00000000000000        1.40000000000000     
           1
        1964         299         295         296         562
  0.600000000000000        1.00000000000000        1.60000000000000     
  0.600000000000000        1.00000000000000        1.40000000000000     
  0.800000000000000        1.00000000000000        1.40000000000000     
  0.800000000000000        1.20000000000000        1.40000000000000     
           1
        1965         547         295         299         562
  0.600000000000000        1.20000000000000        1.60000000000000     
  0.600000000000000        1.00000000000000        1.40000000000000     
  0.600000000000000        1.00000000000000        1.60000000000000     
  0.800000000000000        1.20000000000000        1.40000000000000     
           1
        1966         563         562         547         300
  0.800000000000000        1.20000000000000        1.60000000000000     
  0.800000000000000        1.20000000000000        1.40000000000000     
  0.600000000000000        1.20000000000000        1.60000000000000     
  0.800000000000000        1.00000000000000        1.60000000000000     
           1
        1967         300         299         296         562
  0.800000000000000        1.00000000000000        1.60000000000000     
  0.600000000000000        1.00000000000000        1.60000000000000     
  0.800000000000000        1.00000000000000        1.40000000000000     
  0.800000000000000        1.20000000000000        1.40000000000000     
           1
        1968         300         547         299         562
  0.800000000000000        1.00000000000000        1.60000000000000     
  0.600000000000000        1.20000000000000        1.60000000000000     
  0.600000000000000        1.00000000000000        1.60000000000000     
  0.800000000000000        1.20000000000000        1.40000000000000     
           1
        1969         563         547         548         299
  0.800000000000000        1.20000000000000        1.60000000000000     
  0.600000000000000        1.20000000000000        1.60000000000000     
  0.600000000000000        1.20000000000000        1.80000000000000     
  0.600000000000000        1.00000000000000        1.60000000000000     
           1
        1970         303         299         300         563
  0.600000000000000        1.00000000000000        1.80000000000000     
  0.600000000000000        1.00000000000000        1.60000000000000     
  0.800000000000000        1.00000000000000        1.60000000000000     
  0.800000000000000        1.20000000000000        1.60000000000000     
           1
        1971         548         299         303         563
  0.600000000000000        1.20000000000000        1.80000000000000     
  0.600000000000000        1.00000000000000        1.60000000000000     
  0.600000000000000        1.00000000000000        1.80000000000000     
  0.800000000000000        1.20000000000000        1.60000000000000     
           1
        1972         564         563         548         304
  0.800000000000000        1.20000000000000        1.80000000000000     
  0.800000000000000        1.20000000000000        1.60000000000000     
  0.600000000000000        1.20000000000000        1.80000000000000     
  0.800000000000000        1.00000000000000        1.80000000000000     
           1
        1973         304         303         300         563
  0.800000000000000        1.00000000000000        1.80000000000000     
  0.600000000000000        1.00000000000000        1.80000000000000     
  0.800000000000000        1.00000000000000        1.60000000000000     
  0.800000000000000        1.20000000000000        1.60000000000000     
           1
        1974         304         548         303         563
  0.800000000000000        1.00000000000000        1.80000000000000     
  0.600000000000000        1.20000000000000        1.80000000000000     
  0.600000000000000        1.00000000000000        1.80000000000000     
  0.800000000000000        1.20000000000000        1.60000000000000     
           1
        1975         564         548         329         303
  0.800000000000000        1.20000000000000        1.80000000000000     
  0.600000000000000        1.20000000000000        1.80000000000000     
  0.600000000000000        1.20000000000000        2.00000000000000     
  0.600000000000000        1.00000000000000        1.80000000000000     
           1
        1976          91         303         304         564
  0.600000000000000        1.00000000000000        2.00000000000000     
  0.600000000000000        1.00000000000000        1.80000000000000     
  0.800000000000000        1.00000000000000        1.80000000000000     
  0.800000000000000        1.20000000000000        1.80000000000000     
           1
        1977         329         303          91         564
  0.600000000000000        1.20000000000000        2.00000000000000     
  0.600000000000000        1.00000000000000        1.80000000000000     
  0.600000000000000        1.00000000000000        2.00000000000000     
  0.800000000000000        1.20000000000000        1.80000000000000     
           1
        1978         333         564         329          92
  0.800000000000000        1.20000000000000        2.00000000000000     
  0.800000000000000        1.20000000000000        1.80000000000000     
  0.600000000000000        1.20000000000000        2.00000000000000     
  0.800000000000000        1.00000000000000        2.00000000000000     
           1
        1979          92          91         304         564
  0.800000000000000        1.00000000000000        2.00000000000000     
  0.600000000000000        1.00000000000000        2.00000000000000     
  0.800000000000000        1.00000000000000        1.80000000000000     
  0.800000000000000        1.20000000000000        1.80000000000000     
           1
        1980          92         329          91         564
  0.800000000000000        1.00000000000000        2.00000000000000     
  0.600000000000000        1.20000000000000        2.00000000000000     
  0.600000000000000        1.00000000000000        2.00000000000000     
  0.800000000000000        1.20000000000000        1.80000000000000     
           1
        1981         366         362         549         361
  0.800000000000000        1.40000000000000        1.00000000000000     
  0.600000000000000        1.40000000000000        1.00000000000000     
  0.600000000000000        1.40000000000000        1.20000000000000     
  0.600000000000000        1.20000000000000        1.00000000000000     
           1
        1982         545         361         365         366
  0.600000000000000        1.20000000000000        1.20000000000000     
  0.600000000000000        1.20000000000000        1.00000000000000     
  0.800000000000000        1.20000000000000        1.00000000000000     
  0.800000000000000        1.40000000000000        1.00000000000000     
           1
        1983         549         361         545         366
  0.600000000000000        1.40000000000000        1.20000000000000     
  0.600000000000000        1.20000000000000        1.00000000000000     
  0.600000000000000        1.20000000000000        1.20000000000000     
  0.800000000000000        1.40000000000000        1.00000000000000     
           1
        1984         565         366         549         561
  0.800000000000000        1.40000000000000        1.20000000000000     
  0.800000000000000        1.40000000000000        1.00000000000000     
  0.600000000000000        1.40000000000000        1.20000000000000     
  0.800000000000000        1.20000000000000        1.20000000000000     
           1
        1985         561         545         365         366
  0.800000000000000        1.20000000000000        1.20000000000000     
  0.600000000000000        1.20000000000000        1.20000000000000     
  0.800000000000000        1.20000000000000        1.00000000000000     
  0.800000000000000        1.40000000000000        1.00000000000000     
           1
        1986         561         549         545         366
  0.800000000000000        1.20000000000000        1.20000000000000     
  0.600000000000000        1.40000000000000        1.20000000000000     
  0.600000000000000        1.20000000000000        1.20000000000000     
  0.800000000000000        1.40000000000000        1.00000000000000     
           1
        1987         565         549         550         545
  0.800000000000000        1.40000000000000        1.20000000000000     
  0.600000000000000        1.40000000000000        1.20000000000000     
  0.600000000000000        1.40000000000000        1.40000000000000     
  0.600000000000000        1.20000000000000        1.20000000000000     
           1
        1988         546         545         561         565
  0.600000000000000        1.20000000000000        1.40000000000000     
  0.600000000000000        1.20000000000000        1.20000000000000     
  0.800000000000000        1.20000000000000        1.20000000000000     
  0.800000000000000        1.40000000000000        1.20000000000000     
           1
        1989         550         545         546         565
  0.600000000000000        1.40000000000000        1.40000000000000     
  0.600000000000000        1.20000000000000        1.20000000000000     
  0.600000000000000        1.20000000000000        1.40000000000000     
  0.800000000000000        1.40000000000000        1.20000000000000     
           1
        1990         566         565         550         562
  0.800000000000000        1.40000000000000        1.40000000000000     
  0.800000000000000        1.40000000000000        1.20000000000000     
  0.600000000000000        1.40000000000000        1.40000000000000     
  0.800000000000000        1.20000000000000        1.40000000000000     
           1
        1991         562         546         561         565
  0.800000000000000        1.20000000000000        1.40000000000000     
  0.600000000000000        1.20000000000000        1.40000000000000     
  0.800000000000000        1.20000000000000        1.20000000000000     
  0.800000000000000        1.40000000000000        1.20000000000000     
           1
        1992         562         550         546         565
  0.800000000000000        1.20000000000000        1.40000000000000     
  0.600000000000000        1.40000000000000        1.40000000000000     
  0.600000000000000        1.20000000000000        1.40000000000000     
  0.800000000000000        1.40000000000000        1.20000000000000     
           1
        1993         566         550         551         546
  0.800000000000000        1.40000000000000        1.40000000000000     
  0.600000000000000        1.40000000000000        1.40000000000000     
  0.600000000000000        1.40000000000000        1.60000000000000     
  0.600000000000000        1.20000000000000        1.40000000000000     
           1
        1994         547         546         562         566
  0.600000000000000        1.20000000000000        1.60000000000000     
  0.600000000000000        1.20000000000000        1.40000000000000     
  0.800000000000000        1.20000000000000        1.40000000000000     
  0.800000000000000        1.40000000000000        1.40000000000000     
           1
        1995         551         546         547         566
  0.600000000000000        1.40000000000000        1.60000000000000     
  0.600000000000000        1.20000000000000        1.40000000000000     
  0.600000000000000        1.20000000000000        1.60000000000000     
  0.800000000000000        1.40000000000000        1.40000000000000     
           1
        1996         567         566         551         563
  0.800000000000000        1.40000000000000        1.60000000000000     
  0.800000000000000        1.40000000000000        1.40000000000000     
  0.600000000000000        1.40000000000000        1.60000000000000     
  0.800000000000000        1.20000000000000        1.60000000000000     
           1
        1997         563         547         562         566
  0.800000000000000        1.20000000000000        1.60000000000000     
  0.600000000000000        1.20000000000000        1.60000000000000     
  0.800000000000000        1.20000000000000        1.40000000000000     
  0.800000000000000        1.40000000000000        1.40000000000000     
           1
        1998         563         551         547         566
  0.800000000000000        1.20000000000000        1.60000000000000     
  0.600000000000000        1.40000000000000        1.60000000000000     
  0.600000000000000        1.20000000000000        1.60000000000000     
  0.800000000000000        1.40000000000000        1.40000000000000     
           1
        1999         567         551         552         547
  0.800000000000000        1.40000000000000        1.60000000000000     
  0.600000000000000        1.40000000000000        1.60000000000000     
  0.600000000000000        1.40000000000000        1.80000000000000     
  0.600000000000000        1.20000000000000        1.60000000000000     
           1
        2000         548         547         563         567
  0.600000000000000        1.20000000000000        1.80000000000000     
  0.600000000000000        1.20000000000000        1.60000000000000     
  0.800000000000000        1.20000000000000        1.60000000000000     
  0.800000000000000        1.40000000000000        1.60000000000000     
           1
        2001         552         547         548         567
  0.600000000000000        1.40000000000000        1.80000000000000     
  0.600000000000000        1.20000000000000        1.60000000000000     
  0.600000000000000        1.20000000000000        1.80000000000000     
  0.800000000000000        1.40000000000000        1.60000000000000     
           1
        2002         568         567         552         564
  0.800000000000000        1.40000000000000        1.80000000000000     
  0.800000000000000        1.40000000000000        1.60000000000000     
  0.600000000000000        1.40000000000000        1.80000000000000     
  0.800000000000000        1.20000000000000        1.80000000000000     
           1
        2003         564         548         563         567
  0.800000000000000        1.20000000000000        1.80000000000000     
  0.600000000000000        1.20000000000000        1.80000000000000     
  0.800000000000000        1.20000000000000        1.60000000000000     
  0.800000000000000        1.40000000000000        1.60000000000000     
           1
        2004         564         552         548         567
  0.800000000000000        1.20000000000000        1.80000000000000     
  0.600000000000000        1.40000000000000        1.80000000000000     
  0.600000000000000        1.20000000000000        1.80000000000000     
  0.800000000000000        1.40000000000000        1.60000000000000     
           1
        2005         568         552         330         548
  0.800000000000000        1.40000000000000        1.80000000000000     
  0.600000000000000        1.40000000000000        1.80000000000000     
  0.600000000000000        1.40000000000000        2.00000000000000     
  0.600000000000000        1.20000000000000        1.80000000000000     
           1
        2006         329         548         564         568
  0.600000000000000        1.20000000000000        2.00000000000000     
  0.600000000000000        1.20000000000000        1.80000000000000     
  0.800000000000000        1.20000000000000        1.80000000000000     
  0.800000000000000        1.40000000000000        1.80000000000000     
           1
        2007         330         548         329         568
  0.600000000000000        1.40000000000000        2.00000000000000     
  0.600000000000000        1.20000000000000        1.80000000000000     
  0.600000000000000        1.20000000000000        2.00000000000000     
  0.800000000000000        1.40000000000000        1.80000000000000     
           1
        2008         334         568         330         333
  0.800000000000000        1.40000000000000        2.00000000000000     
  0.800000000000000        1.40000000000000        1.80000000000000     
  0.600000000000000        1.40000000000000        2.00000000000000     
  0.800000000000000        1.20000000000000        2.00000000000000     
           1
        2009         333         329         564         568
  0.800000000000000        1.20000000000000        2.00000000000000     
  0.600000000000000        1.20000000000000        2.00000000000000     
  0.800000000000000        1.20000000000000        1.80000000000000     
  0.800000000000000        1.40000000000000        1.80000000000000     
           1
        2010         333         330         329         568
  0.800000000000000        1.20000000000000        2.00000000000000     
  0.600000000000000        1.40000000000000        2.00000000000000     
  0.600000000000000        1.20000000000000        2.00000000000000     
  0.800000000000000        1.40000000000000        1.80000000000000     
           1
        2011         367         363         553         362
  0.800000000000000        1.60000000000000        1.00000000000000     
  0.600000000000000        1.60000000000000        1.00000000000000     
  0.600000000000000        1.60000000000000        1.20000000000000     
  0.600000000000000        1.40000000000000        1.00000000000000     
           1
        2012         549         362         366         367
  0.600000000000000        1.40000000000000        1.20000000000000     
  0.600000000000000        1.40000000000000        1.00000000000000     
  0.800000000000000        1.40000000000000        1.00000000000000     
  0.800000000000000        1.60000000000000        1.00000000000000     
           1
        2013         553         362         549         367
  0.600000000000000        1.60000000000000        1.20000000000000     
  0.600000000000000        1.40000000000000        1.00000000000000     
  0.600000000000000        1.40000000000000        1.20000000000000     
  0.800000000000000        1.60000000000000        1.00000000000000     
           1
        2014         569         367         553         565
  0.800000000000000        1.60000000000000        1.20000000000000     
  0.800000000000000        1.60000000000000        1.00000000000000     
  0.600000000000000        1.60000000000000        1.20000000000000     
  0.800000000000000        1.40000000000000        1.20000000000000     
           1
        2015         565         549         366         367
  0.800000000000000        1.40000000000000        1.20000000000000     
  0.600000000000000        1.40000000000000        1.20000000000000     
  0.800000000000000        1.40000000000000        1.00000000000000     
  0.800000000000000        1.60000000000000        1.00000000000000     
           1
        2016         565         553         549         367
  0.800000000000000        1.40000000000000        1.20000000000000     
  0.600000000000000        1.60000000000000        1.20000000000000     
  0.600000000000000        1.40000000000000        1.20000000000000     
  0.800000000000000        1.60000000000000        1.00000000000000     
           1
        2017         569         553         554         549
  0.800000000000000        1.60000000000000        1.20000000000000     
  0.600000000000000        1.60000000000000        1.20000000000000     
  0.600000000000000        1.60000000000000        1.40000000000000     
  0.600000000000000        1.40000000000000        1.20000000000000     
           1
        2018         550         549         565         569
  0.600000000000000        1.40000000000000        1.40000000000000     
  0.600000000000000        1.40000000000000        1.20000000000000     
  0.800000000000000        1.40000000000000        1.20000000000000     
  0.800000000000000        1.60000000000000        1.20000000000000     
           1
        2019         554         549         550         569
  0.600000000000000        1.60000000000000        1.40000000000000     
  0.600000000000000        1.40000000000000        1.20000000000000     
  0.600000000000000        1.40000000000000        1.40000000000000     
  0.800000000000000        1.60000000000000        1.20000000000000     
           1
        2020         570         569         554         566
  0.800000000000000        1.60000000000000        1.40000000000000     
  0.800000000000000        1.60000000000000        1.20000000000000     
  0.600000000000000        1.60000000000000        1.40000000000000     
  0.800000000000000        1.40000000000000        1.40000000000000     
           1
        2021         566         550         565         569
  0.800000000000000        1.40000000000000        1.40000000000000     
  0.600000000000000        1.40000000000000        1.40000000000000     
  0.800000000000000        1.40000000000000        1.20000000000000     
  0.800000000000000        1.60000000000000        1.20000000000000     
           1
        2022         566         554         550         569
  0.800000000000000        1.40000000000000        1.40000000000000     
  0.600000000000000        1.60000000000000        1.40000000000000     
  0.600000000000000        1.40000000000000        1.40000000000000     
  0.800000000000000        1.60000000000000        1.20000000000000     
           1
        2023         570         554         555         550
  0.800000000000000        1.60000000000000        1.40000000000000     
  0.600000000000000        1.60000000000000        1.40000000000000     
  0.600000000000000        1.60000000000000        1.60000000000000     
  0.600000000000000        1.40000000000000        1.40000000000000     
           1
        2024         551         550         566         570
  0.600000000000000        1.40000000000000        1.60000000000000     
  0.600000000000000        1.40000000000000        1.40000000000000     
  0.800000000000000        1.40000000000000        1.40000000000000     
  0.800000000000000        1.60000000000000        1.40000000000000     
           1
        2025         555         550         551         570
  0.600000000000000        1.60000000000000        1.60000000000000     
  0.600000000000000        1.40000000000000        1.40000000000000     
  0.600000000000000        1.40000000000000        1.60000000000000     
  0.800000000000000        1.60000000000000        1.40000000000000     
           1
        2026         571         570         555         567
  0.800000000000000        1.60000000000000        1.60000000000000     
  0.800000000000000        1.60000000000000        1.40000000000000     
  0.600000000000000        1.60000000000000        1.60000000000000     
  0.800000000000000        1.40000000000000        1.60000000000000     
           1
        2027         567         551         566         570
  0.800000000000000        1.40000000000000        1.60000000000000     
  0.600000000000000        1.40000000000000        1.60000000000000     
  0.800000000000000        1.40000000000000        1.40000000000000     
  0.800000000000000        1.60000000000000        1.40000000000000     
           1
        2028         567         555         551         570
  0.800000000000000        1.40000000000000        1.60000000000000     
  0.600000000000000        1.60000000000000        1.60000000000000     
  0.600000000000000        1.40000000000000        1.60000000000000     
  0.800000000000000        1.60000000000000        1.40000000000000     
           1
        2029         571         555         556         551
  0.800000000000000        1.60000000000000        1.60000000000000     
  0.600000000000000        1.60000000000000        1.60000000000000     
  0.600000000000000        1.60000000000000        1.80000000000000     
  0.600000000000000        1.40000000000000        1.60000000000000     
           1
        2030         552         551         567         571
  0.600000000000000        1.40000000000000        1.80000000000000     
  0.600000000000000        1.40000000000000        1.60000000000000     
  0.800000000000000        1.40000000000000        1.60000000000000     
  0.800000000000000        1.60000000000000        1.60000000000000     
           1
        2031         556         551         552         571
  0.600000000000000        1.60000000000000        1.80000000000000     
  0.600000000000000        1.40000000000000        1.60000000000000     
  0.600000000000000        1.40000000000000        1.80000000000000     
  0.800000000000000        1.60000000000000        1.60000000000000     
           1
        2032         572         571         556         568
  0.800000000000000        1.60000000000000        1.80000000000000     
  0.800000000000000        1.60000000000000        1.60000000000000     
  0.600000000000000        1.60000000000000        1.80000000000000     
  0.800000000000000        1.40000000000000        1.80000000000000     
           1
        2033         568         552         567         571
  0.800000000000000        1.40000000000000        1.80000000000000     
  0.600000000000000        1.40000000000000        1.80000000000000     
  0.800000000000000        1.40000000000000        1.60000000000000     
  0.800000000000000        1.60000000000000        1.60000000000000     
           1
        2034         568         556         552         571
  0.800000000000000        1.40000000000000        1.80000000000000     
  0.600000000000000        1.60000000000000        1.80000000000000     
  0.600000000000000        1.40000000000000        1.80000000000000     
  0.800000000000000        1.60000000000000        1.60000000000000     
           1
        2035         572         556         331         552
  0.800000000000000        1.60000000000000        1.80000000000000     
  0.600000000000000        1.60000000000000        1.80000000000000     
  0.600000000000000        1.60000000000000        2.00000000000000     
  0.600000000000000        1.40000000000000        1.80000000000000     
           1
        2036         330         552         568         572
  0.600000000000000        1.40000000000000        2.00000000000000     
  0.600000000000000        1.40000000000000        1.80000000000000     
  0.800000000000000        1.40000000000000        1.80000000000000     
  0.800000000000000        1.60000000000000        1.80000000000000     
           1
        2037         331         552         330         572
  0.600000000000000        1.60000000000000        2.00000000000000     
  0.600000000000000        1.40000000000000        1.80000000000000     
  0.600000000000000        1.40000000000000        2.00000000000000     
  0.800000000000000        1.60000000000000        1.80000000000000     
           1
        2038         335         572         331         334
  0.800000000000000        1.60000000000000        2.00000000000000     
  0.800000000000000        1.60000000000000        1.80000000000000     
  0.600000000000000        1.60000000000000        2.00000000000000     
  0.800000000000000        1.40000000000000        2.00000000000000     
           1
        2039         334         330         568         572
  0.800000000000000        1.40000000000000        2.00000000000000     
  0.600000000000000        1.40000000000000        2.00000000000000     
  0.800000000000000        1.40000000000000        1.80000000000000     
  0.800000000000000        1.60000000000000        1.80000000000000     
           1
        2040         334         331         330         572
  0.800000000000000        1.40000000000000        2.00000000000000     
  0.600000000000000        1.60000000000000        2.00000000000000     
  0.600000000000000        1.40000000000000        2.00000000000000     
  0.800000000000000        1.60000000000000        1.80000000000000     
           1
        2041         368         364         557         363
  0.800000000000000        1.80000000000000        1.00000000000000     
  0.600000000000000        1.80000000000000        1.00000000000000     
  0.600000000000000        1.80000000000000        1.20000000000000     
  0.600000000000000        1.60000000000000        1.00000000000000     
           1
        2042         553         363         367         368
  0.600000000000000        1.60000000000000        1.20000000000000     
  0.600000000000000        1.60000000000000        1.00000000000000     
  0.800000000000000        1.60000000000000        1.00000000000000     
  0.800000000000000        1.80000000000000        1.00000000000000     
           1
        2043         557         363         553         368
  0.600000000000000        1.80000000000000        1.20000000000000     
  0.600000000000000        1.60000000000000        1.00000000000000     
  0.600000000000000        1.60000000000000        1.20000000000000     
  0.800000000000000        1.80000000000000        1.00000000000000     
           1
        2044         573         368         557         569
  0.800000000000000        1.80000000000000        1.20000000000000     
  0.800000000000000        1.80000000000000        1.00000000000000     
  0.600000000000000        1.80000000000000        1.20000000000000     
  0.800000000000000        1.60000000000000        1.20000000000000     
           1
        2045         569         553         367         368
  0.800000000000000        1.60000000000000        1.20000000000000     
  0.600000000000000        1.60000000000000        1.20000000000000     
  0.800000000000000        1.60000000000000        1.00000000000000     
  0.800000000000000        1.80000000000000        1.00000000000000     
           1
        2046         569         557         553         368
  0.800000000000000        1.60000000000000        1.20000000000000     
  0.600000000000000        1.80000000000000        1.20000000000000     
  0.600000000000000        1.60000000000000        1.20000000000000     
  0.800000000000000        1.80000000000000        1.00000000000000     
           1
        2047         573         557         558         553
  0.800000000000000        1.80000000000000        1.20000000000000     
  0.600000000000000        1.80000000000000        1.20000000000000     
  0.600000000000000        1.80000000000000        1.40000000000000     
  0.600000000000000        1.60000000000000        1.20000000000000     
           1
        2048         554         553         569         573
  0.600000000000000        1.60000000000000        1.40000000000000     
  0.600000000000000        1.60000000000000        1.20000000000000     
  0.800000000000000        1.60000000000000        1.20000000000000     
  0.800000000000000        1.80000000000000        1.20000000000000     
           1
        2049         558         553         554         573
  0.600000000000000        1.80000000000000        1.40000000000000     
  0.600000000000000        1.60000000000000        1.20000000000000     
  0.600000000000000        1.60000000000000        1.40000000000000     
  0.800000000000000        1.80000000000000        1.20000000000000     
           1
        2050         574         573         558         570
  0.800000000000000        1.80000000000000        1.40000000000000     
  0.800000000000000        1.80000000000000        1.20000000000000     
  0.600000000000000        1.80000000000000        1.40000000000000     
  0.800000000000000        1.60000000000000        1.40000000000000     
           1
        2051         570         554         569         573
  0.800000000000000        1.60000000000000        1.40000000000000     
  0.600000000000000        1.60000000000000        1.40000000000000     
  0.800000000000000        1.60000000000000        1.20000000000000     
  0.800000000000000        1.80000000000000        1.20000000000000     
           1
        2052         570         558         554         573
  0.800000000000000        1.60000000000000        1.40000000000000     
  0.600000000000000        1.80000000000000        1.40000000000000     
  0.600000000000000        1.60000000000000        1.40000000000000     
  0.800000000000000        1.80000000000000        1.20000000000000     
           1
        2053         574         558         559         554
  0.800000000000000        1.80000000000000        1.40000000000000     
  0.600000000000000        1.80000000000000        1.40000000000000     
  0.600000000000000        1.80000000000000        1.60000000000000     
  0.600000000000000        1.60000000000000        1.40000000000000     
           1
        2054         555         554         570         574
  0.600000000000000        1.60000000000000        1.60000000000000     
  0.600000000000000        1.60000000000000        1.40000000000000     
  0.800000000000000        1.60000000000000        1.40000000000000     
  0.800000000000000        1.80000000000000        1.40000000000000     
           1
        2055         559         554         555         574
  0.600000000000000        1.80000000000000        1.60000000000000     
  0.600000000000000        1.60000000000000        1.40000000000000     
  0.600000000000000        1.60000000000000        1.60000000000000     
  0.800000000000000        1.80000000000000        1.40000000000000     
           1
        2056         575         574         559         571
  0.800000000000000        1.80000000000000        1.60000000000000     
  0.800000000000000        1.80000000000000        1.40000000000000     
  0.600000000000000        1.80000000000000        1.60000000000000     
  0.800000000000000        1.60000000000000        1.60000000000000     
           1
        2057         571         555         570         574
  0.800000000000000        1.60000000000000        1.60000000000000     
  0.600000000000000        1.60000000000000        1.60000000000000     
  0.800000000000000        1.60000000000000        1.40000000000000     
  0.800000000000000        1.80000000000000        1.40000000000000     
           1
        2058         571         559         555         574
  0.800000000000000        1.60000000000000        1.60000000000000     
  0.600000000000000        1.80000000000000        1.60000000000000     
  0.600000000000000        1.60000000000000        1.60000000000000     
  0.800000000000000        1.80000000000000        1.40000000000000     
           1
        2059         575         559         560         555
  0.800000000000000        1.80000000000000        1.60000000000000     
  0.600000000000000        1.80000000000000        1.60000000000000     
  0.600000000000000        1.80000000000000        1.80000000000000     
  0.600000000000000        1.60000000000000        1.60000000000000     
           1
        2060         556         555         571         575
  0.600000000000000        1.60000000000000        1.80000000000000     
  0.600000000000000        1.60000000000000        1.60000000000000     
  0.800000000000000        1.60000000000000        1.60000000000000     
  0.800000000000000        1.80000000000000        1.60000000000000     
           1
        2061         560         555         556         575
  0.600000000000000        1.80000000000000        1.80000000000000     
  0.600000000000000        1.60000000000000        1.60000000000000     
  0.600000000000000        1.60000000000000        1.80000000000000     
  0.800000000000000        1.80000000000000        1.60000000000000     
           1
        2062         576         575         560         572
  0.800000000000000        1.80000000000000        1.80000000000000     
  0.800000000000000        1.80000000000000        1.60000000000000     
  0.600000000000000        1.80000000000000        1.80000000000000     
  0.800000000000000        1.60000000000000        1.80000000000000     
           1
        2063         572         556         571         575
  0.800000000000000        1.60000000000000        1.80000000000000     
  0.600000000000000        1.60000000000000        1.80000000000000     
  0.800000000000000        1.60000000000000        1.60000000000000     
  0.800000000000000        1.80000000000000        1.60000000000000     
           1
        2064         572         560         556         575
  0.800000000000000        1.60000000000000        1.80000000000000     
  0.600000000000000        1.80000000000000        1.80000000000000     
  0.600000000000000        1.60000000000000        1.80000000000000     
  0.800000000000000        1.80000000000000        1.60000000000000     
           1
        2065         576         560         332         556
  0.800000000000000        1.80000000000000        1.80000000000000     
  0.600000000000000        1.80000000000000        1.80000000000000     
  0.600000000000000        1.80000000000000        2.00000000000000     
  0.600000000000000        1.60000000000000        1.80000000000000     
           1
        2066         331         556         572         576
  0.600000000000000        1.60000000000000        2.00000000000000     
  0.600000000000000        1.60000000000000        1.80000000000000     
  0.800000000000000        1.60000000000000        1.80000000000000     
  0.800000000000000        1.80000000000000        1.80000000000000     
           1
        2067         332         556         331         576
  0.600000000000000        1.80000000000000        2.00000000000000     
  0.600000000000000        1.60000000000000        1.80000000000000     
  0.600000000000000        1.60000000000000        2.00000000000000     
  0.800000000000000        1.80000000000000        1.80000000000000     
           1
        2068         336         576         332         335
  0.800000000000000        1.80000000000000        2.00000000000000     
  0.800000000000000        1.80000000000000        1.80000000000000     
  0.600000000000000        1.80000000000000        2.00000000000000     
  0.800000000000000        1.60000000000000        2.00000000000000     
           1
        2069         335         331         572         576
  0.800000000000000        1.60000000000000        2.00000000000000     
  0.600000000000000        1.60000000000000        2.00000000000000     
  0.800000000000000        1.60000000000000        1.80000000000000     
  0.800000000000000        1.80000000000000        1.80000000000000     
           1
        2070         335         332         331         576
  0.800000000000000        1.60000000000000        2.00000000000000     
  0.600000000000000        1.80000000000000        2.00000000000000     
  0.600000000000000        1.60000000000000        2.00000000000000     
  0.800000000000000        1.80000000000000        1.80000000000000     
           1
        2071         116         115         371         364
  0.800000000000000        2.00000000000000        1.00000000000000     
  0.600000000000000        2.00000000000000        1.00000000000000     
  0.600000000000000        2.00000000000000        1.20000000000000     
  0.600000000000000        1.80000000000000        1.00000000000000     
           1
        2072         557         364         368         116
  0.600000000000000        1.80000000000000        1.20000000000000     
  0.600000000000000        1.80000000000000        1.00000000000000     
  0.800000000000000        1.80000000000000        1.00000000000000     
  0.800000000000000        2.00000000000000        1.00000000000000     
           1
        2073         371         364         557         116
  0.600000000000000        2.00000000000000        1.20000000000000     
  0.600000000000000        1.80000000000000        1.00000000000000     
  0.600000000000000        1.80000000000000        1.20000000000000     
  0.800000000000000        2.00000000000000        1.00000000000000     
           1
        2074         372         116         371         573
  0.800000000000000        2.00000000000000        1.20000000000000     
  0.800000000000000        2.00000000000000        1.00000000000000     
  0.600000000000000        2.00000000000000        1.20000000000000     
  0.800000000000000        1.80000000000000        1.20000000000000     
           1
        2075         573         557         368         116
  0.800000000000000        1.80000000000000        1.20000000000000     
  0.600000000000000        1.80000000000000        1.20000000000000     
  0.800000000000000        1.80000000000000        1.00000000000000     
  0.800000000000000        2.00000000000000        1.00000000000000     
           1
        2076         573         371         557         116
  0.800000000000000        1.80000000000000        1.20000000000000     
  0.600000000000000        2.00000000000000        1.20000000000000     
  0.600000000000000        1.80000000000000        1.20000000000000     
  0.800000000000000        2.00000000000000        1.00000000000000     
           1
        2077         372         371         375         557
  0.800000000000000        2.00000000000000        1.20000000000000     
  0.600000000000000        2.00000000000000        1.20000000000000     
  0.600000000000000        2.00000000000000        1.40000000000000     
  0.600000000000000        1.80000000000000        1.20000000000000     
           1
        2078         558         557         573         372
  0.600000000000000        1.80000000000000        1.40000000000000     
  0.600000000000000        1.80000000000000        1.20000000000000     
  0.800000000000000        1.80000000000000        1.20000000000000     
  0.800000000000000        2.00000000000000        1.20000000000000     
           1
        2079         375         557         558         372
  0.600000000000000        2.00000000000000        1.40000000000000     
  0.600000000000000        1.80000000000000        1.20000000000000     
  0.600000000000000        1.80000000000000        1.40000000000000     
  0.800000000000000        2.00000000000000        1.20000000000000     
           1
        2080         376         372         375         574
  0.800000000000000        2.00000000000000        1.40000000000000     
  0.800000000000000        2.00000000000000        1.20000000000000     
  0.600000000000000        2.00000000000000        1.40000000000000     
  0.800000000000000        1.80000000000000        1.40000000000000     
           1
        2081         574         558         573         372
  0.800000000000000        1.80000000000000        1.40000000000000     
  0.600000000000000        1.80000000000000        1.40000000000000     
  0.800000000000000        1.80000000000000        1.20000000000000     
  0.800000000000000        2.00000000000000        1.20000000000000     
           1
        2082         574         375         558         372
  0.800000000000000        1.80000000000000        1.40000000000000     
  0.600000000000000        2.00000000000000        1.40000000000000     
  0.600000000000000        1.80000000000000        1.40000000000000     
  0.800000000000000        2.00000000000000        1.20000000000000     
           1
        2083         376         375         379         558
  0.800000000000000        2.00000000000000        1.40000000000000     
  0.600000000000000        2.00000000000000        1.40000000000000     
  0.600000000000000        2.00000000000000        1.60000000000000     
  0.600000000000000        1.80000000000000        1.40000000000000     
           1
        2084         559         558         574         376
  0.600000000000000        1.80000000000000        1.60000000000000     
  0.600000000000000        1.80000000000000        1.40000000000000     
  0.800000000000000        1.80000000000000        1.40000000000000     
  0.800000000000000        2.00000000000000        1.40000000000000     
           1
        2085         379         558         559         376
  0.600000000000000        2.00000000000000        1.60000000000000     
  0.600000000000000        1.80000000000000        1.40000000000000     
  0.600000000000000        1.80000000000000        1.60000000000000     
  0.800000000000000        2.00000000000000        1.40000000000000     
           1
        2086         380         376         379         575
  0.800000000000000        2.00000000000000        1.60000000000000     
  0.800000000000000        2.00000000000000        1.40000000000000     
  0.600000000000000        2.00000000000000        1.60000000000000     
  0.800000000000000        1.80000000000000        1.60000000000000     
           1
        2087         575         559         574         376
  0.800000000000000        1.80000000000000        1.60000000000000     
  0.600000000000000        1.80000000000000        1.60000000000000     
  0.800000000000000        1.80000000000000        1.40000000000000     
  0.800000000000000        2.00000000000000        1.40000000000000     
           1
        2088         575         379         559         376
  0.800000000000000        1.80000000000000        1.60000000000000     
  0.600000000000000        2.00000000000000        1.60000000000000     
  0.600000000000000        1.80000000000000        1.60000000000000     
  0.800000000000000        2.00000000000000        1.40000000000000     
           1
        2089         380         379         383         559
  0.800000000000000        2.00000000000000        1.60000000000000     
  0.600000000000000        2.00000000000000        1.60000000000000     
  0.600000000000000        2.00000000000000        1.80000000000000     
  0.600000000000000        1.80000000000000        1.60000000000000     
           1
        2090         560         559         575         380
  0.600000000000000        1.80000000000000        1.80000000000000     
  0.600000000000000        1.80000000000000        1.60000000000000     
  0.800000000000000        1.80000000000000        1.60000000000000     
  0.800000000000000        2.00000000000000        1.60000000000000     
           1
        2091         383         559         560         380
  0.600000000000000        2.00000000000000        1.80000000000000     
  0.600000000000000        1.80000000000000        1.60000000000000     
  0.600000000000000        1.80000000000000        1.80000000000000     
  0.800000000000000        2.00000000000000        1.60000000000000     
           1
        2092         384         380         383         576
  0.800000000000000        2.00000000000000        1.80000000000000     
  0.800000000000000        2.00000000000000        1.60000000000000     
  0.600000000000000        2.00000000000000        1.80000000000000     
  0.800000000000000        1.80000000000000        1.80000000000000     
           1
        2093         576         560         575         380
  0.800000000000000        1.80000000000000        1.80000000000000     
  0.600000000000000        1.80000000000000        1.80000000000000     
  0.800000000000000        1.80000000000000        1.60000000000000     
  0.800000000000000        2.00000000000000        1.60000000000000     
           1
        2094         576         383         560         380
  0.800000000000000        1.80000000000000        1.80000000000000     
  0.600000000000000        2.00000000000000        1.80000000000000     
  0.600000000000000        1.80000000000000        1.80000000000000     
  0.800000000000000        2.00000000000000        1.60000000000000     
           1
        2095         384         383         123         560
  0.800000000000000        2.00000000000000        1.80000000000000     
  0.600000000000000        2.00000000000000        1.80000000000000     
  0.600000000000000        2.00000000000000        2.00000000000000     
  0.600000000000000        1.80000000000000        1.80000000000000     
           1
        2096         332         560         576         384
  0.600000000000000        1.80000000000000        2.00000000000000     
  0.600000000000000        1.80000000000000        1.80000000000000     
  0.800000000000000        1.80000000000000        1.80000000000000     
  0.800000000000000        2.00000000000000        1.80000000000000     
           1
        2097         123         560         332         384
  0.600000000000000        2.00000000000000        2.00000000000000     
  0.600000000000000        1.80000000000000        1.80000000000000     
  0.600000000000000        1.80000000000000        2.00000000000000     
  0.800000000000000        2.00000000000000        1.80000000000000     
           1
        2098         124         384         123         336
  0.800000000000000        2.00000000000000        2.00000000000000     
  0.800000000000000        2.00000000000000        1.80000000000000     
  0.600000000000000        2.00000000000000        2.00000000000000     
  0.800000000000000        1.80000000000000        2.00000000000000     
           1
        2099         336         332         576         384
  0.800000000000000        1.80000000000000        2.00000000000000     
  0.600000000000000        1.80000000000000        2.00000000000000     
  0.800000000000000        1.80000000000000        1.80000000000000     
  0.800000000000000        2.00000000000000        1.80000000000000     
           1
        2100         336         123         332         384
  0.800000000000000        1.80000000000000        2.00000000000000     
  0.600000000000000        2.00000000000000        2.00000000000000     
  0.600000000000000        1.80000000000000        2.00000000000000     
  0.800000000000000        2.00000000000000        1.80000000000000     
           1
        2101          97         365         561          60
   1.00000000000000        1.20000000000000        1.00000000000000     
  0.800000000000000        1.20000000000000        1.00000000000000     
  0.800000000000000        1.20000000000000        1.20000000000000     
  0.800000000000000        1.00000000000000        1.00000000000000     
           1
        2102         292          60           8          97
  0.800000000000000        1.00000000000000        1.20000000000000     
  0.800000000000000        1.00000000000000        1.00000000000000     
   1.00000000000000        1.00000000000000        1.00000000000000     
   1.00000000000000        1.20000000000000        1.00000000000000     
           1
        2103         561          60         292          97
  0.800000000000000        1.20000000000000        1.20000000000000     
  0.800000000000000        1.00000000000000        1.00000000000000     
  0.800000000000000        1.00000000000000        1.20000000000000     
   1.00000000000000        1.20000000000000        1.00000000000000     
           1
        2104         305          97         561          85
   1.00000000000000        1.20000000000000        1.20000000000000     
   1.00000000000000        1.20000000000000        1.00000000000000     
  0.800000000000000        1.20000000000000        1.20000000000000     
   1.00000000000000        1.00000000000000        1.20000000000000     
           1
        2105          85         292           8          97
   1.00000000000000        1.00000000000000        1.20000000000000     
  0.800000000000000        1.00000000000000        1.20000000000000     
   1.00000000000000        1.00000000000000        1.00000000000000     
   1.00000000000000        1.20000000000000        1.00000000000000     
           1
        2106          85         561         292          97
   1.00000000000000        1.00000000000000        1.20000000000000     
  0.800000000000000        1.20000000000000        1.20000000000000     
  0.800000000000000        1.00000000000000        1.20000000000000     
   1.00000000000000        1.20000000000000        1.00000000000000     
           1
        2107         305         561         562         292
   1.00000000000000        1.20000000000000        1.20000000000000     
  0.800000000000000        1.20000000000000        1.20000000000000     
  0.800000000000000        1.20000000000000        1.40000000000000     
  0.800000000000000        1.00000000000000        1.20000000000000     
           1
        2108         296         292          85         305
  0.800000000000000        1.00000000000000        1.40000000000000     
  0.800000000000000        1.00000000000000        1.20000000000000     
   1.00000000000000        1.00000000000000        1.20000000000000     
   1.00000000000000        1.20000000000000        1.20000000000000     
           1
        2109         562         292         296         305
  0.800000000000000        1.20000000000000        1.40000000000000     
  0.800000000000000        1.00000000000000        1.20000000000000     
  0.800000000000000        1.00000000000000        1.40000000000000     
   1.00000000000000        1.20000000000000        1.20000000000000     
           1
        2110         306         305         562          86
   1.00000000000000        1.20000000000000        1.40000000000000     
   1.00000000000000        1.20000000000000        1.20000000000000     
  0.800000000000000        1.20000000000000        1.40000000000000     
   1.00000000000000        1.00000000000000        1.40000000000000     
           1
        2111          86         296          85         305
   1.00000000000000        1.00000000000000        1.40000000000000     
  0.800000000000000        1.00000000000000        1.40000000000000     
   1.00000000000000        1.00000000000000        1.20000000000000     
   1.00000000000000        1.20000000000000        1.20000000000000     
           1
        2112          86         562         296         305
   1.00000000000000        1.00000000000000        1.40000000000000     
  0.800000000000000        1.20000000000000        1.40000000000000     
  0.800000000000000        1.00000000000000        1.40000000000000     
   1.00000000000000        1.20000000000000        1.20000000000000     
           1
        2113         306         562         563         296
   1.00000000000000        1.20000000000000        1.40000000000000     
  0.800000000000000        1.20000000000000        1.40000000000000     
  0.800000000000000        1.20000000000000        1.60000000000000     
  0.800000000000000        1.00000000000000        1.40000000000000     
           1
        2114         300         296          86         306
  0.800000000000000        1.00000000000000        1.60000000000000     
  0.800000000000000        1.00000000000000        1.40000000000000     
   1.00000000000000        1.00000000000000        1.40000000000000     
   1.00000000000000        1.20000000000000        1.40000000000000     
           1
        2115         563         296         300         306
  0.800000000000000        1.20000000000000        1.60000000000000     
  0.800000000000000        1.00000000000000        1.40000000000000     
  0.800000000000000        1.00000000000000        1.60000000000000     
   1.00000000000000        1.20000000000000        1.40000000000000     
           1
        2116         307         306         563          87
   1.00000000000000        1.20000000000000        1.60000000000000     
   1.00000000000000        1.20000000000000        1.40000000000000     
  0.800000000000000        1.20000000000000        1.60000000000000     
   1.00000000000000        1.00000000000000        1.60000000000000     
           1
        2117          87         300          86         306
   1.00000000000000        1.00000000000000        1.60000000000000     
  0.800000000000000        1.00000000000000        1.60000000000000     
   1.00000000000000        1.00000000000000        1.40000000000000     
   1.00000000000000        1.20000000000000        1.40000000000000     
           1
        2118          87         563         300         306
   1.00000000000000        1.00000000000000        1.60000000000000     
  0.800000000000000        1.20000000000000        1.60000000000000     
  0.800000000000000        1.00000000000000        1.60000000000000     
   1.00000000000000        1.20000000000000        1.40000000000000     
           1
        2119         307         563         564         300
   1.00000000000000        1.20000000000000        1.60000000000000     
  0.800000000000000        1.20000000000000        1.60000000000000     
  0.800000000000000        1.20000000000000        1.80000000000000     
  0.800000000000000        1.00000000000000        1.60000000000000     
           1
        2120         304         300          87         307
  0.800000000000000        1.00000000000000        1.80000000000000     
  0.800000000000000        1.00000000000000        1.60000000000000     
   1.00000000000000        1.00000000000000        1.60000000000000     
   1.00000000000000        1.20000000000000        1.60000000000000     
           1
        2121         564         300         304         307
  0.800000000000000        1.20000000000000        1.80000000000000     
  0.800000000000000        1.00000000000000        1.60000000000000     
  0.800000000000000        1.00000000000000        1.80000000000000     
   1.00000000000000        1.20000000000000        1.60000000000000     
           1
        2122         308         307         564          88
   1.00000000000000        1.20000000000000        1.80000000000000     
   1.00000000000000        1.20000000000000        1.60000000000000     
  0.800000000000000        1.20000000000000        1.80000000000000     
   1.00000000000000        1.00000000000000        1.80000000000000     
           1
        2123          88         304          87         307
   1.00000000000000        1.00000000000000        1.80000000000000     
  0.800000000000000        1.00000000000000        1.80000000000000     
   1.00000000000000        1.00000000000000        1.60000000000000     
   1.00000000000000        1.20000000000000        1.60000000000000     
           1
        2124          88         564         304         307
   1.00000000000000        1.00000000000000        1.80000000000000     
  0.800000000000000        1.20000000000000        1.80000000000000     
  0.800000000000000        1.00000000000000        1.80000000000000     
   1.00000000000000        1.20000000000000        1.60000000000000     
           1
        2125         308         564         333         304
   1.00000000000000        1.20000000000000        1.80000000000000     
  0.800000000000000        1.20000000000000        1.80000000000000     
  0.800000000000000        1.20000000000000        2.00000000000000     
  0.800000000000000        1.00000000000000        1.80000000000000     
           1
        2126          92         304          88         308
  0.800000000000000        1.00000000000000        2.00000000000000     
  0.800000000000000        1.00000000000000        1.80000000000000     
   1.00000000000000        1.00000000000000        1.80000000000000     
   1.00000000000000        1.20000000000000        1.80000000000000     
           1
        2127         333         304          92         308
  0.800000000000000        1.20000000000000        2.00000000000000     
  0.800000000000000        1.00000000000000        1.80000000000000     
  0.800000000000000        1.00000000000000        2.00000000000000     
   1.00000000000000        1.20000000000000        1.80000000000000     
           1
        2128         101         308         333          12
   1.00000000000000        1.20000000000000        2.00000000000000     
   1.00000000000000        1.20000000000000        1.80000000000000     
  0.800000000000000        1.20000000000000        2.00000000000000     
   1.00000000000000        1.00000000000000        2.00000000000000     
           1
        2129          12          92          88         308
   1.00000000000000        1.00000000000000        2.00000000000000     
  0.800000000000000        1.00000000000000        2.00000000000000     
   1.00000000000000        1.00000000000000        1.80000000000000     
   1.00000000000000        1.20000000000000        1.80000000000000     
           1
        2130          12         333          92         308
   1.00000000000000        1.00000000000000        2.00000000000000     
  0.800000000000000        1.20000000000000        2.00000000000000     
  0.800000000000000        1.00000000000000        2.00000000000000     
   1.00000000000000        1.20000000000000        1.80000000000000     
           1
        2131          98         366         565         365
   1.00000000000000        1.40000000000000        1.00000000000000     
  0.800000000000000        1.40000000000000        1.00000000000000     
  0.800000000000000        1.40000000000000        1.20000000000000     
  0.800000000000000        1.20000000000000        1.00000000000000     
           1
        2132         561         365          97          98
  0.800000000000000        1.20000000000000        1.20000000000000     
  0.800000000000000        1.20000000000000        1.00000000000000     
   1.00000000000000        1.20000000000000        1.00000000000000     
   1.00000000000000        1.40000000000000        1.00000000000000     
           1
        2133         565         365         561          98
  0.800000000000000        1.40000000000000        1.20000000000000     
  0.800000000000000        1.20000000000000        1.00000000000000     
  0.800000000000000        1.20000000000000        1.20000000000000     
   1.00000000000000        1.40000000000000        1.00000000000000     
           1
        2134         309          98         565         305
   1.00000000000000        1.40000000000000        1.20000000000000     
   1.00000000000000        1.40000000000000        1.00000000000000     
  0.800000000000000        1.40000000000000        1.20000000000000     
   1.00000000000000        1.20000000000000        1.20000000000000     
           1
        2135         305         561          97          98
   1.00000000000000        1.20000000000000        1.20000000000000     
  0.800000000000000        1.20000000000000        1.20000000000000     
   1.00000000000000        1.20000000000000        1.00000000000000     
   1.00000000000000        1.40000000000000        1.00000000000000     
           1
        2136         305         565         561          98
   1.00000000000000        1.20000000000000        1.20000000000000     
  0.800000000000000        1.40000000000000        1.20000000000000     
  0.800000000000000        1.20000000000000        1.20000000000000     
   1.00000000000000        1.40000000000000        1.00000000000000     
           1
        2137         309         565         566         561
   1.00000000000000        1.40000000000000        1.20000000000000     
  0.800000000000000        1.40000000000000        1.20000000000000     
  0.800000000000000        1.40000000000000        1.40000000000000     
  0.800000000000000        1.20000000000000        1.20000000000000     
           1
        2138         562         561         305         309
  0.800000000000000        1.20000000000000        1.40000000000000     
  0.800000000000000        1.20000000000000        1.20000000000000     
   1.00000000000000        1.20000000000000        1.20000000000000     
   1.00000000000000        1.40000000000000        1.20000000000000     
           1
        2139         566         561         562         309
  0.800000000000000        1.40000000000000        1.40000000000000     
  0.800000000000000        1.20000000000000        1.20000000000000     
  0.800000000000000        1.20000000000000        1.40000000000000     
   1.00000000000000        1.40000000000000        1.20000000000000     
           1
        2140         310         309         566         306
   1.00000000000000        1.40000000000000        1.40000000000000     
   1.00000000000000        1.40000000000000        1.20000000000000     
  0.800000000000000        1.40000000000000        1.40000000000000     
   1.00000000000000        1.20000000000000        1.40000000000000     
           1
        2141         306         562         305         309
   1.00000000000000        1.20000000000000        1.40000000000000     
  0.800000000000000        1.20000000000000        1.40000000000000     
   1.00000000000000        1.20000000000000        1.20000000000000     
   1.00000000000000        1.40000000000000        1.20000000000000     
           1
        2142         306         566         562         309
   1.00000000000000        1.20000000000000        1.40000000000000     
  0.800000000000000        1.40000000000000        1.40000000000000     
  0.800000000000000        1.20000000000000        1.40000000000000     
   1.00000000000000        1.40000000000000        1.20000000000000     
           1
        2143         310         566         567         562
   1.00000000000000        1.40000000000000        1.40000000000000     
  0.800000000000000        1.40000000000000        1.40000000000000     
  0.800000000000000        1.40000000000000        1.60000000000000     
  0.800000000000000        1.20000000000000        1.40000000000000     
           1
        2144         563         562         306         310
  0.800000000000000        1.20000000000000        1.60000000000000     
  0.800000000000000        1.20000000000000        1.40000000000000     
   1.00000000000000        1.20000000000000        1.40000000000000     
   1.00000000000000        1.40000000000000        1.40000000000000     
           1
        2145         567         562         563         310
  0.800000000000000        1.40000000000000        1.60000000000000     
  0.800000000000000        1.20000000000000        1.40000000000000     
  0.800000000000000        1.20000000000000        1.60000000000000     
   1.00000000000000        1.40000000000000        1.40000000000000     
           1
        2146         311         310         567         307
   1.00000000000000        1.40000000000000        1.60000000000000     
   1.00000000000000        1.40000000000000        1.40000000000000     
  0.800000000000000        1.40000000000000        1.60000000000000     
   1.00000000000000        1.20000000000000        1.60000000000000     
           1
        2147         307         563         306         310
   1.00000000000000        1.20000000000000        1.60000000000000     
  0.800000000000000        1.20000000000000        1.60000000000000     
   1.00000000000000        1.20000000000000        1.40000000000000     
   1.00000000000000        1.40000000000000        1.40000000000000     
           1
        2148         307         567         563         310
   1.00000000000000        1.20000000000000        1.60000000000000     
  0.800000000000000        1.40000000000000        1.60000000000000     
  0.800000000000000        1.20000000000000        1.60000000000000     
   1.00000000000000        1.40000000000000        1.40000000000000     
           1
        2149         311         567         568         563
   1.00000000000000        1.40000000000000        1.60000000000000     
  0.800000000000000        1.40000000000000        1.60000000000000     
  0.800000000000000        1.40000000000000        1.80000000000000     
  0.800000000000000        1.20000000000000        1.60000000000000     
           1
        2150         564         563         307         311
  0.800000000000000        1.20000000000000        1.80000000000000     
  0.800000000000000        1.20000000000000        1.60000000000000     
   1.00000000000000        1.20000000000000        1.60000000000000     
   1.00000000000000        1.40000000000000        1.60000000000000     
           1
        2151         568         563         564         311
  0.800000000000000        1.40000000000000        1.80000000000000     
  0.800000000000000        1.20000000000000        1.60000000000000     
  0.800000000000000        1.20000000000000        1.80000000000000     
   1.00000000000000        1.40000000000000        1.60000000000000     
           1
        2152         312         311         568         308
   1.00000000000000        1.40000000000000        1.80000000000000     
   1.00000000000000        1.40000000000000        1.60000000000000     
  0.800000000000000        1.40000000000000        1.80000000000000     
   1.00000000000000        1.20000000000000        1.80000000000000     
           1
        2153         308         564         307         311
   1.00000000000000        1.20000000000000        1.80000000000000     
  0.800000000000000        1.20000000000000        1.80000000000000     
   1.00000000000000        1.20000000000000        1.60000000000000     
   1.00000000000000        1.40000000000000        1.60000000000000     
           1
        2154         308         568         564         311
   1.00000000000000        1.20000000000000        1.80000000000000     
  0.800000000000000        1.40000000000000        1.80000000000000     
  0.800000000000000        1.20000000000000        1.80000000000000     
   1.00000000000000        1.40000000000000        1.60000000000000     
           1
        2155         312         568         334         564
   1.00000000000000        1.40000000000000        1.80000000000000     
  0.800000000000000        1.40000000000000        1.80000000000000     
  0.800000000000000        1.40000000000000        2.00000000000000     
  0.800000000000000        1.20000000000000        1.80000000000000     
           1
        2156         333         564         308         312
  0.800000000000000        1.20000000000000        2.00000000000000     
  0.800000000000000        1.20000000000000        1.80000000000000     
   1.00000000000000        1.20000000000000        1.80000000000000     
   1.00000000000000        1.40000000000000        1.80000000000000     
           1
        2157         334         564         333         312
  0.800000000000000        1.40000000000000        2.00000000000000     
  0.800000000000000        1.20000000000000        1.80000000000000     
  0.800000000000000        1.20000000000000        2.00000000000000     
   1.00000000000000        1.40000000000000        1.80000000000000     
           1
        2158         102         312         334         101
   1.00000000000000        1.40000000000000        2.00000000000000     
   1.00000000000000        1.40000000000000        1.80000000000000     
  0.800000000000000        1.40000000000000        2.00000000000000     
   1.00000000000000        1.20000000000000        2.00000000000000     
           1
        2159         101         333         308         312
   1.00000000000000        1.20000000000000        2.00000000000000     
  0.800000000000000        1.20000000000000        2.00000000000000     
   1.00000000000000        1.20000000000000        1.80000000000000     
   1.00000000000000        1.40000000000000        1.80000000000000     
           1
        2160         101         334         333         312
   1.00000000000000        1.20000000000000        2.00000000000000     
  0.800000000000000        1.40000000000000        2.00000000000000     
  0.800000000000000        1.20000000000000        2.00000000000000     
   1.00000000000000        1.40000000000000        1.80000000000000     
           1
        2161          99         367         569         366
   1.00000000000000        1.60000000000000        1.00000000000000     
  0.800000000000000        1.60000000000000        1.00000000000000     
  0.800000000000000        1.60000000000000        1.20000000000000     
  0.800000000000000        1.40000000000000        1.00000000000000     
           1
        2162         565         366          98          99
  0.800000000000000        1.40000000000000        1.20000000000000     
  0.800000000000000        1.40000000000000        1.00000000000000     
   1.00000000000000        1.40000000000000        1.00000000000000     
   1.00000000000000        1.60000000000000        1.00000000000000     
           1
        2163         569         366         565          99
  0.800000000000000        1.60000000000000        1.20000000000000     
  0.800000000000000        1.40000000000000        1.00000000000000     
  0.800000000000000        1.40000000000000        1.20000000000000     
   1.00000000000000        1.60000000000000        1.00000000000000     
           1
        2164         313          99         569         309
   1.00000000000000        1.60000000000000        1.20000000000000     
   1.00000000000000        1.60000000000000        1.00000000000000     
  0.800000000000000        1.60000000000000        1.20000000000000     
   1.00000000000000        1.40000000000000        1.20000000000000     
           1
        2165         309         565          98          99
   1.00000000000000        1.40000000000000        1.20000000000000     
  0.800000000000000        1.40000000000000        1.20000000000000     
   1.00000000000000        1.40000000000000        1.00000000000000     
   1.00000000000000        1.60000000000000        1.00000000000000     
           1
        2166         309         569         565          99
   1.00000000000000        1.40000000000000        1.20000000000000     
  0.800000000000000        1.60000000000000        1.20000000000000     
  0.800000000000000        1.40000000000000        1.20000000000000     
   1.00000000000000        1.60000000000000        1.00000000000000     
           1
        2167         313         569         570         565
   1.00000000000000        1.60000000000000        1.20000000000000     
  0.800000000000000        1.60000000000000        1.20000000000000     
  0.800000000000000        1.60000000000000        1.40000000000000     
  0.800000000000000        1.40000000000000        1.20000000000000     
           1
        2168         566         565         309         313
  0.800000000000000        1.40000000000000        1.40000000000000     
  0.800000000000000        1.40000000000000        1.20000000000000     
   1.00000000000000        1.40000000000000        1.20000000000000     
   1.00000000000000        1.60000000000000        1.20000000000000     
           1
        2169         570         565         566         313
  0.800000000000000        1.60000000000000        1.40000000000000     
  0.800000000000000        1.40000000000000        1.20000000000000     
  0.800000000000000        1.40000000000000        1.40000000000000     
   1.00000000000000        1.60000000000000        1.20000000000000     
           1
        2170         314         313         570         310
   1.00000000000000        1.60000000000000        1.40000000000000     
   1.00000000000000        1.60000000000000        1.20000000000000     
  0.800000000000000        1.60000000000000        1.40000000000000     
   1.00000000000000        1.40000000000000        1.40000000000000     
           1
        2171         310         566         309         313
   1.00000000000000        1.40000000000000        1.40000000000000     
  0.800000000000000        1.40000000000000        1.40000000000000     
   1.00000000000000        1.40000000000000        1.20000000000000     
   1.00000000000000        1.60000000000000        1.20000000000000     
           1
        2172         310         570         566         313
   1.00000000000000        1.40000000000000        1.40000000000000     
  0.800000000000000        1.60000000000000        1.40000000000000     
  0.800000000000000        1.40000000000000        1.40000000000000     
   1.00000000000000        1.60000000000000        1.20000000000000     
           1
        2173         314         570         571         566
   1.00000000000000        1.60000000000000        1.40000000000000     
  0.800000000000000        1.60000000000000        1.40000000000000     
  0.800000000000000        1.60000000000000        1.60000000000000     
  0.800000000000000        1.40000000000000        1.40000000000000     
           1
        2174         567         566         310         314
  0.800000000000000        1.40000000000000        1.60000000000000     
  0.800000000000000        1.40000000000000        1.40000000000000     
   1.00000000000000        1.40000000000000        1.40000000000000     
   1.00000000000000        1.60000000000000        1.40000000000000     
           1
        2175         571         566         567         314
  0.800000000000000        1.60000000000000        1.60000000000000     
  0.800000000000000        1.40000000000000        1.40000000000000     
  0.800000000000000        1.40000000000000        1.60000000000000     
   1.00000000000000        1.60000000000000        1.40000000000000     
           1
        2176         315         314         571         311
   1.00000000000000        1.60000000000000        1.60000000000000     
   1.00000000000000        1.60000000000000        1.40000000000000     
  0.800000000000000        1.60000000000000        1.60000000000000     
   1.00000000000000        1.40000000000000        1.60000000000000     
           1
        2177         311         567         310         314
   1.00000000000000        1.40000000000000        1.60000000000000     
  0.800000000000000        1.40000000000000        1.60000000000000     
   1.00000000000000        1.40000000000000        1.40000000000000     
   1.00000000000000        1.60000000000000        1.40000000000000     
           1
        2178         311         571         567         314
   1.00000000000000        1.40000000000000        1.60000000000000     
  0.800000000000000        1.60000000000000        1.60000000000000     
  0.800000000000000        1.40000000000000        1.60000000000000     
   1.00000000000000        1.60000000000000        1.40000000000000     
           1
        2179         315         571         572         567
   1.00000000000000        1.60000000000000        1.60000000000000     
  0.800000000000000        1.60000000000000        1.60000000000000     
  0.800000000000000        1.60000000000000        1.80000000000000     
  0.800000000000000        1.40000000000000        1.60000000000000     
           1
        2180         568         567         311         315
  0.800000000000000        1.40000000000000        1.80000000000000     
  0.800000000000000        1.40000000000000        1.60000000000000     
   1.00000000000000        1.40000000000000        1.60000000000000     
   1.00000000000000        1.60000000000000        1.60000000000000     
           1
        2181         572         567         568         315
  0.800000000000000        1.60000000000000        1.80000000000000     
  0.800000000000000        1.40000000000000        1.60000000000000     
  0.800000000000000        1.40000000000000        1.80000000000000     
   1.00000000000000        1.60000000000000        1.60000000000000     
           1
        2182         316         315         572         312
   1.00000000000000        1.60000000000000        1.80000000000000     
   1.00000000000000        1.60000000000000        1.60000000000000     
  0.800000000000000        1.60000000000000        1.80000000000000     
   1.00000000000000        1.40000000000000        1.80000000000000     
           1
        2183         312         568         311         315
   1.00000000000000        1.40000000000000        1.80000000000000     
  0.800000000000000        1.40000000000000        1.80000000000000     
   1.00000000000000        1.40000000000000        1.60000000000000     
   1.00000000000000        1.60000000000000        1.60000000000000     
           1
        2184         312         572         568         315
   1.00000000000000        1.40000000000000        1.80000000000000     
  0.800000000000000        1.60000000000000        1.80000000000000     
  0.800000000000000        1.40000000000000        1.80000000000000     
   1.00000000000000        1.60000000000000        1.60000000000000     
           1
        2185         316         572         335         568
   1.00000000000000        1.60000000000000        1.80000000000000     
  0.800000000000000        1.60000000000000        1.80000000000000     
  0.800000000000000        1.60000000000000        2.00000000000000     
  0.800000000000000        1.40000000000000        1.80000000000000     
           1
        2186         334         568         312         316
  0.800000000000000        1.40000000000000        2.00000000000000     
  0.800000000000000        1.40000000000000        1.80000000000000     
   1.00000000000000        1.40000000000000        1.80000000000000     
   1.00000000000000        1.60000000000000        1.80000000000000     
           1
        2187         335         568         334         316
  0.800000000000000        1.60000000000000        2.00000000000000     
  0.800000000000000        1.40000000000000        1.80000000000000     
  0.800000000000000        1.40000000000000        2.00000000000000     
   1.00000000000000        1.60000000000000        1.80000000000000     
           1
        2188         103         316         335         102
   1.00000000000000        1.60000000000000        2.00000000000000     
   1.00000000000000        1.60000000000000        1.80000000000000     
  0.800000000000000        1.60000000000000        2.00000000000000     
   1.00000000000000        1.40000000000000        2.00000000000000     
           1
        2189         102         334         312         316
   1.00000000000000        1.40000000000000        2.00000000000000     
  0.800000000000000        1.40000000000000        2.00000000000000     
   1.00000000000000        1.40000000000000        1.80000000000000     
   1.00000000000000        1.60000000000000        1.80000000000000     
           1
        2190         102         335         334         316
   1.00000000000000        1.40000000000000        2.00000000000000     
  0.800000000000000        1.60000000000000        2.00000000000000     
  0.800000000000000        1.40000000000000        2.00000000000000     
   1.00000000000000        1.60000000000000        1.80000000000000     
           1
        2191         100         368         573         367
   1.00000000000000        1.80000000000000        1.00000000000000     
  0.800000000000000        1.80000000000000        1.00000000000000     
  0.800000000000000        1.80000000000000        1.20000000000000     
  0.800000000000000        1.60000000000000        1.00000000000000     
           1
        2192         569         367          99         100
  0.800000000000000        1.60000000000000        1.20000000000000     
  0.800000000000000        1.60000000000000        1.00000000000000     
   1.00000000000000        1.60000000000000        1.00000000000000     
   1.00000000000000        1.80000000000000        1.00000000000000     
           1
        2193         573         367         569         100
  0.800000000000000        1.80000000000000        1.20000000000000     
  0.800000000000000        1.60000000000000        1.00000000000000     
  0.800000000000000        1.60000000000000        1.20000000000000     
   1.00000000000000        1.80000000000000        1.00000000000000     
           1
        2194         317         100         573         313
   1.00000000000000        1.80000000000000        1.20000000000000     
   1.00000000000000        1.80000000000000        1.00000000000000     
  0.800000000000000        1.80000000000000        1.20000000000000     
   1.00000000000000        1.60000000000000        1.20000000000000     
           1
        2195         313         569          99         100
   1.00000000000000        1.60000000000000        1.20000000000000     
  0.800000000000000        1.60000000000000        1.20000000000000     
   1.00000000000000        1.60000000000000        1.00000000000000     
   1.00000000000000        1.80000000000000        1.00000000000000     
           1
        2196         313         573         569         100
   1.00000000000000        1.60000000000000        1.20000000000000     
  0.800000000000000        1.80000000000000        1.20000000000000     
  0.800000000000000        1.60000000000000        1.20000000000000     
   1.00000000000000        1.80000000000000        1.00000000000000     
           1
        2197         317         573         574         569
   1.00000000000000        1.80000000000000        1.20000000000000     
  0.800000000000000        1.80000000000000        1.20000000000000     
  0.800000000000000        1.80000000000000        1.40000000000000     
  0.800000000000000        1.60000000000000        1.20000000000000     
           1
        2198         570         569         313         317
  0.800000000000000        1.60000000000000        1.40000000000000     
  0.800000000000000        1.60000000000000        1.20000000000000     
   1.00000000000000        1.60000000000000        1.20000000000000     
   1.00000000000000        1.80000000000000        1.20000000000000     
           1
        2199         574         569         570         317
  0.800000000000000        1.80000000000000        1.40000000000000     
  0.800000000000000        1.60000000000000        1.20000000000000     
  0.800000000000000        1.60000000000000        1.40000000000000     
   1.00000000000000        1.80000000000000        1.20000000000000     
           1
        2200         318         317         574         314
   1.00000000000000        1.80000000000000        1.40000000000000     
   1.00000000000000        1.80000000000000        1.20000000000000     
  0.800000000000000        1.80000000000000        1.40000000000000     
   1.00000000000000        1.60000000000000        1.40000000000000     
           1
        2201         314         570         313         317
   1.00000000000000        1.60000000000000        1.40000000000000     
  0.800000000000000        1.60000000000000        1.40000000000000     
   1.00000000000000        1.60000000000000        1.20000000000000     
   1.00000000000000        1.80000000000000        1.20000000000000     
           1
        2202         314         574         570         317
   1.00000000000000        1.60000000000000        1.40000000000000     
  0.800000000000000        1.80000000000000        1.40000000000000     
  0.800000000000000        1.60000000000000        1.40000000000000     
   1.00000000000000        1.80000000000000        1.20000000000000     
           1
        2203         318         574         575         570
   1.00000000000000        1.80000000000000        1.40000000000000     
  0.800000000000000        1.80000000000000        1.40000000000000     
  0.800000000000000        1.80000000000000        1.60000000000000     
  0.800000000000000        1.60000000000000        1.40000000000000     
           1
        2204         571         570         314         318
  0.800000000000000        1.60000000000000        1.60000000000000     
  0.800000000000000        1.60000000000000        1.40000000000000     
   1.00000000000000        1.60000000000000        1.40000000000000     
   1.00000000000000        1.80000000000000        1.40000000000000     
           1
        2205         575         570         571         318
  0.800000000000000        1.80000000000000        1.60000000000000     
  0.800000000000000        1.60000000000000        1.40000000000000     
  0.800000000000000        1.60000000000000        1.60000000000000     
   1.00000000000000        1.80000000000000        1.40000000000000     
           1
        2206         319         318         575         315
   1.00000000000000        1.80000000000000        1.60000000000000     
   1.00000000000000        1.80000000000000        1.40000000000000     
  0.800000000000000        1.80000000000000        1.60000000000000     
   1.00000000000000        1.60000000000000        1.60000000000000     
           1
        2207         315         571         314         318
   1.00000000000000        1.60000000000000        1.60000000000000     
  0.800000000000000        1.60000000000000        1.60000000000000     
   1.00000000000000        1.60000000000000        1.40000000000000     
   1.00000000000000        1.80000000000000        1.40000000000000     
           1
        2208         315         575         571         318
   1.00000000000000        1.60000000000000        1.60000000000000     
  0.800000000000000        1.80000000000000        1.60000000000000     
  0.800000000000000        1.60000000000000        1.60000000000000     
   1.00000000000000        1.80000000000000        1.40000000000000     
           1
        2209         319         575         576         571
   1.00000000000000        1.80000000000000        1.60000000000000     
  0.800000000000000        1.80000000000000        1.60000000000000     
  0.800000000000000        1.80000000000000        1.80000000000000     
  0.800000000000000        1.60000000000000        1.60000000000000     
           1
        2210         572         571         315         319
  0.800000000000000        1.60000000000000        1.80000000000000     
  0.800000000000000        1.60000000000000        1.60000000000000     
   1.00000000000000        1.60000000000000        1.60000000000000     
   1.00000000000000        1.80000000000000        1.60000000000000     
           1
        2211         576         571         572         319
  0.800000000000000        1.80000000000000        1.80000000000000     
  0.800000000000000        1.60000000000000        1.60000000000000     
  0.800000000000000        1.60000000000000        1.80000000000000     
   1.00000000000000        1.80000000000000        1.60000000000000     
           1
        2212         320         319         576         316
   1.00000000000000        1.80000000000000        1.80000000000000     
   1.00000000000000        1.80000000000000        1.60000000000000     
  0.800000000000000        1.80000000000000        1.80000000000000     
   1.00000000000000        1.60000000000000        1.80000000000000     
           1
        2213         316         572         315         319
   1.00000000000000        1.60000000000000        1.80000000000000     
  0.800000000000000        1.60000000000000        1.80000000000000     
   1.00000000000000        1.60000000000000        1.60000000000000     
   1.00000000000000        1.80000000000000        1.60000000000000     
           1
        2214         316         576         572         319
   1.00000000000000        1.60000000000000        1.80000000000000     
  0.800000000000000        1.80000000000000        1.80000000000000     
  0.800000000000000        1.60000000000000        1.80000000000000     
   1.00000000000000        1.80000000000000        1.60000000000000     
           1
        2215         320         576         336         572
   1.00000000000000        1.80000000000000        1.80000000000000     
  0.800000000000000        1.80000000000000        1.80000000000000     
  0.800000000000000        1.80000000000000        2.00000000000000     
  0.800000000000000        1.60000000000000        1.80000000000000     
           1
        2216         335         572         316         320
  0.800000000000000        1.60000000000000        2.00000000000000     
  0.800000000000000        1.60000000000000        1.80000000000000     
   1.00000000000000        1.60000000000000        1.80000000000000     
   1.00000000000000        1.80000000000000        1.80000000000000     
           1
        2217         336         572         335         320
  0.800000000000000        1.80000000000000        2.00000000000000     
  0.800000000000000        1.60000000000000        1.80000000000000     
  0.800000000000000        1.60000000000000        2.00000000000000     
   1.00000000000000        1.80000000000000        1.80000000000000     
           1
        2218         104         320         336         103
   1.00000000000000        1.80000000000000        2.00000000000000     
   1.00000000000000        1.80000000000000        1.80000000000000     
  0.800000000000000        1.80000000000000        2.00000000000000     
   1.00000000000000        1.60000000000000        2.00000000000000     
           1
        2219         103         335         316         320
   1.00000000000000        1.60000000000000        2.00000000000000     
  0.800000000000000        1.60000000000000        2.00000000000000     
   1.00000000000000        1.60000000000000        1.80000000000000     
   1.00000000000000        1.80000000000000        1.80000000000000     
           1
        2220         103         336         335         320
   1.00000000000000        1.60000000000000        2.00000000000000     
  0.800000000000000        1.80000000000000        2.00000000000000     
  0.800000000000000        1.60000000000000        2.00000000000000     
   1.00000000000000        1.80000000000000        1.80000000000000     
           1
        2221          14         116         372         368
   1.00000000000000        2.00000000000000        1.00000000000000     
  0.800000000000000        2.00000000000000        1.00000000000000     
  0.800000000000000        2.00000000000000        1.20000000000000     
  0.800000000000000        1.80000000000000        1.00000000000000     
           1
        2222         573         368         100          14
  0.800000000000000        1.80000000000000        1.20000000000000     
  0.800000000000000        1.80000000000000        1.00000000000000     
   1.00000000000000        1.80000000000000        1.00000000000000     
   1.00000000000000        2.00000000000000        1.00000000000000     
           1
        2223         372         368         573          14
  0.800000000000000        2.00000000000000        1.20000000000000     
  0.800000000000000        1.80000000000000        1.00000000000000     
  0.800000000000000        1.80000000000000        1.20000000000000     
   1.00000000000000        2.00000000000000        1.00000000000000     
           1
        2224         117          14         372         317
   1.00000000000000        2.00000000000000        1.20000000000000     
   1.00000000000000        2.00000000000000        1.00000000000000     
  0.800000000000000        2.00000000000000        1.20000000000000     
   1.00000000000000        1.80000000000000        1.20000000000000     
           1
        2225         317         573         100          14
   1.00000000000000        1.80000000000000        1.20000000000000     
  0.800000000000000        1.80000000000000        1.20000000000000     
   1.00000000000000        1.80000000000000        1.00000000000000     
   1.00000000000000        2.00000000000000        1.00000000000000     
           1
        2226         317         372         573          14
   1.00000000000000        1.80000000000000        1.20000000000000     
  0.800000000000000        2.00000000000000        1.20000000000000     
  0.800000000000000        1.80000000000000        1.20000000000000     
   1.00000000000000        2.00000000000000        1.00000000000000     
           1
        2227         117         372         376         573
   1.00000000000000        2.00000000000000        1.20000000000000     
  0.800000000000000        2.00000000000000        1.20000000000000     
  0.800000000000000        2.00000000000000        1.40000000000000     
  0.800000000000000        1.80000000000000        1.20000000000000     
           1
        2228         574         573         317         117
  0.800000000000000        1.80000000000000        1.40000000000000     
  0.800000000000000        1.80000000000000        1.20000000000000     
   1.00000000000000        1.80000000000000        1.20000000000000     
   1.00000000000000        2.00000000000000        1.20000000000000     
           1
        2229         376         573         574         117
  0.800000000000000        2.00000000000000        1.40000000000000     
  0.800000000000000        1.80000000000000        1.20000000000000     
  0.800000000000000        1.80000000000000        1.40000000000000     
   1.00000000000000        2.00000000000000        1.20000000000000     
           1
        2230         118         117         376         318
   1.00000000000000        2.00000000000000        1.40000000000000     
   1.00000000000000        2.00000000000000        1.20000000000000     
  0.800000000000000        2.00000000000000        1.40000000000000     
   1.00000000000000        1.80000000000000        1.40000000000000     
           1
        2231         318         574         317         117
   1.00000000000000        1.80000000000000        1.40000000000000     
  0.800000000000000        1.80000000000000        1.40000000000000     
   1.00000000000000        1.80000000000000        1.20000000000000     
   1.00000000000000        2.00000000000000        1.20000000000000     
           1
        2232         318         376         574         117
   1.00000000000000        1.80000000000000        1.40000000000000     
  0.800000000000000        2.00000000000000        1.40000000000000     
  0.800000000000000        1.80000000000000        1.40000000000000     
   1.00000000000000        2.00000000000000        1.20000000000000     
           1
        2233         118         376         380         574
   1.00000000000000        2.00000000000000        1.40000000000000     
  0.800000000000000        2.00000000000000        1.40000000000000     
  0.800000000000000        2.00000000000000        1.60000000000000     
  0.800000000000000        1.80000000000000        1.40000000000000     
           1
        2234         575         574         318         118
  0.800000000000000        1.80000000000000        1.60000000000000     
  0.800000000000000        1.80000000000000        1.40000000000000     
   1.00000000000000        1.80000000000000        1.40000000000000     
   1.00000000000000        2.00000000000000        1.40000000000000     
           1
        2235         380         574         575         118
  0.800000000000000        2.00000000000000        1.60000000000000     
  0.800000000000000        1.80000000000000        1.40000000000000     
  0.800000000000000        1.80000000000000        1.60000000000000     
   1.00000000000000        2.00000000000000        1.40000000000000     
           1
        2236         119         118         380         319
   1.00000000000000        2.00000000000000        1.60000000000000     
   1.00000000000000        2.00000000000000        1.40000000000000     
  0.800000000000000        2.00000000000000        1.60000000000000     
   1.00000000000000        1.80000000000000        1.60000000000000     
           1
        2237         319         575         318         118
   1.00000000000000        1.80000000000000        1.60000000000000     
  0.800000000000000        1.80000000000000        1.60000000000000     
   1.00000000000000        1.80000000000000        1.40000000000000     
   1.00000000000000        2.00000000000000        1.40000000000000     
           1
        2238         319         380         575         118
   1.00000000000000        1.80000000000000        1.60000000000000     
  0.800000000000000        2.00000000000000        1.60000000000000     
  0.800000000000000        1.80000000000000        1.60000000000000     
   1.00000000000000        2.00000000000000        1.40000000000000     
           1
        2239         119         380         384         575
   1.00000000000000        2.00000000000000        1.60000000000000     
  0.800000000000000        2.00000000000000        1.60000000000000     
  0.800000000000000        2.00000000000000        1.80000000000000     
  0.800000000000000        1.80000000000000        1.60000000000000     
           1
        2240         576         575         319         119
  0.800000000000000        1.80000000000000        1.80000000000000     
  0.800000000000000        1.80000000000000        1.60000000000000     
   1.00000000000000        1.80000000000000        1.60000000000000     
   1.00000000000000        2.00000000000000        1.60000000000000     
           1
        2241         384         575         576         119
  0.800000000000000        2.00000000000000        1.80000000000000     
  0.800000000000000        1.80000000000000        1.60000000000000     
  0.800000000000000        1.80000000000000        1.80000000000000     
   1.00000000000000        2.00000000000000        1.60000000000000     
           1
        2242         120         119         384         320
   1.00000000000000        2.00000000000000        1.80000000000000     
   1.00000000000000        2.00000000000000        1.60000000000000     
  0.800000000000000        2.00000000000000        1.80000000000000     
   1.00000000000000        1.80000000000000        1.80000000000000     
           1
        2243         320         576         319         119
   1.00000000000000        1.80000000000000        1.80000000000000     
  0.800000000000000        1.80000000000000        1.80000000000000     
   1.00000000000000        1.80000000000000        1.60000000000000     
   1.00000000000000        2.00000000000000        1.60000000000000     
           1
        2244         320         384         576         119
   1.00000000000000        1.80000000000000        1.80000000000000     
  0.800000000000000        2.00000000000000        1.80000000000000     
  0.800000000000000        1.80000000000000        1.80000000000000     
   1.00000000000000        2.00000000000000        1.60000000000000     
           1
        2245         120         384         124         576
   1.00000000000000        2.00000000000000        1.80000000000000     
  0.800000000000000        2.00000000000000        1.80000000000000     
  0.800000000000000        2.00000000000000        2.00000000000000     
  0.800000000000000        1.80000000000000        1.80000000000000     
           1
        2246         336         576         320         120
  0.800000000000000        1.80000000000000        2.00000000000000     
  0.800000000000000        1.80000000000000        1.80000000000000     
   1.00000000000000        1.80000000000000        1.80000000000000     
   1.00000000000000        2.00000000000000        1.80000000000000     
           1
        2247         124         576         336         120
  0.800000000000000        2.00000000000000        2.00000000000000     
  0.800000000000000        1.80000000000000        1.80000000000000     
  0.800000000000000        1.80000000000000        2.00000000000000     
   1.00000000000000        2.00000000000000        1.80000000000000     
           1
        2248          16         120         124         104
   1.00000000000000        2.00000000000000        2.00000000000000     
   1.00000000000000        2.00000000000000        1.80000000000000     
  0.800000000000000        2.00000000000000        2.00000000000000     
   1.00000000000000        1.80000000000000        2.00000000000000     
           1
        2249         104         336         320         120
   1.00000000000000        1.80000000000000        2.00000000000000     
  0.800000000000000        1.80000000000000        2.00000000000000     
   1.00000000000000        1.80000000000000        1.80000000000000     
   1.00000000000000        2.00000000000000        1.80000000000000     
           1
        2250         104         124         336         120
   1.00000000000000        1.80000000000000        2.00000000000000     
  0.800000000000000        2.00000000000000        2.00000000000000     
  0.800000000000000        1.80000000000000        2.00000000000000     
   1.00000000000000        2.00000000000000        1.80000000000000     
           1
