         750         216         208
           1         121          37         105           1
  0.200000000000000       0.200000000000000       0.000000000000000E+000
  0.000000000000000E+000  0.200000000000000       0.000000000000000E+000
  0.000000000000000E+000  0.200000000000000       0.200000000000000     
  0.000000000000000E+000  0.000000000000000E+000  0.000000000000000E+000
           2
           2          21           1           9         121
  0.000000000000000E+000  0.000000000000000E+000  0.200000000000000     
  0.000000000000000E+000  0.000000000000000E+000  0.000000000000000E+000
  0.200000000000000       0.000000000000000E+000  0.000000000000000E+000
  0.200000000000000       0.200000000000000       0.000000000000000E+000
           2
           3         105           1          21         121
  0.000000000000000E+000  0.200000000000000       0.200000000000000     
  0.000000000000000E+000  0.000000000000000E+000  0.000000000000000E+000
  0.000000000000000E+000  0.000000000000000E+000  0.200000000000000     
  0.200000000000000       0.200000000000000       0.000000000000000E+000
           2
           4         153         121         105          57
  0.200000000000000       0.200000000000000       0.200000000000000     
  0.200000000000000       0.200000000000000       0.000000000000000E+000
  0.000000000000000E+000  0.200000000000000       0.200000000000000     
  0.200000000000000       0.000000000000000E+000  0.200000000000000     
           2
           5          57          21           9         121
  0.200000000000000       0.000000000000000E+000  0.200000000000000     
  0.000000000000000E+000  0.000000000000000E+000  0.200000000000000     
  0.200000000000000       0.000000000000000E+000  0.000000000000000E+000
  0.200000000000000       0.200000000000000       0.000000000000000E+000
           2
           6          57         105          21         121
  0.200000000000000       0.000000000000000E+000  0.200000000000000     
  0.000000000000000E+000  0.200000000000000       0.200000000000000     
  0.000000000000000E+000  0.000000000000000E+000  0.200000000000000     
  0.200000000000000       0.200000000000000       0.000000000000000E+000
           2
           7         153         105         106          21
  0.200000000000000       0.200000000000000       0.200000000000000     
  0.000000000000000E+000  0.200000000000000       0.200000000000000     
  0.000000000000000E+000  0.200000000000000       0.400000000000000     
  0.000000000000000E+000  0.000000000000000E+000  0.200000000000000     
           2
           8          22          21          57         153
  0.000000000000000E+000  0.000000000000000E+000  0.400000000000000     
  0.000000000000000E+000  0.000000000000000E+000  0.200000000000000     
  0.200000000000000       0.000000000000000E+000  0.200000000000000     
  0.200000000000000       0.200000000000000       0.200000000000000     
           2
           9         106          21          22         153
  0.000000000000000E+000  0.200000000000000       0.400000000000000     
  0.000000000000000E+000  0.000000000000000E+000  0.200000000000000     
  0.000000000000000E+000  0.000000000000000E+000  0.400000000000000     
  0.200000000000000       0.200000000000000       0.200000000000000     
           2
          10         154         153         106          61
  0.200000000000000       0.200000000000000       0.400000000000000     
  0.200000000000000       0.200000000000000       0.200000000000000     
  0.000000000000000E+000  0.200000000000000       0.400000000000000     
  0.200000000000000       0.000000000000000E+000  0.400000000000000     
           2
          11          61          22          57         153
  0.200000000000000       0.000000000000000E+000  0.400000000000000     
  0.000000000000000E+000  0.000000000000000E+000  0.400000000000000     
  0.200000000000000       0.000000000000000E+000  0.200000000000000     
  0.200000000000000       0.200000000000000       0.200000000000000     
           2
          12          61         106          22         153
  0.200000000000000       0.000000000000000E+000  0.400000000000000     
  0.000000000000000E+000  0.200000000000000       0.400000000000000     
  0.000000000000000E+000  0.000000000000000E+000  0.400000000000000     
  0.200000000000000       0.200000000000000       0.200000000000000     
           2
          13         154         106         107          22
  0.200000000000000       0.200000000000000       0.400000000000000     
  0.000000000000000E+000  0.200000000000000       0.400000000000000     
  0.000000000000000E+000  0.200000000000000       0.600000000000000     
  0.000000000000000E+000  0.000000000000000E+000  0.400000000000000     
           2
          14          23          22          61         154
  0.000000000000000E+000  0.000000000000000E+000  0.600000000000000     
  0.000000000000000E+000  0.000000000000000E+000  0.400000000000000     
  0.200000000000000       0.000000000000000E+000  0.400000000000000     
  0.200000000000000       0.200000000000000       0.400000000000000     
           2
          15         107          22          23         154
  0.000000000000000E+000  0.200000000000000       0.600000000000000     
  0.000000000000000E+000  0.000000000000000E+000  0.400000000000000     
  0.000000000000000E+000  0.000000000000000E+000  0.600000000000000     
  0.200000000000000       0.200000000000000       0.400000000000000     
           2
          16         155         154         107          65
  0.200000000000000       0.200000000000000       0.600000000000000     
  0.200000000000000       0.200000000000000       0.400000000000000     
  0.000000000000000E+000  0.200000000000000       0.600000000000000     
  0.200000000000000       0.000000000000000E+000  0.600000000000000     
           2
          17          65          23          61         154
  0.200000000000000       0.000000000000000E+000  0.600000000000000     
  0.000000000000000E+000  0.000000000000000E+000  0.600000000000000     
  0.200000000000000       0.000000000000000E+000  0.400000000000000     
  0.200000000000000       0.200000000000000       0.400000000000000     
           2
          18          65         107          23         154
  0.200000000000000       0.000000000000000E+000  0.600000000000000     
  0.000000000000000E+000  0.200000000000000       0.600000000000000     
  0.000000000000000E+000  0.000000000000000E+000  0.600000000000000     
  0.200000000000000       0.200000000000000       0.400000000000000     
           2
          19         155         107         108          23
  0.200000000000000       0.200000000000000       0.600000000000000     
  0.000000000000000E+000  0.200000000000000       0.600000000000000     
  0.000000000000000E+000  0.200000000000000       0.800000000000000     
  0.000000000000000E+000  0.000000000000000E+000  0.600000000000000     
           2
          20          24          23          65         155
  0.000000000000000E+000  0.000000000000000E+000  0.800000000000000     
  0.000000000000000E+000  0.000000000000000E+000  0.600000000000000     
  0.200000000000000       0.000000000000000E+000  0.600000000000000     
  0.200000000000000       0.200000000000000       0.600000000000000     
           2
          21         108          23          24         155
  0.000000000000000E+000  0.200000000000000       0.800000000000000     
  0.000000000000000E+000  0.000000000000000E+000  0.600000000000000     
  0.000000000000000E+000  0.000000000000000E+000  0.800000000000000     
  0.200000000000000       0.200000000000000       0.600000000000000     
           2
          22         156         155         108          69
  0.200000000000000       0.200000000000000       0.800000000000000     
  0.200000000000000       0.200000000000000       0.600000000000000     
  0.000000000000000E+000  0.200000000000000       0.800000000000000     
  0.200000000000000       0.000000000000000E+000  0.800000000000000     
           2
          23          69          24          65         155
  0.200000000000000       0.000000000000000E+000  0.800000000000000     
  0.000000000000000E+000  0.000000000000000E+000  0.800000000000000     
  0.200000000000000       0.000000000000000E+000  0.600000000000000     
  0.200000000000000       0.200000000000000       0.600000000000000     
           2
          24          69         108          24         155
  0.200000000000000       0.000000000000000E+000  0.800000000000000     
  0.000000000000000E+000  0.200000000000000       0.800000000000000     
  0.000000000000000E+000  0.000000000000000E+000  0.800000000000000     
  0.200000000000000       0.200000000000000       0.600000000000000     
           2
          25         156         108          33          24
  0.200000000000000       0.200000000000000       0.800000000000000     
  0.000000000000000E+000  0.200000000000000       0.800000000000000     
  0.000000000000000E+000  0.200000000000000        1.00000000000000     
  0.000000000000000E+000  0.000000000000000E+000  0.800000000000000     
           2
          26           4          24          69         156
  0.000000000000000E+000  0.000000000000000E+000   1.00000000000000     
  0.000000000000000E+000  0.000000000000000E+000  0.800000000000000     
  0.200000000000000       0.000000000000000E+000  0.800000000000000     
  0.200000000000000       0.200000000000000       0.800000000000000     
           2
          27          33          24           4         156
  0.000000000000000E+000  0.200000000000000        1.00000000000000     
  0.000000000000000E+000  0.000000000000000E+000  0.800000000000000     
  0.000000000000000E+000  0.000000000000000E+000   1.00000000000000     
  0.200000000000000       0.200000000000000       0.800000000000000     
           2
          28          89         156          33          17
  0.200000000000000       0.200000000000000        1.00000000000000     
  0.200000000000000       0.200000000000000       0.800000000000000     
  0.000000000000000E+000  0.200000000000000        1.00000000000000     
  0.200000000000000       0.000000000000000E+000   1.00000000000000     
           2
          29          17           4          69         156
  0.200000000000000       0.000000000000000E+000   1.00000000000000     
  0.000000000000000E+000  0.000000000000000E+000   1.00000000000000     
  0.200000000000000       0.000000000000000E+000  0.800000000000000     
  0.200000000000000       0.200000000000000       0.800000000000000     
           2
          30          17          33           4         156
  0.200000000000000       0.000000000000000E+000   1.00000000000000     
  0.000000000000000E+000  0.200000000000000        1.00000000000000     
  0.000000000000000E+000  0.000000000000000E+000   1.00000000000000     
  0.200000000000000       0.200000000000000       0.800000000000000     
           2
          31         122          38         109          37
  0.200000000000000       0.400000000000000       0.000000000000000E+000
  0.000000000000000E+000  0.400000000000000       0.000000000000000E+000
  0.000000000000000E+000  0.400000000000000       0.200000000000000     
  0.000000000000000E+000  0.200000000000000       0.000000000000000E+000
           2
          32         105          37         121         122
  0.000000000000000E+000  0.200000000000000       0.200000000000000     
  0.000000000000000E+000  0.200000000000000       0.000000000000000E+000
  0.200000000000000       0.200000000000000       0.000000000000000E+000
  0.200000000000000       0.400000000000000       0.000000000000000E+000
           2
          33         109          37         105         122
  0.000000000000000E+000  0.400000000000000       0.200000000000000     
  0.000000000000000E+000  0.200000000000000       0.000000000000000E+000
  0.000000000000000E+000  0.200000000000000       0.200000000000000     
  0.200000000000000       0.400000000000000       0.000000000000000E+000
           2
          34         157         122         109         153
  0.200000000000000       0.400000000000000       0.200000000000000     
  0.200000000000000       0.400000000000000       0.000000000000000E+000
  0.000000000000000E+000  0.400000000000000       0.200000000000000     
  0.200000000000000       0.200000000000000       0.200000000000000     
           2
          35         153         105         121         122
  0.200000000000000       0.200000000000000       0.200000000000000     
  0.000000000000000E+000  0.200000000000000       0.200000000000000     
  0.200000000000000       0.200000000000000       0.000000000000000E+000
  0.200000000000000       0.400000000000000       0.000000000000000E+000
           2
          36         153         109         105         122
  0.200000000000000       0.200000000000000       0.200000000000000     
  0.000000000000000E+000  0.400000000000000       0.200000000000000     
  0.000000000000000E+000  0.200000000000000       0.200000000000000     
  0.200000000000000       0.400000000000000       0.000000000000000E+000
           2
          37         157         109         110         105
  0.200000000000000       0.400000000000000       0.200000000000000     
  0.000000000000000E+000  0.400000000000000       0.200000000000000     
  0.000000000000000E+000  0.400000000000000       0.400000000000000     
  0.000000000000000E+000  0.200000000000000       0.200000000000000     
           2
          38         106         105         153         157
  0.000000000000000E+000  0.200000000000000       0.400000000000000     
  0.000000000000000E+000  0.200000000000000       0.200000000000000     
  0.200000000000000       0.200000000000000       0.200000000000000     
  0.200000000000000       0.400000000000000       0.200000000000000     
           2
          39         110         105         106         157
  0.000000000000000E+000  0.400000000000000       0.400000000000000     
  0.000000000000000E+000  0.200000000000000       0.200000000000000     
  0.000000000000000E+000  0.200000000000000       0.400000000000000     
  0.200000000000000       0.400000000000000       0.200000000000000     
           2
          40         158         157         110         154
  0.200000000000000       0.400000000000000       0.400000000000000     
  0.200000000000000       0.400000000000000       0.200000000000000     
  0.000000000000000E+000  0.400000000000000       0.400000000000000     
  0.200000000000000       0.200000000000000       0.400000000000000     
           2
          41         154         106         153         157
  0.200000000000000       0.200000000000000       0.400000000000000     
  0.000000000000000E+000  0.200000000000000       0.400000000000000     
  0.200000000000000       0.200000000000000       0.200000000000000     
  0.200000000000000       0.400000000000000       0.200000000000000     
           2
          42         154         110         106         157
  0.200000000000000       0.200000000000000       0.400000000000000     
  0.000000000000000E+000  0.400000000000000       0.400000000000000     
  0.000000000000000E+000  0.200000000000000       0.400000000000000     
  0.200000000000000       0.400000000000000       0.200000000000000     
           2
          43         158         110         111         106
  0.200000000000000       0.400000000000000       0.400000000000000     
  0.000000000000000E+000  0.400000000000000       0.400000000000000     
  0.000000000000000E+000  0.400000000000000       0.600000000000000     
  0.000000000000000E+000  0.200000000000000       0.400000000000000     
           2
          44         107         106         154         158
  0.000000000000000E+000  0.200000000000000       0.600000000000000     
  0.000000000000000E+000  0.200000000000000       0.400000000000000     
  0.200000000000000       0.200000000000000       0.400000000000000     
  0.200000000000000       0.400000000000000       0.400000000000000     
           2
          45         111         106         107         158
  0.000000000000000E+000  0.400000000000000       0.600000000000000     
  0.000000000000000E+000  0.200000000000000       0.400000000000000     
  0.000000000000000E+000  0.200000000000000       0.600000000000000     
  0.200000000000000       0.400000000000000       0.400000000000000     
           2
          46         159         158         111         155
  0.200000000000000       0.400000000000000       0.600000000000000     
  0.200000000000000       0.400000000000000       0.400000000000000     
  0.000000000000000E+000  0.400000000000000       0.600000000000000     
  0.200000000000000       0.200000000000000       0.600000000000000     
           2
          47         155         107         154         158
  0.200000000000000       0.200000000000000       0.600000000000000     
  0.000000000000000E+000  0.200000000000000       0.600000000000000     
  0.200000000000000       0.200000000000000       0.400000000000000     
  0.200000000000000       0.400000000000000       0.400000000000000     
           2
          48         155         111         107         158
  0.200000000000000       0.200000000000000       0.600000000000000     
  0.000000000000000E+000  0.400000000000000       0.600000000000000     
  0.000000000000000E+000  0.200000000000000       0.600000000000000     
  0.200000000000000       0.400000000000000       0.400000000000000     
           2
          49         159         111         112         107
  0.200000000000000       0.400000000000000       0.600000000000000     
  0.000000000000000E+000  0.400000000000000       0.600000000000000     
  0.000000000000000E+000  0.400000000000000       0.800000000000000     
  0.000000000000000E+000  0.200000000000000       0.600000000000000     
           2
          50         108         107         155         159
  0.000000000000000E+000  0.200000000000000       0.800000000000000     
  0.000000000000000E+000  0.200000000000000       0.600000000000000     
  0.200000000000000       0.200000000000000       0.600000000000000     
  0.200000000000000       0.400000000000000       0.600000000000000     
           2
          51         112         107         108         159
  0.000000000000000E+000  0.400000000000000       0.800000000000000     
  0.000000000000000E+000  0.200000000000000       0.600000000000000     
  0.000000000000000E+000  0.200000000000000       0.800000000000000     
  0.200000000000000       0.400000000000000       0.600000000000000     
           2
          52         160         159         112         156
  0.200000000000000       0.400000000000000       0.800000000000000     
  0.200000000000000       0.400000000000000       0.600000000000000     
  0.000000000000000E+000  0.400000000000000       0.800000000000000     
  0.200000000000000       0.200000000000000       0.800000000000000     
           2
          53         156         108         155         159
  0.200000000000000       0.200000000000000       0.800000000000000     
  0.000000000000000E+000  0.200000000000000       0.800000000000000     
  0.200000000000000       0.200000000000000       0.600000000000000     
  0.200000000000000       0.400000000000000       0.600000000000000     
           2
          54         156         112         108         159
  0.200000000000000       0.200000000000000       0.800000000000000     
  0.000000000000000E+000  0.400000000000000       0.800000000000000     
  0.000000000000000E+000  0.200000000000000       0.800000000000000     
  0.200000000000000       0.400000000000000       0.600000000000000     
           2
          55         160         112          34         108
  0.200000000000000       0.400000000000000       0.800000000000000     
  0.000000000000000E+000  0.400000000000000       0.800000000000000     
  0.000000000000000E+000  0.400000000000000        1.00000000000000     
  0.000000000000000E+000  0.200000000000000       0.800000000000000     
           2
          56          33         108         156         160
  0.000000000000000E+000  0.200000000000000        1.00000000000000     
  0.000000000000000E+000  0.200000000000000       0.800000000000000     
  0.200000000000000       0.200000000000000       0.800000000000000     
  0.200000000000000       0.400000000000000       0.800000000000000     
           2
          57          34         108          33         160
  0.000000000000000E+000  0.400000000000000        1.00000000000000     
  0.000000000000000E+000  0.200000000000000       0.800000000000000     
  0.000000000000000E+000  0.200000000000000        1.00000000000000     
  0.200000000000000       0.400000000000000       0.800000000000000     
           2
          58          90         160          34          89
  0.200000000000000       0.400000000000000        1.00000000000000     
  0.200000000000000       0.400000000000000       0.800000000000000     
  0.000000000000000E+000  0.400000000000000        1.00000000000000     
  0.200000000000000       0.200000000000000        1.00000000000000     
           2
          59          89          33         156         160
  0.200000000000000       0.200000000000000        1.00000000000000     
  0.000000000000000E+000  0.200000000000000        1.00000000000000     
  0.200000000000000       0.200000000000000       0.800000000000000     
  0.200000000000000       0.400000000000000       0.800000000000000     
           2
          60          89          34          33         160
  0.200000000000000       0.200000000000000        1.00000000000000     
  0.000000000000000E+000  0.400000000000000        1.00000000000000     
  0.000000000000000E+000  0.200000000000000        1.00000000000000     
  0.200000000000000       0.400000000000000       0.800000000000000     
           2
          61         123          39         113          38
  0.200000000000000       0.600000000000000       0.000000000000000E+000
  0.000000000000000E+000  0.600000000000000       0.000000000000000E+000
  0.000000000000000E+000  0.600000000000000       0.200000000000000     
  0.000000000000000E+000  0.400000000000000       0.000000000000000E+000
           2
          62         109          38         122         123
  0.000000000000000E+000  0.400000000000000       0.200000000000000     
  0.000000000000000E+000  0.400000000000000       0.000000000000000E+000
  0.200000000000000       0.400000000000000       0.000000000000000E+000
  0.200000000000000       0.600000000000000       0.000000000000000E+000
           2
          63         113          38         109         123
  0.000000000000000E+000  0.600000000000000       0.200000000000000     
  0.000000000000000E+000  0.400000000000000       0.000000000000000E+000
  0.000000000000000E+000  0.400000000000000       0.200000000000000     
  0.200000000000000       0.600000000000000       0.000000000000000E+000
           2
          64         161         123         113         157
  0.200000000000000       0.600000000000000       0.200000000000000     
  0.200000000000000       0.600000000000000       0.000000000000000E+000
  0.000000000000000E+000  0.600000000000000       0.200000000000000     
  0.200000000000000       0.400000000000000       0.200000000000000     
           2
          65         157         109         122         123
  0.200000000000000       0.400000000000000       0.200000000000000     
  0.000000000000000E+000  0.400000000000000       0.200000000000000     
  0.200000000000000       0.400000000000000       0.000000000000000E+000
  0.200000000000000       0.600000000000000       0.000000000000000E+000
           2
          66         157         113         109         123
  0.200000000000000       0.400000000000000       0.200000000000000     
  0.000000000000000E+000  0.600000000000000       0.200000000000000     
  0.000000000000000E+000  0.400000000000000       0.200000000000000     
  0.200000000000000       0.600000000000000       0.000000000000000E+000
           2
          67         161         113         114         109
  0.200000000000000       0.600000000000000       0.200000000000000     
  0.000000000000000E+000  0.600000000000000       0.200000000000000     
  0.000000000000000E+000  0.600000000000000       0.400000000000000     
  0.000000000000000E+000  0.400000000000000       0.200000000000000     
           2
          68         110         109         157         161
  0.000000000000000E+000  0.400000000000000       0.400000000000000     
  0.000000000000000E+000  0.400000000000000       0.200000000000000     
  0.200000000000000       0.400000000000000       0.200000000000000     
  0.200000000000000       0.600000000000000       0.200000000000000     
           2
          69         114         109         110         161
  0.000000000000000E+000  0.600000000000000       0.400000000000000     
  0.000000000000000E+000  0.400000000000000       0.200000000000000     
  0.000000000000000E+000  0.400000000000000       0.400000000000000     
  0.200000000000000       0.600000000000000       0.200000000000000     
           2
          70         162         161         114         158
  0.200000000000000       0.600000000000000       0.400000000000000     
  0.200000000000000       0.600000000000000       0.200000000000000     
  0.000000000000000E+000  0.600000000000000       0.400000000000000     
  0.200000000000000       0.400000000000000       0.400000000000000     
           2
          71         158         110         157         161
  0.200000000000000       0.400000000000000       0.400000000000000     
  0.000000000000000E+000  0.400000000000000       0.400000000000000     
  0.200000000000000       0.400000000000000       0.200000000000000     
  0.200000000000000       0.600000000000000       0.200000000000000     
           2
          72         158         114         110         161
  0.200000000000000       0.400000000000000       0.400000000000000     
  0.000000000000000E+000  0.600000000000000       0.400000000000000     
  0.000000000000000E+000  0.400000000000000       0.400000000000000     
  0.200000000000000       0.600000000000000       0.200000000000000     
           2
          73         162         114         115         110
  0.200000000000000       0.600000000000000       0.400000000000000     
  0.000000000000000E+000  0.600000000000000       0.400000000000000     
  0.000000000000000E+000  0.600000000000000       0.600000000000000     
  0.000000000000000E+000  0.400000000000000       0.400000000000000     
           2
          74         111         110         158         162
  0.000000000000000E+000  0.400000000000000       0.600000000000000     
  0.000000000000000E+000  0.400000000000000       0.400000000000000     
  0.200000000000000       0.400000000000000       0.400000000000000     
  0.200000000000000       0.600000000000000       0.400000000000000     
           2
          75         115         110         111         162
  0.000000000000000E+000  0.600000000000000       0.600000000000000     
  0.000000000000000E+000  0.400000000000000       0.400000000000000     
  0.000000000000000E+000  0.400000000000000       0.600000000000000     
  0.200000000000000       0.600000000000000       0.400000000000000     
           2
          76         163         162         115         159
  0.200000000000000       0.600000000000000       0.600000000000000     
  0.200000000000000       0.600000000000000       0.400000000000000     
  0.000000000000000E+000  0.600000000000000       0.600000000000000     
  0.200000000000000       0.400000000000000       0.600000000000000     
           2
          77         159         111         158         162
  0.200000000000000       0.400000000000000       0.600000000000000     
  0.000000000000000E+000  0.400000000000000       0.600000000000000     
  0.200000000000000       0.400000000000000       0.400000000000000     
  0.200000000000000       0.600000000000000       0.400000000000000     
           2
          78         159         115         111         162
  0.200000000000000       0.400000000000000       0.600000000000000     
  0.000000000000000E+000  0.600000000000000       0.600000000000000     
  0.000000000000000E+000  0.400000000000000       0.600000000000000     
  0.200000000000000       0.600000000000000       0.400000000000000     
           2
          79         163         115         116         111
  0.200000000000000       0.600000000000000       0.600000000000000     
  0.000000000000000E+000  0.600000000000000       0.600000000000000     
  0.000000000000000E+000  0.600000000000000       0.800000000000000     
  0.000000000000000E+000  0.400000000000000       0.600000000000000     
           2
          80         112         111         159         163
  0.000000000000000E+000  0.400000000000000       0.800000000000000     
  0.000000000000000E+000  0.400000000000000       0.600000000000000     
  0.200000000000000       0.400000000000000       0.600000000000000     
  0.200000000000000       0.600000000000000       0.600000000000000     
           2
          81         116         111         112         163
  0.000000000000000E+000  0.600000000000000       0.800000000000000     
  0.000000000000000E+000  0.400000000000000       0.600000000000000     
  0.000000000000000E+000  0.400000000000000       0.800000000000000     
  0.200000000000000       0.600000000000000       0.600000000000000     
           2
          82         164         163         116         160
  0.200000000000000       0.600000000000000       0.800000000000000     
  0.200000000000000       0.600000000000000       0.600000000000000     
  0.000000000000000E+000  0.600000000000000       0.800000000000000     
  0.200000000000000       0.400000000000000       0.800000000000000     
           2
          83         160         112         159         163
  0.200000000000000       0.400000000000000       0.800000000000000     
  0.000000000000000E+000  0.400000000000000       0.800000000000000     
  0.200000000000000       0.400000000000000       0.600000000000000     
  0.200000000000000       0.600000000000000       0.600000000000000     
           2
          84         160         116         112         163
  0.200000000000000       0.400000000000000       0.800000000000000     
  0.000000000000000E+000  0.600000000000000       0.800000000000000     
  0.000000000000000E+000  0.400000000000000       0.800000000000000     
  0.200000000000000       0.600000000000000       0.600000000000000     
           2
          85         164         116          35         112
  0.200000000000000       0.600000000000000       0.800000000000000     
  0.000000000000000E+000  0.600000000000000       0.800000000000000     
  0.000000000000000E+000  0.600000000000000        1.00000000000000     
  0.000000000000000E+000  0.400000000000000       0.800000000000000     
           2
          86          34         112         160         164
  0.000000000000000E+000  0.400000000000000        1.00000000000000     
  0.000000000000000E+000  0.400000000000000       0.800000000000000     
  0.200000000000000       0.400000000000000       0.800000000000000     
  0.200000000000000       0.600000000000000       0.800000000000000     
           2
          87          35         112          34         164
  0.000000000000000E+000  0.600000000000000        1.00000000000000     
  0.000000000000000E+000  0.400000000000000       0.800000000000000     
  0.000000000000000E+000  0.400000000000000        1.00000000000000     
  0.200000000000000       0.600000000000000       0.800000000000000     
           2
          88          91         164          35          90
  0.200000000000000       0.600000000000000        1.00000000000000     
  0.200000000000000       0.600000000000000       0.800000000000000     
  0.000000000000000E+000  0.600000000000000        1.00000000000000     
  0.200000000000000       0.400000000000000        1.00000000000000     
           2
          89          90          34         160         164
  0.200000000000000       0.400000000000000        1.00000000000000     
  0.000000000000000E+000  0.400000000000000        1.00000000000000     
  0.200000000000000       0.400000000000000       0.800000000000000     
  0.200000000000000       0.600000000000000       0.800000000000000     
           2
          90          90          35          34         164
  0.200000000000000       0.400000000000000        1.00000000000000     
  0.000000000000000E+000  0.600000000000000        1.00000000000000     
  0.000000000000000E+000  0.400000000000000        1.00000000000000     
  0.200000000000000       0.600000000000000       0.800000000000000     
           2
          91         124          40         117          39
  0.200000000000000       0.800000000000000       0.000000000000000E+000
  0.000000000000000E+000  0.800000000000000       0.000000000000000E+000
  0.000000000000000E+000  0.800000000000000       0.200000000000000     
  0.000000000000000E+000  0.600000000000000       0.000000000000000E+000
           2
          92         113          39         123         124
  0.000000000000000E+000  0.600000000000000       0.200000000000000     
  0.000000000000000E+000  0.600000000000000       0.000000000000000E+000
  0.200000000000000       0.600000000000000       0.000000000000000E+000
  0.200000000000000       0.800000000000000       0.000000000000000E+000
           2
          93         117          39         113         124
  0.000000000000000E+000  0.800000000000000       0.200000000000000     
  0.000000000000000E+000  0.600000000000000       0.000000000000000E+000
  0.000000000000000E+000  0.600000000000000       0.200000000000000     
  0.200000000000000       0.800000000000000       0.000000000000000E+000
           2
          94         165         124         117         161
  0.200000000000000       0.800000000000000       0.200000000000000     
  0.200000000000000       0.800000000000000       0.000000000000000E+000
  0.000000000000000E+000  0.800000000000000       0.200000000000000     
  0.200000000000000       0.600000000000000       0.200000000000000     
           2
          95         161         113         123         124
  0.200000000000000       0.600000000000000       0.200000000000000     
  0.000000000000000E+000  0.600000000000000       0.200000000000000     
  0.200000000000000       0.600000000000000       0.000000000000000E+000
  0.200000000000000       0.800000000000000       0.000000000000000E+000
           2
          96         161         117         113         124
  0.200000000000000       0.600000000000000       0.200000000000000     
  0.000000000000000E+000  0.800000000000000       0.200000000000000     
  0.000000000000000E+000  0.600000000000000       0.200000000000000     
  0.200000000000000       0.800000000000000       0.000000000000000E+000
           2
          97         165         117         118         113
  0.200000000000000       0.800000000000000       0.200000000000000     
  0.000000000000000E+000  0.800000000000000       0.200000000000000     
  0.000000000000000E+000  0.800000000000000       0.400000000000000     
  0.000000000000000E+000  0.600000000000000       0.200000000000000     
           2
          98         114         113         161         165
  0.000000000000000E+000  0.600000000000000       0.400000000000000     
  0.000000000000000E+000  0.600000000000000       0.200000000000000     
  0.200000000000000       0.600000000000000       0.200000000000000     
  0.200000000000000       0.800000000000000       0.200000000000000     
           2
          99         118         113         114         165
  0.000000000000000E+000  0.800000000000000       0.400000000000000     
  0.000000000000000E+000  0.600000000000000       0.200000000000000     
  0.000000000000000E+000  0.600000000000000       0.400000000000000     
  0.200000000000000       0.800000000000000       0.200000000000000     
           2
         100         166         165         118         162
  0.200000000000000       0.800000000000000       0.400000000000000     
  0.200000000000000       0.800000000000000       0.200000000000000     
  0.000000000000000E+000  0.800000000000000       0.400000000000000     
  0.200000000000000       0.600000000000000       0.400000000000000     
           2
         101         162         114         161         165
  0.200000000000000       0.600000000000000       0.400000000000000     
  0.000000000000000E+000  0.600000000000000       0.400000000000000     
  0.200000000000000       0.600000000000000       0.200000000000000     
  0.200000000000000       0.800000000000000       0.200000000000000     
           2
         102         162         118         114         165
  0.200000000000000       0.600000000000000       0.400000000000000     
  0.000000000000000E+000  0.800000000000000       0.400000000000000     
  0.000000000000000E+000  0.600000000000000       0.400000000000000     
  0.200000000000000       0.800000000000000       0.200000000000000     
           2
         103         166         118         119         114
  0.200000000000000       0.800000000000000       0.400000000000000     
  0.000000000000000E+000  0.800000000000000       0.400000000000000     
  0.000000000000000E+000  0.800000000000000       0.600000000000000     
  0.000000000000000E+000  0.600000000000000       0.400000000000000     
           2
         104         115         114         162         166
  0.000000000000000E+000  0.600000000000000       0.600000000000000     
  0.000000000000000E+000  0.600000000000000       0.400000000000000     
  0.200000000000000       0.600000000000000       0.400000000000000     
  0.200000000000000       0.800000000000000       0.400000000000000     
           2
         105         119         114         115         166
  0.000000000000000E+000  0.800000000000000       0.600000000000000     
  0.000000000000000E+000  0.600000000000000       0.400000000000000     
  0.000000000000000E+000  0.600000000000000       0.600000000000000     
  0.200000000000000       0.800000000000000       0.400000000000000     
           2
         106         167         166         119         163
  0.200000000000000       0.800000000000000       0.600000000000000     
  0.200000000000000       0.800000000000000       0.400000000000000     
  0.000000000000000E+000  0.800000000000000       0.600000000000000     
  0.200000000000000       0.600000000000000       0.600000000000000     
           2
         107         163         115         162         166
  0.200000000000000       0.600000000000000       0.600000000000000     
  0.000000000000000E+000  0.600000000000000       0.600000000000000     
  0.200000000000000       0.600000000000000       0.400000000000000     
  0.200000000000000       0.800000000000000       0.400000000000000     
           2
         108         163         119         115         166
  0.200000000000000       0.600000000000000       0.600000000000000     
  0.000000000000000E+000  0.800000000000000       0.600000000000000     
  0.000000000000000E+000  0.600000000000000       0.600000000000000     
  0.200000000000000       0.800000000000000       0.400000000000000     
           2
         109         167         119         120         115
  0.200000000000000       0.800000000000000       0.600000000000000     
  0.000000000000000E+000  0.800000000000000       0.600000000000000     
  0.000000000000000E+000  0.800000000000000       0.800000000000000     
  0.000000000000000E+000  0.600000000000000       0.600000000000000     
           2
         110         116         115         163         167
  0.000000000000000E+000  0.600000000000000       0.800000000000000     
  0.000000000000000E+000  0.600000000000000       0.600000000000000     
  0.200000000000000       0.600000000000000       0.600000000000000     
  0.200000000000000       0.800000000000000       0.600000000000000     
           2
         111         120         115         116         167
  0.000000000000000E+000  0.800000000000000       0.800000000000000     
  0.000000000000000E+000  0.600000000000000       0.600000000000000     
  0.000000000000000E+000  0.600000000000000       0.800000000000000     
  0.200000000000000       0.800000000000000       0.600000000000000     
           2
         112         168         167         120         164
  0.200000000000000       0.800000000000000       0.800000000000000     
  0.200000000000000       0.800000000000000       0.600000000000000     
  0.000000000000000E+000  0.800000000000000       0.800000000000000     
  0.200000000000000       0.600000000000000       0.800000000000000     
           2
         113         164         116         163         167
  0.200000000000000       0.600000000000000       0.800000000000000     
  0.000000000000000E+000  0.600000000000000       0.800000000000000     
  0.200000000000000       0.600000000000000       0.600000000000000     
  0.200000000000000       0.800000000000000       0.600000000000000     
           2
         114         164         120         116         167
  0.200000000000000       0.600000000000000       0.800000000000000     
  0.000000000000000E+000  0.800000000000000       0.800000000000000     
  0.000000000000000E+000  0.600000000000000       0.800000000000000     
  0.200000000000000       0.800000000000000       0.600000000000000     
           2
         115         168         120          36         116
  0.200000000000000       0.800000000000000       0.800000000000000     
  0.000000000000000E+000  0.800000000000000       0.800000000000000     
  0.000000000000000E+000  0.800000000000000        1.00000000000000     
  0.000000000000000E+000  0.600000000000000       0.800000000000000     
           2
         116          35         116         164         168
  0.000000000000000E+000  0.600000000000000        1.00000000000000     
  0.000000000000000E+000  0.600000000000000       0.800000000000000     
  0.200000000000000       0.600000000000000       0.800000000000000     
  0.200000000000000       0.800000000000000       0.800000000000000     
           2
         117          36         116          35         168
  0.000000000000000E+000  0.800000000000000        1.00000000000000     
  0.000000000000000E+000  0.600000000000000       0.800000000000000     
  0.000000000000000E+000  0.600000000000000        1.00000000000000     
  0.200000000000000       0.800000000000000       0.800000000000000     
           2
         118          92         168          36          91
  0.200000000000000       0.800000000000000        1.00000000000000     
  0.200000000000000       0.800000000000000       0.800000000000000     
  0.000000000000000E+000  0.800000000000000        1.00000000000000     
  0.200000000000000       0.600000000000000        1.00000000000000     
           2
         119          91          35         164         168
  0.200000000000000       0.600000000000000        1.00000000000000     
  0.000000000000000E+000  0.600000000000000        1.00000000000000     
  0.200000000000000       0.600000000000000       0.800000000000000     
  0.200000000000000       0.800000000000000       0.800000000000000     
           2
         120          91          36          35         168
  0.200000000000000       0.600000000000000        1.00000000000000     
  0.000000000000000E+000  0.800000000000000        1.00000000000000     
  0.000000000000000E+000  0.600000000000000        1.00000000000000     
  0.200000000000000       0.800000000000000       0.800000000000000     
           2
         121          41           5          53          40
  0.200000000000000        1.00000000000000       0.000000000000000E+000
  0.000000000000000E+000   1.00000000000000       0.000000000000000E+000
  0.000000000000000E+000   1.00000000000000       0.200000000000000     
  0.000000000000000E+000  0.800000000000000       0.000000000000000E+000
           2
         122         117          40         124          41
  0.000000000000000E+000  0.800000000000000       0.200000000000000     
  0.000000000000000E+000  0.800000000000000       0.000000000000000E+000
  0.200000000000000       0.800000000000000       0.000000000000000E+000
  0.200000000000000        1.00000000000000       0.000000000000000E+000
           2
         123          53          40         117          41
  0.000000000000000E+000   1.00000000000000       0.200000000000000     
  0.000000000000000E+000  0.800000000000000       0.000000000000000E+000
  0.000000000000000E+000  0.800000000000000       0.200000000000000     
  0.200000000000000        1.00000000000000       0.000000000000000E+000
           2
         124         137          41          53         165
  0.200000000000000        1.00000000000000       0.200000000000000     
  0.200000000000000        1.00000000000000       0.000000000000000E+000
  0.000000000000000E+000   1.00000000000000       0.200000000000000     
  0.200000000000000       0.800000000000000       0.200000000000000     
           2
         125         165         117         124          41
  0.200000000000000       0.800000000000000       0.200000000000000     
  0.000000000000000E+000  0.800000000000000       0.200000000000000     
  0.200000000000000       0.800000000000000       0.000000000000000E+000
  0.200000000000000        1.00000000000000       0.000000000000000E+000
           2
         126         165          53         117          41
  0.200000000000000       0.800000000000000       0.200000000000000     
  0.000000000000000E+000   1.00000000000000       0.200000000000000     
  0.000000000000000E+000  0.800000000000000       0.200000000000000     
  0.200000000000000        1.00000000000000       0.000000000000000E+000
           2
         127         137          53          54         117
  0.200000000000000        1.00000000000000       0.200000000000000     
  0.000000000000000E+000   1.00000000000000       0.200000000000000     
  0.000000000000000E+000   1.00000000000000       0.400000000000000     
  0.000000000000000E+000  0.800000000000000       0.200000000000000     
           2
         128         118         117         165         137
  0.000000000000000E+000  0.800000000000000       0.400000000000000     
  0.000000000000000E+000  0.800000000000000       0.200000000000000     
  0.200000000000000       0.800000000000000       0.200000000000000     
  0.200000000000000        1.00000000000000       0.200000000000000     
           2
         129          54         117         118         137
  0.000000000000000E+000   1.00000000000000       0.400000000000000     
  0.000000000000000E+000  0.800000000000000       0.200000000000000     
  0.000000000000000E+000  0.800000000000000       0.400000000000000     
  0.200000000000000        1.00000000000000       0.200000000000000     
           2
         130         141         137          54         166
  0.200000000000000        1.00000000000000       0.400000000000000     
  0.200000000000000        1.00000000000000       0.200000000000000     
  0.000000000000000E+000   1.00000000000000       0.400000000000000     
  0.200000000000000       0.800000000000000       0.400000000000000     
           2
         131         166         118         165         137
  0.200000000000000       0.800000000000000       0.400000000000000     
  0.000000000000000E+000  0.800000000000000       0.400000000000000     
  0.200000000000000       0.800000000000000       0.200000000000000     
  0.200000000000000        1.00000000000000       0.200000000000000     
           2
         132         166          54         118         137
  0.200000000000000       0.800000000000000       0.400000000000000     
  0.000000000000000E+000   1.00000000000000       0.400000000000000     
  0.000000000000000E+000  0.800000000000000       0.400000000000000     
  0.200000000000000        1.00000000000000       0.200000000000000     
           2
         133         141          54          55         118
  0.200000000000000        1.00000000000000       0.400000000000000     
  0.000000000000000E+000   1.00000000000000       0.400000000000000     
  0.000000000000000E+000   1.00000000000000       0.600000000000000     
  0.000000000000000E+000  0.800000000000000       0.400000000000000     
           2
         134         119         118         166         141
  0.000000000000000E+000  0.800000000000000       0.600000000000000     
  0.000000000000000E+000  0.800000000000000       0.400000000000000     
  0.200000000000000       0.800000000000000       0.400000000000000     
  0.200000000000000        1.00000000000000       0.400000000000000     
           2
         135          55         118         119         141
  0.000000000000000E+000   1.00000000000000       0.600000000000000     
  0.000000000000000E+000  0.800000000000000       0.400000000000000     
  0.000000000000000E+000  0.800000000000000       0.600000000000000     
  0.200000000000000        1.00000000000000       0.400000000000000     
           2
         136         145         141          55         167
  0.200000000000000        1.00000000000000       0.600000000000000     
  0.200000000000000        1.00000000000000       0.400000000000000     
  0.000000000000000E+000   1.00000000000000       0.600000000000000     
  0.200000000000000       0.800000000000000       0.600000000000000     
           2
         137         167         119         166         141
  0.200000000000000       0.800000000000000       0.600000000000000     
  0.000000000000000E+000  0.800000000000000       0.600000000000000     
  0.200000000000000       0.800000000000000       0.400000000000000     
  0.200000000000000        1.00000000000000       0.400000000000000     
           2
         138         167          55         119         141
  0.200000000000000       0.800000000000000       0.600000000000000     
  0.000000000000000E+000   1.00000000000000       0.600000000000000     
  0.000000000000000E+000  0.800000000000000       0.600000000000000     
  0.200000000000000        1.00000000000000       0.400000000000000     
           2
         139         145          55          56         119
  0.200000000000000        1.00000000000000       0.600000000000000     
  0.000000000000000E+000   1.00000000000000       0.600000000000000     
  0.000000000000000E+000   1.00000000000000       0.800000000000000     
  0.000000000000000E+000  0.800000000000000       0.600000000000000     
           2
         140         120         119         167         145
  0.000000000000000E+000  0.800000000000000       0.800000000000000     
  0.000000000000000E+000  0.800000000000000       0.600000000000000     
  0.200000000000000       0.800000000000000       0.600000000000000     
  0.200000000000000        1.00000000000000       0.600000000000000     
           2
         141          56         119         120         145
  0.000000000000000E+000   1.00000000000000       0.800000000000000     
  0.000000000000000E+000  0.800000000000000       0.600000000000000     
  0.000000000000000E+000  0.800000000000000       0.800000000000000     
  0.200000000000000        1.00000000000000       0.600000000000000     
           2
         142         149         145          56         168
  0.200000000000000        1.00000000000000       0.800000000000000     
  0.200000000000000        1.00000000000000       0.600000000000000     
  0.000000000000000E+000   1.00000000000000       0.800000000000000     
  0.200000000000000       0.800000000000000       0.800000000000000     
           2
         143         168         120         167         145
  0.200000000000000       0.800000000000000       0.800000000000000     
  0.000000000000000E+000  0.800000000000000       0.800000000000000     
  0.200000000000000       0.800000000000000       0.600000000000000     
  0.200000000000000        1.00000000000000       0.600000000000000     
           2
         144         168          56         120         145
  0.200000000000000       0.800000000000000       0.800000000000000     
  0.000000000000000E+000   1.00000000000000       0.800000000000000     
  0.000000000000000E+000  0.800000000000000       0.800000000000000     
  0.200000000000000        1.00000000000000       0.600000000000000     
           2
         145         149          56           8         120
  0.200000000000000        1.00000000000000       0.800000000000000     
  0.000000000000000E+000   1.00000000000000       0.800000000000000     
  0.000000000000000E+000   1.00000000000000        1.00000000000000     
  0.000000000000000E+000  0.800000000000000       0.800000000000000     
           2
         146          36         120         168         149
  0.000000000000000E+000  0.800000000000000        1.00000000000000     
  0.000000000000000E+000  0.800000000000000       0.800000000000000     
  0.200000000000000       0.800000000000000       0.800000000000000     
  0.200000000000000        1.00000000000000       0.800000000000000     
           2
         147           8         120          36         149
  0.000000000000000E+000   1.00000000000000        1.00000000000000     
  0.000000000000000E+000  0.800000000000000       0.800000000000000     
  0.000000000000000E+000  0.800000000000000        1.00000000000000     
  0.200000000000000        1.00000000000000       0.800000000000000     
           2
         148          49         149           8          92
  0.200000000000000        1.00000000000000        1.00000000000000     
  0.200000000000000        1.00000000000000       0.800000000000000     
  0.000000000000000E+000   1.00000000000000        1.00000000000000     
  0.200000000000000       0.800000000000000        1.00000000000000     
           2
         149          92          36         168         149
  0.200000000000000       0.800000000000000        1.00000000000000     
  0.000000000000000E+000  0.800000000000000        1.00000000000000     
  0.200000000000000       0.800000000000000       0.800000000000000     
  0.200000000000000        1.00000000000000       0.800000000000000     
           2
         150          92           8          36         149
  0.200000000000000       0.800000000000000        1.00000000000000     
  0.000000000000000E+000   1.00000000000000        1.00000000000000     
  0.000000000000000E+000  0.800000000000000        1.00000000000000     
  0.200000000000000        1.00000000000000       0.800000000000000     
           2
         151         125         121         153           9
  0.400000000000000       0.200000000000000       0.000000000000000E+000
  0.200000000000000       0.200000000000000       0.000000000000000E+000
  0.200000000000000       0.200000000000000       0.200000000000000     
  0.200000000000000       0.000000000000000E+000  0.000000000000000E+000
           2
         152          57           9          10         125
  0.200000000000000       0.000000000000000E+000  0.200000000000000     
  0.200000000000000       0.000000000000000E+000  0.000000000000000E+000
  0.400000000000000       0.000000000000000E+000  0.000000000000000E+000
  0.400000000000000       0.200000000000000       0.000000000000000E+000
           2
         153         153           9          57         125
  0.200000000000000       0.200000000000000       0.200000000000000     
  0.200000000000000       0.000000000000000E+000  0.000000000000000E+000
  0.200000000000000       0.000000000000000E+000  0.200000000000000     
  0.400000000000000       0.200000000000000       0.000000000000000E+000
           2
         154         169         125         153          58
  0.400000000000000       0.200000000000000       0.200000000000000     
  0.400000000000000       0.200000000000000       0.000000000000000E+000
  0.200000000000000       0.200000000000000       0.200000000000000     
  0.400000000000000       0.000000000000000E+000  0.200000000000000     
           2
         155          58          57          10         125
  0.400000000000000       0.000000000000000E+000  0.200000000000000     
  0.200000000000000       0.000000000000000E+000  0.200000000000000     
  0.400000000000000       0.000000000000000E+000  0.000000000000000E+000
  0.400000000000000       0.200000000000000       0.000000000000000E+000
           2
         156          58         153          57         125
  0.400000000000000       0.000000000000000E+000  0.200000000000000     
  0.200000000000000       0.200000000000000       0.200000000000000     
  0.200000000000000       0.000000000000000E+000  0.200000000000000     
  0.400000000000000       0.200000000000000       0.000000000000000E+000
           2
         157         169         153         154          57
  0.400000000000000       0.200000000000000       0.200000000000000     
  0.200000000000000       0.200000000000000       0.200000000000000     
  0.200000000000000       0.200000000000000       0.400000000000000     
  0.200000000000000       0.000000000000000E+000  0.200000000000000     
           2
         158          61          57          58         169
  0.200000000000000       0.000000000000000E+000  0.400000000000000     
  0.200000000000000       0.000000000000000E+000  0.200000000000000     
  0.400000000000000       0.000000000000000E+000  0.200000000000000     
  0.400000000000000       0.200000000000000       0.200000000000000     
           2
         159         154          57          61         169
  0.200000000000000       0.200000000000000       0.400000000000000     
  0.200000000000000       0.000000000000000E+000  0.200000000000000     
  0.200000000000000       0.000000000000000E+000  0.400000000000000     
  0.400000000000000       0.200000000000000       0.200000000000000     
           2
         160         170         169         154          62
  0.400000000000000       0.200000000000000       0.400000000000000     
  0.400000000000000       0.200000000000000       0.200000000000000     
  0.200000000000000       0.200000000000000       0.400000000000000     
  0.400000000000000       0.000000000000000E+000  0.400000000000000     
           2
         161          62          61          58         169
  0.400000000000000       0.000000000000000E+000  0.400000000000000     
  0.200000000000000       0.000000000000000E+000  0.400000000000000     
  0.400000000000000       0.000000000000000E+000  0.200000000000000     
  0.400000000000000       0.200000000000000       0.200000000000000     
           2
         162          62         154          61         169
  0.400000000000000       0.000000000000000E+000  0.400000000000000     
  0.200000000000000       0.200000000000000       0.400000000000000     
  0.200000000000000       0.000000000000000E+000  0.400000000000000     
  0.400000000000000       0.200000000000000       0.200000000000000     
           2
         163         170         154         155          61
  0.400000000000000       0.200000000000000       0.400000000000000     
  0.200000000000000       0.200000000000000       0.400000000000000     
  0.200000000000000       0.200000000000000       0.600000000000000     
  0.200000000000000       0.000000000000000E+000  0.400000000000000     
           2
         164          65          61          62         170
  0.200000000000000       0.000000000000000E+000  0.600000000000000     
  0.200000000000000       0.000000000000000E+000  0.400000000000000     
  0.400000000000000       0.000000000000000E+000  0.400000000000000     
  0.400000000000000       0.200000000000000       0.400000000000000     
           2
         165         155          61          65         170
  0.200000000000000       0.200000000000000       0.600000000000000     
  0.200000000000000       0.000000000000000E+000  0.400000000000000     
  0.200000000000000       0.000000000000000E+000  0.600000000000000     
  0.400000000000000       0.200000000000000       0.400000000000000     
           2
         166         171         170         155          66
  0.400000000000000       0.200000000000000       0.600000000000000     
  0.400000000000000       0.200000000000000       0.400000000000000     
  0.200000000000000       0.200000000000000       0.600000000000000     
  0.400000000000000       0.000000000000000E+000  0.600000000000000     
           2
         167          66          65          62         170
  0.400000000000000       0.000000000000000E+000  0.600000000000000     
  0.200000000000000       0.000000000000000E+000  0.600000000000000     
  0.400000000000000       0.000000000000000E+000  0.400000000000000     
  0.400000000000000       0.200000000000000       0.400000000000000     
           2
         168          66         155          65         170
  0.400000000000000       0.000000000000000E+000  0.600000000000000     
  0.200000000000000       0.200000000000000       0.600000000000000     
  0.200000000000000       0.000000000000000E+000  0.600000000000000     
  0.400000000000000       0.200000000000000       0.400000000000000     
           2
         169         171         155         156          65
  0.400000000000000       0.200000000000000       0.600000000000000     
  0.200000000000000       0.200000000000000       0.600000000000000     
  0.200000000000000       0.200000000000000       0.800000000000000     
  0.200000000000000       0.000000000000000E+000  0.600000000000000     
           2
         170          69          65          66         171
  0.200000000000000       0.000000000000000E+000  0.800000000000000     
  0.200000000000000       0.000000000000000E+000  0.600000000000000     
  0.400000000000000       0.000000000000000E+000  0.600000000000000     
  0.400000000000000       0.200000000000000       0.600000000000000     
           2
         171         156          65          69         171
  0.200000000000000       0.200000000000000       0.800000000000000     
  0.200000000000000       0.000000000000000E+000  0.600000000000000     
  0.200000000000000       0.000000000000000E+000  0.800000000000000     
  0.400000000000000       0.200000000000000       0.600000000000000     
           2
         172         172         171         156          70
  0.400000000000000       0.200000000000000       0.800000000000000     
  0.400000000000000       0.200000000000000       0.600000000000000     
  0.200000000000000       0.200000000000000       0.800000000000000     
  0.400000000000000       0.000000000000000E+000  0.800000000000000     
           2
         173          70          69          66         171
  0.400000000000000       0.000000000000000E+000  0.800000000000000     
  0.200000000000000       0.000000000000000E+000  0.800000000000000     
  0.400000000000000       0.000000000000000E+000  0.600000000000000     
  0.400000000000000       0.200000000000000       0.600000000000000     
           2
         174          70         156          69         171
  0.400000000000000       0.000000000000000E+000  0.800000000000000     
  0.200000000000000       0.200000000000000       0.800000000000000     
  0.200000000000000       0.000000000000000E+000  0.800000000000000     
  0.400000000000000       0.200000000000000       0.600000000000000     
           2
         175         172         156          89          69
  0.400000000000000       0.200000000000000       0.800000000000000     
  0.200000000000000       0.200000000000000       0.800000000000000     
  0.200000000000000       0.200000000000000        1.00000000000000     
  0.200000000000000       0.000000000000000E+000  0.800000000000000     
           2
         176          17          69          70         172
  0.200000000000000       0.000000000000000E+000   1.00000000000000     
  0.200000000000000       0.000000000000000E+000  0.800000000000000     
  0.400000000000000       0.000000000000000E+000  0.800000000000000     
  0.400000000000000       0.200000000000000       0.800000000000000     
           2
         177          89          69          17         172
  0.200000000000000       0.200000000000000        1.00000000000000     
  0.200000000000000       0.000000000000000E+000  0.800000000000000     
  0.200000000000000       0.000000000000000E+000   1.00000000000000     
  0.400000000000000       0.200000000000000       0.800000000000000     
           2
         178          93         172          89          18
  0.400000000000000       0.200000000000000        1.00000000000000     
  0.400000000000000       0.200000000000000       0.800000000000000     
  0.200000000000000       0.200000000000000        1.00000000000000     
  0.400000000000000       0.000000000000000E+000   1.00000000000000     
           2
         179          18          17          70         172
  0.400000000000000       0.000000000000000E+000   1.00000000000000     
  0.200000000000000       0.000000000000000E+000   1.00000000000000     
  0.400000000000000       0.000000000000000E+000  0.800000000000000     
  0.400000000000000       0.200000000000000       0.800000000000000     
           2
         180          18          89          17         172
  0.400000000000000       0.000000000000000E+000   1.00000000000000     
  0.200000000000000       0.200000000000000        1.00000000000000     
  0.200000000000000       0.000000000000000E+000   1.00000000000000     
  0.400000000000000       0.200000000000000       0.800000000000000     
           2
         181         126         122         157         121
  0.400000000000000       0.400000000000000       0.000000000000000E+000
  0.200000000000000       0.400000000000000       0.000000000000000E+000
  0.200000000000000       0.400000000000000       0.200000000000000     
  0.200000000000000       0.200000000000000       0.000000000000000E+000
           2
         182         153         121         125         126
  0.200000000000000       0.200000000000000       0.200000000000000     
  0.200000000000000       0.200000000000000       0.000000000000000E+000
  0.400000000000000       0.200000000000000       0.000000000000000E+000
  0.400000000000000       0.400000000000000       0.000000000000000E+000
           2
         183         157         121         153         126
  0.200000000000000       0.400000000000000       0.200000000000000     
  0.200000000000000       0.200000000000000       0.000000000000000E+000
  0.200000000000000       0.200000000000000       0.200000000000000     
  0.400000000000000       0.400000000000000       0.000000000000000E+000
           2
         184         173         126         157         169
  0.400000000000000       0.400000000000000       0.200000000000000     
  0.400000000000000       0.400000000000000       0.000000000000000E+000
  0.200000000000000       0.400000000000000       0.200000000000000     
  0.400000000000000       0.200000000000000       0.200000000000000     
           2
         185         169         153         125         126
  0.400000000000000       0.200000000000000       0.200000000000000     
  0.200000000000000       0.200000000000000       0.200000000000000     
  0.400000000000000       0.200000000000000       0.000000000000000E+000
  0.400000000000000       0.400000000000000       0.000000000000000E+000
           2
         186         169         157         153         126
  0.400000000000000       0.200000000000000       0.200000000000000     
  0.200000000000000       0.400000000000000       0.200000000000000     
  0.200000000000000       0.200000000000000       0.200000000000000     
  0.400000000000000       0.400000000000000       0.000000000000000E+000
           2
         187         173         157         158         153
  0.400000000000000       0.400000000000000       0.200000000000000     
  0.200000000000000       0.400000000000000       0.200000000000000     
  0.200000000000000       0.400000000000000       0.400000000000000     
  0.200000000000000       0.200000000000000       0.200000000000000     
           2
         188         154         153         169         173
  0.200000000000000       0.200000000000000       0.400000000000000     
  0.200000000000000       0.200000000000000       0.200000000000000     
  0.400000000000000       0.200000000000000       0.200000000000000     
  0.400000000000000       0.400000000000000       0.200000000000000     
           2
         189         158         153         154         173
  0.200000000000000       0.400000000000000       0.400000000000000     
  0.200000000000000       0.200000000000000       0.200000000000000     
  0.200000000000000       0.200000000000000       0.400000000000000     
  0.400000000000000       0.400000000000000       0.200000000000000     
           2
         190         174         173         158         170
  0.400000000000000       0.400000000000000       0.400000000000000     
  0.400000000000000       0.400000000000000       0.200000000000000     
  0.200000000000000       0.400000000000000       0.400000000000000     
  0.400000000000000       0.200000000000000       0.400000000000000     
           2
         191         170         154         169         173
  0.400000000000000       0.200000000000000       0.400000000000000     
  0.200000000000000       0.200000000000000       0.400000000000000     
  0.400000000000000       0.200000000000000       0.200000000000000     
  0.400000000000000       0.400000000000000       0.200000000000000     
           2
         192         170         158         154         173
  0.400000000000000       0.200000000000000       0.400000000000000     
  0.200000000000000       0.400000000000000       0.400000000000000     
  0.200000000000000       0.200000000000000       0.400000000000000     
  0.400000000000000       0.400000000000000       0.200000000000000     
           2
         193         174         158         159         154
  0.400000000000000       0.400000000000000       0.400000000000000     
  0.200000000000000       0.400000000000000       0.400000000000000     
  0.200000000000000       0.400000000000000       0.600000000000000     
  0.200000000000000       0.200000000000000       0.400000000000000     
           2
         194         155         154         170         174
  0.200000000000000       0.200000000000000       0.600000000000000     
  0.200000000000000       0.200000000000000       0.400000000000000     
  0.400000000000000       0.200000000000000       0.400000000000000     
  0.400000000000000       0.400000000000000       0.400000000000000     
           2
         195         159         154         155         174
  0.200000000000000       0.400000000000000       0.600000000000000     
  0.200000000000000       0.200000000000000       0.400000000000000     
  0.200000000000000       0.200000000000000       0.600000000000000     
  0.400000000000000       0.400000000000000       0.400000000000000     
           2
         196         175         174         159         171
  0.400000000000000       0.400000000000000       0.600000000000000     
  0.400000000000000       0.400000000000000       0.400000000000000     
  0.200000000000000       0.400000000000000       0.600000000000000     
  0.400000000000000       0.200000000000000       0.600000000000000     
           2
         197         171         155         170         174
  0.400000000000000       0.200000000000000       0.600000000000000     
  0.200000000000000       0.200000000000000       0.600000000000000     
  0.400000000000000       0.200000000000000       0.400000000000000     
  0.400000000000000       0.400000000000000       0.400000000000000     
           2
         198         171         159         155         174
  0.400000000000000       0.200000000000000       0.600000000000000     
  0.200000000000000       0.400000000000000       0.600000000000000     
  0.200000000000000       0.200000000000000       0.600000000000000     
  0.400000000000000       0.400000000000000       0.400000000000000     
           2
         199         175         159         160         155
  0.400000000000000       0.400000000000000       0.600000000000000     
  0.200000000000000       0.400000000000000       0.600000000000000     
  0.200000000000000       0.400000000000000       0.800000000000000     
  0.200000000000000       0.200000000000000       0.600000000000000     
           2
         200         156         155         171         175
  0.200000000000000       0.200000000000000       0.800000000000000     
  0.200000000000000       0.200000000000000       0.600000000000000     
  0.400000000000000       0.200000000000000       0.600000000000000     
  0.400000000000000       0.400000000000000       0.600000000000000     
           2
         201         160         155         156         175
  0.200000000000000       0.400000000000000       0.800000000000000     
  0.200000000000000       0.200000000000000       0.600000000000000     
  0.200000000000000       0.200000000000000       0.800000000000000     
  0.400000000000000       0.400000000000000       0.600000000000000     
           2
         202         176         175         160         172
  0.400000000000000       0.400000000000000       0.800000000000000     
  0.400000000000000       0.400000000000000       0.600000000000000     
  0.200000000000000       0.400000000000000       0.800000000000000     
  0.400000000000000       0.200000000000000       0.800000000000000     
           2
         203         172         156         171         175
  0.400000000000000       0.200000000000000       0.800000000000000     
  0.200000000000000       0.200000000000000       0.800000000000000     
  0.400000000000000       0.200000000000000       0.600000000000000     
  0.400000000000000       0.400000000000000       0.600000000000000     
           2
         204         172         160         156         175
  0.400000000000000       0.200000000000000       0.800000000000000     
  0.200000000000000       0.400000000000000       0.800000000000000     
  0.200000000000000       0.200000000000000       0.800000000000000     
  0.400000000000000       0.400000000000000       0.600000000000000     
           2
         205         176         160          90         156
  0.400000000000000       0.400000000000000       0.800000000000000     
  0.200000000000000       0.400000000000000       0.800000000000000     
  0.200000000000000       0.400000000000000        1.00000000000000     
  0.200000000000000       0.200000000000000       0.800000000000000     
           2
         206          89         156         172         176
  0.200000000000000       0.200000000000000        1.00000000000000     
  0.200000000000000       0.200000000000000       0.800000000000000     
  0.400000000000000       0.200000000000000       0.800000000000000     
  0.400000000000000       0.400000000000000       0.800000000000000     
           2
         207          90         156          89         176
  0.200000000000000       0.400000000000000        1.00000000000000     
  0.200000000000000       0.200000000000000       0.800000000000000     
  0.200000000000000       0.200000000000000        1.00000000000000     
  0.400000000000000       0.400000000000000       0.800000000000000     
           2
         208          94         176          90          93
  0.400000000000000       0.400000000000000        1.00000000000000     
  0.400000000000000       0.400000000000000       0.800000000000000     
  0.200000000000000       0.400000000000000        1.00000000000000     
  0.400000000000000       0.200000000000000        1.00000000000000     
           2
         209          93          89         172         176
  0.400000000000000       0.200000000000000        1.00000000000000     
  0.200000000000000       0.200000000000000        1.00000000000000     
  0.400000000000000       0.200000000000000       0.800000000000000     
  0.400000000000000       0.400000000000000       0.800000000000000     
           2
         210          93          90          89         176
  0.400000000000000       0.200000000000000        1.00000000000000     
  0.200000000000000       0.400000000000000        1.00000000000000     
  0.200000000000000       0.200000000000000        1.00000000000000     
  0.400000000000000       0.400000000000000       0.800000000000000     
           2
         211         127         123         161         122
  0.400000000000000       0.600000000000000       0.000000000000000E+000
  0.200000000000000       0.600000000000000       0.000000000000000E+000
  0.200000000000000       0.600000000000000       0.200000000000000     
  0.200000000000000       0.400000000000000       0.000000000000000E+000
           2
         212         157         122         126         127
  0.200000000000000       0.400000000000000       0.200000000000000     
  0.200000000000000       0.400000000000000       0.000000000000000E+000
  0.400000000000000       0.400000000000000       0.000000000000000E+000
  0.400000000000000       0.600000000000000       0.000000000000000E+000
           2
         213         161         122         157         127
  0.200000000000000       0.600000000000000       0.200000000000000     
  0.200000000000000       0.400000000000000       0.000000000000000E+000
  0.200000000000000       0.400000000000000       0.200000000000000     
  0.400000000000000       0.600000000000000       0.000000000000000E+000
           2
         214         177         127         161         173
  0.400000000000000       0.600000000000000       0.200000000000000     
  0.400000000000000       0.600000000000000       0.000000000000000E+000
  0.200000000000000       0.600000000000000       0.200000000000000     
  0.400000000000000       0.400000000000000       0.200000000000000     
           2
         215         173         157         126         127
  0.400000000000000       0.400000000000000       0.200000000000000     
  0.200000000000000       0.400000000000000       0.200000000000000     
  0.400000000000000       0.400000000000000       0.000000000000000E+000
  0.400000000000000       0.600000000000000       0.000000000000000E+000
           2
         216         173         161         157         127
  0.400000000000000       0.400000000000000       0.200000000000000     
  0.200000000000000       0.600000000000000       0.200000000000000     
  0.200000000000000       0.400000000000000       0.200000000000000     
  0.400000000000000       0.600000000000000       0.000000000000000E+000
           2
         217         177         161         162         157
  0.400000000000000       0.600000000000000       0.200000000000000     
  0.200000000000000       0.600000000000000       0.200000000000000     
  0.200000000000000       0.600000000000000       0.400000000000000     
  0.200000000000000       0.400000000000000       0.200000000000000     
           2
         218         158         157         173         177
  0.200000000000000       0.400000000000000       0.400000000000000     
  0.200000000000000       0.400000000000000       0.200000000000000     
  0.400000000000000       0.400000000000000       0.200000000000000     
  0.400000000000000       0.600000000000000       0.200000000000000     
           2
         219         162         157         158         177
  0.200000000000000       0.600000000000000       0.400000000000000     
  0.200000000000000       0.400000000000000       0.200000000000000     
  0.200000000000000       0.400000000000000       0.400000000000000     
  0.400000000000000       0.600000000000000       0.200000000000000     
           2
         220         178         177         162         174
  0.400000000000000       0.600000000000000       0.400000000000000     
  0.400000000000000       0.600000000000000       0.200000000000000     
  0.200000000000000       0.600000000000000       0.400000000000000     
  0.400000000000000       0.400000000000000       0.400000000000000     
           2
         221         174         158         173         177
  0.400000000000000       0.400000000000000       0.400000000000000     
  0.200000000000000       0.400000000000000       0.400000000000000     
  0.400000000000000       0.400000000000000       0.200000000000000     
  0.400000000000000       0.600000000000000       0.200000000000000     
           2
         222         174         162         158         177
  0.400000000000000       0.400000000000000       0.400000000000000     
  0.200000000000000       0.600000000000000       0.400000000000000     
  0.200000000000000       0.400000000000000       0.400000000000000     
  0.400000000000000       0.600000000000000       0.200000000000000     
           2
         223         178         162         163         158
  0.400000000000000       0.600000000000000       0.400000000000000     
  0.200000000000000       0.600000000000000       0.400000000000000     
  0.200000000000000       0.600000000000000       0.600000000000000     
  0.200000000000000       0.400000000000000       0.400000000000000     
           2
         224         159         158         174         178
  0.200000000000000       0.400000000000000       0.600000000000000     
  0.200000000000000       0.400000000000000       0.400000000000000     
  0.400000000000000       0.400000000000000       0.400000000000000     
  0.400000000000000       0.600000000000000       0.400000000000000     
           2
         225         163         158         159         178
  0.200000000000000       0.600000000000000       0.600000000000000     
  0.200000000000000       0.400000000000000       0.400000000000000     
  0.200000000000000       0.400000000000000       0.600000000000000     
  0.400000000000000       0.600000000000000       0.400000000000000     
           2
         226         179         178         163         175
  0.400000000000000       0.600000000000000       0.600000000000000     
  0.400000000000000       0.600000000000000       0.400000000000000     
  0.200000000000000       0.600000000000000       0.600000000000000     
  0.400000000000000       0.400000000000000       0.600000000000000     
           2
         227         175         159         174         178
  0.400000000000000       0.400000000000000       0.600000000000000     
  0.200000000000000       0.400000000000000       0.600000000000000     
  0.400000000000000       0.400000000000000       0.400000000000000     
  0.400000000000000       0.600000000000000       0.400000000000000     
           2
         228         175         163         159         178
  0.400000000000000       0.400000000000000       0.600000000000000     
  0.200000000000000       0.600000000000000       0.600000000000000     
  0.200000000000000       0.400000000000000       0.600000000000000     
  0.400000000000000       0.600000000000000       0.400000000000000     
           2
         229         179         163         164         159
  0.400000000000000       0.600000000000000       0.600000000000000     
  0.200000000000000       0.600000000000000       0.600000000000000     
  0.200000000000000       0.600000000000000       0.800000000000000     
  0.200000000000000       0.400000000000000       0.600000000000000     
           2
         230         160         159         175         179
  0.200000000000000       0.400000000000000       0.800000000000000     
  0.200000000000000       0.400000000000000       0.600000000000000     
  0.400000000000000       0.400000000000000       0.600000000000000     
  0.400000000000000       0.600000000000000       0.600000000000000     
           2
         231         164         159         160         179
  0.200000000000000       0.600000000000000       0.800000000000000     
  0.200000000000000       0.400000000000000       0.600000000000000     
  0.200000000000000       0.400000000000000       0.800000000000000     
  0.400000000000000       0.600000000000000       0.600000000000000     
           2
         232         180         179         164         176
  0.400000000000000       0.600000000000000       0.800000000000000     
  0.400000000000000       0.600000000000000       0.600000000000000     
  0.200000000000000       0.600000000000000       0.800000000000000     
  0.400000000000000       0.400000000000000       0.800000000000000     
           2
         233         176         160         175         179
  0.400000000000000       0.400000000000000       0.800000000000000     
  0.200000000000000       0.400000000000000       0.800000000000000     
  0.400000000000000       0.400000000000000       0.600000000000000     
  0.400000000000000       0.600000000000000       0.600000000000000     
           2
         234         176         164         160         179
  0.400000000000000       0.400000000000000       0.800000000000000     
  0.200000000000000       0.600000000000000       0.800000000000000     
  0.200000000000000       0.400000000000000       0.800000000000000     
  0.400000000000000       0.600000000000000       0.600000000000000     
           2
         235         180         164          91         160
  0.400000000000000       0.600000000000000       0.800000000000000     
  0.200000000000000       0.600000000000000       0.800000000000000     
  0.200000000000000       0.600000000000000        1.00000000000000     
  0.200000000000000       0.400000000000000       0.800000000000000     
           2
         236          90         160         176         180
  0.200000000000000       0.400000000000000        1.00000000000000     
  0.200000000000000       0.400000000000000       0.800000000000000     
  0.400000000000000       0.400000000000000       0.800000000000000     
  0.400000000000000       0.600000000000000       0.800000000000000     
           2
         237          91         160          90         180
  0.200000000000000       0.600000000000000        1.00000000000000     
  0.200000000000000       0.400000000000000       0.800000000000000     
  0.200000000000000       0.400000000000000        1.00000000000000     
  0.400000000000000       0.600000000000000       0.800000000000000     
           2
         238          95         180          91          94
  0.400000000000000       0.600000000000000        1.00000000000000     
  0.400000000000000       0.600000000000000       0.800000000000000     
  0.200000000000000       0.600000000000000        1.00000000000000     
  0.400000000000000       0.400000000000000        1.00000000000000     
           2
         239          94          90         176         180
  0.400000000000000       0.400000000000000        1.00000000000000     
  0.200000000000000       0.400000000000000        1.00000000000000     
  0.400000000000000       0.400000000000000       0.800000000000000     
  0.400000000000000       0.600000000000000       0.800000000000000     
           2
         240          94          91          90         180
  0.400000000000000       0.400000000000000        1.00000000000000     
  0.200000000000000       0.600000000000000        1.00000000000000     
  0.200000000000000       0.400000000000000        1.00000000000000     
  0.400000000000000       0.600000000000000       0.800000000000000     
           2
         241         128         124         165         123
  0.400000000000000       0.800000000000000       0.000000000000000E+000
  0.200000000000000       0.800000000000000       0.000000000000000E+000
  0.200000000000000       0.800000000000000       0.200000000000000     
  0.200000000000000       0.600000000000000       0.000000000000000E+000
           2
         242         161         123         127         128
  0.200000000000000       0.600000000000000       0.200000000000000     
  0.200000000000000       0.600000000000000       0.000000000000000E+000
  0.400000000000000       0.600000000000000       0.000000000000000E+000
  0.400000000000000       0.800000000000000       0.000000000000000E+000
           2
         243         165         123         161         128
  0.200000000000000       0.800000000000000       0.200000000000000     
  0.200000000000000       0.600000000000000       0.000000000000000E+000
  0.200000000000000       0.600000000000000       0.200000000000000     
  0.400000000000000       0.800000000000000       0.000000000000000E+000
           2
         244         181         128         165         177
  0.400000000000000       0.800000000000000       0.200000000000000     
  0.400000000000000       0.800000000000000       0.000000000000000E+000
  0.200000000000000       0.800000000000000       0.200000000000000     
  0.400000000000000       0.600000000000000       0.200000000000000     
           2
         245         177         161         127         128
  0.400000000000000       0.600000000000000       0.200000000000000     
  0.200000000000000       0.600000000000000       0.200000000000000     
  0.400000000000000       0.600000000000000       0.000000000000000E+000
  0.400000000000000       0.800000000000000       0.000000000000000E+000
           2
         246         177         165         161         128
  0.400000000000000       0.600000000000000       0.200000000000000     
  0.200000000000000       0.800000000000000       0.200000000000000     
  0.200000000000000       0.600000000000000       0.200000000000000     
  0.400000000000000       0.800000000000000       0.000000000000000E+000
           2
         247         181         165         166         161
  0.400000000000000       0.800000000000000       0.200000000000000     
  0.200000000000000       0.800000000000000       0.200000000000000     
  0.200000000000000       0.800000000000000       0.400000000000000     
  0.200000000000000       0.600000000000000       0.200000000000000     
           2
         248         162         161         177         181
  0.200000000000000       0.600000000000000       0.400000000000000     
  0.200000000000000       0.600000000000000       0.200000000000000     
  0.400000000000000       0.600000000000000       0.200000000000000     
  0.400000000000000       0.800000000000000       0.200000000000000     
           2
         249         166         161         162         181
  0.200000000000000       0.800000000000000       0.400000000000000     
  0.200000000000000       0.600000000000000       0.200000000000000     
  0.200000000000000       0.600000000000000       0.400000000000000     
  0.400000000000000       0.800000000000000       0.200000000000000     
           2
         250         182         181         166         178
  0.400000000000000       0.800000000000000       0.400000000000000     
  0.400000000000000       0.800000000000000       0.200000000000000     
  0.200000000000000       0.800000000000000       0.400000000000000     
  0.400000000000000       0.600000000000000       0.400000000000000     
           2
         251         178         162         177         181
  0.400000000000000       0.600000000000000       0.400000000000000     
  0.200000000000000       0.600000000000000       0.400000000000000     
  0.400000000000000       0.600000000000000       0.200000000000000     
  0.400000000000000       0.800000000000000       0.200000000000000     
           2
         252         178         166         162         181
  0.400000000000000       0.600000000000000       0.400000000000000     
  0.200000000000000       0.800000000000000       0.400000000000000     
  0.200000000000000       0.600000000000000       0.400000000000000     
  0.400000000000000       0.800000000000000       0.200000000000000     
           2
         253         182         166         167         162
  0.400000000000000       0.800000000000000       0.400000000000000     
  0.200000000000000       0.800000000000000       0.400000000000000     
  0.200000000000000       0.800000000000000       0.600000000000000     
  0.200000000000000       0.600000000000000       0.400000000000000     
           2
         254         163         162         178         182
  0.200000000000000       0.600000000000000       0.600000000000000     
  0.200000000000000       0.600000000000000       0.400000000000000     
  0.400000000000000       0.600000000000000       0.400000000000000     
  0.400000000000000       0.800000000000000       0.400000000000000     
           2
         255         167         162         163         182
  0.200000000000000       0.800000000000000       0.600000000000000     
  0.200000000000000       0.600000000000000       0.400000000000000     
  0.200000000000000       0.600000000000000       0.600000000000000     
  0.400000000000000       0.800000000000000       0.400000000000000     
           2
         256         183         182         167         179
  0.400000000000000       0.800000000000000       0.600000000000000     
  0.400000000000000       0.800000000000000       0.400000000000000     
  0.200000000000000       0.800000000000000       0.600000000000000     
  0.400000000000000       0.600000000000000       0.600000000000000     
           2
         257         179         163         178         182
  0.400000000000000       0.600000000000000       0.600000000000000     
  0.200000000000000       0.600000000000000       0.600000000000000     
  0.400000000000000       0.600000000000000       0.400000000000000     
  0.400000000000000       0.800000000000000       0.400000000000000     
           2
         258         179         167         163         182
  0.400000000000000       0.600000000000000       0.600000000000000     
  0.200000000000000       0.800000000000000       0.600000000000000     
  0.200000000000000       0.600000000000000       0.600000000000000     
  0.400000000000000       0.800000000000000       0.400000000000000     
           2
         259         183         167         168         163
  0.400000000000000       0.800000000000000       0.600000000000000     
  0.200000000000000       0.800000000000000       0.600000000000000     
  0.200000000000000       0.800000000000000       0.800000000000000     
  0.200000000000000       0.600000000000000       0.600000000000000     
           2
         260         164         163         179         183
  0.200000000000000       0.600000000000000       0.800000000000000     
  0.200000000000000       0.600000000000000       0.600000000000000     
  0.400000000000000       0.600000000000000       0.600000000000000     
  0.400000000000000       0.800000000000000       0.600000000000000     
           2
         261         168         163         164         183
  0.200000000000000       0.800000000000000       0.800000000000000     
  0.200000000000000       0.600000000000000       0.600000000000000     
  0.200000000000000       0.600000000000000       0.800000000000000     
  0.400000000000000       0.800000000000000       0.600000000000000     
           2
         262         184         183         168         180
  0.400000000000000       0.800000000000000       0.800000000000000     
  0.400000000000000       0.800000000000000       0.600000000000000     
  0.200000000000000       0.800000000000000       0.800000000000000     
  0.400000000000000       0.600000000000000       0.800000000000000     
           2
         263         180         164         179         183
  0.400000000000000       0.600000000000000       0.800000000000000     
  0.200000000000000       0.600000000000000       0.800000000000000     
  0.400000000000000       0.600000000000000       0.600000000000000     
  0.400000000000000       0.800000000000000       0.600000000000000     
           2
         264         180         168         164         183
  0.400000000000000       0.600000000000000       0.800000000000000     
  0.200000000000000       0.800000000000000       0.800000000000000     
  0.200000000000000       0.600000000000000       0.800000000000000     
  0.400000000000000       0.800000000000000       0.600000000000000     
           2
         265         184         168          92         164
  0.400000000000000       0.800000000000000       0.800000000000000     
  0.200000000000000       0.800000000000000       0.800000000000000     
  0.200000000000000       0.800000000000000        1.00000000000000     
  0.200000000000000       0.600000000000000       0.800000000000000     
           2
         266          91         164         180         184
  0.200000000000000       0.600000000000000        1.00000000000000     
  0.200000000000000       0.600000000000000       0.800000000000000     
  0.400000000000000       0.600000000000000       0.800000000000000     
  0.400000000000000       0.800000000000000       0.800000000000000     
           2
         267          92         164          91         184
  0.200000000000000       0.800000000000000        1.00000000000000     
  0.200000000000000       0.600000000000000       0.800000000000000     
  0.200000000000000       0.600000000000000        1.00000000000000     
  0.400000000000000       0.800000000000000       0.800000000000000     
           2
         268          96         184          92          95
  0.400000000000000       0.800000000000000        1.00000000000000     
  0.400000000000000       0.800000000000000       0.800000000000000     
  0.200000000000000       0.800000000000000        1.00000000000000     
  0.400000000000000       0.600000000000000        1.00000000000000     
           2
         269          95          91         180         184
  0.400000000000000       0.600000000000000        1.00000000000000     
  0.200000000000000       0.600000000000000        1.00000000000000     
  0.400000000000000       0.600000000000000       0.800000000000000     
  0.400000000000000       0.800000000000000       0.800000000000000     
           2
         270          95          92          91         184
  0.400000000000000       0.600000000000000        1.00000000000000     
  0.200000000000000       0.800000000000000        1.00000000000000     
  0.200000000000000       0.600000000000000        1.00000000000000     
  0.400000000000000       0.800000000000000       0.800000000000000     
           2
         271          42          41         137         124
  0.400000000000000        1.00000000000000       0.000000000000000E+000
  0.200000000000000        1.00000000000000       0.000000000000000E+000
  0.200000000000000        1.00000000000000       0.200000000000000     
  0.200000000000000       0.800000000000000       0.000000000000000E+000
           2
         272         165         124         128          42
  0.200000000000000       0.800000000000000       0.200000000000000     
  0.200000000000000       0.800000000000000       0.000000000000000E+000
  0.400000000000000       0.800000000000000       0.000000000000000E+000
  0.400000000000000        1.00000000000000       0.000000000000000E+000
           2
         273         137         124         165          42
  0.200000000000000        1.00000000000000       0.200000000000000     
  0.200000000000000       0.800000000000000       0.000000000000000E+000
  0.200000000000000       0.800000000000000       0.200000000000000     
  0.400000000000000        1.00000000000000       0.000000000000000E+000
           2
         274         138          42         137         181
  0.400000000000000        1.00000000000000       0.200000000000000     
  0.400000000000000        1.00000000000000       0.000000000000000E+000
  0.200000000000000        1.00000000000000       0.200000000000000     
  0.400000000000000       0.800000000000000       0.200000000000000     
           2
         275         181         165         128          42
  0.400000000000000       0.800000000000000       0.200000000000000     
  0.200000000000000       0.800000000000000       0.200000000000000     
  0.400000000000000       0.800000000000000       0.000000000000000E+000
  0.400000000000000        1.00000000000000       0.000000000000000E+000
           2
         276         181         137         165          42
  0.400000000000000       0.800000000000000       0.200000000000000     
  0.200000000000000        1.00000000000000       0.200000000000000     
  0.200000000000000       0.800000000000000       0.200000000000000     
  0.400000000000000        1.00000000000000       0.000000000000000E+000
           2
         277         138         137         141         165
  0.400000000000000        1.00000000000000       0.200000000000000     
  0.200000000000000        1.00000000000000       0.200000000000000     
  0.200000000000000        1.00000000000000       0.400000000000000     
  0.200000000000000       0.800000000000000       0.200000000000000     
           2
         278         166         165         181         138
  0.200000000000000       0.800000000000000       0.400000000000000     
  0.200000000000000       0.800000000000000       0.200000000000000     
  0.400000000000000       0.800000000000000       0.200000000000000     
  0.400000000000000        1.00000000000000       0.200000000000000     
           2
         279         141         165         166         138
  0.200000000000000        1.00000000000000       0.400000000000000     
  0.200000000000000       0.800000000000000       0.200000000000000     
  0.200000000000000       0.800000000000000       0.400000000000000     
  0.400000000000000        1.00000000000000       0.200000000000000     
           2
         280         142         138         141         182
  0.400000000000000        1.00000000000000       0.400000000000000     
  0.400000000000000        1.00000000000000       0.200000000000000     
  0.200000000000000        1.00000000000000       0.400000000000000     
  0.400000000000000       0.800000000000000       0.400000000000000     
           2
         281         182         166         181         138
  0.400000000000000       0.800000000000000       0.400000000000000     
  0.200000000000000       0.800000000000000       0.400000000000000     
  0.400000000000000       0.800000000000000       0.200000000000000     
  0.400000000000000        1.00000000000000       0.200000000000000     
           2
         282         182         141         166         138
  0.400000000000000       0.800000000000000       0.400000000000000     
  0.200000000000000        1.00000000000000       0.400000000000000     
  0.200000000000000       0.800000000000000       0.400000000000000     
  0.400000000000000        1.00000000000000       0.200000000000000     
           2
         283         142         141         145         166
  0.400000000000000        1.00000000000000       0.400000000000000     
  0.200000000000000        1.00000000000000       0.400000000000000     
  0.200000000000000        1.00000000000000       0.600000000000000     
  0.200000000000000       0.800000000000000       0.400000000000000     
           2
         284         167         166         182         142
  0.200000000000000       0.800000000000000       0.600000000000000     
  0.200000000000000       0.800000000000000       0.400000000000000     
  0.400000000000000       0.800000000000000       0.400000000000000     
  0.400000000000000        1.00000000000000       0.400000000000000     
           2
         285         145         166         167         142
  0.200000000000000        1.00000000000000       0.600000000000000     
  0.200000000000000       0.800000000000000       0.400000000000000     
  0.200000000000000       0.800000000000000       0.600000000000000     
  0.400000000000000        1.00000000000000       0.400000000000000     
           2
         286         146         142         145         183
  0.400000000000000        1.00000000000000       0.600000000000000     
  0.400000000000000        1.00000000000000       0.400000000000000     
  0.200000000000000        1.00000000000000       0.600000000000000     
  0.400000000000000       0.800000000000000       0.600000000000000     
           2
         287         183         167         182         142
  0.400000000000000       0.800000000000000       0.600000000000000     
  0.200000000000000       0.800000000000000       0.600000000000000     
  0.400000000000000       0.800000000000000       0.400000000000000     
  0.400000000000000        1.00000000000000       0.400000000000000     
           2
         288         183         145         167         142
  0.400000000000000       0.800000000000000       0.600000000000000     
  0.200000000000000        1.00000000000000       0.600000000000000     
  0.200000000000000       0.800000000000000       0.600000000000000     
  0.400000000000000        1.00000000000000       0.400000000000000     
           2
         289         146         145         149         167
  0.400000000000000        1.00000000000000       0.600000000000000     
  0.200000000000000        1.00000000000000       0.600000000000000     
  0.200000000000000        1.00000000000000       0.800000000000000     
  0.200000000000000       0.800000000000000       0.600000000000000     
           2
         290         168         167         183         146
  0.200000000000000       0.800000000000000       0.800000000000000     
  0.200000000000000       0.800000000000000       0.600000000000000     
  0.400000000000000       0.800000000000000       0.600000000000000     
  0.400000000000000        1.00000000000000       0.600000000000000     
           2
         291         149         167         168         146
  0.200000000000000        1.00000000000000       0.800000000000000     
  0.200000000000000       0.800000000000000       0.600000000000000     
  0.200000000000000       0.800000000000000       0.800000000000000     
  0.400000000000000        1.00000000000000       0.600000000000000     
           2
         292         150         146         149         184
  0.400000000000000        1.00000000000000       0.800000000000000     
  0.400000000000000        1.00000000000000       0.600000000000000     
  0.200000000000000        1.00000000000000       0.800000000000000     
  0.400000000000000       0.800000000000000       0.800000000000000     
           2
         293         184         168         183         146
  0.400000000000000       0.800000000000000       0.800000000000000     
  0.200000000000000       0.800000000000000       0.800000000000000     
  0.400000000000000       0.800000000000000       0.600000000000000     
  0.400000000000000        1.00000000000000       0.600000000000000     
           2
         294         184         149         168         146
  0.400000000000000       0.800000000000000       0.800000000000000     
  0.200000000000000        1.00000000000000       0.800000000000000     
  0.200000000000000       0.800000000000000       0.800000000000000     
  0.400000000000000        1.00000000000000       0.600000000000000     
           2
         295         150         149          49         168
  0.400000000000000        1.00000000000000       0.800000000000000     
  0.200000000000000        1.00000000000000       0.800000000000000     
  0.200000000000000        1.00000000000000        1.00000000000000     
  0.200000000000000       0.800000000000000       0.800000000000000     
           2
         296          92         168         184         150
  0.200000000000000       0.800000000000000        1.00000000000000     
  0.200000000000000       0.800000000000000       0.800000000000000     
  0.400000000000000       0.800000000000000       0.800000000000000     
  0.400000000000000        1.00000000000000       0.800000000000000     
           2
         297          49         168          92         150
  0.200000000000000        1.00000000000000        1.00000000000000     
  0.200000000000000       0.800000000000000       0.800000000000000     
  0.200000000000000       0.800000000000000        1.00000000000000     
  0.400000000000000        1.00000000000000       0.800000000000000     
           2
         298          50         150          49          96
  0.400000000000000        1.00000000000000        1.00000000000000     
  0.400000000000000        1.00000000000000       0.800000000000000     
  0.200000000000000        1.00000000000000        1.00000000000000     
  0.400000000000000       0.800000000000000        1.00000000000000     
           2
         299          96          92         184         150
  0.400000000000000       0.800000000000000        1.00000000000000     
  0.200000000000000       0.800000000000000        1.00000000000000     
  0.400000000000000       0.800000000000000       0.800000000000000     
  0.400000000000000        1.00000000000000       0.800000000000000     
           2
         300          96          49          92         150
  0.400000000000000       0.800000000000000        1.00000000000000     
  0.200000000000000        1.00000000000000        1.00000000000000     
  0.200000000000000       0.800000000000000        1.00000000000000     
  0.400000000000000        1.00000000000000       0.800000000000000     
           2
         301         129         125         169          10
  0.600000000000000       0.200000000000000       0.000000000000000E+000
  0.400000000000000       0.200000000000000       0.000000000000000E+000
  0.400000000000000       0.200000000000000       0.200000000000000     
  0.400000000000000       0.000000000000000E+000  0.000000000000000E+000
           2
         302          58          10          11         129
  0.400000000000000       0.000000000000000E+000  0.200000000000000     
  0.400000000000000       0.000000000000000E+000  0.000000000000000E+000
  0.600000000000000       0.000000000000000E+000  0.000000000000000E+000
  0.600000000000000       0.200000000000000       0.000000000000000E+000
           2
         303         169          10          58         129
  0.400000000000000       0.200000000000000       0.200000000000000     
  0.400000000000000       0.000000000000000E+000  0.000000000000000E+000
  0.400000000000000       0.000000000000000E+000  0.200000000000000     
  0.600000000000000       0.200000000000000       0.000000000000000E+000
           2
         304         185         129         169          59
  0.600000000000000       0.200000000000000       0.200000000000000     
  0.600000000000000       0.200000000000000       0.000000000000000E+000
  0.400000000000000       0.200000000000000       0.200000000000000     
  0.600000000000000       0.000000000000000E+000  0.200000000000000     
           2
         305          59          58          11         129
  0.600000000000000       0.000000000000000E+000  0.200000000000000     
  0.400000000000000       0.000000000000000E+000  0.200000000000000     
  0.600000000000000       0.000000000000000E+000  0.000000000000000E+000
  0.600000000000000       0.200000000000000       0.000000000000000E+000
           2
         306          59         169          58         129
  0.600000000000000       0.000000000000000E+000  0.200000000000000     
  0.400000000000000       0.200000000000000       0.200000000000000     
  0.400000000000000       0.000000000000000E+000  0.200000000000000     
  0.600000000000000       0.200000000000000       0.000000000000000E+000
           2
         307         185         169         170          58
  0.600000000000000       0.200000000000000       0.200000000000000     
  0.400000000000000       0.200000000000000       0.200000000000000     
  0.400000000000000       0.200000000000000       0.400000000000000     
  0.400000000000000       0.000000000000000E+000  0.200000000000000     
           2
         308          62          58          59         185
  0.400000000000000       0.000000000000000E+000  0.400000000000000     
  0.400000000000000       0.000000000000000E+000  0.200000000000000     
  0.600000000000000       0.000000000000000E+000  0.200000000000000     
  0.600000000000000       0.200000000000000       0.200000000000000     
           2
         309         170          58          62         185
  0.400000000000000       0.200000000000000       0.400000000000000     
  0.400000000000000       0.000000000000000E+000  0.200000000000000     
  0.400000000000000       0.000000000000000E+000  0.400000000000000     
  0.600000000000000       0.200000000000000       0.200000000000000     
           2
         310         186         185         170          63
  0.600000000000000       0.200000000000000       0.400000000000000     
  0.600000000000000       0.200000000000000       0.200000000000000     
  0.400000000000000       0.200000000000000       0.400000000000000     
  0.600000000000000       0.000000000000000E+000  0.400000000000000     
           2
         311          63          62          59         185
  0.600000000000000       0.000000000000000E+000  0.400000000000000     
  0.400000000000000       0.000000000000000E+000  0.400000000000000     
  0.600000000000000       0.000000000000000E+000  0.200000000000000     
  0.600000000000000       0.200000000000000       0.200000000000000     
           2
         312          63         170          62         185
  0.600000000000000       0.000000000000000E+000  0.400000000000000     
  0.400000000000000       0.200000000000000       0.400000000000000     
  0.400000000000000       0.000000000000000E+000  0.400000000000000     
  0.600000000000000       0.200000000000000       0.200000000000000     
           2
         313         186         170         171          62
  0.600000000000000       0.200000000000000       0.400000000000000     
  0.400000000000000       0.200000000000000       0.400000000000000     
  0.400000000000000       0.200000000000000       0.600000000000000     
  0.400000000000000       0.000000000000000E+000  0.400000000000000     
           2
         314          66          62          63         186
  0.400000000000000       0.000000000000000E+000  0.600000000000000     
  0.400000000000000       0.000000000000000E+000  0.400000000000000     
  0.600000000000000       0.000000000000000E+000  0.400000000000000     
  0.600000000000000       0.200000000000000       0.400000000000000     
           2
         315         171          62          66         186
  0.400000000000000       0.200000000000000       0.600000000000000     
  0.400000000000000       0.000000000000000E+000  0.400000000000000     
  0.400000000000000       0.000000000000000E+000  0.600000000000000     
  0.600000000000000       0.200000000000000       0.400000000000000     
           2
         316         187         186         171          67
  0.600000000000000       0.200000000000000       0.600000000000000     
  0.600000000000000       0.200000000000000       0.400000000000000     
  0.400000000000000       0.200000000000000       0.600000000000000     
  0.600000000000000       0.000000000000000E+000  0.600000000000000     
           2
         317          67          66          63         186
  0.600000000000000       0.000000000000000E+000  0.600000000000000     
  0.400000000000000       0.000000000000000E+000  0.600000000000000     
  0.600000000000000       0.000000000000000E+000  0.400000000000000     
  0.600000000000000       0.200000000000000       0.400000000000000     
           2
         318          67         171          66         186
  0.600000000000000       0.000000000000000E+000  0.600000000000000     
  0.400000000000000       0.200000000000000       0.600000000000000     
  0.400000000000000       0.000000000000000E+000  0.600000000000000     
  0.600000000000000       0.200000000000000       0.400000000000000     
           2
         319         187         171         172          66
  0.600000000000000       0.200000000000000       0.600000000000000     
  0.400000000000000       0.200000000000000       0.600000000000000     
  0.400000000000000       0.200000000000000       0.800000000000000     
  0.400000000000000       0.000000000000000E+000  0.600000000000000     
           2
         320          70          66          67         187
  0.400000000000000       0.000000000000000E+000  0.800000000000000     
  0.400000000000000       0.000000000000000E+000  0.600000000000000     
  0.600000000000000       0.000000000000000E+000  0.600000000000000     
  0.600000000000000       0.200000000000000       0.600000000000000     
           2
         321         172          66          70         187
  0.400000000000000       0.200000000000000       0.800000000000000     
  0.400000000000000       0.000000000000000E+000  0.600000000000000     
  0.400000000000000       0.000000000000000E+000  0.800000000000000     
  0.600000000000000       0.200000000000000       0.600000000000000     
           2
         322         188         187         172          71
  0.600000000000000       0.200000000000000       0.800000000000000     
  0.600000000000000       0.200000000000000       0.600000000000000     
  0.400000000000000       0.200000000000000       0.800000000000000     
  0.600000000000000       0.000000000000000E+000  0.800000000000000     
           2
         323          71          70          67         187
  0.600000000000000       0.000000000000000E+000  0.800000000000000     
  0.400000000000000       0.000000000000000E+000  0.800000000000000     
  0.600000000000000       0.000000000000000E+000  0.600000000000000     
  0.600000000000000       0.200000000000000       0.600000000000000     
           2
         324          71         172          70         187
  0.600000000000000       0.000000000000000E+000  0.800000000000000     
  0.400000000000000       0.200000000000000       0.800000000000000     
  0.400000000000000       0.000000000000000E+000  0.800000000000000     
  0.600000000000000       0.200000000000000       0.600000000000000     
           2
         325         188         172          93          70
  0.600000000000000       0.200000000000000       0.800000000000000     
  0.400000000000000       0.200000000000000       0.800000000000000     
  0.400000000000000       0.200000000000000        1.00000000000000     
  0.400000000000000       0.000000000000000E+000  0.800000000000000     
           2
         326          18          70          71         188
  0.400000000000000       0.000000000000000E+000   1.00000000000000     
  0.400000000000000       0.000000000000000E+000  0.800000000000000     
  0.600000000000000       0.000000000000000E+000  0.800000000000000     
  0.600000000000000       0.200000000000000       0.800000000000000     
           2
         327          93          70          18         188
  0.400000000000000       0.200000000000000        1.00000000000000     
  0.400000000000000       0.000000000000000E+000  0.800000000000000     
  0.400000000000000       0.000000000000000E+000   1.00000000000000     
  0.600000000000000       0.200000000000000       0.800000000000000     
           2
         328          97         188          93          19
  0.600000000000000       0.200000000000000        1.00000000000000     
  0.600000000000000       0.200000000000000       0.800000000000000     
  0.400000000000000       0.200000000000000        1.00000000000000     
  0.600000000000000       0.000000000000000E+000   1.00000000000000     
           2
         329          19          18          71         188
  0.600000000000000       0.000000000000000E+000   1.00000000000000     
  0.400000000000000       0.000000000000000E+000   1.00000000000000     
  0.600000000000000       0.000000000000000E+000  0.800000000000000     
  0.600000000000000       0.200000000000000       0.800000000000000     
           2
         330          19          93          18         188
  0.600000000000000       0.000000000000000E+000   1.00000000000000     
  0.400000000000000       0.200000000000000        1.00000000000000     
  0.400000000000000       0.000000000000000E+000   1.00000000000000     
  0.600000000000000       0.200000000000000       0.800000000000000     
           2
         331         130         126         173         125
  0.600000000000000       0.400000000000000       0.000000000000000E+000
  0.400000000000000       0.400000000000000       0.000000000000000E+000
  0.400000000000000       0.400000000000000       0.200000000000000     
  0.400000000000000       0.200000000000000       0.000000000000000E+000
           2
         332         169         125         129         130
  0.400000000000000       0.200000000000000       0.200000000000000     
  0.400000000000000       0.200000000000000       0.000000000000000E+000
  0.600000000000000       0.200000000000000       0.000000000000000E+000
  0.600000000000000       0.400000000000000       0.000000000000000E+000
           2
         333         173         125         169         130
  0.400000000000000       0.400000000000000       0.200000000000000     
  0.400000000000000       0.200000000000000       0.000000000000000E+000
  0.400000000000000       0.200000000000000       0.200000000000000     
  0.600000000000000       0.400000000000000       0.000000000000000E+000
           2
         334         189         130         173         185
  0.600000000000000       0.400000000000000       0.200000000000000     
  0.600000000000000       0.400000000000000       0.000000000000000E+000
  0.400000000000000       0.400000000000000       0.200000000000000     
  0.600000000000000       0.200000000000000       0.200000000000000     
           2
         335         185         169         129         130
  0.600000000000000       0.200000000000000       0.200000000000000     
  0.400000000000000       0.200000000000000       0.200000000000000     
  0.600000000000000       0.200000000000000       0.000000000000000E+000
  0.600000000000000       0.400000000000000       0.000000000000000E+000
           2
         336         185         173         169         130
  0.600000000000000       0.200000000000000       0.200000000000000     
  0.400000000000000       0.400000000000000       0.200000000000000     
  0.400000000000000       0.200000000000000       0.200000000000000     
  0.600000000000000       0.400000000000000       0.000000000000000E+000
           2
         337         189         173         174         169
  0.600000000000000       0.400000000000000       0.200000000000000     
  0.400000000000000       0.400000000000000       0.200000000000000     
  0.400000000000000       0.400000000000000       0.400000000000000     
  0.400000000000000       0.200000000000000       0.200000000000000     
           2
         338         170         169         185         189
  0.400000000000000       0.200000000000000       0.400000000000000     
  0.400000000000000       0.200000000000000       0.200000000000000     
  0.600000000000000       0.200000000000000       0.200000000000000     
  0.600000000000000       0.400000000000000       0.200000000000000     
           2
         339         174         169         170         189
  0.400000000000000       0.400000000000000       0.400000000000000     
  0.400000000000000       0.200000000000000       0.200000000000000     
  0.400000000000000       0.200000000000000       0.400000000000000     
  0.600000000000000       0.400000000000000       0.200000000000000     
           2
         340         190         189         174         186
  0.600000000000000       0.400000000000000       0.400000000000000     
  0.600000000000000       0.400000000000000       0.200000000000000     
  0.400000000000000       0.400000000000000       0.400000000000000     
  0.600000000000000       0.200000000000000       0.400000000000000     
           2
         341         186         170         185         189
  0.600000000000000       0.200000000000000       0.400000000000000     
  0.400000000000000       0.200000000000000       0.400000000000000     
  0.600000000000000       0.200000000000000       0.200000000000000     
  0.600000000000000       0.400000000000000       0.200000000000000     
           2
         342         186         174         170         189
  0.600000000000000       0.200000000000000       0.400000000000000     
  0.400000000000000       0.400000000000000       0.400000000000000     
  0.400000000000000       0.200000000000000       0.400000000000000     
  0.600000000000000       0.400000000000000       0.200000000000000     
           2
         343         190         174         175         170
  0.600000000000000       0.400000000000000       0.400000000000000     
  0.400000000000000       0.400000000000000       0.400000000000000     
  0.400000000000000       0.400000000000000       0.600000000000000     
  0.400000000000000       0.200000000000000       0.400000000000000     
           2
         344         171         170         186         190
  0.400000000000000       0.200000000000000       0.600000000000000     
  0.400000000000000       0.200000000000000       0.400000000000000     
  0.600000000000000       0.200000000000000       0.400000000000000     
  0.600000000000000       0.400000000000000       0.400000000000000     
           2
         345         175         170         171         190
  0.400000000000000       0.400000000000000       0.600000000000000     
  0.400000000000000       0.200000000000000       0.400000000000000     
  0.400000000000000       0.200000000000000       0.600000000000000     
  0.600000000000000       0.400000000000000       0.400000000000000     
           2
         346         191         190         175         187
  0.600000000000000       0.400000000000000       0.600000000000000     
  0.600000000000000       0.400000000000000       0.400000000000000     
  0.400000000000000       0.400000000000000       0.600000000000000     
  0.600000000000000       0.200000000000000       0.600000000000000     
           2
         347         187         171         186         190
  0.600000000000000       0.200000000000000       0.600000000000000     
  0.400000000000000       0.200000000000000       0.600000000000000     
  0.600000000000000       0.200000000000000       0.400000000000000     
  0.600000000000000       0.400000000000000       0.400000000000000     
           2
         348         187         175         171         190
  0.600000000000000       0.200000000000000       0.600000000000000     
  0.400000000000000       0.400000000000000       0.600000000000000     
  0.400000000000000       0.200000000000000       0.600000000000000     
  0.600000000000000       0.400000000000000       0.400000000000000     
           2
         349         191         175         176         171
  0.600000000000000       0.400000000000000       0.600000000000000     
  0.400000000000000       0.400000000000000       0.600000000000000     
  0.400000000000000       0.400000000000000       0.800000000000000     
  0.400000000000000       0.200000000000000       0.600000000000000     
           2
         350         172         171         187         191
  0.400000000000000       0.200000000000000       0.800000000000000     
  0.400000000000000       0.200000000000000       0.600000000000000     
  0.600000000000000       0.200000000000000       0.600000000000000     
  0.600000000000000       0.400000000000000       0.600000000000000     
           2
         351         176         171         172         191
  0.400000000000000       0.400000000000000       0.800000000000000     
  0.400000000000000       0.200000000000000       0.600000000000000     
  0.400000000000000       0.200000000000000       0.800000000000000     
  0.600000000000000       0.400000000000000       0.600000000000000     
           2
         352         192         191         176         188
  0.600000000000000       0.400000000000000       0.800000000000000     
  0.600000000000000       0.400000000000000       0.600000000000000     
  0.400000000000000       0.400000000000000       0.800000000000000     
  0.600000000000000       0.200000000000000       0.800000000000000     
           2
         353         188         172         187         191
  0.600000000000000       0.200000000000000       0.800000000000000     
  0.400000000000000       0.200000000000000       0.800000000000000     
  0.600000000000000       0.200000000000000       0.600000000000000     
  0.600000000000000       0.400000000000000       0.600000000000000     
           2
         354         188         176         172         191
  0.600000000000000       0.200000000000000       0.800000000000000     
  0.400000000000000       0.400000000000000       0.800000000000000     
  0.400000000000000       0.200000000000000       0.800000000000000     
  0.600000000000000       0.400000000000000       0.600000000000000     
           2
         355         192         176          94         172
  0.600000000000000       0.400000000000000       0.800000000000000     
  0.400000000000000       0.400000000000000       0.800000000000000     
  0.400000000000000       0.400000000000000        1.00000000000000     
  0.400000000000000       0.200000000000000       0.800000000000000     
           2
         356          93         172         188         192
  0.400000000000000       0.200000000000000        1.00000000000000     
  0.400000000000000       0.200000000000000       0.800000000000000     
  0.600000000000000       0.200000000000000       0.800000000000000     
  0.600000000000000       0.400000000000000       0.800000000000000     
           2
         357          94         172          93         192
  0.400000000000000       0.400000000000000        1.00000000000000     
  0.400000000000000       0.200000000000000       0.800000000000000     
  0.400000000000000       0.200000000000000        1.00000000000000     
  0.600000000000000       0.400000000000000       0.800000000000000     
           2
         358          98         192          94          97
  0.600000000000000       0.400000000000000        1.00000000000000     
  0.600000000000000       0.400000000000000       0.800000000000000     
  0.400000000000000       0.400000000000000        1.00000000000000     
  0.600000000000000       0.200000000000000        1.00000000000000     
           2
         359          97          93         188         192
  0.600000000000000       0.200000000000000        1.00000000000000     
  0.400000000000000       0.200000000000000        1.00000000000000     
  0.600000000000000       0.200000000000000       0.800000000000000     
  0.600000000000000       0.400000000000000       0.800000000000000     
           2
         360          97          94          93         192
  0.600000000000000       0.200000000000000        1.00000000000000     
  0.400000000000000       0.400000000000000        1.00000000000000     
  0.400000000000000       0.200000000000000        1.00000000000000     
  0.600000000000000       0.400000000000000       0.800000000000000     
           2
         361         131         127         177         126
  0.600000000000000       0.600000000000000       0.000000000000000E+000
  0.400000000000000       0.600000000000000       0.000000000000000E+000
  0.400000000000000       0.600000000000000       0.200000000000000     
  0.400000000000000       0.400000000000000       0.000000000000000E+000
           2
         362         173         126         130         131
  0.400000000000000       0.400000000000000       0.200000000000000     
  0.400000000000000       0.400000000000000       0.000000000000000E+000
  0.600000000000000       0.400000000000000       0.000000000000000E+000
  0.600000000000000       0.600000000000000       0.000000000000000E+000
           2
         363         177         126         173         131
  0.400000000000000       0.600000000000000       0.200000000000000     
  0.400000000000000       0.400000000000000       0.000000000000000E+000
  0.400000000000000       0.400000000000000       0.200000000000000     
  0.600000000000000       0.600000000000000       0.000000000000000E+000
           2
         364         193         131         177         189
  0.600000000000000       0.600000000000000       0.200000000000000     
  0.600000000000000       0.600000000000000       0.000000000000000E+000
  0.400000000000000       0.600000000000000       0.200000000000000     
  0.600000000000000       0.400000000000000       0.200000000000000     
           2
         365         189         173         130         131
  0.600000000000000       0.400000000000000       0.200000000000000     
  0.400000000000000       0.400000000000000       0.200000000000000     
  0.600000000000000       0.400000000000000       0.000000000000000E+000
  0.600000000000000       0.600000000000000       0.000000000000000E+000
           2
         366         189         177         173         131
  0.600000000000000       0.400000000000000       0.200000000000000     
  0.400000000000000       0.600000000000000       0.200000000000000     
  0.400000000000000       0.400000000000000       0.200000000000000     
  0.600000000000000       0.600000000000000       0.000000000000000E+000
           2
         367         193         177         178         173
  0.600000000000000       0.600000000000000       0.200000000000000     
  0.400000000000000       0.600000000000000       0.200000000000000     
  0.400000000000000       0.600000000000000       0.400000000000000     
  0.400000000000000       0.400000000000000       0.200000000000000     
           2
         368         174         173         189         193
  0.400000000000000       0.400000000000000       0.400000000000000     
  0.400000000000000       0.400000000000000       0.200000000000000     
  0.600000000000000       0.400000000000000       0.200000000000000     
  0.600000000000000       0.600000000000000       0.200000000000000     
           2
         369         178         173         174         193
  0.400000000000000       0.600000000000000       0.400000000000000     
  0.400000000000000       0.400000000000000       0.200000000000000     
  0.400000000000000       0.400000000000000       0.400000000000000     
  0.600000000000000       0.600000000000000       0.200000000000000     
           2
         370         194         193         178         190
  0.600000000000000       0.600000000000000       0.400000000000000     
  0.600000000000000       0.600000000000000       0.200000000000000     
  0.400000000000000       0.600000000000000       0.400000000000000     
  0.600000000000000       0.400000000000000       0.400000000000000     
           2
         371         190         174         189         193
  0.600000000000000       0.400000000000000       0.400000000000000     
  0.400000000000000       0.400000000000000       0.400000000000000     
  0.600000000000000       0.400000000000000       0.200000000000000     
  0.600000000000000       0.600000000000000       0.200000000000000     
           2
         372         190         178         174         193
  0.600000000000000       0.400000000000000       0.400000000000000     
  0.400000000000000       0.600000000000000       0.400000000000000     
  0.400000000000000       0.400000000000000       0.400000000000000     
  0.600000000000000       0.600000000000000       0.200000000000000     
           2
         373         194         178         179         174
  0.600000000000000       0.600000000000000       0.400000000000000     
  0.400000000000000       0.600000000000000       0.400000000000000     
  0.400000000000000       0.600000000000000       0.600000000000000     
  0.400000000000000       0.400000000000000       0.400000000000000     
           2
         374         175         174         190         194
  0.400000000000000       0.400000000000000       0.600000000000000     
  0.400000000000000       0.400000000000000       0.400000000000000     
  0.600000000000000       0.400000000000000       0.400000000000000     
  0.600000000000000       0.600000000000000       0.400000000000000     
           2
         375         179         174         175         194
  0.400000000000000       0.600000000000000       0.600000000000000     
  0.400000000000000       0.400000000000000       0.400000000000000     
  0.400000000000000       0.400000000000000       0.600000000000000     
  0.600000000000000       0.600000000000000       0.400000000000000     
           2
         376         195         194         179         191
  0.600000000000000       0.600000000000000       0.600000000000000     
  0.600000000000000       0.600000000000000       0.400000000000000     
  0.400000000000000       0.600000000000000       0.600000000000000     
  0.600000000000000       0.400000000000000       0.600000000000000     
           2
         377         191         175         190         194
  0.600000000000000       0.400000000000000       0.600000000000000     
  0.400000000000000       0.400000000000000       0.600000000000000     
  0.600000000000000       0.400000000000000       0.400000000000000     
  0.600000000000000       0.600000000000000       0.400000000000000     
           2
         378         191         179         175         194
  0.600000000000000       0.400000000000000       0.600000000000000     
  0.400000000000000       0.600000000000000       0.600000000000000     
  0.400000000000000       0.400000000000000       0.600000000000000     
  0.600000000000000       0.600000000000000       0.400000000000000     
           2
         379         195         179         180         175
  0.600000000000000       0.600000000000000       0.600000000000000     
  0.400000000000000       0.600000000000000       0.600000000000000     
  0.400000000000000       0.600000000000000       0.800000000000000     
  0.400000000000000       0.400000000000000       0.600000000000000     
           2
         380         176         175         191         195
  0.400000000000000       0.400000000000000       0.800000000000000     
  0.400000000000000       0.400000000000000       0.600000000000000     
  0.600000000000000       0.400000000000000       0.600000000000000     
  0.600000000000000       0.600000000000000       0.600000000000000     
           2
         381         180         175         176         195
  0.400000000000000       0.600000000000000       0.800000000000000     
  0.400000000000000       0.400000000000000       0.600000000000000     
  0.400000000000000       0.400000000000000       0.800000000000000     
  0.600000000000000       0.600000000000000       0.600000000000000     
           2
         382         196         195         180         192
  0.600000000000000       0.600000000000000       0.800000000000000     
  0.600000000000000       0.600000000000000       0.600000000000000     
  0.400000000000000       0.600000000000000       0.800000000000000     
  0.600000000000000       0.400000000000000       0.800000000000000     
           2
         383         192         176         191         195
  0.600000000000000       0.400000000000000       0.800000000000000     
  0.400000000000000       0.400000000000000       0.800000000000000     
  0.600000000000000       0.400000000000000       0.600000000000000     
  0.600000000000000       0.600000000000000       0.600000000000000     
           2
         384         192         180         176         195
  0.600000000000000       0.400000000000000       0.800000000000000     
  0.400000000000000       0.600000000000000       0.800000000000000     
  0.400000000000000       0.400000000000000       0.800000000000000     
  0.600000000000000       0.600000000000000       0.600000000000000     
           2
         385         196         180          95         176
  0.600000000000000       0.600000000000000       0.800000000000000     
  0.400000000000000       0.600000000000000       0.800000000000000     
  0.400000000000000       0.600000000000000        1.00000000000000     
  0.400000000000000       0.400000000000000       0.800000000000000     
           2
         386          94         176         192         196
  0.400000000000000       0.400000000000000        1.00000000000000     
  0.400000000000000       0.400000000000000       0.800000000000000     
  0.600000000000000       0.400000000000000       0.800000000000000     
  0.600000000000000       0.600000000000000       0.800000000000000     
           2
         387          95         176          94         196
  0.400000000000000       0.600000000000000        1.00000000000000     
  0.400000000000000       0.400000000000000       0.800000000000000     
  0.400000000000000       0.400000000000000        1.00000000000000     
  0.600000000000000       0.600000000000000       0.800000000000000     
           2
         388          99         196          95          98
  0.600000000000000       0.600000000000000        1.00000000000000     
  0.600000000000000       0.600000000000000       0.800000000000000     
  0.400000000000000       0.600000000000000        1.00000000000000     
  0.600000000000000       0.400000000000000        1.00000000000000     
           2
         389          98          94         192         196
  0.600000000000000       0.400000000000000        1.00000000000000     
  0.400000000000000       0.400000000000000        1.00000000000000     
  0.600000000000000       0.400000000000000       0.800000000000000     
  0.600000000000000       0.600000000000000       0.800000000000000     
           2
         390          98          95          94         196
  0.600000000000000       0.400000000000000        1.00000000000000     
  0.400000000000000       0.600000000000000        1.00000000000000     
  0.400000000000000       0.400000000000000        1.00000000000000     
  0.600000000000000       0.600000000000000       0.800000000000000     
           2
         391         132         128         181         127
  0.600000000000000       0.800000000000000       0.000000000000000E+000
  0.400000000000000       0.800000000000000       0.000000000000000E+000
  0.400000000000000       0.800000000000000       0.200000000000000     
  0.400000000000000       0.600000000000000       0.000000000000000E+000
           2
         392         177         127         131         132
  0.400000000000000       0.600000000000000       0.200000000000000     
  0.400000000000000       0.600000000000000       0.000000000000000E+000
  0.600000000000000       0.600000000000000       0.000000000000000E+000
  0.600000000000000       0.800000000000000       0.000000000000000E+000
           2
         393         181         127         177         132
  0.400000000000000       0.800000000000000       0.200000000000000     
  0.400000000000000       0.600000000000000       0.000000000000000E+000
  0.400000000000000       0.600000000000000       0.200000000000000     
  0.600000000000000       0.800000000000000       0.000000000000000E+000
           2
         394         197         132         181         193
  0.600000000000000       0.800000000000000       0.200000000000000     
  0.600000000000000       0.800000000000000       0.000000000000000E+000
  0.400000000000000       0.800000000000000       0.200000000000000     
  0.600000000000000       0.600000000000000       0.200000000000000     
           2
         395         193         177         131         132
  0.600000000000000       0.600000000000000       0.200000000000000     
  0.400000000000000       0.600000000000000       0.200000000000000     
  0.600000000000000       0.600000000000000       0.000000000000000E+000
  0.600000000000000       0.800000000000000       0.000000000000000E+000
           2
         396         193         181         177         132
  0.600000000000000       0.600000000000000       0.200000000000000     
  0.400000000000000       0.800000000000000       0.200000000000000     
  0.400000000000000       0.600000000000000       0.200000000000000     
  0.600000000000000       0.800000000000000       0.000000000000000E+000
           2
         397         197         181         182         177
  0.600000000000000       0.800000000000000       0.200000000000000     
  0.400000000000000       0.800000000000000       0.200000000000000     
  0.400000000000000       0.800000000000000       0.400000000000000     
  0.400000000000000       0.600000000000000       0.200000000000000     
           2
         398         178         177         193         197
  0.400000000000000       0.600000000000000       0.400000000000000     
  0.400000000000000       0.600000000000000       0.200000000000000     
  0.600000000000000       0.600000000000000       0.200000000000000     
  0.600000000000000       0.800000000000000       0.200000000000000     
           2
         399         182         177         178         197
  0.400000000000000       0.800000000000000       0.400000000000000     
  0.400000000000000       0.600000000000000       0.200000000000000     
  0.400000000000000       0.600000000000000       0.400000000000000     
  0.600000000000000       0.800000000000000       0.200000000000000     
           2
         400         198         197         182         194
  0.600000000000000       0.800000000000000       0.400000000000000     
  0.600000000000000       0.800000000000000       0.200000000000000     
  0.400000000000000       0.800000000000000       0.400000000000000     
  0.600000000000000       0.600000000000000       0.400000000000000     
           2
         401         194         178         193         197
  0.600000000000000       0.600000000000000       0.400000000000000     
  0.400000000000000       0.600000000000000       0.400000000000000     
  0.600000000000000       0.600000000000000       0.200000000000000     
  0.600000000000000       0.800000000000000       0.200000000000000     
           2
         402         194         182         178         197
  0.600000000000000       0.600000000000000       0.400000000000000     
  0.400000000000000       0.800000000000000       0.400000000000000     
  0.400000000000000       0.600000000000000       0.400000000000000     
  0.600000000000000       0.800000000000000       0.200000000000000     
           2
         403         198         182         183         178
  0.600000000000000       0.800000000000000       0.400000000000000     
  0.400000000000000       0.800000000000000       0.400000000000000     
  0.400000000000000       0.800000000000000       0.600000000000000     
  0.400000000000000       0.600000000000000       0.400000000000000     
           2
         404         179         178         194         198
  0.400000000000000       0.600000000000000       0.600000000000000     
  0.400000000000000       0.600000000000000       0.400000000000000     
  0.600000000000000       0.600000000000000       0.400000000000000     
  0.600000000000000       0.800000000000000       0.400000000000000     
           2
         405         183         178         179         198
  0.400000000000000       0.800000000000000       0.600000000000000     
  0.400000000000000       0.600000000000000       0.400000000000000     
  0.400000000000000       0.600000000000000       0.600000000000000     
  0.600000000000000       0.800000000000000       0.400000000000000     
           2
         406         199         198         183         195
  0.600000000000000       0.800000000000000       0.600000000000000     
  0.600000000000000       0.800000000000000       0.400000000000000     
  0.400000000000000       0.800000000000000       0.600000000000000     
  0.600000000000000       0.600000000000000       0.600000000000000     
           2
         407         195         179         194         198
  0.600000000000000       0.600000000000000       0.600000000000000     
  0.400000000000000       0.600000000000000       0.600000000000000     
  0.600000000000000       0.600000000000000       0.400000000000000     
  0.600000000000000       0.800000000000000       0.400000000000000     
           2
         408         195         183         179         198
  0.600000000000000       0.600000000000000       0.600000000000000     
  0.400000000000000       0.800000000000000       0.600000000000000     
  0.400000000000000       0.600000000000000       0.600000000000000     
  0.600000000000000       0.800000000000000       0.400000000000000     
           2
         409         199         183         184         179
  0.600000000000000       0.800000000000000       0.600000000000000     
  0.400000000000000       0.800000000000000       0.600000000000000     
  0.400000000000000       0.800000000000000       0.800000000000000     
  0.400000000000000       0.600000000000000       0.600000000000000     
           2
         410         180         179         195         199
  0.400000000000000       0.600000000000000       0.800000000000000     
  0.400000000000000       0.600000000000000       0.600000000000000     
  0.600000000000000       0.600000000000000       0.600000000000000     
  0.600000000000000       0.800000000000000       0.600000000000000     
           2
         411         184         179         180         199
  0.400000000000000       0.800000000000000       0.800000000000000     
  0.400000000000000       0.600000000000000       0.600000000000000     
  0.400000000000000       0.600000000000000       0.800000000000000     
  0.600000000000000       0.800000000000000       0.600000000000000     
           2
         412         200         199         184         196
  0.600000000000000       0.800000000000000       0.800000000000000     
  0.600000000000000       0.800000000000000       0.600000000000000     
  0.400000000000000       0.800000000000000       0.800000000000000     
  0.600000000000000       0.600000000000000       0.800000000000000     
           2
         413         196         180         195         199
  0.600000000000000       0.600000000000000       0.800000000000000     
  0.400000000000000       0.600000000000000       0.800000000000000     
  0.600000000000000       0.600000000000000       0.600000000000000     
  0.600000000000000       0.800000000000000       0.600000000000000     
           2
         414         196         184         180         199
  0.600000000000000       0.600000000000000       0.800000000000000     
  0.400000000000000       0.800000000000000       0.800000000000000     
  0.400000000000000       0.600000000000000       0.800000000000000     
  0.600000000000000       0.800000000000000       0.600000000000000     
           2
         415         200         184          96         180
  0.600000000000000       0.800000000000000       0.800000000000000     
  0.400000000000000       0.800000000000000       0.800000000000000     
  0.400000000000000       0.800000000000000        1.00000000000000     
  0.400000000000000       0.600000000000000       0.800000000000000     
           2
         416          95         180         196         200
  0.400000000000000       0.600000000000000        1.00000000000000     
  0.400000000000000       0.600000000000000       0.800000000000000     
  0.600000000000000       0.600000000000000       0.800000000000000     
  0.600000000000000       0.800000000000000       0.800000000000000     
           2
         417          96         180          95         200
  0.400000000000000       0.800000000000000        1.00000000000000     
  0.400000000000000       0.600000000000000       0.800000000000000     
  0.400000000000000       0.600000000000000        1.00000000000000     
  0.600000000000000       0.800000000000000       0.800000000000000     
           2
         418         100         200          96          99
  0.600000000000000       0.800000000000000        1.00000000000000     
  0.600000000000000       0.800000000000000       0.800000000000000     
  0.400000000000000       0.800000000000000        1.00000000000000     
  0.600000000000000       0.600000000000000        1.00000000000000     
           2
         419          99          95         196         200
  0.600000000000000       0.600000000000000        1.00000000000000     
  0.400000000000000       0.600000000000000        1.00000000000000     
  0.600000000000000       0.600000000000000       0.800000000000000     
  0.600000000000000       0.800000000000000       0.800000000000000     
           2
         420          99          96          95         200
  0.600000000000000       0.600000000000000        1.00000000000000     
  0.400000000000000       0.800000000000000        1.00000000000000     
  0.400000000000000       0.600000000000000        1.00000000000000     
  0.600000000000000       0.800000000000000       0.800000000000000     
           2
         421          43          42         138         128
  0.600000000000000        1.00000000000000       0.000000000000000E+000
  0.400000000000000        1.00000000000000       0.000000000000000E+000
  0.400000000000000        1.00000000000000       0.200000000000000     
  0.400000000000000       0.800000000000000       0.000000000000000E+000
           2
         422         181         128         132          43
  0.400000000000000       0.800000000000000       0.200000000000000     
  0.400000000000000       0.800000000000000       0.000000000000000E+000
  0.600000000000000       0.800000000000000       0.000000000000000E+000
  0.600000000000000        1.00000000000000       0.000000000000000E+000
           2
         423         138         128         181          43
  0.400000000000000        1.00000000000000       0.200000000000000     
  0.400000000000000       0.800000000000000       0.000000000000000E+000
  0.400000000000000       0.800000000000000       0.200000000000000     
  0.600000000000000        1.00000000000000       0.000000000000000E+000
           2
         424         139          43         138         197
  0.600000000000000        1.00000000000000       0.200000000000000     
  0.600000000000000        1.00000000000000       0.000000000000000E+000
  0.400000000000000        1.00000000000000       0.200000000000000     
  0.600000000000000       0.800000000000000       0.200000000000000     
           2
         425         197         181         132          43
  0.600000000000000       0.800000000000000       0.200000000000000     
  0.400000000000000       0.800000000000000       0.200000000000000     
  0.600000000000000       0.800000000000000       0.000000000000000E+000
  0.600000000000000        1.00000000000000       0.000000000000000E+000
           2
         426         197         138         181          43
  0.600000000000000       0.800000000000000       0.200000000000000     
  0.400000000000000        1.00000000000000       0.200000000000000     
  0.400000000000000       0.800000000000000       0.200000000000000     
  0.600000000000000        1.00000000000000       0.000000000000000E+000
           2
         427         139         138         142         181
  0.600000000000000        1.00000000000000       0.200000000000000     
  0.400000000000000        1.00000000000000       0.200000000000000     
  0.400000000000000        1.00000000000000       0.400000000000000     
  0.400000000000000       0.800000000000000       0.200000000000000     
           2
         428         182         181         197         139
  0.400000000000000       0.800000000000000       0.400000000000000     
  0.400000000000000       0.800000000000000       0.200000000000000     
  0.600000000000000       0.800000000000000       0.200000000000000     
  0.600000000000000        1.00000000000000       0.200000000000000     
           2
         429         142         181         182         139
  0.400000000000000        1.00000000000000       0.400000000000000     
  0.400000000000000       0.800000000000000       0.200000000000000     
  0.400000000000000       0.800000000000000       0.400000000000000     
  0.600000000000000        1.00000000000000       0.200000000000000     
           2
         430         143         139         142         198
  0.600000000000000        1.00000000000000       0.400000000000000     
  0.600000000000000        1.00000000000000       0.200000000000000     
  0.400000000000000        1.00000000000000       0.400000000000000     
  0.600000000000000       0.800000000000000       0.400000000000000     
           2
         431         198         182         197         139
  0.600000000000000       0.800000000000000       0.400000000000000     
  0.400000000000000       0.800000000000000       0.400000000000000     
  0.600000000000000       0.800000000000000       0.200000000000000     
  0.600000000000000        1.00000000000000       0.200000000000000     
           2
         432         198         142         182         139
  0.600000000000000       0.800000000000000       0.400000000000000     
  0.400000000000000        1.00000000000000       0.400000000000000     
  0.400000000000000       0.800000000000000       0.400000000000000     
  0.600000000000000        1.00000000000000       0.200000000000000     
           2
         433         143         142         146         182
  0.600000000000000        1.00000000000000       0.400000000000000     
  0.400000000000000        1.00000000000000       0.400000000000000     
  0.400000000000000        1.00000000000000       0.600000000000000     
  0.400000000000000       0.800000000000000       0.400000000000000     
           2
         434         183         182         198         143
  0.400000000000000       0.800000000000000       0.600000000000000     
  0.400000000000000       0.800000000000000       0.400000000000000     
  0.600000000000000       0.800000000000000       0.400000000000000     
  0.600000000000000        1.00000000000000       0.400000000000000     
           2
         435         146         182         183         143
  0.400000000000000        1.00000000000000       0.600000000000000     
  0.400000000000000       0.800000000000000       0.400000000000000     
  0.400000000000000       0.800000000000000       0.600000000000000     
  0.600000000000000        1.00000000000000       0.400000000000000     
           2
         436         147         143         146         199
  0.600000000000000        1.00000000000000       0.600000000000000     
  0.600000000000000        1.00000000000000       0.400000000000000     
  0.400000000000000        1.00000000000000       0.600000000000000     
  0.600000000000000       0.800000000000000       0.600000000000000     
           2
         437         199         183         198         143
  0.600000000000000       0.800000000000000       0.600000000000000     
  0.400000000000000       0.800000000000000       0.600000000000000     
  0.600000000000000       0.800000000000000       0.400000000000000     
  0.600000000000000        1.00000000000000       0.400000000000000     
           2
         438         199         146         183         143
  0.600000000000000       0.800000000000000       0.600000000000000     
  0.400000000000000        1.00000000000000       0.600000000000000     
  0.400000000000000       0.800000000000000       0.600000000000000     
  0.600000000000000        1.00000000000000       0.400000000000000     
           2
         439         147         146         150         183
  0.600000000000000        1.00000000000000       0.600000000000000     
  0.400000000000000        1.00000000000000       0.600000000000000     
  0.400000000000000        1.00000000000000       0.800000000000000     
  0.400000000000000       0.800000000000000       0.600000000000000     
           2
         440         184         183         199         147
  0.400000000000000       0.800000000000000       0.800000000000000     
  0.400000000000000       0.800000000000000       0.600000000000000     
  0.600000000000000       0.800000000000000       0.600000000000000     
  0.600000000000000        1.00000000000000       0.600000000000000     
           2
         441         150         183         184         147
  0.400000000000000        1.00000000000000       0.800000000000000     
  0.400000000000000       0.800000000000000       0.600000000000000     
  0.400000000000000       0.800000000000000       0.800000000000000     
  0.600000000000000        1.00000000000000       0.600000000000000     
           2
         442         151         147         150         200
  0.600000000000000        1.00000000000000       0.800000000000000     
  0.600000000000000        1.00000000000000       0.600000000000000     
  0.400000000000000        1.00000000000000       0.800000000000000     
  0.600000000000000       0.800000000000000       0.800000000000000     
           2
         443         200         184         199         147
  0.600000000000000       0.800000000000000       0.800000000000000     
  0.400000000000000       0.800000000000000       0.800000000000000     
  0.600000000000000       0.800000000000000       0.600000000000000     
  0.600000000000000        1.00000000000000       0.600000000000000     
           2
         444         200         150         184         147
  0.600000000000000       0.800000000000000       0.800000000000000     
  0.400000000000000        1.00000000000000       0.800000000000000     
  0.400000000000000       0.800000000000000       0.800000000000000     
  0.600000000000000        1.00000000000000       0.600000000000000     
           2
         445         151         150          50         184
  0.600000000000000        1.00000000000000       0.800000000000000     
  0.400000000000000        1.00000000000000       0.800000000000000     
  0.400000000000000        1.00000000000000        1.00000000000000     
  0.400000000000000       0.800000000000000       0.800000000000000     
           2
         446          96         184         200         151
  0.400000000000000       0.800000000000000        1.00000000000000     
  0.400000000000000       0.800000000000000       0.800000000000000     
  0.600000000000000       0.800000000000000       0.800000000000000     
  0.600000000000000        1.00000000000000       0.800000000000000     
           2
         447          50         184          96         151
  0.400000000000000        1.00000000000000        1.00000000000000     
  0.400000000000000       0.800000000000000       0.800000000000000     
  0.400000000000000       0.800000000000000        1.00000000000000     
  0.600000000000000        1.00000000000000       0.800000000000000     
           2
         448          51         151          50         100
  0.600000000000000        1.00000000000000        1.00000000000000     
  0.600000000000000        1.00000000000000       0.800000000000000     
  0.400000000000000        1.00000000000000        1.00000000000000     
  0.600000000000000       0.800000000000000        1.00000000000000     
           2
         449         100          96         200         151
  0.600000000000000       0.800000000000000        1.00000000000000     
  0.400000000000000       0.800000000000000        1.00000000000000     
  0.600000000000000       0.800000000000000       0.800000000000000     
  0.600000000000000        1.00000000000000       0.800000000000000     
           2
         450         100          50          96         151
  0.600000000000000       0.800000000000000        1.00000000000000     
  0.400000000000000        1.00000000000000        1.00000000000000     
  0.400000000000000       0.800000000000000        1.00000000000000     
  0.600000000000000        1.00000000000000       0.800000000000000     
           2
         451         133         129         185          11
  0.800000000000000       0.200000000000000       0.000000000000000E+000
  0.600000000000000       0.200000000000000       0.000000000000000E+000
  0.600000000000000       0.200000000000000       0.200000000000000     
  0.600000000000000       0.000000000000000E+000  0.000000000000000E+000
           2
         452          59          11          12         133
  0.600000000000000       0.000000000000000E+000  0.200000000000000     
  0.600000000000000       0.000000000000000E+000  0.000000000000000E+000
  0.800000000000000       0.000000000000000E+000  0.000000000000000E+000
  0.800000000000000       0.200000000000000       0.000000000000000E+000
           2
         453         185          11          59         133
  0.600000000000000       0.200000000000000       0.200000000000000     
  0.600000000000000       0.000000000000000E+000  0.000000000000000E+000
  0.600000000000000       0.000000000000000E+000  0.200000000000000     
  0.800000000000000       0.200000000000000       0.000000000000000E+000
           2
         454         201         133         185          60
  0.800000000000000       0.200000000000000       0.200000000000000     
  0.800000000000000       0.200000000000000       0.000000000000000E+000
  0.600000000000000       0.200000000000000       0.200000000000000     
  0.800000000000000       0.000000000000000E+000  0.200000000000000     
           2
         455          60          59          12         133
  0.800000000000000       0.000000000000000E+000  0.200000000000000     
  0.600000000000000       0.000000000000000E+000  0.200000000000000     
  0.800000000000000       0.000000000000000E+000  0.000000000000000E+000
  0.800000000000000       0.200000000000000       0.000000000000000E+000
           2
         456          60         185          59         133
  0.800000000000000       0.000000000000000E+000  0.200000000000000     
  0.600000000000000       0.200000000000000       0.200000000000000     
  0.600000000000000       0.000000000000000E+000  0.200000000000000     
  0.800000000000000       0.200000000000000       0.000000000000000E+000
           2
         457         201         185         186          59
  0.800000000000000       0.200000000000000       0.200000000000000     
  0.600000000000000       0.200000000000000       0.200000000000000     
  0.600000000000000       0.200000000000000       0.400000000000000     
  0.600000000000000       0.000000000000000E+000  0.200000000000000     
           2
         458          63          59          60         201
  0.600000000000000       0.000000000000000E+000  0.400000000000000     
  0.600000000000000       0.000000000000000E+000  0.200000000000000     
  0.800000000000000       0.000000000000000E+000  0.200000000000000     
  0.800000000000000       0.200000000000000       0.200000000000000     
           2
         459         186          59          63         201
  0.600000000000000       0.200000000000000       0.400000000000000     
  0.600000000000000       0.000000000000000E+000  0.200000000000000     
  0.600000000000000       0.000000000000000E+000  0.400000000000000     
  0.800000000000000       0.200000000000000       0.200000000000000     
           2
         460         202         201         186          64
  0.800000000000000       0.200000000000000       0.400000000000000     
  0.800000000000000       0.200000000000000       0.200000000000000     
  0.600000000000000       0.200000000000000       0.400000000000000     
  0.800000000000000       0.000000000000000E+000  0.400000000000000     
           2
         461          64          63          60         201
  0.800000000000000       0.000000000000000E+000  0.400000000000000     
  0.600000000000000       0.000000000000000E+000  0.400000000000000     
  0.800000000000000       0.000000000000000E+000  0.200000000000000     
  0.800000000000000       0.200000000000000       0.200000000000000     
           2
         462          64         186          63         201
  0.800000000000000       0.000000000000000E+000  0.400000000000000     
  0.600000000000000       0.200000000000000       0.400000000000000     
  0.600000000000000       0.000000000000000E+000  0.400000000000000     
  0.800000000000000       0.200000000000000       0.200000000000000     
           2
         463         202         186         187          63
  0.800000000000000       0.200000000000000       0.400000000000000     
  0.600000000000000       0.200000000000000       0.400000000000000     
  0.600000000000000       0.200000000000000       0.600000000000000     
  0.600000000000000       0.000000000000000E+000  0.400000000000000     
           2
         464          67          63          64         202
  0.600000000000000       0.000000000000000E+000  0.600000000000000     
  0.600000000000000       0.000000000000000E+000  0.400000000000000     
  0.800000000000000       0.000000000000000E+000  0.400000000000000     
  0.800000000000000       0.200000000000000       0.400000000000000     
           2
         465         187          63          67         202
  0.600000000000000       0.200000000000000       0.600000000000000     
  0.600000000000000       0.000000000000000E+000  0.400000000000000     
  0.600000000000000       0.000000000000000E+000  0.600000000000000     
  0.800000000000000       0.200000000000000       0.400000000000000     
           2
         466         203         202         187          68
  0.800000000000000       0.200000000000000       0.600000000000000     
  0.800000000000000       0.200000000000000       0.400000000000000     
  0.600000000000000       0.200000000000000       0.600000000000000     
  0.800000000000000       0.000000000000000E+000  0.600000000000000     
           2
         467          68          67          64         202
  0.800000000000000       0.000000000000000E+000  0.600000000000000     
  0.600000000000000       0.000000000000000E+000  0.600000000000000     
  0.800000000000000       0.000000000000000E+000  0.400000000000000     
  0.800000000000000       0.200000000000000       0.400000000000000     
           2
         468          68         187          67         202
  0.800000000000000       0.000000000000000E+000  0.600000000000000     
  0.600000000000000       0.200000000000000       0.600000000000000     
  0.600000000000000       0.000000000000000E+000  0.600000000000000     
  0.800000000000000       0.200000000000000       0.400000000000000     
           2
         469         203         187         188          67
  0.800000000000000       0.200000000000000       0.600000000000000     
  0.600000000000000       0.200000000000000       0.600000000000000     
  0.600000000000000       0.200000000000000       0.800000000000000     
  0.600000000000000       0.000000000000000E+000  0.600000000000000     
           2
         470          71          67          68         203
  0.600000000000000       0.000000000000000E+000  0.800000000000000     
  0.600000000000000       0.000000000000000E+000  0.600000000000000     
  0.800000000000000       0.000000000000000E+000  0.600000000000000     
  0.800000000000000       0.200000000000000       0.600000000000000     
           2
         471         188          67          71         203
  0.600000000000000       0.200000000000000       0.800000000000000     
  0.600000000000000       0.000000000000000E+000  0.600000000000000     
  0.600000000000000       0.000000000000000E+000  0.800000000000000     
  0.800000000000000       0.200000000000000       0.600000000000000     
           2
         472         204         203         188          72
  0.800000000000000       0.200000000000000       0.800000000000000     
  0.800000000000000       0.200000000000000       0.600000000000000     
  0.600000000000000       0.200000000000000       0.800000000000000     
  0.800000000000000       0.000000000000000E+000  0.800000000000000     
           2
         473          72          71          68         203
  0.800000000000000       0.000000000000000E+000  0.800000000000000     
  0.600000000000000       0.000000000000000E+000  0.800000000000000     
  0.800000000000000       0.000000000000000E+000  0.600000000000000     
  0.800000000000000       0.200000000000000       0.600000000000000     
           2
         474          72         188          71         203
  0.800000000000000       0.000000000000000E+000  0.800000000000000     
  0.600000000000000       0.200000000000000       0.800000000000000     
  0.600000000000000       0.000000000000000E+000  0.800000000000000     
  0.800000000000000       0.200000000000000       0.600000000000000     
           2
         475         204         188          97          71
  0.800000000000000       0.200000000000000       0.800000000000000     
  0.600000000000000       0.200000000000000       0.800000000000000     
  0.600000000000000       0.200000000000000        1.00000000000000     
  0.600000000000000       0.000000000000000E+000  0.800000000000000     
           2
         476          19          71          72         204
  0.600000000000000       0.000000000000000E+000   1.00000000000000     
  0.600000000000000       0.000000000000000E+000  0.800000000000000     
  0.800000000000000       0.000000000000000E+000  0.800000000000000     
  0.800000000000000       0.200000000000000       0.800000000000000     
           2
         477          97          71          19         204
  0.600000000000000       0.200000000000000        1.00000000000000     
  0.600000000000000       0.000000000000000E+000  0.800000000000000     
  0.600000000000000       0.000000000000000E+000   1.00000000000000     
  0.800000000000000       0.200000000000000       0.800000000000000     
           2
         478         101         204          97          20
  0.800000000000000       0.200000000000000        1.00000000000000     
  0.800000000000000       0.200000000000000       0.800000000000000     
  0.600000000000000       0.200000000000000        1.00000000000000     
  0.800000000000000       0.000000000000000E+000   1.00000000000000     
           2
         479          20          19          72         204
  0.800000000000000       0.000000000000000E+000   1.00000000000000     
  0.600000000000000       0.000000000000000E+000   1.00000000000000     
  0.800000000000000       0.000000000000000E+000  0.800000000000000     
  0.800000000000000       0.200000000000000       0.800000000000000     
           2
         480          20          97          19         204
  0.800000000000000       0.000000000000000E+000   1.00000000000000     
  0.600000000000000       0.200000000000000        1.00000000000000     
  0.600000000000000       0.000000000000000E+000   1.00000000000000     
  0.800000000000000       0.200000000000000       0.800000000000000     
           2
         481         134         130         189         129
  0.800000000000000       0.400000000000000       0.000000000000000E+000
  0.600000000000000       0.400000000000000       0.000000000000000E+000
  0.600000000000000       0.400000000000000       0.200000000000000     
  0.600000000000000       0.200000000000000       0.000000000000000E+000
           2
         482         185         129         133         134
  0.600000000000000       0.200000000000000       0.200000000000000     
  0.600000000000000       0.200000000000000       0.000000000000000E+000
  0.800000000000000       0.200000000000000       0.000000000000000E+000
  0.800000000000000       0.400000000000000       0.000000000000000E+000
           2
         483         189         129         185         134
  0.600000000000000       0.400000000000000       0.200000000000000     
  0.600000000000000       0.200000000000000       0.000000000000000E+000
  0.600000000000000       0.200000000000000       0.200000000000000     
  0.800000000000000       0.400000000000000       0.000000000000000E+000
           2
         484         205         134         189         201
  0.800000000000000       0.400000000000000       0.200000000000000     
  0.800000000000000       0.400000000000000       0.000000000000000E+000
  0.600000000000000       0.400000000000000       0.200000000000000     
  0.800000000000000       0.200000000000000       0.200000000000000     
           2
         485         201         185         133         134
  0.800000000000000       0.200000000000000       0.200000000000000     
  0.600000000000000       0.200000000000000       0.200000000000000     
  0.800000000000000       0.200000000000000       0.000000000000000E+000
  0.800000000000000       0.400000000000000       0.000000000000000E+000
           2
         486         201         189         185         134
  0.800000000000000       0.200000000000000       0.200000000000000     
  0.600000000000000       0.400000000000000       0.200000000000000     
  0.600000000000000       0.200000000000000       0.200000000000000     
  0.800000000000000       0.400000000000000       0.000000000000000E+000
           2
         487         205         189         190         185
  0.800000000000000       0.400000000000000       0.200000000000000     
  0.600000000000000       0.400000000000000       0.200000000000000     
  0.600000000000000       0.400000000000000       0.400000000000000     
  0.600000000000000       0.200000000000000       0.200000000000000     
           2
         488         186         185         201         205
  0.600000000000000       0.200000000000000       0.400000000000000     
  0.600000000000000       0.200000000000000       0.200000000000000     
  0.800000000000000       0.200000000000000       0.200000000000000     
  0.800000000000000       0.400000000000000       0.200000000000000     
           2
         489         190         185         186         205
  0.600000000000000       0.400000000000000       0.400000000000000     
  0.600000000000000       0.200000000000000       0.200000000000000     
  0.600000000000000       0.200000000000000       0.400000000000000     
  0.800000000000000       0.400000000000000       0.200000000000000     
           2
         490         206         205         190         202
  0.800000000000000       0.400000000000000       0.400000000000000     
  0.800000000000000       0.400000000000000       0.200000000000000     
  0.600000000000000       0.400000000000000       0.400000000000000     
  0.800000000000000       0.200000000000000       0.400000000000000     
           2
         491         202         186         201         205
  0.800000000000000       0.200000000000000       0.400000000000000     
  0.600000000000000       0.200000000000000       0.400000000000000     
  0.800000000000000       0.200000000000000       0.200000000000000     
  0.800000000000000       0.400000000000000       0.200000000000000     
           2
         492         202         190         186         205
  0.800000000000000       0.200000000000000       0.400000000000000     
  0.600000000000000       0.400000000000000       0.400000000000000     
  0.600000000000000       0.200000000000000       0.400000000000000     
  0.800000000000000       0.400000000000000       0.200000000000000     
           2
         493         206         190         191         186
  0.800000000000000       0.400000000000000       0.400000000000000     
  0.600000000000000       0.400000000000000       0.400000000000000     
  0.600000000000000       0.400000000000000       0.600000000000000     
  0.600000000000000       0.200000000000000       0.400000000000000     
           2
         494         187         186         202         206
  0.600000000000000       0.200000000000000       0.600000000000000     
  0.600000000000000       0.200000000000000       0.400000000000000     
  0.800000000000000       0.200000000000000       0.400000000000000     
  0.800000000000000       0.400000000000000       0.400000000000000     
           2
         495         191         186         187         206
  0.600000000000000       0.400000000000000       0.600000000000000     
  0.600000000000000       0.200000000000000       0.400000000000000     
  0.600000000000000       0.200000000000000       0.600000000000000     
  0.800000000000000       0.400000000000000       0.400000000000000     
           2
         496         207         206         191         203
  0.800000000000000       0.400000000000000       0.600000000000000     
  0.800000000000000       0.400000000000000       0.400000000000000     
  0.600000000000000       0.400000000000000       0.600000000000000     
  0.800000000000000       0.200000000000000       0.600000000000000     
           2
         497         203         187         202         206
  0.800000000000000       0.200000000000000       0.600000000000000     
  0.600000000000000       0.200000000000000       0.600000000000000     
  0.800000000000000       0.200000000000000       0.400000000000000     
  0.800000000000000       0.400000000000000       0.400000000000000     
           2
         498         203         191         187         206
  0.800000000000000       0.200000000000000       0.600000000000000     
  0.600000000000000       0.400000000000000       0.600000000000000     
  0.600000000000000       0.200000000000000       0.600000000000000     
  0.800000000000000       0.400000000000000       0.400000000000000     
           2
         499         207         191         192         187
  0.800000000000000       0.400000000000000       0.600000000000000     
  0.600000000000000       0.400000000000000       0.600000000000000     
  0.600000000000000       0.400000000000000       0.800000000000000     
  0.600000000000000       0.200000000000000       0.600000000000000     
           2
         500         188         187         203         207
  0.600000000000000       0.200000000000000       0.800000000000000     
  0.600000000000000       0.200000000000000       0.600000000000000     
  0.800000000000000       0.200000000000000       0.600000000000000     
  0.800000000000000       0.400000000000000       0.600000000000000     
           2
         501         192         187         188         207
  0.600000000000000       0.400000000000000       0.800000000000000     
  0.600000000000000       0.200000000000000       0.600000000000000     
  0.600000000000000       0.200000000000000       0.800000000000000     
  0.800000000000000       0.400000000000000       0.600000000000000     
           2
         502         208         207         192         204
  0.800000000000000       0.400000000000000       0.800000000000000     
  0.800000000000000       0.400000000000000       0.600000000000000     
  0.600000000000000       0.400000000000000       0.800000000000000     
  0.800000000000000       0.200000000000000       0.800000000000000     
           2
         503         204         188         203         207
  0.800000000000000       0.200000000000000       0.800000000000000     
  0.600000000000000       0.200000000000000       0.800000000000000     
  0.800000000000000       0.200000000000000       0.600000000000000     
  0.800000000000000       0.400000000000000       0.600000000000000     
           2
         504         204         192         188         207
  0.800000000000000       0.200000000000000       0.800000000000000     
  0.600000000000000       0.400000000000000       0.800000000000000     
  0.600000000000000       0.200000000000000       0.800000000000000     
  0.800000000000000       0.400000000000000       0.600000000000000     
           2
         505         208         192          98         188
  0.800000000000000       0.400000000000000       0.800000000000000     
  0.600000000000000       0.400000000000000       0.800000000000000     
  0.600000000000000       0.400000000000000        1.00000000000000     
  0.600000000000000       0.200000000000000       0.800000000000000     
           2
         506          97         188         204         208
  0.600000000000000       0.200000000000000        1.00000000000000     
  0.600000000000000       0.200000000000000       0.800000000000000     
  0.800000000000000       0.200000000000000       0.800000000000000     
  0.800000000000000       0.400000000000000       0.800000000000000     
           2
         507          98         188          97         208
  0.600000000000000       0.400000000000000        1.00000000000000     
  0.600000000000000       0.200000000000000       0.800000000000000     
  0.600000000000000       0.200000000000000        1.00000000000000     
  0.800000000000000       0.400000000000000       0.800000000000000     
           2
         508         102         208          98         101
  0.800000000000000       0.400000000000000        1.00000000000000     
  0.800000000000000       0.400000000000000       0.800000000000000     
  0.600000000000000       0.400000000000000        1.00000000000000     
  0.800000000000000       0.200000000000000        1.00000000000000     
           2
         509         101          97         204         208
  0.800000000000000       0.200000000000000        1.00000000000000     
  0.600000000000000       0.200000000000000        1.00000000000000     
  0.800000000000000       0.200000000000000       0.800000000000000     
  0.800000000000000       0.400000000000000       0.800000000000000     
           2
         510         101          98          97         208
  0.800000000000000       0.200000000000000        1.00000000000000     
  0.600000000000000       0.400000000000000        1.00000000000000     
  0.600000000000000       0.200000000000000        1.00000000000000     
  0.800000000000000       0.400000000000000       0.800000000000000     
           2
         511         135         131         193         130
  0.800000000000000       0.600000000000000       0.000000000000000E+000
  0.600000000000000       0.600000000000000       0.000000000000000E+000
  0.600000000000000       0.600000000000000       0.200000000000000     
  0.600000000000000       0.400000000000000       0.000000000000000E+000
           2
         512         189         130         134         135
  0.600000000000000       0.400000000000000       0.200000000000000     
  0.600000000000000       0.400000000000000       0.000000000000000E+000
  0.800000000000000       0.400000000000000       0.000000000000000E+000
  0.800000000000000       0.600000000000000       0.000000000000000E+000
           2
         513         193         130         189         135
  0.600000000000000       0.600000000000000       0.200000000000000     
  0.600000000000000       0.400000000000000       0.000000000000000E+000
  0.600000000000000       0.400000000000000       0.200000000000000     
  0.800000000000000       0.600000000000000       0.000000000000000E+000
           2
         514         209         135         193         205
  0.800000000000000       0.600000000000000       0.200000000000000     
  0.800000000000000       0.600000000000000       0.000000000000000E+000
  0.600000000000000       0.600000000000000       0.200000000000000     
  0.800000000000000       0.400000000000000       0.200000000000000     
           2
         515         205         189         134         135
  0.800000000000000       0.400000000000000       0.200000000000000     
  0.600000000000000       0.400000000000000       0.200000000000000     
  0.800000000000000       0.400000000000000       0.000000000000000E+000
  0.800000000000000       0.600000000000000       0.000000000000000E+000
           2
         516         205         193         189         135
  0.800000000000000       0.400000000000000       0.200000000000000     
  0.600000000000000       0.600000000000000       0.200000000000000     
  0.600000000000000       0.400000000000000       0.200000000000000     
  0.800000000000000       0.600000000000000       0.000000000000000E+000
           2
         517         209         193         194         189
  0.800000000000000       0.600000000000000       0.200000000000000     
  0.600000000000000       0.600000000000000       0.200000000000000     
  0.600000000000000       0.600000000000000       0.400000000000000     
  0.600000000000000       0.400000000000000       0.200000000000000     
           2
         518         190         189         205         209
  0.600000000000000       0.400000000000000       0.400000000000000     
  0.600000000000000       0.400000000000000       0.200000000000000     
  0.800000000000000       0.400000000000000       0.200000000000000     
  0.800000000000000       0.600000000000000       0.200000000000000     
           2
         519         194         189         190         209
  0.600000000000000       0.600000000000000       0.400000000000000     
  0.600000000000000       0.400000000000000       0.200000000000000     
  0.600000000000000       0.400000000000000       0.400000000000000     
  0.800000000000000       0.600000000000000       0.200000000000000     
           2
         520         210         209         194         206
  0.800000000000000       0.600000000000000       0.400000000000000     
  0.800000000000000       0.600000000000000       0.200000000000000     
  0.600000000000000       0.600000000000000       0.400000000000000     
  0.800000000000000       0.400000000000000       0.400000000000000     
           2
         521         206         190         205         209
  0.800000000000000       0.400000000000000       0.400000000000000     
  0.600000000000000       0.400000000000000       0.400000000000000     
  0.800000000000000       0.400000000000000       0.200000000000000     
  0.800000000000000       0.600000000000000       0.200000000000000     
           2
         522         206         194         190         209
  0.800000000000000       0.400000000000000       0.400000000000000     
  0.600000000000000       0.600000000000000       0.400000000000000     
  0.600000000000000       0.400000000000000       0.400000000000000     
  0.800000000000000       0.600000000000000       0.200000000000000     
           2
         523         210         194         195         190
  0.800000000000000       0.600000000000000       0.400000000000000     
  0.600000000000000       0.600000000000000       0.400000000000000     
  0.600000000000000       0.600000000000000       0.600000000000000     
  0.600000000000000       0.400000000000000       0.400000000000000     
           2
         524         191         190         206         210
  0.600000000000000       0.400000000000000       0.600000000000000     
  0.600000000000000       0.400000000000000       0.400000000000000     
  0.800000000000000       0.400000000000000       0.400000000000000     
  0.800000000000000       0.600000000000000       0.400000000000000     
           2
         525         195         190         191         210
  0.600000000000000       0.600000000000000       0.600000000000000     
  0.600000000000000       0.400000000000000       0.400000000000000     
  0.600000000000000       0.400000000000000       0.600000000000000     
  0.800000000000000       0.600000000000000       0.400000000000000     
           2
         526         211         210         195         207
  0.800000000000000       0.600000000000000       0.600000000000000     
  0.800000000000000       0.600000000000000       0.400000000000000     
  0.600000000000000       0.600000000000000       0.600000000000000     
  0.800000000000000       0.400000000000000       0.600000000000000     
           2
         527         207         191         206         210
  0.800000000000000       0.400000000000000       0.600000000000000     
  0.600000000000000       0.400000000000000       0.600000000000000     
  0.800000000000000       0.400000000000000       0.400000000000000     
  0.800000000000000       0.600000000000000       0.400000000000000     
           2
         528         207         195         191         210
  0.800000000000000       0.400000000000000       0.600000000000000     
  0.600000000000000       0.600000000000000       0.600000000000000     
  0.600000000000000       0.400000000000000       0.600000000000000     
  0.800000000000000       0.600000000000000       0.400000000000000     
           2
         529         211         195         196         191
  0.800000000000000       0.600000000000000       0.600000000000000     
  0.600000000000000       0.600000000000000       0.600000000000000     
  0.600000000000000       0.600000000000000       0.800000000000000     
  0.600000000000000       0.400000000000000       0.600000000000000     
           2
         530         192         191         207         211
  0.600000000000000       0.400000000000000       0.800000000000000     
  0.600000000000000       0.400000000000000       0.600000000000000     
  0.800000000000000       0.400000000000000       0.600000000000000     
  0.800000000000000       0.600000000000000       0.600000000000000     
           2
         531         196         191         192         211
  0.600000000000000       0.600000000000000       0.800000000000000     
  0.600000000000000       0.400000000000000       0.600000000000000     
  0.600000000000000       0.400000000000000       0.800000000000000     
  0.800000000000000       0.600000000000000       0.600000000000000     
           2
         532         212         211         196         208
  0.800000000000000       0.600000000000000       0.800000000000000     
  0.800000000000000       0.600000000000000       0.600000000000000     
  0.600000000000000       0.600000000000000       0.800000000000000     
  0.800000000000000       0.400000000000000       0.800000000000000     
           2
         533         208         192         207         211
  0.800000000000000       0.400000000000000       0.800000000000000     
  0.600000000000000       0.400000000000000       0.800000000000000     
  0.800000000000000       0.400000000000000       0.600000000000000     
  0.800000000000000       0.600000000000000       0.600000000000000     
           2
         534         208         196         192         211
  0.800000000000000       0.400000000000000       0.800000000000000     
  0.600000000000000       0.600000000000000       0.800000000000000     
  0.600000000000000       0.400000000000000       0.800000000000000     
  0.800000000000000       0.600000000000000       0.600000000000000     
           2
         535         212         196          99         192
  0.800000000000000       0.600000000000000       0.800000000000000     
  0.600000000000000       0.600000000000000       0.800000000000000     
  0.600000000000000       0.600000000000000        1.00000000000000     
  0.600000000000000       0.400000000000000       0.800000000000000     
           2
         536          98         192         208         212
  0.600000000000000       0.400000000000000        1.00000000000000     
  0.600000000000000       0.400000000000000       0.800000000000000     
  0.800000000000000       0.400000000000000       0.800000000000000     
  0.800000000000000       0.600000000000000       0.800000000000000     
           2
         537          99         192          98         212
  0.600000000000000       0.600000000000000        1.00000000000000     
  0.600000000000000       0.400000000000000       0.800000000000000     
  0.600000000000000       0.400000000000000        1.00000000000000     
  0.800000000000000       0.600000000000000       0.800000000000000     
           2
         538         103         212          99         102
  0.800000000000000       0.600000000000000        1.00000000000000     
  0.800000000000000       0.600000000000000       0.800000000000000     
  0.600000000000000       0.600000000000000        1.00000000000000     
  0.800000000000000       0.400000000000000        1.00000000000000     
           2
         539         102          98         208         212
  0.800000000000000       0.400000000000000        1.00000000000000     
  0.600000000000000       0.400000000000000        1.00000000000000     
  0.800000000000000       0.400000000000000       0.800000000000000     
  0.800000000000000       0.600000000000000       0.800000000000000     
           2
         540         102          99          98         212
  0.800000000000000       0.400000000000000        1.00000000000000     
  0.600000000000000       0.600000000000000        1.00000000000000     
  0.600000000000000       0.400000000000000        1.00000000000000     
  0.800000000000000       0.600000000000000       0.800000000000000     
           2
         541         136         132         197         131
  0.800000000000000       0.800000000000000       0.000000000000000E+000
  0.600000000000000       0.800000000000000       0.000000000000000E+000
  0.600000000000000       0.800000000000000       0.200000000000000     
  0.600000000000000       0.600000000000000       0.000000000000000E+000
           2
         542         193         131         135         136
  0.600000000000000       0.600000000000000       0.200000000000000     
  0.600000000000000       0.600000000000000       0.000000000000000E+000
  0.800000000000000       0.600000000000000       0.000000000000000E+000
  0.800000000000000       0.800000000000000       0.000000000000000E+000
           2
         543         197         131         193         136
  0.600000000000000       0.800000000000000       0.200000000000000     
  0.600000000000000       0.600000000000000       0.000000000000000E+000
  0.600000000000000       0.600000000000000       0.200000000000000     
  0.800000000000000       0.800000000000000       0.000000000000000E+000
           2
         544         213         136         197         209
  0.800000000000000       0.800000000000000       0.200000000000000     
  0.800000000000000       0.800000000000000       0.000000000000000E+000
  0.600000000000000       0.800000000000000       0.200000000000000     
  0.800000000000000       0.600000000000000       0.200000000000000     
           2
         545         209         193         135         136
  0.800000000000000       0.600000000000000       0.200000000000000     
  0.600000000000000       0.600000000000000       0.200000000000000     
  0.800000000000000       0.600000000000000       0.000000000000000E+000
  0.800000000000000       0.800000000000000       0.000000000000000E+000
           2
         546         209         197         193         136
  0.800000000000000       0.600000000000000       0.200000000000000     
  0.600000000000000       0.800000000000000       0.200000000000000     
  0.600000000000000       0.600000000000000       0.200000000000000     
  0.800000000000000       0.800000000000000       0.000000000000000E+000
           2
         547         213         197         198         193
  0.800000000000000       0.800000000000000       0.200000000000000     
  0.600000000000000       0.800000000000000       0.200000000000000     
  0.600000000000000       0.800000000000000       0.400000000000000     
  0.600000000000000       0.600000000000000       0.200000000000000     
           2
         548         194         193         209         213
  0.600000000000000       0.600000000000000       0.400000000000000     
  0.600000000000000       0.600000000000000       0.200000000000000     
  0.800000000000000       0.600000000000000       0.200000000000000     
  0.800000000000000       0.800000000000000       0.200000000000000     
           2
         549         198         193         194         213
  0.600000000000000       0.800000000000000       0.400000000000000     
  0.600000000000000       0.600000000000000       0.200000000000000     
  0.600000000000000       0.600000000000000       0.400000000000000     
  0.800000000000000       0.800000000000000       0.200000000000000     
           2
         550         214         213         198         210
  0.800000000000000       0.800000000000000       0.400000000000000     
  0.800000000000000       0.800000000000000       0.200000000000000     
  0.600000000000000       0.800000000000000       0.400000000000000     
  0.800000000000000       0.600000000000000       0.400000000000000     
           2
         551         210         194         209         213
  0.800000000000000       0.600000000000000       0.400000000000000     
  0.600000000000000       0.600000000000000       0.400000000000000     
  0.800000000000000       0.600000000000000       0.200000000000000     
  0.800000000000000       0.800000000000000       0.200000000000000     
           2
         552         210         198         194         213
  0.800000000000000       0.600000000000000       0.400000000000000     
  0.600000000000000       0.800000000000000       0.400000000000000     
  0.600000000000000       0.600000000000000       0.400000000000000     
  0.800000000000000       0.800000000000000       0.200000000000000     
           2
         553         214         198         199         194
  0.800000000000000       0.800000000000000       0.400000000000000     
  0.600000000000000       0.800000000000000       0.400000000000000     
  0.600000000000000       0.800000000000000       0.600000000000000     
  0.600000000000000       0.600000000000000       0.400000000000000     
           2
         554         195         194         210         214
  0.600000000000000       0.600000000000000       0.600000000000000     
  0.600000000000000       0.600000000000000       0.400000000000000     
  0.800000000000000       0.600000000000000       0.400000000000000     
  0.800000000000000       0.800000000000000       0.400000000000000     
           2
         555         199         194         195         214
  0.600000000000000       0.800000000000000       0.600000000000000     
  0.600000000000000       0.600000000000000       0.400000000000000     
  0.600000000000000       0.600000000000000       0.600000000000000     
  0.800000000000000       0.800000000000000       0.400000000000000     
           2
         556         215         214         199         211
  0.800000000000000       0.800000000000000       0.600000000000000     
  0.800000000000000       0.800000000000000       0.400000000000000     
  0.600000000000000       0.800000000000000       0.600000000000000     
  0.800000000000000       0.600000000000000       0.600000000000000     
           2
         557         211         195         210         214
  0.800000000000000       0.600000000000000       0.600000000000000     
  0.600000000000000       0.600000000000000       0.600000000000000     
  0.800000000000000       0.600000000000000       0.400000000000000     
  0.800000000000000       0.800000000000000       0.400000000000000     
           2
         558         211         199         195         214
  0.800000000000000       0.600000000000000       0.600000000000000     
  0.600000000000000       0.800000000000000       0.600000000000000     
  0.600000000000000       0.600000000000000       0.600000000000000     
  0.800000000000000       0.800000000000000       0.400000000000000     
           2
         559         215         199         200         195
  0.800000000000000       0.800000000000000       0.600000000000000     
  0.600000000000000       0.800000000000000       0.600000000000000     
  0.600000000000000       0.800000000000000       0.800000000000000     
  0.600000000000000       0.600000000000000       0.600000000000000     
           2
         560         196         195         211         215
  0.600000000000000       0.600000000000000       0.800000000000000     
  0.600000000000000       0.600000000000000       0.600000000000000     
  0.800000000000000       0.600000000000000       0.600000000000000     
  0.800000000000000       0.800000000000000       0.600000000000000     
           2
         561         200         195         196         215
  0.600000000000000       0.800000000000000       0.800000000000000     
  0.600000000000000       0.600000000000000       0.600000000000000     
  0.600000000000000       0.600000000000000       0.800000000000000     
  0.800000000000000       0.800000000000000       0.600000000000000     
           2
         562         216         215         200         212
  0.800000000000000       0.800000000000000       0.800000000000000     
  0.800000000000000       0.800000000000000       0.600000000000000     
  0.600000000000000       0.800000000000000       0.800000000000000     
  0.800000000000000       0.600000000000000       0.800000000000000     
           2
         563         212         196         211         215
  0.800000000000000       0.600000000000000       0.800000000000000     
  0.600000000000000       0.600000000000000       0.800000000000000     
  0.800000000000000       0.600000000000000       0.600000000000000     
  0.800000000000000       0.800000000000000       0.600000000000000     
           2
         564         212         200         196         215
  0.800000000000000       0.600000000000000       0.800000000000000     
  0.600000000000000       0.800000000000000       0.800000000000000     
  0.600000000000000       0.600000000000000       0.800000000000000     
  0.800000000000000       0.800000000000000       0.600000000000000     
           2
         565         216         200         100         196
  0.800000000000000       0.800000000000000       0.800000000000000     
  0.600000000000000       0.800000000000000       0.800000000000000     
  0.600000000000000       0.800000000000000        1.00000000000000     
  0.600000000000000       0.600000000000000       0.800000000000000     
           2
         566          99         196         212         216
  0.600000000000000       0.600000000000000        1.00000000000000     
  0.600000000000000       0.600000000000000       0.800000000000000     
  0.800000000000000       0.600000000000000       0.800000000000000     
  0.800000000000000       0.800000000000000       0.800000000000000     
           2
         567         100         196          99         216
  0.600000000000000       0.800000000000000        1.00000000000000     
  0.600000000000000       0.600000000000000       0.800000000000000     
  0.600000000000000       0.600000000000000        1.00000000000000     
  0.800000000000000       0.800000000000000       0.800000000000000     
           2
         568         104         216         100         103
  0.800000000000000       0.800000000000000        1.00000000000000     
  0.800000000000000       0.800000000000000       0.800000000000000     
  0.600000000000000       0.800000000000000        1.00000000000000     
  0.800000000000000       0.600000000000000        1.00000000000000     
           2
         569         103          99         212         216
  0.800000000000000       0.600000000000000        1.00000000000000     
  0.600000000000000       0.600000000000000        1.00000000000000     
  0.800000000000000       0.600000000000000       0.800000000000000     
  0.800000000000000       0.800000000000000       0.800000000000000     
           2
         570         103         100          99         216
  0.800000000000000       0.600000000000000        1.00000000000000     
  0.600000000000000       0.800000000000000        1.00000000000000     
  0.600000000000000       0.600000000000000        1.00000000000000     
  0.800000000000000       0.800000000000000       0.800000000000000     
           2
         571          44          43         139         132
  0.800000000000000        1.00000000000000       0.000000000000000E+000
  0.600000000000000        1.00000000000000       0.000000000000000E+000
  0.600000000000000        1.00000000000000       0.200000000000000     
  0.600000000000000       0.800000000000000       0.000000000000000E+000
           2
         572         197         132         136          44
  0.600000000000000       0.800000000000000       0.200000000000000     
  0.600000000000000       0.800000000000000       0.000000000000000E+000
  0.800000000000000       0.800000000000000       0.000000000000000E+000
  0.800000000000000        1.00000000000000       0.000000000000000E+000
           2
         573         139         132         197          44
  0.600000000000000        1.00000000000000       0.200000000000000     
  0.600000000000000       0.800000000000000       0.000000000000000E+000
  0.600000000000000       0.800000000000000       0.200000000000000     
  0.800000000000000        1.00000000000000       0.000000000000000E+000
           2
         574         140          44         139         213
  0.800000000000000        1.00000000000000       0.200000000000000     
  0.800000000000000        1.00000000000000       0.000000000000000E+000
  0.600000000000000        1.00000000000000       0.200000000000000     
  0.800000000000000       0.800000000000000       0.200000000000000     
           2
         575         213         197         136          44
  0.800000000000000       0.800000000000000       0.200000000000000     
  0.600000000000000       0.800000000000000       0.200000000000000     
  0.800000000000000       0.800000000000000       0.000000000000000E+000
  0.800000000000000        1.00000000000000       0.000000000000000E+000
           2
         576         213         139         197          44
  0.800000000000000       0.800000000000000       0.200000000000000     
  0.600000000000000        1.00000000000000       0.200000000000000     
  0.600000000000000       0.800000000000000       0.200000000000000     
  0.800000000000000        1.00000000000000       0.000000000000000E+000
           2
         577         140         139         143         197
  0.800000000000000        1.00000000000000       0.200000000000000     
  0.600000000000000        1.00000000000000       0.200000000000000     
  0.600000000000000        1.00000000000000       0.400000000000000     
  0.600000000000000       0.800000000000000       0.200000000000000     
           2
         578         198         197         213         140
  0.600000000000000       0.800000000000000       0.400000000000000     
  0.600000000000000       0.800000000000000       0.200000000000000     
  0.800000000000000       0.800000000000000       0.200000000000000     
  0.800000000000000        1.00000000000000       0.200000000000000     
           2
         579         143         197         198         140
  0.600000000000000        1.00000000000000       0.400000000000000     
  0.600000000000000       0.800000000000000       0.200000000000000     
  0.600000000000000       0.800000000000000       0.400000000000000     
  0.800000000000000        1.00000000000000       0.200000000000000     
           2
         580         144         140         143         214
  0.800000000000000        1.00000000000000       0.400000000000000     
  0.800000000000000        1.00000000000000       0.200000000000000     
  0.600000000000000        1.00000000000000       0.400000000000000     
  0.800000000000000       0.800000000000000       0.400000000000000     
           2
         581         214         198         213         140
  0.800000000000000       0.800000000000000       0.400000000000000     
  0.600000000000000       0.800000000000000       0.400000000000000     
  0.800000000000000       0.800000000000000       0.200000000000000     
  0.800000000000000        1.00000000000000       0.200000000000000     
           2
         582         214         143         198         140
  0.800000000000000       0.800000000000000       0.400000000000000     
  0.600000000000000        1.00000000000000       0.400000000000000     
  0.600000000000000       0.800000000000000       0.400000000000000     
  0.800000000000000        1.00000000000000       0.200000000000000     
           2
         583         144         143         147         198
  0.800000000000000        1.00000000000000       0.400000000000000     
  0.600000000000000        1.00000000000000       0.400000000000000     
  0.600000000000000        1.00000000000000       0.600000000000000     
  0.600000000000000       0.800000000000000       0.400000000000000     
           2
         584         199         198         214         144
  0.600000000000000       0.800000000000000       0.600000000000000     
  0.600000000000000       0.800000000000000       0.400000000000000     
  0.800000000000000       0.800000000000000       0.400000000000000     
  0.800000000000000        1.00000000000000       0.400000000000000     
           2
         585         147         198         199         144
  0.600000000000000        1.00000000000000       0.600000000000000     
  0.600000000000000       0.800000000000000       0.400000000000000     
  0.600000000000000       0.800000000000000       0.600000000000000     
  0.800000000000000        1.00000000000000       0.400000000000000     
           2
         586         148         144         147         215
  0.800000000000000        1.00000000000000       0.600000000000000     
  0.800000000000000        1.00000000000000       0.400000000000000     
  0.600000000000000        1.00000000000000       0.600000000000000     
  0.800000000000000       0.800000000000000       0.600000000000000     
           2
         587         215         199         214         144
  0.800000000000000       0.800000000000000       0.600000000000000     
  0.600000000000000       0.800000000000000       0.600000000000000     
  0.800000000000000       0.800000000000000       0.400000000000000     
  0.800000000000000        1.00000000000000       0.400000000000000     
           2
         588         215         147         199         144
  0.800000000000000       0.800000000000000       0.600000000000000     
  0.600000000000000        1.00000000000000       0.600000000000000     
  0.600000000000000       0.800000000000000       0.600000000000000     
  0.800000000000000        1.00000000000000       0.400000000000000     
           2
         589         148         147         151         199
  0.800000000000000        1.00000000000000       0.600000000000000     
  0.600000000000000        1.00000000000000       0.600000000000000     
  0.600000000000000        1.00000000000000       0.800000000000000     
  0.600000000000000       0.800000000000000       0.600000000000000     
           2
         590         200         199         215         148
  0.600000000000000       0.800000000000000       0.800000000000000     
  0.600000000000000       0.800000000000000       0.600000000000000     
  0.800000000000000       0.800000000000000       0.600000000000000     
  0.800000000000000        1.00000000000000       0.600000000000000     
           2
         591         151         199         200         148
  0.600000000000000        1.00000000000000       0.800000000000000     
  0.600000000000000       0.800000000000000       0.600000000000000     
  0.600000000000000       0.800000000000000       0.800000000000000     
  0.800000000000000        1.00000000000000       0.600000000000000     
           2
         592         152         148         151         216
  0.800000000000000        1.00000000000000       0.800000000000000     
  0.800000000000000        1.00000000000000       0.600000000000000     
  0.600000000000000        1.00000000000000       0.800000000000000     
  0.800000000000000       0.800000000000000       0.800000000000000     
           2
         593         216         200         215         148
  0.800000000000000       0.800000000000000       0.800000000000000     
  0.600000000000000       0.800000000000000       0.800000000000000     
  0.800000000000000       0.800000000000000       0.600000000000000     
  0.800000000000000        1.00000000000000       0.600000000000000     
           2
         594         216         151         200         148
  0.800000000000000       0.800000000000000       0.800000000000000     
  0.600000000000000        1.00000000000000       0.800000000000000     
  0.600000000000000       0.800000000000000       0.800000000000000     
  0.800000000000000        1.00000000000000       0.600000000000000     
           2
         595         152         151          51         200
  0.800000000000000        1.00000000000000       0.800000000000000     
  0.600000000000000        1.00000000000000       0.800000000000000     
  0.600000000000000        1.00000000000000        1.00000000000000     
  0.600000000000000       0.800000000000000       0.800000000000000     
           2
         596         100         200         216         152
  0.600000000000000       0.800000000000000        1.00000000000000     
  0.600000000000000       0.800000000000000       0.800000000000000     
  0.800000000000000       0.800000000000000       0.800000000000000     
  0.800000000000000        1.00000000000000       0.800000000000000     
           2
         597          51         200         100         152
  0.600000000000000        1.00000000000000        1.00000000000000     
  0.600000000000000       0.800000000000000       0.800000000000000     
  0.600000000000000       0.800000000000000        1.00000000000000     
  0.800000000000000        1.00000000000000       0.800000000000000     
           2
         598          52         152          51         104
  0.800000000000000        1.00000000000000        1.00000000000000     
  0.800000000000000        1.00000000000000       0.800000000000000     
  0.600000000000000        1.00000000000000        1.00000000000000     
  0.800000000000000       0.800000000000000        1.00000000000000     
           2
         599         104         100         216         152
  0.800000000000000       0.800000000000000        1.00000000000000     
  0.600000000000000       0.800000000000000        1.00000000000000     
  0.800000000000000       0.800000000000000       0.800000000000000     
  0.800000000000000        1.00000000000000       0.800000000000000     
           2
         600         104          51         100         152
  0.800000000000000       0.800000000000000        1.00000000000000     
  0.600000000000000        1.00000000000000        1.00000000000000     
  0.600000000000000       0.800000000000000        1.00000000000000     
  0.800000000000000        1.00000000000000       0.800000000000000     
           2
         601          25         133         201          12
   1.00000000000000       0.200000000000000       0.000000000000000E+000
  0.800000000000000       0.200000000000000       0.000000000000000E+000
  0.800000000000000       0.200000000000000       0.200000000000000     
  0.800000000000000       0.000000000000000E+000  0.000000000000000E+000
           2
         602          60          12           2          25
  0.800000000000000       0.000000000000000E+000  0.200000000000000     
  0.800000000000000       0.000000000000000E+000  0.000000000000000E+000
   1.00000000000000       0.000000000000000E+000  0.000000000000000E+000
   1.00000000000000       0.200000000000000       0.000000000000000E+000
           2
         603         201          12          60          25
  0.800000000000000       0.200000000000000       0.200000000000000     
  0.800000000000000       0.000000000000000E+000  0.000000000000000E+000
  0.800000000000000       0.000000000000000E+000  0.200000000000000     
   1.00000000000000       0.200000000000000       0.000000000000000E+000
           2
         604          73          25         201          13
   1.00000000000000       0.200000000000000       0.200000000000000     
   1.00000000000000       0.200000000000000       0.000000000000000E+000
  0.800000000000000       0.200000000000000       0.200000000000000     
   1.00000000000000       0.000000000000000E+000  0.200000000000000     
           2
         605          13          60           2          25
   1.00000000000000       0.000000000000000E+000  0.200000000000000     
  0.800000000000000       0.000000000000000E+000  0.200000000000000     
   1.00000000000000       0.000000000000000E+000  0.000000000000000E+000
   1.00000000000000       0.200000000000000       0.000000000000000E+000
           2
         606          13         201          60          25
   1.00000000000000       0.000000000000000E+000  0.200000000000000     
  0.800000000000000       0.200000000000000       0.200000000000000     
  0.800000000000000       0.000000000000000E+000  0.200000000000000     
   1.00000000000000       0.200000000000000       0.000000000000000E+000
           2
         607          73         201         202          60
   1.00000000000000       0.200000000000000       0.200000000000000     
  0.800000000000000       0.200000000000000       0.200000000000000     
  0.800000000000000       0.200000000000000       0.400000000000000     
  0.800000000000000       0.000000000000000E+000  0.200000000000000     
           2
         608          64          60          13          73
  0.800000000000000       0.000000000000000E+000  0.400000000000000     
  0.800000000000000       0.000000000000000E+000  0.200000000000000     
   1.00000000000000       0.000000000000000E+000  0.200000000000000     
   1.00000000000000       0.200000000000000       0.200000000000000     
           2
         609         202          60          64          73
  0.800000000000000       0.200000000000000       0.400000000000000     
  0.800000000000000       0.000000000000000E+000  0.200000000000000     
  0.800000000000000       0.000000000000000E+000  0.400000000000000     
   1.00000000000000       0.200000000000000       0.200000000000000     
           2
         610          74          73         202          14
   1.00000000000000       0.200000000000000       0.400000000000000     
   1.00000000000000       0.200000000000000       0.200000000000000     
  0.800000000000000       0.200000000000000       0.400000000000000     
   1.00000000000000       0.000000000000000E+000  0.400000000000000     
           2
         611          14          64          13          73
   1.00000000000000       0.000000000000000E+000  0.400000000000000     
  0.800000000000000       0.000000000000000E+000  0.400000000000000     
   1.00000000000000       0.000000000000000E+000  0.200000000000000     
   1.00000000000000       0.200000000000000       0.200000000000000     
           2
         612          14         202          64          73
   1.00000000000000       0.000000000000000E+000  0.400000000000000     
  0.800000000000000       0.200000000000000       0.400000000000000     
  0.800000000000000       0.000000000000000E+000  0.400000000000000     
   1.00000000000000       0.200000000000000       0.200000000000000     
           2
         613          74         202         203          64
   1.00000000000000       0.200000000000000       0.400000000000000     
  0.800000000000000       0.200000000000000       0.400000000000000     
  0.800000000000000       0.200000000000000       0.600000000000000     
  0.800000000000000       0.000000000000000E+000  0.400000000000000     
           2
         614          68          64          14          74
  0.800000000000000       0.000000000000000E+000  0.600000000000000     
  0.800000000000000       0.000000000000000E+000  0.400000000000000     
   1.00000000000000       0.000000000000000E+000  0.400000000000000     
   1.00000000000000       0.200000000000000       0.400000000000000     
           2
         615         203          64          68          74
  0.800000000000000       0.200000000000000       0.600000000000000     
  0.800000000000000       0.000000000000000E+000  0.400000000000000     
  0.800000000000000       0.000000000000000E+000  0.600000000000000     
   1.00000000000000       0.200000000000000       0.400000000000000     
           2
         616          75          74         203          15
   1.00000000000000       0.200000000000000       0.600000000000000     
   1.00000000000000       0.200000000000000       0.400000000000000     
  0.800000000000000       0.200000000000000       0.600000000000000     
   1.00000000000000       0.000000000000000E+000  0.600000000000000     
           2
         617          15          68          14          74
   1.00000000000000       0.000000000000000E+000  0.600000000000000     
  0.800000000000000       0.000000000000000E+000  0.600000000000000     
   1.00000000000000       0.000000000000000E+000  0.400000000000000     
   1.00000000000000       0.200000000000000       0.400000000000000     
           2
         618          15         203          68          74
   1.00000000000000       0.000000000000000E+000  0.600000000000000     
  0.800000000000000       0.200000000000000       0.600000000000000     
  0.800000000000000       0.000000000000000E+000  0.600000000000000     
   1.00000000000000       0.200000000000000       0.400000000000000     
           2
         619          75         203         204          68
   1.00000000000000       0.200000000000000       0.600000000000000     
  0.800000000000000       0.200000000000000       0.600000000000000     
  0.800000000000000       0.200000000000000       0.800000000000000     
  0.800000000000000       0.000000000000000E+000  0.600000000000000     
           2
         620          72          68          15          75
  0.800000000000000       0.000000000000000E+000  0.800000000000000     
  0.800000000000000       0.000000000000000E+000  0.600000000000000     
   1.00000000000000       0.000000000000000E+000  0.600000000000000     
   1.00000000000000       0.200000000000000       0.600000000000000     
           2
         621         204          68          72          75
  0.800000000000000       0.200000000000000       0.800000000000000     
  0.800000000000000       0.000000000000000E+000  0.600000000000000     
  0.800000000000000       0.000000000000000E+000  0.800000000000000     
   1.00000000000000       0.200000000000000       0.600000000000000     
           2
         622          76          75         204          16
   1.00000000000000       0.200000000000000       0.800000000000000     
   1.00000000000000       0.200000000000000       0.600000000000000     
  0.800000000000000       0.200000000000000       0.800000000000000     
   1.00000000000000       0.000000000000000E+000  0.800000000000000     
           2
         623          16          72          15          75
   1.00000000000000       0.000000000000000E+000  0.800000000000000     
  0.800000000000000       0.000000000000000E+000  0.800000000000000     
   1.00000000000000       0.000000000000000E+000  0.600000000000000     
   1.00000000000000       0.200000000000000       0.600000000000000     
           2
         624          16         204          72          75
   1.00000000000000       0.000000000000000E+000  0.800000000000000     
  0.800000000000000       0.200000000000000       0.800000000000000     
  0.800000000000000       0.000000000000000E+000  0.800000000000000     
   1.00000000000000       0.200000000000000       0.600000000000000     
           2
         625          76         204         101          72
   1.00000000000000       0.200000000000000       0.800000000000000     
  0.800000000000000       0.200000000000000       0.800000000000000     
  0.800000000000000       0.200000000000000        1.00000000000000     
  0.800000000000000       0.000000000000000E+000  0.800000000000000     
           2
         626          20          72          16          76
  0.800000000000000       0.000000000000000E+000   1.00000000000000     
  0.800000000000000       0.000000000000000E+000  0.800000000000000     
   1.00000000000000       0.000000000000000E+000  0.800000000000000     
   1.00000000000000       0.200000000000000       0.800000000000000     
           2
         627         101          72          20          76
  0.800000000000000       0.200000000000000        1.00000000000000     
  0.800000000000000       0.000000000000000E+000  0.800000000000000     
  0.800000000000000       0.000000000000000E+000   1.00000000000000     
   1.00000000000000       0.200000000000000       0.800000000000000     
           2
         628          29          76         101           3
   1.00000000000000       0.200000000000000        1.00000000000000     
   1.00000000000000       0.200000000000000       0.800000000000000     
  0.800000000000000       0.200000000000000        1.00000000000000     
   1.00000000000000       0.000000000000000E+000   1.00000000000000     
           2
         629           3          20          16          76
   1.00000000000000       0.000000000000000E+000   1.00000000000000     
  0.800000000000000       0.000000000000000E+000   1.00000000000000     
   1.00000000000000       0.000000000000000E+000  0.800000000000000     
   1.00000000000000       0.200000000000000       0.800000000000000     
           2
         630           3         101          20          76
   1.00000000000000       0.000000000000000E+000   1.00000000000000     
  0.800000000000000       0.200000000000000        1.00000000000000     
  0.800000000000000       0.000000000000000E+000   1.00000000000000     
   1.00000000000000       0.200000000000000       0.800000000000000     
           2
         631          26         134         205         133
   1.00000000000000       0.400000000000000       0.000000000000000E+000
  0.800000000000000       0.400000000000000       0.000000000000000E+000
  0.800000000000000       0.400000000000000       0.200000000000000     
  0.800000000000000       0.200000000000000       0.000000000000000E+000
           2
         632         201         133          25          26
  0.800000000000000       0.200000000000000       0.200000000000000     
  0.800000000000000       0.200000000000000       0.000000000000000E+000
   1.00000000000000       0.200000000000000       0.000000000000000E+000
   1.00000000000000       0.400000000000000       0.000000000000000E+000
           2
         633         205         133         201          26
  0.800000000000000       0.400000000000000       0.200000000000000     
  0.800000000000000       0.200000000000000       0.000000000000000E+000
  0.800000000000000       0.200000000000000       0.200000000000000     
   1.00000000000000       0.400000000000000       0.000000000000000E+000
           2
         634          77          26         205          73
   1.00000000000000       0.400000000000000       0.200000000000000     
   1.00000000000000       0.400000000000000       0.000000000000000E+000
  0.800000000000000       0.400000000000000       0.200000000000000     
   1.00000000000000       0.200000000000000       0.200000000000000     
           2
         635          73         201          25          26
   1.00000000000000       0.200000000000000       0.200000000000000     
  0.800000000000000       0.200000000000000       0.200000000000000     
   1.00000000000000       0.200000000000000       0.000000000000000E+000
   1.00000000000000       0.400000000000000       0.000000000000000E+000
           2
         636          73         205         201          26
   1.00000000000000       0.200000000000000       0.200000000000000     
  0.800000000000000       0.400000000000000       0.200000000000000     
  0.800000000000000       0.200000000000000       0.200000000000000     
   1.00000000000000       0.400000000000000       0.000000000000000E+000
           2
         637          77         205         206         201
   1.00000000000000       0.400000000000000       0.200000000000000     
  0.800000000000000       0.400000000000000       0.200000000000000     
  0.800000000000000       0.400000000000000       0.400000000000000     
  0.800000000000000       0.200000000000000       0.200000000000000     
           2
         638         202         201          73          77
  0.800000000000000       0.200000000000000       0.400000000000000     
  0.800000000000000       0.200000000000000       0.200000000000000     
   1.00000000000000       0.200000000000000       0.200000000000000     
   1.00000000000000       0.400000000000000       0.200000000000000     
           2
         639         206         201         202          77
  0.800000000000000       0.400000000000000       0.400000000000000     
  0.800000000000000       0.200000000000000       0.200000000000000     
  0.800000000000000       0.200000000000000       0.400000000000000     
   1.00000000000000       0.400000000000000       0.200000000000000     
           2
         640          78          77         206          74
   1.00000000000000       0.400000000000000       0.400000000000000     
   1.00000000000000       0.400000000000000       0.200000000000000     
  0.800000000000000       0.400000000000000       0.400000000000000     
   1.00000000000000       0.200000000000000       0.400000000000000     
           2
         641          74         202          73          77
   1.00000000000000       0.200000000000000       0.400000000000000     
  0.800000000000000       0.200000000000000       0.400000000000000     
   1.00000000000000       0.200000000000000       0.200000000000000     
   1.00000000000000       0.400000000000000       0.200000000000000     
           2
         642          74         206         202          77
   1.00000000000000       0.200000000000000       0.400000000000000     
  0.800000000000000       0.400000000000000       0.400000000000000     
  0.800000000000000       0.200000000000000       0.400000000000000     
   1.00000000000000       0.400000000000000       0.200000000000000     
           2
         643          78         206         207         202
   1.00000000000000       0.400000000000000       0.400000000000000     
  0.800000000000000       0.400000000000000       0.400000000000000     
  0.800000000000000       0.400000000000000       0.600000000000000     
  0.800000000000000       0.200000000000000       0.400000000000000     
           2
         644         203         202          74          78
  0.800000000000000       0.200000000000000       0.600000000000000     
  0.800000000000000       0.200000000000000       0.400000000000000     
   1.00000000000000       0.200000000000000       0.400000000000000     
   1.00000000000000       0.400000000000000       0.400000000000000     
           2
         645         207         202         203          78
  0.800000000000000       0.400000000000000       0.600000000000000     
  0.800000000000000       0.200000000000000       0.400000000000000     
  0.800000000000000       0.200000000000000       0.600000000000000     
   1.00000000000000       0.400000000000000       0.400000000000000     
           2
         646          79          78         207          75
   1.00000000000000       0.400000000000000       0.600000000000000     
   1.00000000000000       0.400000000000000       0.400000000000000     
  0.800000000000000       0.400000000000000       0.600000000000000     
   1.00000000000000       0.200000000000000       0.600000000000000     
           2
         647          75         203          74          78
   1.00000000000000       0.200000000000000       0.600000000000000     
  0.800000000000000       0.200000000000000       0.600000000000000     
   1.00000000000000       0.200000000000000       0.400000000000000     
   1.00000000000000       0.400000000000000       0.400000000000000     
           2
         648          75         207         203          78
   1.00000000000000       0.200000000000000       0.600000000000000     
  0.800000000000000       0.400000000000000       0.600000000000000     
  0.800000000000000       0.200000000000000       0.600000000000000     
   1.00000000000000       0.400000000000000       0.400000000000000     
           2
         649          79         207         208         203
   1.00000000000000       0.400000000000000       0.600000000000000     
  0.800000000000000       0.400000000000000       0.600000000000000     
  0.800000000000000       0.400000000000000       0.800000000000000     
  0.800000000000000       0.200000000000000       0.600000000000000     
           2
         650         204         203          75          79
  0.800000000000000       0.200000000000000       0.800000000000000     
  0.800000000000000       0.200000000000000       0.600000000000000     
   1.00000000000000       0.200000000000000       0.600000000000000     
   1.00000000000000       0.400000000000000       0.600000000000000     
           2
         651         208         203         204          79
  0.800000000000000       0.400000000000000       0.800000000000000     
  0.800000000000000       0.200000000000000       0.600000000000000     
  0.800000000000000       0.200000000000000       0.800000000000000     
   1.00000000000000       0.400000000000000       0.600000000000000     
           2
         652          80          79         208          76
   1.00000000000000       0.400000000000000       0.800000000000000     
   1.00000000000000       0.400000000000000       0.600000000000000     
  0.800000000000000       0.400000000000000       0.800000000000000     
   1.00000000000000       0.200000000000000       0.800000000000000     
           2
         653          76         204          75          79
   1.00000000000000       0.200000000000000       0.800000000000000     
  0.800000000000000       0.200000000000000       0.800000000000000     
   1.00000000000000       0.200000000000000       0.600000000000000     
   1.00000000000000       0.400000000000000       0.600000000000000     
           2
         654          76         208         204          79
   1.00000000000000       0.200000000000000       0.800000000000000     
  0.800000000000000       0.400000000000000       0.800000000000000     
  0.800000000000000       0.200000000000000       0.800000000000000     
   1.00000000000000       0.400000000000000       0.600000000000000     
           2
         655          80         208         102         204
   1.00000000000000       0.400000000000000       0.800000000000000     
  0.800000000000000       0.400000000000000       0.800000000000000     
  0.800000000000000       0.400000000000000        1.00000000000000     
  0.800000000000000       0.200000000000000       0.800000000000000     
           2
         656         101         204          76          80
  0.800000000000000       0.200000000000000        1.00000000000000     
  0.800000000000000       0.200000000000000       0.800000000000000     
   1.00000000000000       0.200000000000000       0.800000000000000     
   1.00000000000000       0.400000000000000       0.800000000000000     
           2
         657         102         204         101          80
  0.800000000000000       0.400000000000000        1.00000000000000     
  0.800000000000000       0.200000000000000       0.800000000000000     
  0.800000000000000       0.200000000000000        1.00000000000000     
   1.00000000000000       0.400000000000000       0.800000000000000     
           2
         658          30          80         102          29
   1.00000000000000       0.400000000000000        1.00000000000000     
   1.00000000000000       0.400000000000000       0.800000000000000     
  0.800000000000000       0.400000000000000        1.00000000000000     
   1.00000000000000       0.200000000000000        1.00000000000000     
           2
         659          29         101          76          80
   1.00000000000000       0.200000000000000        1.00000000000000     
  0.800000000000000       0.200000000000000        1.00000000000000     
   1.00000000000000       0.200000000000000       0.800000000000000     
   1.00000000000000       0.400000000000000       0.800000000000000     
           2
         660          29         102         101          80
   1.00000000000000       0.200000000000000        1.00000000000000     
  0.800000000000000       0.400000000000000        1.00000000000000     
  0.800000000000000       0.200000000000000        1.00000000000000     
   1.00000000000000       0.400000000000000       0.800000000000000     
           2
         661          27         135         209         134
   1.00000000000000       0.600000000000000       0.000000000000000E+000
  0.800000000000000       0.600000000000000       0.000000000000000E+000
  0.800000000000000       0.600000000000000       0.200000000000000     
  0.800000000000000       0.400000000000000       0.000000000000000E+000
           2
         662         205         134          26          27
  0.800000000000000       0.400000000000000       0.200000000000000     
  0.800000000000000       0.400000000000000       0.000000000000000E+000
   1.00000000000000       0.400000000000000       0.000000000000000E+000
   1.00000000000000       0.600000000000000       0.000000000000000E+000
           2
         663         209         134         205          27
  0.800000000000000       0.600000000000000       0.200000000000000     
  0.800000000000000       0.400000000000000       0.000000000000000E+000
  0.800000000000000       0.400000000000000       0.200000000000000     
   1.00000000000000       0.600000000000000       0.000000000000000E+000
           2
         664          81          27         209          77
   1.00000000000000       0.600000000000000       0.200000000000000     
   1.00000000000000       0.600000000000000       0.000000000000000E+000
  0.800000000000000       0.600000000000000       0.200000000000000     
   1.00000000000000       0.400000000000000       0.200000000000000     
           2
         665          77         205          26          27
   1.00000000000000       0.400000000000000       0.200000000000000     
  0.800000000000000       0.400000000000000       0.200000000000000     
   1.00000000000000       0.400000000000000       0.000000000000000E+000
   1.00000000000000       0.600000000000000       0.000000000000000E+000
           2
         666          77         209         205          27
   1.00000000000000       0.400000000000000       0.200000000000000     
  0.800000000000000       0.600000000000000       0.200000000000000     
  0.800000000000000       0.400000000000000       0.200000000000000     
   1.00000000000000       0.600000000000000       0.000000000000000E+000
           2
         667          81         209         210         205
   1.00000000000000       0.600000000000000       0.200000000000000     
  0.800000000000000       0.600000000000000       0.200000000000000     
  0.800000000000000       0.600000000000000       0.400000000000000     
  0.800000000000000       0.400000000000000       0.200000000000000     
           2
         668         206         205          77          81
  0.800000000000000       0.400000000000000       0.400000000000000     
  0.800000000000000       0.400000000000000       0.200000000000000     
   1.00000000000000       0.400000000000000       0.200000000000000     
   1.00000000000000       0.600000000000000       0.200000000000000     
           2
         669         210         205         206          81
  0.800000000000000       0.600000000000000       0.400000000000000     
  0.800000000000000       0.400000000000000       0.200000000000000     
  0.800000000000000       0.400000000000000       0.400000000000000     
   1.00000000000000       0.600000000000000       0.200000000000000     
           2
         670          82          81         210          78
   1.00000000000000       0.600000000000000       0.400000000000000     
   1.00000000000000       0.600000000000000       0.200000000000000     
  0.800000000000000       0.600000000000000       0.400000000000000     
   1.00000000000000       0.400000000000000       0.400000000000000     
           2
         671          78         206          77          81
   1.00000000000000       0.400000000000000       0.400000000000000     
  0.800000000000000       0.400000000000000       0.400000000000000     
   1.00000000000000       0.400000000000000       0.200000000000000     
   1.00000000000000       0.600000000000000       0.200000000000000     
           2
         672          78         210         206          81
   1.00000000000000       0.400000000000000       0.400000000000000     
  0.800000000000000       0.600000000000000       0.400000000000000     
  0.800000000000000       0.400000000000000       0.400000000000000     
   1.00000000000000       0.600000000000000       0.200000000000000     
           2
         673          82         210         211         206
   1.00000000000000       0.600000000000000       0.400000000000000     
  0.800000000000000       0.600000000000000       0.400000000000000     
  0.800000000000000       0.600000000000000       0.600000000000000     
  0.800000000000000       0.400000000000000       0.400000000000000     
           2
         674         207         206          78          82
  0.800000000000000       0.400000000000000       0.600000000000000     
  0.800000000000000       0.400000000000000       0.400000000000000     
   1.00000000000000       0.400000000000000       0.400000000000000     
   1.00000000000000       0.600000000000000       0.400000000000000     
           2
         675         211         206         207          82
  0.800000000000000       0.600000000000000       0.600000000000000     
  0.800000000000000       0.400000000000000       0.400000000000000     
  0.800000000000000       0.400000000000000       0.600000000000000     
   1.00000000000000       0.600000000000000       0.400000000000000     
           2
         676          83          82         211          79
   1.00000000000000       0.600000000000000       0.600000000000000     
   1.00000000000000       0.600000000000000       0.400000000000000     
  0.800000000000000       0.600000000000000       0.600000000000000     
   1.00000000000000       0.400000000000000       0.600000000000000     
           2
         677          79         207          78          82
   1.00000000000000       0.400000000000000       0.600000000000000     
  0.800000000000000       0.400000000000000       0.600000000000000     
   1.00000000000000       0.400000000000000       0.400000000000000     
   1.00000000000000       0.600000000000000       0.400000000000000     
           2
         678          79         211         207          82
   1.00000000000000       0.400000000000000       0.600000000000000     
  0.800000000000000       0.600000000000000       0.600000000000000     
  0.800000000000000       0.400000000000000       0.600000000000000     
   1.00000000000000       0.600000000000000       0.400000000000000     
           2
         679          83         211         212         207
   1.00000000000000       0.600000000000000       0.600000000000000     
  0.800000000000000       0.600000000000000       0.600000000000000     
  0.800000000000000       0.600000000000000       0.800000000000000     
  0.800000000000000       0.400000000000000       0.600000000000000     
           2
         680         208         207          79          83
  0.800000000000000       0.400000000000000       0.800000000000000     
  0.800000000000000       0.400000000000000       0.600000000000000     
   1.00000000000000       0.400000000000000       0.600000000000000     
   1.00000000000000       0.600000000000000       0.600000000000000     
           2
         681         212         207         208          83
  0.800000000000000       0.600000000000000       0.800000000000000     
  0.800000000000000       0.400000000000000       0.600000000000000     
  0.800000000000000       0.400000000000000       0.800000000000000     
   1.00000000000000       0.600000000000000       0.600000000000000     
           2
         682          84          83         212          80
   1.00000000000000       0.600000000000000       0.800000000000000     
   1.00000000000000       0.600000000000000       0.600000000000000     
  0.800000000000000       0.600000000000000       0.800000000000000     
   1.00000000000000       0.400000000000000       0.800000000000000     
           2
         683          80         208          79          83
   1.00000000000000       0.400000000000000       0.800000000000000     
  0.800000000000000       0.400000000000000       0.800000000000000     
   1.00000000000000       0.400000000000000       0.600000000000000     
   1.00000000000000       0.600000000000000       0.600000000000000     
           2
         684          80         212         208          83
   1.00000000000000       0.400000000000000       0.800000000000000     
  0.800000000000000       0.600000000000000       0.800000000000000     
  0.800000000000000       0.400000000000000       0.800000000000000     
   1.00000000000000       0.600000000000000       0.600000000000000     
           2
         685          84         212         103         208
   1.00000000000000       0.600000000000000       0.800000000000000     
  0.800000000000000       0.600000000000000       0.800000000000000     
  0.800000000000000       0.600000000000000        1.00000000000000     
  0.800000000000000       0.400000000000000       0.800000000000000     
           2
         686         102         208          80          84
  0.800000000000000       0.400000000000000        1.00000000000000     
  0.800000000000000       0.400000000000000       0.800000000000000     
   1.00000000000000       0.400000000000000       0.800000000000000     
   1.00000000000000       0.600000000000000       0.800000000000000     
           2
         687         103         208         102          84
  0.800000000000000       0.600000000000000        1.00000000000000     
  0.800000000000000       0.400000000000000       0.800000000000000     
  0.800000000000000       0.400000000000000        1.00000000000000     
   1.00000000000000       0.600000000000000       0.800000000000000     
           2
         688          31          84         103          30
   1.00000000000000       0.600000000000000        1.00000000000000     
   1.00000000000000       0.600000000000000       0.800000000000000     
  0.800000000000000       0.600000000000000        1.00000000000000     
   1.00000000000000       0.400000000000000        1.00000000000000     
           2
         689          30         102          80          84
   1.00000000000000       0.400000000000000        1.00000000000000     
  0.800000000000000       0.400000000000000        1.00000000000000     
   1.00000000000000       0.400000000000000       0.800000000000000     
   1.00000000000000       0.600000000000000       0.800000000000000     
           2
         690          30         103         102          84
   1.00000000000000       0.400000000000000        1.00000000000000     
  0.800000000000000       0.600000000000000        1.00000000000000     
  0.800000000000000       0.400000000000000        1.00000000000000     
   1.00000000000000       0.600000000000000       0.800000000000000     
           2
         691          28         136         213         135
   1.00000000000000       0.800000000000000       0.000000000000000E+000
  0.800000000000000       0.800000000000000       0.000000000000000E+000
  0.800000000000000       0.800000000000000       0.200000000000000     
  0.800000000000000       0.600000000000000       0.000000000000000E+000
           2
         692         209         135          27          28
  0.800000000000000       0.600000000000000       0.200000000000000     
  0.800000000000000       0.600000000000000       0.000000000000000E+000
   1.00000000000000       0.600000000000000       0.000000000000000E+000
   1.00000000000000       0.800000000000000       0.000000000000000E+000
           2
         693         213         135         209          28
  0.800000000000000       0.800000000000000       0.200000000000000     
  0.800000000000000       0.600000000000000       0.000000000000000E+000
  0.800000000000000       0.600000000000000       0.200000000000000     
   1.00000000000000       0.800000000000000       0.000000000000000E+000
           2
         694          85          28         213          81
   1.00000000000000       0.800000000000000       0.200000000000000     
   1.00000000000000       0.800000000000000       0.000000000000000E+000
  0.800000000000000       0.800000000000000       0.200000000000000     
   1.00000000000000       0.600000000000000       0.200000000000000     
           2
         695          81         209          27          28
   1.00000000000000       0.600000000000000       0.200000000000000     
  0.800000000000000       0.600000000000000       0.200000000000000     
   1.00000000000000       0.600000000000000       0.000000000000000E+000
   1.00000000000000       0.800000000000000       0.000000000000000E+000
           2
         696          81         213         209          28
   1.00000000000000       0.600000000000000       0.200000000000000     
  0.800000000000000       0.800000000000000       0.200000000000000     
  0.800000000000000       0.600000000000000       0.200000000000000     
   1.00000000000000       0.800000000000000       0.000000000000000E+000
           2
         697          85         213         214         209
   1.00000000000000       0.800000000000000       0.200000000000000     
  0.800000000000000       0.800000000000000       0.200000000000000     
  0.800000000000000       0.800000000000000       0.400000000000000     
  0.800000000000000       0.600000000000000       0.200000000000000     
           2
         698         210         209          81          85
  0.800000000000000       0.600000000000000       0.400000000000000     
  0.800000000000000       0.600000000000000       0.200000000000000     
   1.00000000000000       0.600000000000000       0.200000000000000     
   1.00000000000000       0.800000000000000       0.200000000000000     
           2
         699         214         209         210          85
  0.800000000000000       0.800000000000000       0.400000000000000     
  0.800000000000000       0.600000000000000       0.200000000000000     
  0.800000000000000       0.600000000000000       0.400000000000000     
   1.00000000000000       0.800000000000000       0.200000000000000     
           2
         700          86          85         214          82
   1.00000000000000       0.800000000000000       0.400000000000000     
   1.00000000000000       0.800000000000000       0.200000000000000     
  0.800000000000000       0.800000000000000       0.400000000000000     
   1.00000000000000       0.600000000000000       0.400000000000000     
           2
         701          82         210          81          85
   1.00000000000000       0.600000000000000       0.400000000000000     
  0.800000000000000       0.600000000000000       0.400000000000000     
   1.00000000000000       0.600000000000000       0.200000000000000     
   1.00000000000000       0.800000000000000       0.200000000000000     
           2
         702          82         214         210          85
   1.00000000000000       0.600000000000000       0.400000000000000     
  0.800000000000000       0.800000000000000       0.400000000000000     
  0.800000000000000       0.600000000000000       0.400000000000000     
   1.00000000000000       0.800000000000000       0.200000000000000     
           2
         703          86         214         215         210
   1.00000000000000       0.800000000000000       0.400000000000000     
  0.800000000000000       0.800000000000000       0.400000000000000     
  0.800000000000000       0.800000000000000       0.600000000000000     
  0.800000000000000       0.600000000000000       0.400000000000000     
           2
         704         211         210          82          86
  0.800000000000000       0.600000000000000       0.600000000000000     
  0.800000000000000       0.600000000000000       0.400000000000000     
   1.00000000000000       0.600000000000000       0.400000000000000     
   1.00000000000000       0.800000000000000       0.400000000000000     
           2
         705         215         210         211          86
  0.800000000000000       0.800000000000000       0.600000000000000     
  0.800000000000000       0.600000000000000       0.400000000000000     
  0.800000000000000       0.600000000000000       0.600000000000000     
   1.00000000000000       0.800000000000000       0.400000000000000     
           2
         706          87          86         215          83
   1.00000000000000       0.800000000000000       0.600000000000000     
   1.00000000000000       0.800000000000000       0.400000000000000     
  0.800000000000000       0.800000000000000       0.600000000000000     
   1.00000000000000       0.600000000000000       0.600000000000000     
           2
         707          83         211          82          86
   1.00000000000000       0.600000000000000       0.600000000000000     
  0.800000000000000       0.600000000000000       0.600000000000000     
   1.00000000000000       0.600000000000000       0.400000000000000     
   1.00000000000000       0.800000000000000       0.400000000000000     
           2
         708          83         215         211          86
   1.00000000000000       0.600000000000000       0.600000000000000     
  0.800000000000000       0.800000000000000       0.600000000000000     
  0.800000000000000       0.600000000000000       0.600000000000000     
   1.00000000000000       0.800000000000000       0.400000000000000     
           2
         709          87         215         216         211
   1.00000000000000       0.800000000000000       0.600000000000000     
  0.800000000000000       0.800000000000000       0.600000000000000     
  0.800000000000000       0.800000000000000       0.800000000000000     
  0.800000000000000       0.600000000000000       0.600000000000000     
           2
         710         212         211          83          87
  0.800000000000000       0.600000000000000       0.800000000000000     
  0.800000000000000       0.600000000000000       0.600000000000000     
   1.00000000000000       0.600000000000000       0.600000000000000     
   1.00000000000000       0.800000000000000       0.600000000000000     
           2
         711         216         211         212          87
  0.800000000000000       0.800000000000000       0.800000000000000     
  0.800000000000000       0.600000000000000       0.600000000000000     
  0.800000000000000       0.600000000000000       0.800000000000000     
   1.00000000000000       0.800000000000000       0.600000000000000     
           2
         712          88          87         216          84
   1.00000000000000       0.800000000000000       0.800000000000000     
   1.00000000000000       0.800000000000000       0.600000000000000     
  0.800000000000000       0.800000000000000       0.800000000000000     
   1.00000000000000       0.600000000000000       0.800000000000000     
           2
         713          84         212          83          87
   1.00000000000000       0.600000000000000       0.800000000000000     
  0.800000000000000       0.600000000000000       0.800000000000000     
   1.00000000000000       0.600000000000000       0.600000000000000     
   1.00000000000000       0.800000000000000       0.600000000000000     
           2
         714          84         216         212          87
   1.00000000000000       0.600000000000000       0.800000000000000     
  0.800000000000000       0.800000000000000       0.800000000000000     
  0.800000000000000       0.600000000000000       0.800000000000000     
   1.00000000000000       0.800000000000000       0.600000000000000     
           2
         715          88         216         104         212
   1.00000000000000       0.800000000000000       0.800000000000000     
  0.800000000000000       0.800000000000000       0.800000000000000     
  0.800000000000000       0.800000000000000        1.00000000000000     
  0.800000000000000       0.600000000000000       0.800000000000000     
           2
         716         103         212          84          88
  0.800000000000000       0.600000000000000        1.00000000000000     
  0.800000000000000       0.600000000000000       0.800000000000000     
   1.00000000000000       0.600000000000000       0.800000000000000     
   1.00000000000000       0.800000000000000       0.800000000000000     
           2
         717         104         212         103          88
  0.800000000000000       0.800000000000000        1.00000000000000     
  0.800000000000000       0.600000000000000       0.800000000000000     
  0.800000000000000       0.600000000000000        1.00000000000000     
   1.00000000000000       0.800000000000000       0.800000000000000     
           2
         718          32          88         104          31
   1.00000000000000       0.800000000000000        1.00000000000000     
   1.00000000000000       0.800000000000000       0.800000000000000     
  0.800000000000000       0.800000000000000        1.00000000000000     
   1.00000000000000       0.600000000000000        1.00000000000000     
           2
         719          31         103          84          88
   1.00000000000000       0.600000000000000        1.00000000000000     
  0.800000000000000       0.600000000000000        1.00000000000000     
   1.00000000000000       0.600000000000000       0.800000000000000     
   1.00000000000000       0.800000000000000       0.800000000000000     
           2
         720          31         104         103          88
   1.00000000000000       0.600000000000000        1.00000000000000     
  0.800000000000000       0.800000000000000        1.00000000000000     
  0.800000000000000       0.600000000000000        1.00000000000000     
   1.00000000000000       0.800000000000000       0.800000000000000     
           2
         721           6          44         140         136
   1.00000000000000        1.00000000000000       0.000000000000000E+000
  0.800000000000000        1.00000000000000       0.000000000000000E+000
  0.800000000000000        1.00000000000000       0.200000000000000     
  0.800000000000000       0.800000000000000       0.000000000000000E+000
           2
         722         213         136          28           6
  0.800000000000000       0.800000000000000       0.200000000000000     
  0.800000000000000       0.800000000000000       0.000000000000000E+000
   1.00000000000000       0.800000000000000       0.000000000000000E+000
   1.00000000000000        1.00000000000000       0.000000000000000E+000
           2
         723         140         136         213           6
  0.800000000000000        1.00000000000000       0.200000000000000     
  0.800000000000000       0.800000000000000       0.000000000000000E+000
  0.800000000000000       0.800000000000000       0.200000000000000     
   1.00000000000000        1.00000000000000       0.000000000000000E+000
           2
         724          45           6         140          85
   1.00000000000000        1.00000000000000       0.200000000000000     
   1.00000000000000        1.00000000000000       0.000000000000000E+000
  0.800000000000000        1.00000000000000       0.200000000000000     
   1.00000000000000       0.800000000000000       0.200000000000000     
           2
         725          85         213          28           6
   1.00000000000000       0.800000000000000       0.200000000000000     
  0.800000000000000       0.800000000000000       0.200000000000000     
   1.00000000000000       0.800000000000000       0.000000000000000E+000
   1.00000000000000        1.00000000000000       0.000000000000000E+000
           2
         726          85         140         213           6
   1.00000000000000       0.800000000000000       0.200000000000000     
  0.800000000000000        1.00000000000000       0.200000000000000     
  0.800000000000000       0.800000000000000       0.200000000000000     
   1.00000000000000        1.00000000000000       0.000000000000000E+000
           2
         727          45         140         144         213
   1.00000000000000        1.00000000000000       0.200000000000000     
  0.800000000000000        1.00000000000000       0.200000000000000     
  0.800000000000000        1.00000000000000       0.400000000000000     
  0.800000000000000       0.800000000000000       0.200000000000000     
           2
         728         214         213          85          45
  0.800000000000000       0.800000000000000       0.400000000000000     
  0.800000000000000       0.800000000000000       0.200000000000000     
   1.00000000000000       0.800000000000000       0.200000000000000     
   1.00000000000000        1.00000000000000       0.200000000000000     
           2
         729         144         213         214          45
  0.800000000000000        1.00000000000000       0.400000000000000     
  0.800000000000000       0.800000000000000       0.200000000000000     
  0.800000000000000       0.800000000000000       0.400000000000000     
   1.00000000000000        1.00000000000000       0.200000000000000     
           2
         730          46          45         144          86
   1.00000000000000        1.00000000000000       0.400000000000000     
   1.00000000000000        1.00000000000000       0.200000000000000     
  0.800000000000000        1.00000000000000       0.400000000000000     
   1.00000000000000       0.800000000000000       0.400000000000000     
           2
         731          86         214          85          45
   1.00000000000000       0.800000000000000       0.400000000000000     
  0.800000000000000       0.800000000000000       0.400000000000000     
   1.00000000000000       0.800000000000000       0.200000000000000     
   1.00000000000000        1.00000000000000       0.200000000000000     
           2
         732          86         144         214          45
   1.00000000000000       0.800000000000000       0.400000000000000     
  0.800000000000000        1.00000000000000       0.400000000000000     
  0.800000000000000       0.800000000000000       0.400000000000000     
   1.00000000000000        1.00000000000000       0.200000000000000     
           2
         733          46         144         148         214
   1.00000000000000        1.00000000000000       0.400000000000000     
  0.800000000000000        1.00000000000000       0.400000000000000     
  0.800000000000000        1.00000000000000       0.600000000000000     
  0.800000000000000       0.800000000000000       0.400000000000000     
           2
         734         215         214          86          46
  0.800000000000000       0.800000000000000       0.600000000000000     
  0.800000000000000       0.800000000000000       0.400000000000000     
   1.00000000000000       0.800000000000000       0.400000000000000     
   1.00000000000000        1.00000000000000       0.400000000000000     
           2
         735         148         214         215          46
  0.800000000000000        1.00000000000000       0.600000000000000     
  0.800000000000000       0.800000000000000       0.400000000000000     
  0.800000000000000       0.800000000000000       0.600000000000000     
   1.00000000000000        1.00000000000000       0.400000000000000     
           2
         736          47          46         148          87
   1.00000000000000        1.00000000000000       0.600000000000000     
   1.00000000000000        1.00000000000000       0.400000000000000     
  0.800000000000000        1.00000000000000       0.600000000000000     
   1.00000000000000       0.800000000000000       0.600000000000000     
           2
         737          87         215          86          46
   1.00000000000000       0.800000000000000       0.600000000000000     
  0.800000000000000       0.800000000000000       0.600000000000000     
   1.00000000000000       0.800000000000000       0.400000000000000     
   1.00000000000000        1.00000000000000       0.400000000000000     
           2
         738          87         148         215          46
   1.00000000000000       0.800000000000000       0.600000000000000     
  0.800000000000000        1.00000000000000       0.600000000000000     
  0.800000000000000       0.800000000000000       0.600000000000000     
   1.00000000000000        1.00000000000000       0.400000000000000     
           2
         739          47         148         152         215
   1.00000000000000        1.00000000000000       0.600000000000000     
  0.800000000000000        1.00000000000000       0.600000000000000     
  0.800000000000000        1.00000000000000       0.800000000000000     
  0.800000000000000       0.800000000000000       0.600000000000000     
           2
         740         216         215          87          47
  0.800000000000000       0.800000000000000       0.800000000000000     
  0.800000000000000       0.800000000000000       0.600000000000000     
   1.00000000000000       0.800000000000000       0.600000000000000     
   1.00000000000000        1.00000000000000       0.600000000000000     
           2
         741         152         215         216          47
  0.800000000000000        1.00000000000000       0.800000000000000     
  0.800000000000000       0.800000000000000       0.600000000000000     
  0.800000000000000       0.800000000000000       0.800000000000000     
   1.00000000000000        1.00000000000000       0.600000000000000     
           2
         742          48          47         152          88
   1.00000000000000        1.00000000000000       0.800000000000000     
   1.00000000000000        1.00000000000000       0.600000000000000     
  0.800000000000000        1.00000000000000       0.800000000000000     
   1.00000000000000       0.800000000000000       0.800000000000000     
           2
         743          88         216          87          47
   1.00000000000000       0.800000000000000       0.800000000000000     
  0.800000000000000       0.800000000000000       0.800000000000000     
   1.00000000000000       0.800000000000000       0.600000000000000     
   1.00000000000000        1.00000000000000       0.600000000000000     
           2
         744          88         152         216          47
   1.00000000000000       0.800000000000000       0.800000000000000     
  0.800000000000000        1.00000000000000       0.800000000000000     
  0.800000000000000       0.800000000000000       0.800000000000000     
   1.00000000000000        1.00000000000000       0.600000000000000     
           2
         745          48         152          52         216
   1.00000000000000        1.00000000000000       0.800000000000000     
  0.800000000000000        1.00000000000000       0.800000000000000     
  0.800000000000000        1.00000000000000        1.00000000000000     
  0.800000000000000       0.800000000000000       0.800000000000000     
           2
         746         104         216          88          48
  0.800000000000000       0.800000000000000        1.00000000000000     
  0.800000000000000       0.800000000000000       0.800000000000000     
   1.00000000000000       0.800000000000000       0.800000000000000     
   1.00000000000000        1.00000000000000       0.800000000000000     
           2
         747          52         216         104          48
  0.800000000000000        1.00000000000000        1.00000000000000     
  0.800000000000000       0.800000000000000       0.800000000000000     
  0.800000000000000       0.800000000000000        1.00000000000000     
   1.00000000000000        1.00000000000000       0.800000000000000     
           2
         748           7          48          52          32
   1.00000000000000        1.00000000000000        1.00000000000000     
   1.00000000000000        1.00000000000000       0.800000000000000     
  0.800000000000000        1.00000000000000        1.00000000000000     
   1.00000000000000       0.800000000000000        1.00000000000000     
           2
         749          32         104          88          48
   1.00000000000000       0.800000000000000        1.00000000000000     
  0.800000000000000       0.800000000000000        1.00000000000000     
   1.00000000000000       0.800000000000000       0.800000000000000     
   1.00000000000000        1.00000000000000       0.800000000000000     
           2
         750          32          52         104          48
   1.00000000000000       0.800000000000000        1.00000000000000     
  0.800000000000000        1.00000000000000        1.00000000000000     
  0.800000000000000       0.800000000000000        1.00000000000000     
   1.00000000000000        1.00000000000000       0.800000000000000     
           2
