        1331
           1        1324  0.000000000000000E+000  0.000000000000000E+000
  0.000000000000000E+000
           2        1104  0.100000000000000       0.000000000000000E+000
  0.000000000000000E+000
           3         751  0.200000000000000       0.000000000000000E+000
  0.000000000000000E+000
           4        1326  0.000000000000000E+000  0.100000000000000     
  0.000000000000000E+000
           5        1110  0.100000000000000       0.100000000000000     
  0.000000000000000E+000
           6         611  0.200000000000000       0.100000000000000     
  0.000000000000000E+000
           7        1331  0.000000000000000E+000  0.200000000000000     
  0.000000000000000E+000
           8        1131  0.100000000000000       0.200000000000000     
  0.000000000000000E+000
           9         680  0.200000000000000       0.200000000000000     
  0.000000000000000E+000
          10        1162  0.000000000000000E+000  0.000000000000000E+000
  0.100000000000000     
          11         646  0.100000000000000       0.000000000000000E+000
  0.100000000000000     
          12         218  0.200000000000000       0.000000000000000E+000
  0.100000000000000     
          13        1159  0.000000000000000E+000  0.100000000000000     
  0.100000000000000     
          14         643  0.100000000000000       0.100000000000000     
  0.100000000000000     
          15         125  0.200000000000000       0.100000000000000     
  0.100000000000000     
          16        1166  0.000000000000000E+000  0.200000000000000     
  0.100000000000000     
          17         685  0.100000000000000       0.200000000000000     
  0.100000000000000     
          18         370  0.200000000000000       0.200000000000000     
  0.100000000000000     
          19         831  0.000000000000000E+000  0.000000000000000E+000
  0.200000000000000     
          20         232  0.100000000000000       0.000000000000000E+000
  0.200000000000000     
          21          46  0.200000000000000       0.000000000000000E+000
  0.200000000000000     
          22         715  0.000000000000000E+000  0.100000000000000     
  0.200000000000000     
          23         160  0.100000000000000       0.100000000000000     
  0.200000000000000     
          24          18  0.200000000000000       0.100000000000000     
  0.200000000000000     
          25         720  0.000000000000000E+000  0.200000000000000     
  0.200000000000000     
          26         375  0.100000000000000       0.200000000000000     
  0.200000000000000     
          27         355  0.200000000000000       0.200000000000000     
  0.200000000000000     
          28        1302  2.000000000000000E-002  0.000000000000000E+000
  0.000000000000000E+000
          29        1269  4.000000000000000E-002  0.000000000000000E+000
  0.000000000000000E+000
          30        1225  6.000000000000001E-002  0.000000000000000E+000
  0.000000000000000E+000
          31        1170  8.000000000000000E-002  0.000000000000000E+000
  0.000000000000000E+000
          32        1035  0.100000000000000       0.000000000000000E+000
  2.000000000000000E-002
          33         957  0.100000000000000       0.000000000000000E+000
  4.000000000000000E-002
          34         866  0.100000000000000       0.000000000000000E+000
  6.000000000000001E-002
          35         761  0.100000000000000       0.000000000000000E+000
  8.000000000000000E-002
          36        1085  2.000000000000000E-002  0.000000000000000E+000
  0.100000000000000     
          37         997  4.000000000000000E-002  0.000000000000000E+000
  0.100000000000000     
          38         893  6.000000000000001E-002  0.000000000000000E+000
  0.100000000000000     
          39         775  8.000000000000000E-002  0.000000000000000E+000
  0.100000000000000     
          40        1310  0.000000000000000E+000  0.000000000000000E+000
  2.000000000000000E-002
          41        1293  0.000000000000000E+000  0.000000000000000E+000
  4.000000000000000E-002
          42        1260  0.000000000000000E+000  0.000000000000000E+000
  6.000000000000001E-002
          43        1216  0.000000000000000E+000  0.000000000000000E+000
  8.000000000000000E-002
          44        1103  0.100000000000000       2.000000000000000E-002
  0.000000000000000E+000
          45        1102  0.100000000000000       4.000000000000000E-002
  0.000000000000000E+000
          46        1101  0.100000000000000       6.000000000000001E-002
  0.000000000000000E+000
          47        1107  0.100000000000000       8.000000000000000E-002
  0.000000000000000E+000
          48         644  0.100000000000000       2.000000000000000E-002
  0.100000000000000     
          49         642  0.100000000000000       4.000000000000000E-002
  0.100000000000000     
          50         640  0.100000000000000       6.000000000000001E-002
  0.100000000000000     
          51         641  0.100000000000000       8.000000000000000E-002
  0.100000000000000     
          52        1160  0.000000000000000E+000  2.000000000000000E-002
  0.100000000000000     
          53        1158  0.000000000000000E+000  4.000000000000000E-002
  0.100000000000000     
          54        1156  0.000000000000000E+000  6.000000000000001E-002
  0.100000000000000     
          55        1157  0.000000000000000E+000  8.000000000000000E-002
  0.100000000000000     
          56        1323  0.000000000000000E+000  2.000000000000000E-002
  0.000000000000000E+000
          57        1322  0.000000000000000E+000  4.000000000000000E-002
  0.000000000000000E+000
          58        1321  0.000000000000000E+000  6.000000000000001E-002
  0.000000000000000E+000
          59        1325  0.000000000000000E+000  8.000000000000000E-002
  0.000000000000000E+000
          60        1308  2.000000000000000E-002  0.100000000000000     
  0.000000000000000E+000
          61        1275  4.000000000000000E-002  0.100000000000000     
  0.000000000000000E+000
          62        1231  6.000000000000001E-002  0.100000000000000     
  0.000000000000000E+000
          63        1176  8.000000000000000E-002  0.100000000000000     
  0.000000000000000E+000
          64        1034  0.100000000000000       0.100000000000000     
  2.000000000000000E-002
          65         956  0.100000000000000       0.100000000000000     
  4.000000000000000E-002
          66         865  0.100000000000000       0.100000000000000     
  6.000000000000001E-002
          67         760  0.100000000000000       0.100000000000000     
  8.000000000000000E-002
          68        1082  2.000000000000000E-002  0.100000000000000     
  0.100000000000000     
          69         994  4.000000000000000E-002  0.100000000000000     
  0.100000000000000     
          70         890  6.000000000000001E-002  0.100000000000000     
  0.100000000000000     
          71         772  8.000000000000000E-002  0.100000000000000     
  0.100000000000000     
          72        1309  0.000000000000000E+000  0.100000000000000     
  2.000000000000000E-002
          73        1292  0.000000000000000E+000  0.100000000000000     
  4.000000000000000E-002
          74        1259  0.000000000000000E+000  0.100000000000000     
  6.000000000000001E-002
          75        1215  0.000000000000000E+000  0.100000000000000     
  8.000000000000000E-002
          76        1027  0.120000000000000       0.000000000000000E+000
  0.000000000000000E+000
          77         939  0.140000000000000       0.000000000000000E+000
  0.000000000000000E+000
          78         848  0.160000000000000       0.000000000000000E+000
  0.000000000000000E+000
          79         740  0.180000000000000       0.000000000000000E+000
  0.000000000000000E+000
          80         634  0.200000000000000       0.000000000000000E+000
  2.000000000000000E-002
          81         529  0.200000000000000       0.000000000000000E+000
  4.000000000000000E-002
          82         425  0.200000000000000       0.000000000000000E+000
  6.000000000000001E-002
          83         309  0.200000000000000       0.000000000000000E+000
  8.000000000000000E-002
          84         523  0.120000000000000       0.000000000000000E+000
  0.100000000000000     
          85         417  0.140000000000000       0.000000000000000E+000
  0.100000000000000     
          86         295  0.160000000000000       0.000000000000000E+000
  0.100000000000000     
          87         206  0.180000000000000       0.000000000000000E+000
  0.100000000000000     
          88         739  0.200000000000000       2.000000000000000E-002
  0.000000000000000E+000
          89         723  0.200000000000000       4.000000000000000E-002
  0.000000000000000E+000
          90         600  0.200000000000000       6.000000000000001E-002
  0.000000000000000E+000
          91         604  0.200000000000000       8.000000000000000E-002
  0.000000000000000E+000
          92         205  0.200000000000000       2.000000000000000E-002
  0.100000000000000     
          93         186  0.200000000000000       4.000000000000000E-002
  0.100000000000000     
          94         114  0.200000000000000       6.000000000000001E-002
  0.100000000000000     
          95         118  0.200000000000000       8.000000000000000E-002
  0.100000000000000     
          96        1033  0.120000000000000       0.100000000000000     
  0.000000000000000E+000
          97         945  0.140000000000000       0.100000000000000     
  0.000000000000000E+000
          98         845  0.160000000000000       0.100000000000000     
  0.000000000000000E+000
          99         730  0.180000000000000       0.100000000000000     
  0.000000000000000E+000
         100         501  0.200000000000000       0.100000000000000     
  2.000000000000000E-002
         101         402  0.200000000000000       0.100000000000000     
  4.000000000000000E-002
         102         284  0.200000000000000       0.100000000000000     
  6.000000000000001E-002
         103         195  0.200000000000000       0.100000000000000     
  8.000000000000000E-002
         104         520  0.120000000000000       0.100000000000000     
  0.100000000000000     
         105         408  0.140000000000000       0.100000000000000     
  0.100000000000000     
         106         286  0.160000000000000       0.100000000000000     
  0.100000000000000     
         107         196  0.180000000000000       0.100000000000000     
  0.100000000000000     
         108         623  0.200000000000000       0.120000000000000     
  0.000000000000000E+000
         109         635  0.200000000000000       0.140000000000000     
  0.000000000000000E+000
         110         648  0.200000000000000       0.160000000000000     
  0.000000000000000E+000
         111         663  0.200000000000000       0.180000000000000     
  0.000000000000000E+000
         112         138  0.200000000000000       0.120000000000000     
  0.100000000000000     
         113         153  0.200000000000000       0.140000000000000     
  0.100000000000000     
         114         178  0.200000000000000       0.160000000000000     
  0.100000000000000     
         115         262  0.200000000000000       0.180000000000000     
  0.100000000000000     
         116         645  0.100000000000000       0.120000000000000     
  0.100000000000000     
         117         647  0.100000000000000       0.140000000000000     
  0.100000000000000     
         118         653  0.100000000000000       0.160000000000000     
  0.100000000000000     
         119         668  0.100000000000000       0.180000000000000     
  0.100000000000000     
         120        1113  0.100000000000000       0.120000000000000     
  0.000000000000000E+000
         121        1115  0.100000000000000       0.140000000000000     
  0.000000000000000E+000
         122        1117  0.100000000000000       0.160000000000000     
  0.000000000000000E+000
         123        1119  0.100000000000000       0.180000000000000     
  0.000000000000000E+000
         124        1064  0.120000000000000       0.200000000000000     
  0.000000000000000E+000
         125         986  0.140000000000000       0.200000000000000     
  0.000000000000000E+000
         126         897  0.160000000000000       0.200000000000000     
  0.000000000000000E+000
         127         794  0.180000000000000       0.200000000000000     
  0.000000000000000E+000
         128         570  0.200000000000000       0.200000000000000     
  2.000000000000000E-002
         129         474  0.200000000000000       0.200000000000000     
  4.000000000000000E-002
         130         383  0.200000000000000       0.200000000000000     
  6.000000000000001E-002
         131         376  0.200000000000000       0.200000000000000     
  8.000000000000000E-002
         132         574  0.120000000000000       0.200000000000000     
  0.100000000000000     
         133         477  0.140000000000000       0.200000000000000     
  0.100000000000000     
         134         385  0.160000000000000       0.200000000000000     
  0.100000000000000     
         135         377  0.180000000000000       0.200000000000000     
  0.100000000000000     
         136        1065  0.100000000000000       0.200000000000000     
  2.000000000000000E-002
         137         988  0.100000000000000       0.200000000000000     
  4.000000000000000E-002
         138         900  0.100000000000000       0.200000000000000     
  6.000000000000001E-002
         139         798  0.100000000000000       0.200000000000000     
  8.000000000000000E-002
         140        1161  0.000000000000000E+000  0.120000000000000     
  0.100000000000000     
         141        1163  0.000000000000000E+000  0.140000000000000     
  0.100000000000000     
         142        1164  0.000000000000000E+000  0.160000000000000     
  0.100000000000000     
         143        1165  0.000000000000000E+000  0.180000000000000     
  0.100000000000000     
         144        1327  0.000000000000000E+000  0.120000000000000     
  0.000000000000000E+000
         145        1328  0.000000000000000E+000  0.140000000000000     
  0.000000000000000E+000
         146        1329  0.000000000000000E+000  0.160000000000000     
  0.000000000000000E+000
         147        1330  0.000000000000000E+000  0.180000000000000     
  0.000000000000000E+000
         148        1319  2.000000000000000E-002  0.200000000000000     
  0.000000000000000E+000
         149        1286  4.000000000000000E-002  0.200000000000000     
  0.000000000000000E+000
         150        1242  6.000000000000001E-002  0.200000000000000     
  0.000000000000000E+000
         151        1187  8.000000000000000E-002  0.200000000000000     
  0.000000000000000E+000
         152        1089  2.000000000000000E-002  0.200000000000000     
  0.100000000000000     
         153        1001  4.000000000000000E-002  0.200000000000000     
  0.100000000000000     
         154         902  6.000000000000001E-002  0.200000000000000     
  0.100000000000000     
         155         799  8.000000000000000E-002  0.200000000000000     
  0.100000000000000     
         156        1320  0.000000000000000E+000  0.200000000000000     
  2.000000000000000E-002
         157        1298  0.000000000000000E+000  0.200000000000000     
  4.000000000000000E-002
         158        1265  0.000000000000000E+000  0.200000000000000     
  6.000000000000001E-002
         159        1221  0.000000000000000E+000  0.200000000000000     
  8.000000000000000E-002
         160         535  0.100000000000000       0.000000000000000E+000
  0.120000000000000     
         161         436  0.100000000000000       0.000000000000000E+000
  0.140000000000000     
         162         320  0.100000000000000       0.000000000000000E+000
  0.160000000000000     
         163         231  0.100000000000000       0.000000000000000E+000
  0.180000000000000     
         164         707  2.000000000000000E-002  0.000000000000000E+000
  0.200000000000000     
         165         586  4.000000000000000E-002  0.000000000000000E+000
  0.200000000000000     
         166         469  6.000000000000001E-002  0.000000000000000E+000
  0.200000000000000     
         167         337  8.000000000000000E-002  0.000000000000000E+000
  0.200000000000000     
         168        1095  0.000000000000000E+000  0.000000000000000E+000
  0.120000000000000     
         169        1018  0.000000000000000E+000  0.000000000000000E+000
  0.140000000000000     
         170         930  0.000000000000000E+000  0.000000000000000E+000
  0.160000000000000     
         171         830  0.000000000000000E+000  0.000000000000000E+000
  0.180000000000000     
         172         229  0.100000000000000       2.000000000000000E-002
  0.200000000000000     
         173         226  0.100000000000000       4.000000000000000E-002
  0.200000000000000     
         174         158  0.100000000000000       6.000000000000001E-002
  0.200000000000000     
         175         159  0.100000000000000       8.000000000000000E-002
  0.200000000000000     
         176         828  0.000000000000000E+000  2.000000000000000E-002
  0.200000000000000     
         177         825  0.000000000000000E+000  4.000000000000000E-002
  0.200000000000000     
         178         713  0.000000000000000E+000  6.000000000000001E-002
  0.200000000000000     
         179         714  0.000000000000000E+000  8.000000000000000E-002
  0.200000000000000     
         180         534  0.100000000000000       0.100000000000000     
  0.120000000000000     
         181         435  0.100000000000000       0.100000000000000     
  0.140000000000000     
         182         319  0.100000000000000       0.100000000000000     
  0.160000000000000     
         183         230  0.100000000000000       0.100000000000000     
  0.180000000000000     
         184         594  2.000000000000000E-002  0.100000000000000     
  0.200000000000000     
         185         484  4.000000000000000E-002  0.100000000000000     
  0.200000000000000     
         186         350  6.000000000000001E-002  0.100000000000000     
  0.200000000000000     
         187         243  8.000000000000000E-002  0.100000000000000     
  0.200000000000000     
         188        1094  0.000000000000000E+000  0.100000000000000     
  0.120000000000000     
         189        1017  0.000000000000000E+000  0.100000000000000     
  0.140000000000000     
         190         929  0.000000000000000E+000  0.100000000000000     
  0.160000000000000     
         191         829  0.000000000000000E+000  0.100000000000000     
  0.180000000000000     
         192         152  0.200000000000000       0.000000000000000E+000
  0.120000000000000     
         193         137  0.200000000000000       0.000000000000000E+000
  0.140000000000000     
         194          90  0.200000000000000       0.000000000000000E+000
  0.160000000000000     
         195          79  0.200000000000000       0.000000000000000E+000
  0.180000000000000     
         196         150  0.120000000000000       0.000000000000000E+000
  0.200000000000000     
         197          86  0.140000000000000       0.000000000000000E+000
  0.200000000000000     
         198          83  0.160000000000000       0.000000000000000E+000
  0.200000000000000     
         199          81  0.180000000000000       0.000000000000000E+000
  0.200000000000000     
         200          17  0.200000000000000       2.000000000000000E-002
  0.200000000000000     
         201           4  0.200000000000000       4.000000000000000E-002
  0.200000000000000     
         202           1  0.200000000000000       6.000000000000001E-002
  0.200000000000000     
         203           5  0.200000000000000       8.000000000000000E-002
  0.200000000000000     
         204          69  0.200000000000000       0.100000000000000     
  0.120000000000000     
         205          40  0.200000000000000       0.100000000000000     
  0.140000000000000     
         206          21  0.200000000000000       0.100000000000000     
  0.160000000000000     
         207          19  0.200000000000000       0.100000000000000     
  0.180000000000000     
         208          97  0.120000000000000       0.100000000000000     
  0.200000000000000     
         209          45  0.140000000000000       0.100000000000000     
  0.200000000000000     
         210          23  0.160000000000000       0.100000000000000     
  0.200000000000000     
         211          20  0.180000000000000       0.100000000000000     
  0.200000000000000     
         212          47  0.200000000000000       0.120000000000000     
  0.200000000000000     
         213          99  0.200000000000000       0.140000000000000     
  0.200000000000000     
         214         163  0.200000000000000       0.160000000000000     
  0.200000000000000     
         215         247  0.200000000000000       0.180000000000000     
  0.200000000000000     
         216         161  0.100000000000000       0.120000000000000     
  0.200000000000000     
         217         162  0.100000000000000       0.140000000000000     
  0.200000000000000     
         218         183  0.100000000000000       0.160000000000000     
  0.200000000000000     
         219         267  0.100000000000000       0.180000000000000     
  0.200000000000000     
         220         365  0.200000000000000       0.200000000000000     
  0.120000000000000     
         221         361  0.200000000000000       0.200000000000000     
  0.140000000000000     
         222         358  0.200000000000000       0.200000000000000     
  0.160000000000000     
         223         356  0.200000000000000       0.200000000000000     
  0.180000000000000     
         224         369  0.120000000000000       0.200000000000000     
  0.200000000000000     
         225         364  0.140000000000000       0.200000000000000     
  0.200000000000000     
         226         360  0.160000000000000       0.200000000000000     
  0.200000000000000     
         227         357  0.180000000000000       0.200000000000000     
  0.200000000000000     
         228         575  0.100000000000000       0.200000000000000     
  0.120000000000000     
         229         479  0.100000000000000       0.200000000000000     
  0.140000000000000     
         230         388  0.100000000000000       0.200000000000000     
  0.160000000000000     
         231         381  0.100000000000000       0.200000000000000     
  0.180000000000000     
         232         716  0.000000000000000E+000  0.120000000000000     
  0.200000000000000     
         233         717  0.000000000000000E+000  0.140000000000000     
  0.200000000000000     
         234         718  0.000000000000000E+000  0.160000000000000     
  0.200000000000000     
         235         719  0.000000000000000E+000  0.180000000000000     
  0.200000000000000     
         236         599  2.000000000000000E-002  0.200000000000000     
  0.200000000000000     
         237         489  4.000000000000000E-002  0.200000000000000     
  0.200000000000000     
         238         390  6.000000000000001E-002  0.200000000000000     
  0.200000000000000     
         239         382  8.000000000000000E-002  0.200000000000000     
  0.200000000000000     
         240        1100  0.000000000000000E+000  0.200000000000000     
  0.120000000000000     
         241        1023  0.000000000000000E+000  0.200000000000000     
  0.140000000000000     
         242         935  0.000000000000000E+000  0.200000000000000     
  0.160000000000000     
         243         836  0.000000000000000E+000  0.200000000000000     
  0.180000000000000     
         244        1277  2.000000000000000E-002  0.000000000000000E+000
  2.000000000000000E-002
         245        1233  4.000000000000000E-002  0.000000000000000E+000
  2.000000000000000E-002
         246        1178  6.000000000000001E-002  0.000000000000000E+000
  2.000000000000000E-002
         247        1112  8.000000000000000E-002  0.000000000000000E+000
  2.000000000000000E-002
         248        1249  2.000000000000000E-002  0.000000000000000E+000
  4.000000000000000E-002
         249        1194  4.000000000000000E-002  0.000000000000000E+000
  4.000000000000000E-002
         250        1126  6.000000000000001E-002  0.000000000000000E+000
  4.000000000000000E-002
         251        1047  8.000000000000000E-002  0.000000000000000E+000
  4.000000000000000E-002
         252        1205  2.000000000000000E-002  0.000000000000000E+000
  6.000000000000001E-002
         253        1139  4.000000000000000E-002  0.000000000000000E+000
  6.000000000000001E-002
         254        1059  6.000000000000001E-002  0.000000000000000E+000
  6.000000000000001E-002
         255         968  8.000000000000000E-002  0.000000000000000E+000
  6.000000000000001E-002
         256        1150  2.000000000000000E-002  0.000000000000000E+000
  8.000000000000000E-002
         257        1073  4.000000000000000E-002  0.000000000000000E+000
  8.000000000000000E-002
         258         981  6.000000000000001E-002  0.000000000000000E+000
  8.000000000000000E-002
         259         878  8.000000000000000E-002  0.000000000000000E+000
  8.000000000000000E-002
         260        1032  0.100000000000000       2.000000000000000E-002
  2.000000000000000E-002
         261         955  0.100000000000000       2.000000000000000E-002
  4.000000000000000E-002
         262         864  0.100000000000000       2.000000000000000E-002
  6.000000000000001E-002
         263         759  0.100000000000000       2.000000000000000E-002
  8.000000000000000E-002
         264        1029  0.100000000000000       4.000000000000000E-002
  2.000000000000000E-002
         265         953  0.100000000000000       4.000000000000000E-002
  4.000000000000000E-002
         266         862  0.100000000000000       4.000000000000000E-002
  6.000000000000001E-002
         267         757  0.100000000000000       4.000000000000000E-002
  8.000000000000000E-002
         268        1028  0.100000000000000       6.000000000000001E-002
  2.000000000000000E-002
         269         952  0.100000000000000       6.000000000000001E-002
  4.000000000000000E-002
         270         861  0.100000000000000       6.000000000000001E-002
  6.000000000000001E-002
         271         756  0.100000000000000       6.000000000000001E-002
  8.000000000000000E-002
         272        1031  0.100000000000000       8.000000000000000E-002
  2.000000000000000E-002
         273         954  0.100000000000000       8.000000000000000E-002
  4.000000000000000E-002
         274         863  0.100000000000000       8.000000000000000E-002
  6.000000000000001E-002
         275         758  0.100000000000000       8.000000000000000E-002
  8.000000000000000E-002
         276        1083  2.000000000000000E-002  2.000000000000000E-002
  0.100000000000000     
         277        1081  2.000000000000000E-002  4.000000000000000E-002
  0.100000000000000     
         278        1079  2.000000000000000E-002  6.000000000000001E-002
  0.100000000000000     
         279        1080  2.000000000000000E-002  8.000000000000000E-002
  0.100000000000000     
         280         995  4.000000000000000E-002  2.000000000000000E-002
  0.100000000000000     
         281         993  4.000000000000000E-002  4.000000000000000E-002
  0.100000000000000     
         282         991  4.000000000000000E-002  6.000000000000001E-002
  0.100000000000000     
         283         992  4.000000000000000E-002  8.000000000000000E-002
  0.100000000000000     
         284         891  6.000000000000001E-002  2.000000000000000E-002
  0.100000000000000     
         285         889  6.000000000000001E-002  4.000000000000000E-002
  0.100000000000000     
         286         887  6.000000000000001E-002  6.000000000000001E-002
  0.100000000000000     
         287         888  6.000000000000001E-002  8.000000000000000E-002
  0.100000000000000     
         288         773  8.000000000000000E-002  2.000000000000000E-002
  0.100000000000000     
         289         771  8.000000000000000E-002  4.000000000000000E-002
  0.100000000000000     
         290         769  8.000000000000000E-002  6.000000000000001E-002
  0.100000000000000     
         291         770  8.000000000000000E-002  8.000000000000000E-002
  0.100000000000000     
         292        1307  0.000000000000000E+000  2.000000000000000E-002
  2.000000000000000E-002
         293        1291  0.000000000000000E+000  2.000000000000000E-002
  4.000000000000000E-002
         294        1258  0.000000000000000E+000  2.000000000000000E-002
  6.000000000000001E-002
         295        1214  0.000000000000000E+000  2.000000000000000E-002
  8.000000000000000E-002
         296        1304  0.000000000000000E+000  4.000000000000000E-002
  2.000000000000000E-002
         297        1289  0.000000000000000E+000  4.000000000000000E-002
  4.000000000000000E-002
         298        1256  0.000000000000000E+000  4.000000000000000E-002
  6.000000000000001E-002
         299        1212  0.000000000000000E+000  4.000000000000000E-002
  8.000000000000000E-002
         300        1303  0.000000000000000E+000  6.000000000000001E-002
  2.000000000000000E-002
         301        1288  0.000000000000000E+000  6.000000000000001E-002
  4.000000000000000E-002
         302        1255  0.000000000000000E+000  6.000000000000001E-002
  6.000000000000001E-002
         303        1211  0.000000000000000E+000  6.000000000000001E-002
  8.000000000000000E-002
         304        1306  0.000000000000000E+000  8.000000000000000E-002
  2.000000000000000E-002
         305        1290  0.000000000000000E+000  8.000000000000000E-002
  4.000000000000000E-002
         306        1257  0.000000000000000E+000  8.000000000000000E-002
  6.000000000000001E-002
         307        1213  0.000000000000000E+000  8.000000000000000E-002
  8.000000000000000E-002
         308        1301  2.000000000000000E-002  2.000000000000000E-002
  0.000000000000000E+000
         309        1300  2.000000000000000E-002  4.000000000000000E-002
  0.000000000000000E+000
         310        1299  2.000000000000000E-002  6.000000000000001E-002
  0.000000000000000E+000
         311        1305  2.000000000000000E-002  8.000000000000000E-002
  0.000000000000000E+000
         312        1268  4.000000000000000E-002  2.000000000000000E-002
  0.000000000000000E+000
         313        1267  4.000000000000000E-002  4.000000000000000E-002
  0.000000000000000E+000
         314        1266  4.000000000000000E-002  6.000000000000001E-002
  0.000000000000000E+000
         315        1272  4.000000000000000E-002  8.000000000000000E-002
  0.000000000000000E+000
         316        1224  6.000000000000001E-002  2.000000000000000E-002
  0.000000000000000E+000
         317        1223  6.000000000000001E-002  4.000000000000000E-002
  0.000000000000000E+000
         318        1222  6.000000000000001E-002  6.000000000000001E-002
  0.000000000000000E+000
         319        1228  6.000000000000001E-002  8.000000000000000E-002
  0.000000000000000E+000
         320        1169  8.000000000000000E-002  2.000000000000000E-002
  0.000000000000000E+000
         321        1168  8.000000000000000E-002  4.000000000000000E-002
  0.000000000000000E+000
         322        1167  8.000000000000000E-002  6.000000000000001E-002
  0.000000000000000E+000
         323        1173  8.000000000000000E-002  8.000000000000000E-002
  0.000000000000000E+000
         324        1276  2.000000000000000E-002  0.100000000000000     
  2.000000000000000E-002
         325        1232  4.000000000000000E-002  0.100000000000000     
  2.000000000000000E-002
         326        1177  6.000000000000001E-002  0.100000000000000     
  2.000000000000000E-002
         327        1111  8.000000000000000E-002  0.100000000000000     
  2.000000000000000E-002
         328        1248  2.000000000000000E-002  0.100000000000000     
  4.000000000000000E-002
         329        1193  4.000000000000000E-002  0.100000000000000     
  4.000000000000000E-002
         330        1125  6.000000000000001E-002  0.100000000000000     
  4.000000000000000E-002
         331        1046  8.000000000000000E-002  0.100000000000000     
  4.000000000000000E-002
         332        1204  2.000000000000000E-002  0.100000000000000     
  6.000000000000001E-002
         333        1138  4.000000000000000E-002  0.100000000000000     
  6.000000000000001E-002
         334        1058  6.000000000000001E-002  0.100000000000000     
  6.000000000000001E-002
         335         967  8.000000000000000E-002  0.100000000000000     
  6.000000000000001E-002
         336        1149  2.000000000000000E-002  0.100000000000000     
  8.000000000000000E-002
         337        1072  4.000000000000000E-002  0.100000000000000     
  8.000000000000000E-002
         338         980  6.000000000000001E-002  0.100000000000000     
  8.000000000000000E-002
         339         877  8.000000000000000E-002  0.100000000000000     
  8.000000000000000E-002
         340         947  0.120000000000000       0.000000000000000E+000
  2.000000000000000E-002
         341         847  0.140000000000000       0.000000000000000E+000
  2.000000000000000E-002
         342         738  0.160000000000000       0.000000000000000E+000
  2.000000000000000E-002
         343         622  0.180000000000000       0.000000000000000E+000
  2.000000000000000E-002
         344         856  0.120000000000000       0.000000000000000E+000
  4.000000000000000E-002
         345         737  0.140000000000000       0.000000000000000E+000
  4.000000000000000E-002
         346         620  0.160000000000000       0.000000000000000E+000
  4.000000000000000E-002
         347         512  0.180000000000000       0.000000000000000E+000
  4.000000000000000E-002
         348         749  0.120000000000000       0.000000000000000E+000
  6.000000000000001E-002
         349         619  0.140000000000000       0.000000000000000E+000
  6.000000000000001E-002
         350         510  0.160000000000000       0.000000000000000E+000
  6.000000000000001E-002
         351         416  0.180000000000000       0.000000000000000E+000
  6.000000000000001E-002
         352         632  0.120000000000000       0.000000000000000E+000
  8.000000000000000E-002
         353         509  0.140000000000000       0.000000000000000E+000
  8.000000000000000E-002
         354         414  0.160000000000000       0.000000000000000E+000
  8.000000000000000E-002
         355         297  0.180000000000000       0.000000000000000E+000
  8.000000000000000E-002
         356         621  0.200000000000000       2.000000000000000E-002
  2.000000000000000E-002
         357         511  0.200000000000000       2.000000000000000E-002
  4.000000000000000E-002
         358         415  0.200000000000000       2.000000000000000E-002
  6.000000000000001E-002
         359         296  0.200000000000000       2.000000000000000E-002
  8.000000000000000E-002
         360         602  0.200000000000000       4.000000000000000E-002
  2.000000000000000E-002
         361         492  0.200000000000000       4.000000000000000E-002
  4.000000000000000E-002
         362         393  0.200000000000000       4.000000000000000E-002
  6.000000000000001E-002
         363         277  0.200000000000000       4.000000000000000E-002
  8.000000000000000E-002
         364         490  0.200000000000000       6.000000000000001E-002
  2.000000000000000E-002
         365         391  0.200000000000000       6.000000000000001E-002
  4.000000000000000E-002
         366         275  0.200000000000000       6.000000000000001E-002
  6.000000000000001E-002
         367         184  0.200000000000000       6.000000000000001E-002
  8.000000000000000E-002
         368         494  0.200000000000000       8.000000000000000E-002
  2.000000000000000E-002
         369         395  0.200000000000000       8.000000000000000E-002
  4.000000000000000E-002
         370         279  0.200000000000000       8.000000000000000E-002
  6.000000000000001E-002
         371         187  0.200000000000000       8.000000000000000E-002
  8.000000000000000E-002
         372         521  0.120000000000000       2.000000000000000E-002
  0.100000000000000     
         373         519  0.120000000000000       4.000000000000000E-002
  0.100000000000000     
         374         517  0.120000000000000       6.000000000000001E-002
  0.100000000000000     
         375         518  0.120000000000000       8.000000000000000E-002
  0.100000000000000     
         376         409  0.140000000000000       2.000000000000000E-002
  0.100000000000000     
         377         407  0.140000000000000       4.000000000000000E-002
  0.100000000000000     
         378         405  0.140000000000000       6.000000000000001E-002
  0.100000000000000     
         379         406  0.140000000000000       8.000000000000000E-002
  0.100000000000000     
         380         288  0.160000000000000       2.000000000000000E-002
  0.100000000000000     
         381         283  0.160000000000000       4.000000000000000E-002
  0.100000000000000     
         382         281  0.160000000000000       6.000000000000001E-002
  0.100000000000000     
         383         282  0.160000000000000       8.000000000000000E-002
  0.100000000000000     
         384         194  0.180000000000000       2.000000000000000E-002
  0.100000000000000     
         385         189  0.180000000000000       4.000000000000000E-002
  0.100000000000000     
         386         185  0.180000000000000       6.000000000000001E-002
  0.100000000000000     
         387         188  0.180000000000000       8.000000000000000E-002
  0.100000000000000     
         388        1026  0.120000000000000       2.000000000000000E-002
  0.000000000000000E+000
         389        1025  0.120000000000000       4.000000000000000E-002
  0.000000000000000E+000
         390        1024  0.120000000000000       6.000000000000001E-002
  0.000000000000000E+000
         391        1030  0.120000000000000       8.000000000000000E-002
  0.000000000000000E+000
         392         938  0.140000000000000       2.000000000000000E-002
  0.000000000000000E+000
         393         937  0.140000000000000       4.000000000000000E-002
  0.000000000000000E+000
         394         936  0.140000000000000       6.000000000000001E-002
  0.000000000000000E+000
         395         942  0.140000000000000       8.000000000000000E-002
  0.000000000000000E+000
         396         839  0.160000000000000       2.000000000000000E-002
  0.000000000000000E+000
         397         838  0.160000000000000       4.000000000000000E-002
  0.000000000000000E+000
         398         837  0.160000000000000       6.000000000000001E-002
  0.000000000000000E+000
         399         842  0.160000000000000       8.000000000000000E-002
  0.000000000000000E+000
         400         729  0.180000000000000       2.000000000000000E-002
  0.000000000000000E+000
         401         722  0.180000000000000       4.000000000000000E-002
  0.000000000000000E+000
         402         721  0.180000000000000       6.000000000000001E-002
  0.000000000000000E+000
         403         726  0.180000000000000       8.000000000000000E-002
  0.000000000000000E+000
         404         946  0.120000000000000       0.100000000000000     
  2.000000000000000E-002
         405         846  0.140000000000000       0.100000000000000     
  2.000000000000000E-002
         406         731  0.160000000000000       0.100000000000000     
  2.000000000000000E-002
         407         612  0.180000000000000       0.100000000000000     
  2.000000000000000E-002
         408         855  0.120000000000000       0.100000000000000     
  4.000000000000000E-002
         409         736  0.140000000000000       0.100000000000000     
  4.000000000000000E-002
         410         613  0.160000000000000       0.100000000000000     
  4.000000000000000E-002
         411         502  0.180000000000000       0.100000000000000     
  4.000000000000000E-002
         412         748  0.120000000000000       0.100000000000000     
  6.000000000000001E-002
         413         618  0.140000000000000       0.100000000000000     
  6.000000000000001E-002
         414         503  0.160000000000000       0.100000000000000     
  6.000000000000001E-002
         415         403  0.180000000000000       0.100000000000000     
  6.000000000000001E-002
         416         631  0.120000000000000       0.100000000000000     
  8.000000000000000E-002
         417         508  0.140000000000000       0.100000000000000     
  8.000000000000000E-002
         418         404  0.160000000000000       0.100000000000000     
  8.000000000000000E-002
         419         285  0.180000000000000       0.100000000000000     
  8.000000000000000E-002
         420         513  0.200000000000000       0.120000000000000     
  2.000000000000000E-002
         421         410  0.200000000000000       0.120000000000000     
  4.000000000000000E-002
         422         298  0.200000000000000       0.120000000000000     
  6.000000000000001E-002
         423         207  0.200000000000000       0.120000000000000     
  8.000000000000000E-002
         424         524  0.200000000000000       0.140000000000000     
  2.000000000000000E-002
         425         426  0.200000000000000       0.140000000000000     
  4.000000000000000E-002
         426         310  0.200000000000000       0.140000000000000     
  6.000000000000001E-002
         427         219  0.200000000000000       0.140000000000000     
  8.000000000000000E-002
         428         538  0.200000000000000       0.160000000000000     
  2.000000000000000E-002
         429         439  0.200000000000000       0.160000000000000     
  4.000000000000000E-002
         430         323  0.200000000000000       0.160000000000000     
  6.000000000000001E-002
         431         235  0.200000000000000       0.160000000000000     
  8.000000000000000E-002
         432         553  0.200000000000000       0.180000000000000     
  2.000000000000000E-002
         433         454  0.200000000000000       0.180000000000000     
  4.000000000000000E-002
         434         341  0.200000000000000       0.180000000000000     
  6.000000000000001E-002
         435         268  0.200000000000000       0.180000000000000     
  8.000000000000000E-002
         436         522  0.120000000000000       0.120000000000000     
  0.100000000000000     
         437         528  0.120000000000000       0.140000000000000     
  0.100000000000000     
         438         542  0.120000000000000       0.160000000000000     
  0.100000000000000     
         439         557  0.120000000000000       0.180000000000000     
  0.100000000000000     
         440         413  0.140000000000000       0.120000000000000     
  0.100000000000000     
         441         429  0.140000000000000       0.140000000000000     
  0.100000000000000     
         442         442  0.140000000000000       0.160000000000000     
  0.100000000000000     
         443         457  0.140000000000000       0.180000000000000     
  0.100000000000000     
         444         300  0.160000000000000       0.120000000000000     
  0.100000000000000     
         445         312  0.160000000000000       0.140000000000000     
  0.100000000000000     
         446         325  0.160000000000000       0.160000000000000     
  0.100000000000000     
         447         343  0.160000000000000       0.180000000000000     
  0.100000000000000     
         448         208  0.180000000000000       0.120000000000000     
  0.100000000000000     
         449         220  0.180000000000000       0.140000000000000     
  0.100000000000000     
         450         236  0.180000000000000       0.160000000000000     
  0.100000000000000     
         451         269  0.180000000000000       0.180000000000000     
  0.100000000000000     
         452        1037  0.100000000000000       0.120000000000000     
  2.000000000000000E-002
         453         958  0.100000000000000       0.120000000000000     
  4.000000000000000E-002
         454         867  0.100000000000000       0.120000000000000     
  6.000000000000001E-002
         455         762  0.100000000000000       0.120000000000000     
  8.000000000000000E-002
         456        1039  0.100000000000000       0.140000000000000     
  2.000000000000000E-002
         457         959  0.100000000000000       0.140000000000000     
  4.000000000000000E-002
         458         868  0.100000000000000       0.140000000000000     
  6.000000000000001E-002
         459         763  0.100000000000000       0.140000000000000     
  8.000000000000000E-002
         460        1041  0.100000000000000       0.160000000000000     
  2.000000000000000E-002
         461         962  0.100000000000000       0.160000000000000     
  4.000000000000000E-002
         462         872  0.100000000000000       0.160000000000000     
  6.000000000000001E-002
         463         768  0.100000000000000       0.160000000000000     
  8.000000000000000E-002
         464        1052  0.100000000000000       0.180000000000000     
  2.000000000000000E-002
         465         974  0.100000000000000       0.180000000000000     
  4.000000000000000E-002
         466         885  0.100000000000000       0.180000000000000     
  6.000000000000001E-002
         467         782  0.100000000000000       0.180000000000000     
  8.000000000000000E-002
         468        1036  0.120000000000000       0.120000000000000     
  0.000000000000000E+000
         469        1038  0.120000000000000       0.140000000000000     
  0.000000000000000E+000
         470        1040  0.120000000000000       0.160000000000000     
  0.000000000000000E+000
         471        1051  0.120000000000000       0.180000000000000     
  0.000000000000000E+000
         472         948  0.140000000000000       0.120000000000000     
  0.000000000000000E+000
         473         950  0.140000000000000       0.140000000000000     
  0.000000000000000E+000
         474         960  0.140000000000000       0.160000000000000     
  0.000000000000000E+000
         475         972  0.140000000000000       0.180000000000000     
  0.000000000000000E+000
         476         849  0.160000000000000       0.120000000000000     
  0.000000000000000E+000
         477         858  0.160000000000000       0.140000000000000     
  0.000000000000000E+000
         478         869  0.160000000000000       0.160000000000000     
  0.000000000000000E+000
         479         882  0.160000000000000       0.180000000000000     
  0.000000000000000E+000
         480         741  0.180000000000000       0.120000000000000     
  0.000000000000000E+000
         481         752  0.180000000000000       0.140000000000000     
  0.000000000000000E+000
         482         764  0.180000000000000       0.160000000000000     
  0.000000000000000E+000
         483         778  0.180000000000000       0.180000000000000     
  0.000000000000000E+000
         484         987  0.120000000000000       0.200000000000000     
  2.000000000000000E-002
         485         898  0.140000000000000       0.200000000000000     
  2.000000000000000E-002
         486         795  0.160000000000000       0.200000000000000     
  2.000000000000000E-002
         487         681  0.180000000000000       0.200000000000000     
  2.000000000000000E-002
         488         899  0.120000000000000       0.200000000000000     
  4.000000000000000E-002
         489         796  0.140000000000000       0.200000000000000     
  4.000000000000000E-002
         490         682  0.160000000000000       0.200000000000000     
  4.000000000000000E-002
         491         571  0.180000000000000       0.200000000000000     
  4.000000000000000E-002
         492         797  0.120000000000000       0.200000000000000     
  6.000000000000001E-002
         493         683  0.140000000000000       0.200000000000000     
  6.000000000000001E-002
         494         572  0.160000000000000       0.200000000000000     
  6.000000000000001E-002
         495         475  0.180000000000000       0.200000000000000     
  6.000000000000001E-002
         496         684  0.120000000000000       0.200000000000000     
  8.000000000000000E-002
         497         573  0.140000000000000       0.200000000000000     
  8.000000000000000E-002
         498         476  0.160000000000000       0.200000000000000     
  8.000000000000000E-002
         499         384  0.180000000000000       0.200000000000000     
  8.000000000000000E-002
         500        1084  2.000000000000000E-002  0.120000000000000     
  0.100000000000000     
         501        1086  2.000000000000000E-002  0.140000000000000     
  0.100000000000000     
         502        1087  2.000000000000000E-002  0.160000000000000     
  0.100000000000000     
         503        1088  2.000000000000000E-002  0.180000000000000     
  0.100000000000000     
         504         996  4.000000000000000E-002  0.120000000000000     
  0.100000000000000     
         505         998  4.000000000000000E-002  0.140000000000000     
  0.100000000000000     
         506         999  4.000000000000000E-002  0.160000000000000     
  0.100000000000000     
         507        1000  4.000000000000000E-002  0.180000000000000     
  0.100000000000000     
         508         892  6.000000000000001E-002  0.120000000000000     
  0.100000000000000     
         509         894  6.000000000000001E-002  0.140000000000000     
  0.100000000000000     
         510         895  6.000000000000001E-002  0.160000000000000     
  0.100000000000000     
         511         896  6.000000000000001E-002  0.180000000000000     
  0.100000000000000     
         512         774  8.000000000000000E-002  0.120000000000000     
  0.100000000000000     
         513         776  8.000000000000000E-002  0.140000000000000     
  0.100000000000000     
         514         777  8.000000000000000E-002  0.160000000000000     
  0.100000000000000     
         515         783  8.000000000000000E-002  0.180000000000000     
  0.100000000000000     
         516        1312  0.000000000000000E+000  0.120000000000000     
  2.000000000000000E-002
         517        1294  0.000000000000000E+000  0.120000000000000     
  4.000000000000000E-002
         518        1261  0.000000000000000E+000  0.120000000000000     
  6.000000000000001E-002
         519        1217  0.000000000000000E+000  0.120000000000000     
  8.000000000000000E-002
         520        1314  0.000000000000000E+000  0.140000000000000     
  2.000000000000000E-002
         521        1295  0.000000000000000E+000  0.140000000000000     
  4.000000000000000E-002
         522        1262  0.000000000000000E+000  0.140000000000000     
  6.000000000000001E-002
         523        1218  0.000000000000000E+000  0.140000000000000     
  8.000000000000000E-002
         524        1316  0.000000000000000E+000  0.160000000000000     
  2.000000000000000E-002
         525        1296  0.000000000000000E+000  0.160000000000000     
  4.000000000000000E-002
         526        1263  0.000000000000000E+000  0.160000000000000     
  6.000000000000001E-002
         527        1219  0.000000000000000E+000  0.160000000000000     
  8.000000000000000E-002
         528        1318  0.000000000000000E+000  0.180000000000000     
  2.000000000000000E-002
         529        1297  0.000000000000000E+000  0.180000000000000     
  4.000000000000000E-002
         530        1264  0.000000000000000E+000  0.180000000000000     
  6.000000000000001E-002
         531        1220  0.000000000000000E+000  0.180000000000000     
  8.000000000000000E-002
         532        1311  2.000000000000000E-002  0.120000000000000     
  0.000000000000000E+000
         533        1313  2.000000000000000E-002  0.140000000000000     
  0.000000000000000E+000
         534        1315  2.000000000000000E-002  0.160000000000000     
  0.000000000000000E+000
         535        1317  2.000000000000000E-002  0.180000000000000     
  0.000000000000000E+000
         536        1278  4.000000000000000E-002  0.120000000000000     
  0.000000000000000E+000
         537        1280  4.000000000000000E-002  0.140000000000000     
  0.000000000000000E+000
         538        1282  4.000000000000000E-002  0.160000000000000     
  0.000000000000000E+000
         539        1284  4.000000000000000E-002  0.180000000000000     
  0.000000000000000E+000
         540        1234  6.000000000000001E-002  0.120000000000000     
  0.000000000000000E+000
         541        1236  6.000000000000001E-002  0.140000000000000     
  0.000000000000000E+000
         542        1238  6.000000000000001E-002  0.160000000000000     
  0.000000000000000E+000
         543        1240  6.000000000000001E-002  0.180000000000000     
  0.000000000000000E+000
         544        1179  8.000000000000000E-002  0.120000000000000     
  0.000000000000000E+000
         545        1181  8.000000000000000E-002  0.140000000000000     
  0.000000000000000E+000
         546        1183  8.000000000000000E-002  0.160000000000000     
  0.000000000000000E+000
         547        1185  8.000000000000000E-002  0.180000000000000     
  0.000000000000000E+000
         548        1287  2.000000000000000E-002  0.200000000000000     
  2.000000000000000E-002
         549        1243  4.000000000000000E-002  0.200000000000000     
  2.000000000000000E-002
         550        1188  6.000000000000001E-002  0.200000000000000     
  2.000000000000000E-002
         551        1132  8.000000000000000E-002  0.200000000000000     
  2.000000000000000E-002
         552        1254  2.000000000000000E-002  0.200000000000000     
  4.000000000000000E-002
         553        1199  4.000000000000000E-002  0.200000000000000     
  4.000000000000000E-002
         554        1133  6.000000000000001E-002  0.200000000000000     
  4.000000000000000E-002
         555        1066  8.000000000000000E-002  0.200000000000000     
  4.000000000000000E-002
         556        1210  2.000000000000000E-002  0.200000000000000     
  6.000000000000001E-002
         557        1144  4.000000000000000E-002  0.200000000000000     
  6.000000000000001E-002
         558        1067  6.000000000000001E-002  0.200000000000000     
  6.000000000000001E-002
         559         989  8.000000000000000E-002  0.200000000000000     
  6.000000000000001E-002
         560        1155  2.000000000000000E-002  0.200000000000000     
  8.000000000000000E-002
         561        1078  4.000000000000000E-002  0.200000000000000     
  8.000000000000000E-002
         562         990  6.000000000000001E-002  0.200000000000000     
  8.000000000000000E-002
         563         901  8.000000000000000E-002  0.200000000000000     
  8.000000000000000E-002
         564        1007  2.000000000000000E-002  0.000000000000000E+000
  0.120000000000000     
         565         908  4.000000000000000E-002  0.000000000000000E+000
  0.120000000000000     
         566         789  6.000000000000001E-002  0.000000000000000E+000
  0.120000000000000     
         567         659  8.000000000000000E-002  0.000000000000000E+000
  0.120000000000000     
         568         919  2.000000000000000E-002  0.000000000000000E+000
  0.140000000000000     
         569         806  4.000000000000000E-002  0.000000000000000E+000
  0.140000000000000     
         570         675  6.000000000000001E-002  0.000000000000000E+000
  0.140000000000000     
         571         549  8.000000000000000E-002  0.000000000000000E+000
  0.140000000000000     
         572         817  2.000000000000000E-002  0.000000000000000E+000
  0.160000000000000     
         573         693  4.000000000000000E-002  0.000000000000000E+000
  0.160000000000000     
         574         565  6.000000000000001E-002  0.000000000000000E+000
  0.160000000000000     
         575         450  8.000000000000000E-002  0.000000000000000E+000
  0.160000000000000     
         576         706  2.000000000000000E-002  0.000000000000000E+000
  0.180000000000000     
         577         585  4.000000000000000E-002  0.000000000000000E+000
  0.180000000000000     
         578         468  6.000000000000001E-002  0.000000000000000E+000
  0.180000000000000     
         579         336  8.000000000000000E-002  0.000000000000000E+000
  0.180000000000000     
         580         533  0.100000000000000       2.000000000000000E-002
  0.120000000000000     
         581         434  0.100000000000000       2.000000000000000E-002
  0.140000000000000     
         582         318  0.100000000000000       2.000000000000000E-002
  0.160000000000000     
         583         228  0.100000000000000       2.000000000000000E-002
  0.180000000000000     
         584         531  0.100000000000000       4.000000000000000E-002
  0.120000000000000     
         585         432  0.100000000000000       4.000000000000000E-002
  0.140000000000000     
         586         316  0.100000000000000       4.000000000000000E-002
  0.160000000000000     
         587         225  0.100000000000000       4.000000000000000E-002
  0.180000000000000     
         588         530  0.100000000000000       6.000000000000001E-002
  0.120000000000000     
         589         431  0.100000000000000       6.000000000000001E-002
  0.140000000000000     
         590         315  0.100000000000000       6.000000000000001E-002
  0.160000000000000     
         591         224  0.100000000000000       6.000000000000001E-002
  0.180000000000000     
         592         532  0.100000000000000       8.000000000000000E-002
  0.120000000000000     
         593         433  0.100000000000000       8.000000000000000E-002
  0.140000000000000     
         594         317  0.100000000000000       8.000000000000000E-002
  0.160000000000000     
         595         227  0.100000000000000       8.000000000000000E-002
  0.180000000000000     
         596         704  2.000000000000000E-002  2.000000000000000E-002
  0.200000000000000     
         597         701  2.000000000000000E-002  4.000000000000000E-002
  0.200000000000000     
         598         592  2.000000000000000E-002  6.000000000000001E-002
  0.200000000000000     
         599         593  2.000000000000000E-002  8.000000000000000E-002
  0.200000000000000     
         600         583  4.000000000000000E-002  2.000000000000000E-002
  0.200000000000000     
         601         580  4.000000000000000E-002  4.000000000000000E-002
  0.200000000000000     
         602         482  4.000000000000000E-002  6.000000000000001E-002
  0.200000000000000     
         603         483  4.000000000000000E-002  8.000000000000000E-002
  0.200000000000000     
         604         466  6.000000000000001E-002  2.000000000000000E-002
  0.200000000000000     
         605         463  6.000000000000001E-002  4.000000000000000E-002
  0.200000000000000     
         606         348  6.000000000000001E-002  6.000000000000001E-002
  0.200000000000000     
         607         349  6.000000000000001E-002  8.000000000000000E-002
  0.200000000000000     
         608         334  8.000000000000000E-002  2.000000000000000E-002
  0.200000000000000     
         609         331  8.000000000000000E-002  4.000000000000000E-002
  0.200000000000000     
         610         241  8.000000000000000E-002  6.000000000000001E-002
  0.200000000000000     
         611         242  8.000000000000000E-002  8.000000000000000E-002
  0.200000000000000     
         612        1093  0.000000000000000E+000  2.000000000000000E-002
  0.120000000000000     
         613        1016  0.000000000000000E+000  2.000000000000000E-002
  0.140000000000000     
         614         928  0.000000000000000E+000  2.000000000000000E-002
  0.160000000000000     
         615         827  0.000000000000000E+000  2.000000000000000E-002
  0.180000000000000     
         616        1091  0.000000000000000E+000  4.000000000000000E-002
  0.120000000000000     
         617        1014  0.000000000000000E+000  4.000000000000000E-002
  0.140000000000000     
         618         926  0.000000000000000E+000  4.000000000000000E-002
  0.160000000000000     
         619         824  0.000000000000000E+000  4.000000000000000E-002
  0.180000000000000     
         620        1090  0.000000000000000E+000  6.000000000000001E-002
  0.120000000000000     
         621        1013  0.000000000000000E+000  6.000000000000001E-002
  0.140000000000000     
         622         925  0.000000000000000E+000  6.000000000000001E-002
  0.160000000000000     
         623         823  0.000000000000000E+000  6.000000000000001E-002
  0.180000000000000     
         624        1092  0.000000000000000E+000  8.000000000000000E-002
  0.120000000000000     
         625        1015  0.000000000000000E+000  8.000000000000000E-002
  0.140000000000000     
         626         927  0.000000000000000E+000  8.000000000000000E-002
  0.160000000000000     
         627         826  0.000000000000000E+000  8.000000000000000E-002
  0.180000000000000     
         628        1006  2.000000000000000E-002  0.100000000000000     
  0.120000000000000     
         629         907  4.000000000000000E-002  0.100000000000000     
  0.120000000000000     
         630         788  6.000000000000001E-002  0.100000000000000     
  0.120000000000000     
         631         658  8.000000000000000E-002  0.100000000000000     
  0.120000000000000     
         632         918  2.000000000000000E-002  0.100000000000000     
  0.140000000000000     
         633         805  4.000000000000000E-002  0.100000000000000     
  0.140000000000000     
         634         674  6.000000000000001E-002  0.100000000000000     
  0.140000000000000     
         635         548  8.000000000000000E-002  0.100000000000000     
  0.140000000000000     
         636         816  2.000000000000000E-002  0.100000000000000     
  0.160000000000000     
         637         692  4.000000000000000E-002  0.100000000000000     
  0.160000000000000     
         638         564  6.000000000000001E-002  0.100000000000000     
  0.160000000000000     
         639         449  8.000000000000000E-002  0.100000000000000     
  0.160000000000000     
         640         705  2.000000000000000E-002  0.100000000000000     
  0.180000000000000     
         641         584  4.000000000000000E-002  0.100000000000000     
  0.180000000000000     
         642         467  6.000000000000001E-002  0.100000000000000     
  0.180000000000000     
         643         335  8.000000000000000E-002  0.100000000000000     
  0.180000000000000     
         644         423  0.120000000000000       0.000000000000000E+000
  0.120000000000000     
         645         294  0.140000000000000       0.000000000000000E+000
  0.120000000000000     
         646         204  0.160000000000000       0.000000000000000E+000
  0.120000000000000     
         647         136  0.180000000000000       0.000000000000000E+000
  0.120000000000000     
         648         307  0.120000000000000       0.000000000000000E+000
  0.140000000000000     
         649         203  0.140000000000000       0.000000000000000E+000
  0.140000000000000     
         650         134  0.160000000000000       0.000000000000000E+000
  0.140000000000000     
         651          89  0.180000000000000       0.000000000000000E+000
  0.140000000000000     
         652         216  0.120000000000000       0.000000000000000E+000
  0.160000000000000     
         653         133  0.140000000000000       0.000000000000000E+000
  0.160000000000000     
         654          87  0.160000000000000       0.000000000000000E+000
  0.160000000000000     
         655          84  0.180000000000000       0.000000000000000E+000
  0.160000000000000     
         656         149  0.120000000000000       0.000000000000000E+000
  0.180000000000000     
         657          85  0.140000000000000       0.000000000000000E+000
  0.180000000000000     
         658          82  0.160000000000000       0.000000000000000E+000
  0.180000000000000     
         659          80  0.180000000000000       0.000000000000000E+000
  0.180000000000000     
         660         135  0.200000000000000       2.000000000000000E-002
  0.120000000000000     
         661          88  0.200000000000000       2.000000000000000E-002
  0.140000000000000     
         662          66  0.200000000000000       2.000000000000000E-002
  0.160000000000000     
         663          34  0.200000000000000       2.000000000000000E-002
  0.180000000000000     
         664         116  0.200000000000000       4.000000000000000E-002
  0.120000000000000     
         665          59  0.200000000000000       4.000000000000000E-002
  0.140000000000000     
         666          26  0.200000000000000       4.000000000000000E-002
  0.160000000000000     
         667          10  0.200000000000000       4.000000000000000E-002
  0.180000000000000     
         668          57  0.200000000000000       6.000000000000001E-002
  0.120000000000000     
         669          24  0.200000000000000       6.000000000000001E-002
  0.140000000000000     
         670           8  0.200000000000000       6.000000000000001E-002
  0.160000000000000     
         671           2  0.200000000000000       6.000000000000001E-002
  0.180000000000000     
         672          61  0.200000000000000       8.000000000000000E-002
  0.120000000000000     
         673          28  0.200000000000000       8.000000000000000E-002
  0.140000000000000     
         674          13  0.200000000000000       8.000000000000000E-002
  0.160000000000000     
         675           6  0.200000000000000       8.000000000000000E-002
  0.180000000000000     
         676         147  0.120000000000000       2.000000000000000E-002
  0.200000000000000     
         677         144  0.120000000000000       4.000000000000000E-002
  0.200000000000000     
         678          95  0.120000000000000       6.000000000000001E-002
  0.200000000000000     
         679          96  0.120000000000000       8.000000000000000E-002
  0.200000000000000     
         680          77  0.140000000000000       2.000000000000000E-002
  0.200000000000000     
         681          74  0.140000000000000       4.000000000000000E-002
  0.200000000000000     
         682          43  0.140000000000000       6.000000000000001E-002
  0.200000000000000     
         683          44  0.140000000000000       8.000000000000000E-002
  0.200000000000000     
         684          38  0.160000000000000       2.000000000000000E-002
  0.200000000000000     
         685          32  0.160000000000000       4.000000000000000E-002
  0.200000000000000     
         686          15  0.160000000000000       6.000000000000001E-002
  0.200000000000000     
         687          16  0.160000000000000       8.000000000000000E-002
  0.200000000000000     
         688          36  0.180000000000000       2.000000000000000E-002
  0.200000000000000     
         689          12  0.180000000000000       4.000000000000000E-002
  0.200000000000000     
         690           3  0.180000000000000       6.000000000000001E-002
  0.200000000000000     
         691           7  0.180000000000000       8.000000000000000E-002
  0.200000000000000     
         692         422  0.120000000000000       0.100000000000000     
  0.120000000000000     
         693         293  0.140000000000000       0.100000000000000     
  0.120000000000000     
         694         197  0.160000000000000       0.100000000000000     
  0.120000000000000     
         695         126  0.180000000000000       0.100000000000000     
  0.120000000000000     
         696         306  0.120000000000000       0.100000000000000     
  0.140000000000000     
         697         202  0.140000000000000       0.100000000000000     
  0.140000000000000     
         698         127  0.160000000000000       0.100000000000000     
  0.140000000000000     
         699          70  0.180000000000000       0.100000000000000     
  0.140000000000000     
         700         215  0.120000000000000       0.100000000000000     
  0.160000000000000     
         701         132  0.140000000000000       0.100000000000000     
  0.160000000000000     
         702          71  0.160000000000000       0.100000000000000     
  0.160000000000000     
         703          41  0.180000000000000       0.100000000000000     
  0.160000000000000     
         704         148  0.120000000000000       0.100000000000000     
  0.180000000000000     
         705          78  0.140000000000000       0.100000000000000     
  0.180000000000000     
         706          42  0.160000000000000       0.100000000000000     
  0.180000000000000     
         707          22  0.180000000000000       0.100000000000000     
  0.180000000000000     
         708          91  0.200000000000000       0.120000000000000     
  0.120000000000000     
         709          53  0.200000000000000       0.120000000000000     
  0.140000000000000     
         710          50  0.200000000000000       0.120000000000000     
  0.160000000000000     
         711          48  0.200000000000000       0.120000000000000     
  0.180000000000000     
         712         109  0.200000000000000       0.140000000000000     
  0.120000000000000     
         713         105  0.200000000000000       0.140000000000000     
  0.140000000000000     
         714         102  0.200000000000000       0.140000000000000     
  0.160000000000000     
         715         100  0.200000000000000       0.140000000000000     
  0.180000000000000     
         716         173  0.200000000000000       0.160000000000000     
  0.120000000000000     
         717         169  0.200000000000000       0.160000000000000     
  0.140000000000000     
         718         166  0.200000000000000       0.160000000000000     
  0.160000000000000     
         719         164  0.200000000000000       0.160000000000000     
  0.180000000000000     
         720         257  0.200000000000000       0.180000000000000     
  0.120000000000000     
         721         253  0.200000000000000       0.180000000000000     
  0.140000000000000     
         722         250  0.200000000000000       0.180000000000000     
  0.160000000000000     
         723         248  0.200000000000000       0.180000000000000     
  0.180000000000000     
         724          98  0.120000000000000       0.120000000000000     
  0.200000000000000     
         725         113  0.120000000000000       0.140000000000000     
  0.200000000000000     
         726         177  0.120000000000000       0.160000000000000     
  0.200000000000000     
         727         261  0.120000000000000       0.180000000000000     
  0.200000000000000     
         728          56  0.140000000000000       0.120000000000000     
  0.200000000000000     
         729         108  0.140000000000000       0.140000000000000     
  0.200000000000000     
         730         172  0.140000000000000       0.160000000000000     
  0.200000000000000     
         731         256  0.140000000000000       0.180000000000000     
  0.200000000000000     
         732          52  0.160000000000000       0.120000000000000     
  0.200000000000000     
         733         104  0.160000000000000       0.140000000000000     
  0.200000000000000     
         734         168  0.160000000000000       0.160000000000000     
  0.200000000000000     
         735         252  0.160000000000000       0.180000000000000     
  0.200000000000000     
         736          49  0.180000000000000       0.120000000000000     
  0.200000000000000     
         737         101  0.180000000000000       0.140000000000000     
  0.200000000000000     
         738         165  0.180000000000000       0.160000000000000     
  0.200000000000000     
         739         249  0.180000000000000       0.180000000000000     
  0.200000000000000     
         740         536  0.100000000000000       0.120000000000000     
  0.120000000000000     
         741         437  0.100000000000000       0.120000000000000     
  0.140000000000000     
         742         321  0.100000000000000       0.120000000000000     
  0.160000000000000     
         743         233  0.100000000000000       0.120000000000000     
  0.180000000000000     
         744         537  0.100000000000000       0.140000000000000     
  0.120000000000000     
         745         438  0.100000000000000       0.140000000000000     
  0.140000000000000     
         746         322  0.100000000000000       0.140000000000000     
  0.160000000000000     
         747         234  0.100000000000000       0.140000000000000     
  0.180000000000000     
         748         543  0.100000000000000       0.160000000000000     
  0.120000000000000     
         749         444  0.100000000000000       0.160000000000000     
  0.140000000000000     
         750         328  0.100000000000000       0.160000000000000     
  0.160000000000000     
         751         240  0.100000000000000       0.160000000000000     
  0.180000000000000     
         752         558  0.100000000000000       0.180000000000000     
  0.120000000000000     
         753         459  0.100000000000000       0.180000000000000     
  0.140000000000000     
         754         346  0.100000000000000       0.180000000000000     
  0.160000000000000     
         755         273  0.100000000000000       0.180000000000000     
  0.180000000000000     
         756         478  0.120000000000000       0.200000000000000     
  0.120000000000000     
         757         386  0.140000000000000       0.200000000000000     
  0.120000000000000     
         758         378  0.160000000000000       0.200000000000000     
  0.120000000000000     
         759         371  0.180000000000000       0.200000000000000     
  0.120000000000000     
         760         387  0.120000000000000       0.200000000000000     
  0.140000000000000     
         761         379  0.140000000000000       0.200000000000000     
  0.140000000000000     
         762         372  0.160000000000000       0.200000000000000     
  0.140000000000000     
         763         366  0.180000000000000       0.200000000000000     
  0.140000000000000     
         764         380  0.120000000000000       0.200000000000000     
  0.160000000000000     
         765         373  0.140000000000000       0.200000000000000     
  0.160000000000000     
         766         367  0.160000000000000       0.200000000000000     
  0.160000000000000     
         767         362  0.180000000000000       0.200000000000000     
  0.160000000000000     
         768         374  0.120000000000000       0.200000000000000     
  0.180000000000000     
         769         368  0.140000000000000       0.200000000000000     
  0.180000000000000     
         770         363  0.160000000000000       0.200000000000000     
  0.180000000000000     
         771         359  0.180000000000000       0.200000000000000     
  0.180000000000000     
         772         595  2.000000000000000E-002  0.120000000000000     
  0.200000000000000     
         773         596  2.000000000000000E-002  0.140000000000000     
  0.200000000000000     
         774         597  2.000000000000000E-002  0.160000000000000     
  0.200000000000000     
         775         598  2.000000000000000E-002  0.180000000000000     
  0.200000000000000     
         776         485  4.000000000000000E-002  0.120000000000000     
  0.200000000000000     
         777         486  4.000000000000000E-002  0.140000000000000     
  0.200000000000000     
         778         487  4.000000000000000E-002  0.160000000000000     
  0.200000000000000     
         779         488  4.000000000000000E-002  0.180000000000000     
  0.200000000000000     
         780         351  6.000000000000001E-002  0.120000000000000     
  0.200000000000000     
         781         352  6.000000000000001E-002  0.140000000000000     
  0.200000000000000     
         782         353  6.000000000000001E-002  0.160000000000000     
  0.200000000000000     
         783         354  6.000000000000001E-002  0.180000000000000     
  0.200000000000000     
         784         244  8.000000000000000E-002  0.120000000000000     
  0.200000000000000     
         785         245  8.000000000000000E-002  0.140000000000000     
  0.200000000000000     
         786         246  8.000000000000000E-002  0.160000000000000     
  0.200000000000000     
         787         274  8.000000000000000E-002  0.180000000000000     
  0.200000000000000     
         788        1096  0.000000000000000E+000  0.120000000000000     
  0.120000000000000     
         789        1019  0.000000000000000E+000  0.120000000000000     
  0.140000000000000     
         790         931  0.000000000000000E+000  0.120000000000000     
  0.160000000000000     
         791         832  0.000000000000000E+000  0.120000000000000     
  0.180000000000000     
         792        1097  0.000000000000000E+000  0.140000000000000     
  0.120000000000000     
         793        1020  0.000000000000000E+000  0.140000000000000     
  0.140000000000000     
         794         932  0.000000000000000E+000  0.140000000000000     
  0.160000000000000     
         795         833  0.000000000000000E+000  0.140000000000000     
  0.180000000000000     
         796        1098  0.000000000000000E+000  0.160000000000000     
  0.120000000000000     
         797        1021  0.000000000000000E+000  0.160000000000000     
  0.140000000000000     
         798         933  0.000000000000000E+000  0.160000000000000     
  0.160000000000000     
         799         834  0.000000000000000E+000  0.160000000000000     
  0.180000000000000     
         800        1099  0.000000000000000E+000  0.180000000000000     
  0.120000000000000     
         801        1022  0.000000000000000E+000  0.180000000000000     
  0.140000000000000     
         802         934  0.000000000000000E+000  0.180000000000000     
  0.160000000000000     
         803         835  0.000000000000000E+000  0.180000000000000     
  0.180000000000000     
         804        1012  2.000000000000000E-002  0.200000000000000     
  0.120000000000000     
         805         913  4.000000000000000E-002  0.200000000000000     
  0.120000000000000     
         806         800  6.000000000000001E-002  0.200000000000000     
  0.120000000000000     
         807         686  8.000000000000000E-002  0.200000000000000     
  0.120000000000000     
         808         924  2.000000000000000E-002  0.200000000000000     
  0.140000000000000     
         809         811  4.000000000000000E-002  0.200000000000000     
  0.140000000000000     
         810         687  6.000000000000001E-002  0.200000000000000     
  0.140000000000000     
         811         576  8.000000000000000E-002  0.200000000000000     
  0.140000000000000     
         812         822  2.000000000000000E-002  0.200000000000000     
  0.160000000000000     
         813         698  4.000000000000000E-002  0.200000000000000     
  0.160000000000000     
         814         577  6.000000000000001E-002  0.200000000000000     
  0.160000000000000     
         815         480  8.000000000000000E-002  0.200000000000000     
  0.160000000000000     
         816         712  2.000000000000000E-002  0.200000000000000     
  0.180000000000000     
         817         591  4.000000000000000E-002  0.200000000000000     
  0.180000000000000     
         818         481  6.000000000000001E-002  0.200000000000000     
  0.180000000000000     
         819         389  8.000000000000000E-002  0.200000000000000     
  0.180000000000000     
         820        1274  2.000000000000000E-002  2.000000000000000E-002
  2.000000000000000E-002
         821        1247  2.000000000000000E-002  2.000000000000000E-002
  4.000000000000000E-002
         822        1203  2.000000000000000E-002  2.000000000000000E-002
  6.000000000000001E-002
         823        1148  2.000000000000000E-002  2.000000000000000E-002
  8.000000000000000E-002
         824        1271  2.000000000000000E-002  4.000000000000000E-002
  2.000000000000000E-002
         825        1245  2.000000000000000E-002  4.000000000000000E-002
  4.000000000000000E-002
         826        1201  2.000000000000000E-002  4.000000000000000E-002
  6.000000000000001E-002
         827        1146  2.000000000000000E-002  4.000000000000000E-002
  8.000000000000000E-002
         828        1270  2.000000000000000E-002  6.000000000000001E-002
  2.000000000000000E-002
         829        1244  2.000000000000000E-002  6.000000000000001E-002
  4.000000000000000E-002
         830        1200  2.000000000000000E-002  6.000000000000001E-002
  6.000000000000001E-002
         831        1145  2.000000000000000E-002  6.000000000000001E-002
  8.000000000000000E-002
         832        1273  2.000000000000000E-002  8.000000000000000E-002
  2.000000000000000E-002
         833        1246  2.000000000000000E-002  8.000000000000000E-002
  4.000000000000000E-002
         834        1202  2.000000000000000E-002  8.000000000000000E-002
  6.000000000000001E-002
         835        1147  2.000000000000000E-002  8.000000000000000E-002
  8.000000000000000E-002
         836        1230  4.000000000000000E-002  2.000000000000000E-002
  2.000000000000000E-002
         837        1192  4.000000000000000E-002  2.000000000000000E-002
  4.000000000000000E-002
         838        1137  4.000000000000000E-002  2.000000000000000E-002
  6.000000000000001E-002
         839        1071  4.000000000000000E-002  2.000000000000000E-002
  8.000000000000000E-002
         840        1227  4.000000000000000E-002  4.000000000000000E-002
  2.000000000000000E-002
         841        1190  4.000000000000000E-002  4.000000000000000E-002
  4.000000000000000E-002
         842        1135  4.000000000000000E-002  4.000000000000000E-002
  6.000000000000001E-002
         843        1069  4.000000000000000E-002  4.000000000000000E-002
  8.000000000000000E-002
         844        1226  4.000000000000000E-002  6.000000000000001E-002
  2.000000000000000E-002
         845        1189  4.000000000000000E-002  6.000000000000001E-002
  4.000000000000000E-002
         846        1134  4.000000000000000E-002  6.000000000000001E-002
  6.000000000000001E-002
         847        1068  4.000000000000000E-002  6.000000000000001E-002
  8.000000000000000E-002
         848        1229  4.000000000000000E-002  8.000000000000000E-002
  2.000000000000000E-002
         849        1191  4.000000000000000E-002  8.000000000000000E-002
  4.000000000000000E-002
         850        1136  4.000000000000000E-002  8.000000000000000E-002
  6.000000000000001E-002
         851        1070  4.000000000000000E-002  8.000000000000000E-002
  8.000000000000000E-002
         852        1175  6.000000000000001E-002  2.000000000000000E-002
  2.000000000000000E-002
         853        1124  6.000000000000001E-002  2.000000000000000E-002
  4.000000000000000E-002
         854        1057  6.000000000000001E-002  2.000000000000000E-002
  6.000000000000001E-002
         855         979  6.000000000000001E-002  2.000000000000000E-002
  8.000000000000000E-002
         856        1172  6.000000000000001E-002  4.000000000000000E-002
  2.000000000000000E-002
         857        1122  6.000000000000001E-002  4.000000000000000E-002
  4.000000000000000E-002
         858        1055  6.000000000000001E-002  4.000000000000000E-002
  6.000000000000001E-002
         859         977  6.000000000000001E-002  4.000000000000000E-002
  8.000000000000000E-002
         860        1171  6.000000000000001E-002  6.000000000000001E-002
  2.000000000000000E-002
         861        1121  6.000000000000001E-002  6.000000000000001E-002
  4.000000000000000E-002
         862        1054  6.000000000000001E-002  6.000000000000001E-002
  6.000000000000001E-002
         863         976  6.000000000000001E-002  6.000000000000001E-002
  8.000000000000000E-002
         864        1174  6.000000000000001E-002  8.000000000000000E-002
  2.000000000000000E-002
         865        1123  6.000000000000001E-002  8.000000000000000E-002
  4.000000000000000E-002
         866        1056  6.000000000000001E-002  8.000000000000000E-002
  6.000000000000001E-002
         867         978  6.000000000000001E-002  8.000000000000000E-002
  8.000000000000000E-002
         868        1109  8.000000000000000E-002  2.000000000000000E-002
  2.000000000000000E-002
         869        1045  8.000000000000000E-002  2.000000000000000E-002
  4.000000000000000E-002
         870         966  8.000000000000000E-002  2.000000000000000E-002
  6.000000000000001E-002
         871         876  8.000000000000000E-002  2.000000000000000E-002
  8.000000000000000E-002
         872        1106  8.000000000000000E-002  4.000000000000000E-002
  2.000000000000000E-002
         873        1043  8.000000000000000E-002  4.000000000000000E-002
  4.000000000000000E-002
         874         964  8.000000000000000E-002  4.000000000000000E-002
  6.000000000000001E-002
         875         874  8.000000000000000E-002  4.000000000000000E-002
  8.000000000000000E-002
         876        1105  8.000000000000000E-002  6.000000000000001E-002
  2.000000000000000E-002
         877        1042  8.000000000000000E-002  6.000000000000001E-002
  4.000000000000000E-002
         878         963  8.000000000000000E-002  6.000000000000001E-002
  6.000000000000001E-002
         879         873  8.000000000000000E-002  6.000000000000001E-002
  8.000000000000000E-002
         880        1108  8.000000000000000E-002  8.000000000000000E-002
  2.000000000000000E-002
         881        1044  8.000000000000000E-002  8.000000000000000E-002
  4.000000000000000E-002
         882         965  8.000000000000000E-002  8.000000000000000E-002
  6.000000000000001E-002
         883         875  8.000000000000000E-002  8.000000000000000E-002
  8.000000000000000E-002
         884         944  0.120000000000000       2.000000000000000E-002
  2.000000000000000E-002
         885         854  0.120000000000000       2.000000000000000E-002
  4.000000000000000E-002
         886         747  0.120000000000000       2.000000000000000E-002
  6.000000000000001E-002
         887         630  0.120000000000000       2.000000000000000E-002
  8.000000000000000E-002
         888         941  0.120000000000000       4.000000000000000E-002
  2.000000000000000E-002
         889         852  0.120000000000000       4.000000000000000E-002
  4.000000000000000E-002
         890         745  0.120000000000000       4.000000000000000E-002
  6.000000000000001E-002
         891         628  0.120000000000000       4.000000000000000E-002
  8.000000000000000E-002
         892         940  0.120000000000000       6.000000000000001E-002
  2.000000000000000E-002
         893         851  0.120000000000000       6.000000000000001E-002
  4.000000000000000E-002
         894         744  0.120000000000000       6.000000000000001E-002
  6.000000000000001E-002
         895         627  0.120000000000000       6.000000000000001E-002
  8.000000000000000E-002
         896         943  0.120000000000000       8.000000000000000E-002
  2.000000000000000E-002
         897         853  0.120000000000000       8.000000000000000E-002
  4.000000000000000E-002
         898         746  0.120000000000000       8.000000000000000E-002
  6.000000000000001E-002
         899         629  0.120000000000000       8.000000000000000E-002
  8.000000000000000E-002
         900         844  0.140000000000000       2.000000000000000E-002
  2.000000000000000E-002
         901         735  0.140000000000000       2.000000000000000E-002
  4.000000000000000E-002
         902         617  0.140000000000000       2.000000000000000E-002
  6.000000000000001E-002
         903         507  0.140000000000000       2.000000000000000E-002
  8.000000000000000E-002
         904         841  0.140000000000000       4.000000000000000E-002
  2.000000000000000E-002
         905         733  0.140000000000000       4.000000000000000E-002
  4.000000000000000E-002
         906         615  0.140000000000000       4.000000000000000E-002
  6.000000000000001E-002
         907         505  0.140000000000000       4.000000000000000E-002
  8.000000000000000E-002
         908         840  0.140000000000000       6.000000000000001E-002
  2.000000000000000E-002
         909         732  0.140000000000000       6.000000000000001E-002
  4.000000000000000E-002
         910         614  0.140000000000000       6.000000000000001E-002
  6.000000000000001E-002
         911         504  0.140000000000000       6.000000000000001E-002
  8.000000000000000E-002
         912         843  0.140000000000000       8.000000000000000E-002
  2.000000000000000E-002
         913         734  0.140000000000000       8.000000000000000E-002
  4.000000000000000E-002
         914         616  0.140000000000000       8.000000000000000E-002
  6.000000000000001E-002
         915         506  0.140000000000000       8.000000000000000E-002
  8.000000000000000E-002
         916         728  0.160000000000000       2.000000000000000E-002
  2.000000000000000E-002
         917         609  0.160000000000000       2.000000000000000E-002
  4.000000000000000E-002
         918         499  0.160000000000000       2.000000000000000E-002
  6.000000000000001E-002
         919         400  0.160000000000000       2.000000000000000E-002
  8.000000000000000E-002
         920         725  0.160000000000000       4.000000000000000E-002
  2.000000000000000E-002
         921         607  0.160000000000000       4.000000000000000E-002
  4.000000000000000E-002
         922         497  0.160000000000000       4.000000000000000E-002
  6.000000000000001E-002
         923         398  0.160000000000000       4.000000000000000E-002
  8.000000000000000E-002
         924         724  0.160000000000000       6.000000000000001E-002
  2.000000000000000E-002
         925         606  0.160000000000000       6.000000000000001E-002
  4.000000000000000E-002
         926         496  0.160000000000000       6.000000000000001E-002
  6.000000000000001E-002
         927         397  0.160000000000000       6.000000000000001E-002
  8.000000000000000E-002
         928         727  0.160000000000000       8.000000000000000E-002
  2.000000000000000E-002
         929         608  0.160000000000000       8.000000000000000E-002
  4.000000000000000E-002
         930         498  0.160000000000000       8.000000000000000E-002
  6.000000000000001E-002
         931         399  0.160000000000000       8.000000000000000E-002
  8.000000000000000E-002
         932         610  0.180000000000000       2.000000000000000E-002
  2.000000000000000E-002
         933         500  0.180000000000000       2.000000000000000E-002
  4.000000000000000E-002
         934         401  0.180000000000000       2.000000000000000E-002
  6.000000000000001E-002
         935         287  0.180000000000000       2.000000000000000E-002
  8.000000000000000E-002
         936         603  0.180000000000000       4.000000000000000E-002
  2.000000000000000E-002
         937         493  0.180000000000000       4.000000000000000E-002
  4.000000000000000E-002
         938         394  0.180000000000000       4.000000000000000E-002
  6.000000000000001E-002
         939         278  0.180000000000000       4.000000000000000E-002
  8.000000000000000E-002
         940         601  0.180000000000000       6.000000000000001E-002
  2.000000000000000E-002
         941         491  0.180000000000000       6.000000000000001E-002
  4.000000000000000E-002
         942         392  0.180000000000000       6.000000000000001E-002
  6.000000000000001E-002
         943         276  0.180000000000000       6.000000000000001E-002
  8.000000000000000E-002
         944         605  0.180000000000000       8.000000000000000E-002
  2.000000000000000E-002
         945         495  0.180000000000000       8.000000000000000E-002
  4.000000000000000E-002
         946         396  0.180000000000000       8.000000000000000E-002
  6.000000000000001E-002
         947         280  0.180000000000000       8.000000000000000E-002
  8.000000000000000E-002
         948         949  0.120000000000000       0.120000000000000     
  2.000000000000000E-002
         949         857  0.120000000000000       0.120000000000000     
  4.000000000000000E-002
         950         750  0.120000000000000       0.120000000000000     
  6.000000000000001E-002
         951         633  0.120000000000000       0.120000000000000     
  8.000000000000000E-002
         952         951  0.120000000000000       0.140000000000000     
  2.000000000000000E-002
         953         860  0.120000000000000       0.140000000000000     
  4.000000000000000E-002
         954         755  0.120000000000000       0.140000000000000     
  6.000000000000001E-002
         955         639  0.120000000000000       0.140000000000000     
  8.000000000000000E-002
         956         961  0.120000000000000       0.160000000000000     
  2.000000000000000E-002
         957         871  0.120000000000000       0.160000000000000     
  4.000000000000000E-002
         958         767  0.120000000000000       0.160000000000000     
  6.000000000000001E-002
         959         652  0.120000000000000       0.160000000000000     
  8.000000000000000E-002
         960         973  0.120000000000000       0.180000000000000     
  2.000000000000000E-002
         961         884  0.120000000000000       0.180000000000000     
  4.000000000000000E-002
         962         781  0.120000000000000       0.180000000000000     
  6.000000000000001E-002
         963         667  0.120000000000000       0.180000000000000     
  8.000000000000000E-002
         964         850  0.140000000000000       0.120000000000000     
  2.000000000000000E-002
         965         743  0.140000000000000       0.120000000000000     
  4.000000000000000E-002
         966         626  0.140000000000000       0.120000000000000     
  6.000000000000001E-002
         967         516  0.140000000000000       0.120000000000000     
  8.000000000000000E-002
         968         859  0.140000000000000       0.140000000000000     
  2.000000000000000E-002
         969         754  0.140000000000000       0.140000000000000     
  4.000000000000000E-002
         970         638  0.140000000000000       0.140000000000000     
  6.000000000000001E-002
         971         527  0.140000000000000       0.140000000000000     
  8.000000000000000E-002
         972         870  0.140000000000000       0.160000000000000     
  2.000000000000000E-002
         973         766  0.140000000000000       0.160000000000000     
  4.000000000000000E-002
         974         651  0.140000000000000       0.160000000000000     
  6.000000000000001E-002
         975         541  0.140000000000000       0.160000000000000     
  8.000000000000000E-002
         976         883  0.140000000000000       0.180000000000000     
  2.000000000000000E-002
         977         780  0.140000000000000       0.180000000000000     
  4.000000000000000E-002
         978         666  0.140000000000000       0.180000000000000     
  6.000000000000001E-002
         979         556  0.140000000000000       0.180000000000000     
  8.000000000000000E-002
         980         742  0.160000000000000       0.120000000000000     
  2.000000000000000E-002
         981         625  0.160000000000000       0.120000000000000     
  4.000000000000000E-002
         982         515  0.160000000000000       0.120000000000000     
  6.000000000000001E-002
         983         412  0.160000000000000       0.120000000000000     
  8.000000000000000E-002
         984         753  0.160000000000000       0.140000000000000     
  2.000000000000000E-002
         985         637  0.160000000000000       0.140000000000000     
  4.000000000000000E-002
         986         526  0.160000000000000       0.140000000000000     
  6.000000000000001E-002
         987         428  0.160000000000000       0.140000000000000     
  8.000000000000000E-002
         988         765  0.160000000000000       0.160000000000000     
  2.000000000000000E-002
         989         650  0.160000000000000       0.160000000000000     
  4.000000000000000E-002
         990         540  0.160000000000000       0.160000000000000     
  6.000000000000001E-002
         991         441  0.160000000000000       0.160000000000000     
  8.000000000000000E-002
         992         779  0.160000000000000       0.180000000000000     
  2.000000000000000E-002
         993         665  0.160000000000000       0.180000000000000     
  4.000000000000000E-002
         994         555  0.160000000000000       0.180000000000000     
  6.000000000000001E-002
         995         456  0.160000000000000       0.180000000000000     
  8.000000000000000E-002
         996         624  0.180000000000000       0.120000000000000     
  2.000000000000000E-002
         997         514  0.180000000000000       0.120000000000000     
  4.000000000000000E-002
         998         411  0.180000000000000       0.120000000000000     
  6.000000000000001E-002
         999         299  0.180000000000000       0.120000000000000     
  8.000000000000000E-002
        1000         636  0.180000000000000       0.140000000000000     
  2.000000000000000E-002
        1001         525  0.180000000000000       0.140000000000000     
  4.000000000000000E-002
        1002         427  0.180000000000000       0.140000000000000     
  6.000000000000001E-002
        1003         311  0.180000000000000       0.140000000000000     
  8.000000000000000E-002
        1004         649  0.180000000000000       0.160000000000000     
  2.000000000000000E-002
        1005         539  0.180000000000000       0.160000000000000     
  4.000000000000000E-002
        1006         440  0.180000000000000       0.160000000000000     
  6.000000000000001E-002
        1007         324  0.180000000000000       0.160000000000000     
  8.000000000000000E-002
        1008         664  0.180000000000000       0.180000000000000     
  2.000000000000000E-002
        1009         554  0.180000000000000       0.180000000000000     
  4.000000000000000E-002
        1010         455  0.180000000000000       0.180000000000000     
  6.000000000000001E-002
        1011         342  0.180000000000000       0.180000000000000     
  8.000000000000000E-002
        1012        1279  2.000000000000000E-002  0.120000000000000     
  2.000000000000000E-002
        1013        1250  2.000000000000000E-002  0.120000000000000     
  4.000000000000000E-002
        1014        1206  2.000000000000000E-002  0.120000000000000     
  6.000000000000001E-002
        1015        1151  2.000000000000000E-002  0.120000000000000     
  8.000000000000000E-002
        1016        1281  2.000000000000000E-002  0.140000000000000     
  2.000000000000000E-002
        1017        1251  2.000000000000000E-002  0.140000000000000     
  4.000000000000000E-002
        1018        1207  2.000000000000000E-002  0.140000000000000     
  6.000000000000001E-002
        1019        1152  2.000000000000000E-002  0.140000000000000     
  8.000000000000000E-002
        1020        1283  2.000000000000000E-002  0.160000000000000     
  2.000000000000000E-002
        1021        1252  2.000000000000000E-002  0.160000000000000     
  4.000000000000000E-002
        1022        1208  2.000000000000000E-002  0.160000000000000     
  6.000000000000001E-002
        1023        1153  2.000000000000000E-002  0.160000000000000     
  8.000000000000000E-002
        1024        1285  2.000000000000000E-002  0.180000000000000     
  2.000000000000000E-002
        1025        1253  2.000000000000000E-002  0.180000000000000     
  4.000000000000000E-002
        1026        1209  2.000000000000000E-002  0.180000000000000     
  6.000000000000001E-002
        1027        1154  2.000000000000000E-002  0.180000000000000     
  8.000000000000000E-002
        1028        1235  4.000000000000000E-002  0.120000000000000     
  2.000000000000000E-002
        1029        1195  4.000000000000000E-002  0.120000000000000     
  4.000000000000000E-002
        1030        1140  4.000000000000000E-002  0.120000000000000     
  6.000000000000001E-002
        1031        1074  4.000000000000000E-002  0.120000000000000     
  8.000000000000000E-002
        1032        1237  4.000000000000000E-002  0.140000000000000     
  2.000000000000000E-002
        1033        1196  4.000000000000000E-002  0.140000000000000     
  4.000000000000000E-002
        1034        1141  4.000000000000000E-002  0.140000000000000     
  6.000000000000001E-002
        1035        1075  4.000000000000000E-002  0.140000000000000     
  8.000000000000000E-002
        1036        1239  4.000000000000000E-002  0.160000000000000     
  2.000000000000000E-002
        1037        1197  4.000000000000000E-002  0.160000000000000     
  4.000000000000000E-002
        1038        1142  4.000000000000000E-002  0.160000000000000     
  6.000000000000001E-002
        1039        1076  4.000000000000000E-002  0.160000000000000     
  8.000000000000000E-002
        1040        1241  4.000000000000000E-002  0.180000000000000     
  2.000000000000000E-002
        1041        1198  4.000000000000000E-002  0.180000000000000     
  4.000000000000000E-002
        1042        1143  4.000000000000000E-002  0.180000000000000     
  6.000000000000001E-002
        1043        1077  4.000000000000000E-002  0.180000000000000     
  8.000000000000000E-002
        1044        1180  6.000000000000001E-002  0.120000000000000     
  2.000000000000000E-002
        1045        1127  6.000000000000001E-002  0.120000000000000     
  4.000000000000000E-002
        1046        1060  6.000000000000001E-002  0.120000000000000     
  6.000000000000001E-002
        1047         982  6.000000000000001E-002  0.120000000000000     
  8.000000000000000E-002
        1048        1182  6.000000000000001E-002  0.140000000000000     
  2.000000000000000E-002
        1049        1128  6.000000000000001E-002  0.140000000000000     
  4.000000000000000E-002
        1050        1061  6.000000000000001E-002  0.140000000000000     
  6.000000000000001E-002
        1051         983  6.000000000000001E-002  0.140000000000000     
  8.000000000000000E-002
        1052        1184  6.000000000000001E-002  0.160000000000000     
  2.000000000000000E-002
        1053        1129  6.000000000000001E-002  0.160000000000000     
  4.000000000000000E-002
        1054        1062  6.000000000000001E-002  0.160000000000000     
  6.000000000000001E-002
        1055         984  6.000000000000001E-002  0.160000000000000     
  8.000000000000000E-002
        1056        1186  6.000000000000001E-002  0.180000000000000     
  2.000000000000000E-002
        1057        1130  6.000000000000001E-002  0.180000000000000     
  4.000000000000000E-002
        1058        1063  6.000000000000001E-002  0.180000000000000     
  6.000000000000001E-002
        1059         985  6.000000000000001E-002  0.180000000000000     
  8.000000000000000E-002
        1060        1114  8.000000000000000E-002  0.120000000000000     
  2.000000000000000E-002
        1061        1048  8.000000000000000E-002  0.120000000000000     
  4.000000000000000E-002
        1062         969  8.000000000000000E-002  0.120000000000000     
  6.000000000000001E-002
        1063         879  8.000000000000000E-002  0.120000000000000     
  8.000000000000000E-002
        1064        1116  8.000000000000000E-002  0.140000000000000     
  2.000000000000000E-002
        1065        1049  8.000000000000000E-002  0.140000000000000     
  4.000000000000000E-002
        1066         970  8.000000000000000E-002  0.140000000000000     
  6.000000000000001E-002
        1067         880  8.000000000000000E-002  0.140000000000000     
  8.000000000000000E-002
        1068        1118  8.000000000000000E-002  0.160000000000000     
  2.000000000000000E-002
        1069        1050  8.000000000000000E-002  0.160000000000000     
  4.000000000000000E-002
        1070         971  8.000000000000000E-002  0.160000000000000     
  6.000000000000001E-002
        1071         881  8.000000000000000E-002  0.160000000000000     
  8.000000000000000E-002
        1072        1120  8.000000000000000E-002  0.180000000000000     
  2.000000000000000E-002
        1073        1053  8.000000000000000E-002  0.180000000000000     
  4.000000000000000E-002
        1074         975  8.000000000000000E-002  0.180000000000000     
  6.000000000000001E-002
        1075         886  8.000000000000000E-002  0.180000000000000     
  8.000000000000000E-002
        1076        1005  2.000000000000000E-002  2.000000000000000E-002
  0.120000000000000     
        1077         917  2.000000000000000E-002  2.000000000000000E-002
  0.140000000000000     
        1078         815  2.000000000000000E-002  2.000000000000000E-002
  0.160000000000000     
        1079         703  2.000000000000000E-002  2.000000000000000E-002
  0.180000000000000     
        1080        1003  2.000000000000000E-002  4.000000000000000E-002
  0.120000000000000     
        1081         915  2.000000000000000E-002  4.000000000000000E-002
  0.140000000000000     
        1082         813  2.000000000000000E-002  4.000000000000000E-002
  0.160000000000000     
        1083         700  2.000000000000000E-002  4.000000000000000E-002
  0.180000000000000     
        1084        1002  2.000000000000000E-002  6.000000000000001E-002
  0.120000000000000     
        1085         914  2.000000000000000E-002  6.000000000000001E-002
  0.140000000000000     
        1086         812  2.000000000000000E-002  6.000000000000001E-002
  0.160000000000000     
        1087         699  2.000000000000000E-002  6.000000000000001E-002
  0.180000000000000     
        1088        1004  2.000000000000000E-002  8.000000000000000E-002
  0.120000000000000     
        1089         916  2.000000000000000E-002  8.000000000000000E-002
  0.140000000000000     
        1090         814  2.000000000000000E-002  8.000000000000000E-002
  0.160000000000000     
        1091         702  2.000000000000000E-002  8.000000000000000E-002
  0.180000000000000     
        1092         906  4.000000000000000E-002  2.000000000000000E-002
  0.120000000000000     
        1093         804  4.000000000000000E-002  2.000000000000000E-002
  0.140000000000000     
        1094         691  4.000000000000000E-002  2.000000000000000E-002
  0.160000000000000     
        1095         582  4.000000000000000E-002  2.000000000000000E-002
  0.180000000000000     
        1096         904  4.000000000000000E-002  4.000000000000000E-002
  0.120000000000000     
        1097         802  4.000000000000000E-002  4.000000000000000E-002
  0.140000000000000     
        1098         689  4.000000000000000E-002  4.000000000000000E-002
  0.160000000000000     
        1099         579  4.000000000000000E-002  4.000000000000000E-002
  0.180000000000000     
        1100         903  4.000000000000000E-002  6.000000000000001E-002
  0.120000000000000     
        1101         801  4.000000000000000E-002  6.000000000000001E-002
  0.140000000000000     
        1102         688  4.000000000000000E-002  6.000000000000001E-002
  0.160000000000000     
        1103         578  4.000000000000000E-002  6.000000000000001E-002
  0.180000000000000     
        1104         905  4.000000000000000E-002  8.000000000000000E-002
  0.120000000000000     
        1105         803  4.000000000000000E-002  8.000000000000000E-002
  0.140000000000000     
        1106         690  4.000000000000000E-002  8.000000000000000E-002
  0.160000000000000     
        1107         581  4.000000000000000E-002  8.000000000000000E-002
  0.180000000000000     
        1108         787  6.000000000000001E-002  2.000000000000000E-002
  0.120000000000000     
        1109         673  6.000000000000001E-002  2.000000000000000E-002
  0.140000000000000     
        1110         563  6.000000000000001E-002  2.000000000000000E-002
  0.160000000000000     
        1111         465  6.000000000000001E-002  2.000000000000000E-002
  0.180000000000000     
        1112         785  6.000000000000001E-002  4.000000000000000E-002
  0.120000000000000     
        1113         671  6.000000000000001E-002  4.000000000000000E-002
  0.140000000000000     
        1114         561  6.000000000000001E-002  4.000000000000000E-002
  0.160000000000000     
        1115         462  6.000000000000001E-002  4.000000000000000E-002
  0.180000000000000     
        1116         784  6.000000000000001E-002  6.000000000000001E-002
  0.120000000000000     
        1117         670  6.000000000000001E-002  6.000000000000001E-002
  0.140000000000000     
        1118         560  6.000000000000001E-002  6.000000000000001E-002
  0.160000000000000     
        1119         461  6.000000000000001E-002  6.000000000000001E-002
  0.180000000000000     
        1120         786  6.000000000000001E-002  8.000000000000000E-002
  0.120000000000000     
        1121         672  6.000000000000001E-002  8.000000000000000E-002
  0.140000000000000     
        1122         562  6.000000000000001E-002  8.000000000000000E-002
  0.160000000000000     
        1123         464  6.000000000000001E-002  8.000000000000000E-002
  0.180000000000000     
        1124         657  8.000000000000000E-002  2.000000000000000E-002
  0.120000000000000     
        1125         547  8.000000000000000E-002  2.000000000000000E-002
  0.140000000000000     
        1126         448  8.000000000000000E-002  2.000000000000000E-002
  0.160000000000000     
        1127         333  8.000000000000000E-002  2.000000000000000E-002
  0.180000000000000     
        1128         655  8.000000000000000E-002  4.000000000000000E-002
  0.120000000000000     
        1129         545  8.000000000000000E-002  4.000000000000000E-002
  0.140000000000000     
        1130         446  8.000000000000000E-002  4.000000000000000E-002
  0.160000000000000     
        1131         330  8.000000000000000E-002  4.000000000000000E-002
  0.180000000000000     
        1132         654  8.000000000000000E-002  6.000000000000001E-002
  0.120000000000000     
        1133         544  8.000000000000000E-002  6.000000000000001E-002
  0.140000000000000     
        1134         445  8.000000000000000E-002  6.000000000000001E-002
  0.160000000000000     
        1135         329  8.000000000000000E-002  6.000000000000001E-002
  0.180000000000000     
        1136         656  8.000000000000000E-002  8.000000000000000E-002
  0.120000000000000     
        1137         546  8.000000000000000E-002  8.000000000000000E-002
  0.140000000000000     
        1138         447  8.000000000000000E-002  8.000000000000000E-002
  0.160000000000000     
        1139         332  8.000000000000000E-002  8.000000000000000E-002
  0.180000000000000     
        1140         421  0.120000000000000       2.000000000000000E-002
  0.120000000000000     
        1141         305  0.120000000000000       2.000000000000000E-002
  0.140000000000000     
        1142         214  0.120000000000000       2.000000000000000E-002
  0.160000000000000     
        1143         146  0.120000000000000       2.000000000000000E-002
  0.180000000000000     
        1144         419  0.120000000000000       4.000000000000000E-002
  0.120000000000000     
        1145         303  0.120000000000000       4.000000000000000E-002
  0.140000000000000     
        1146         212  0.120000000000000       4.000000000000000E-002
  0.160000000000000     
        1147         143  0.120000000000000       4.000000000000000E-002
  0.180000000000000     
        1148         418  0.120000000000000       6.000000000000001E-002
  0.120000000000000     
        1149         302  0.120000000000000       6.000000000000001E-002
  0.140000000000000     
        1150         211  0.120000000000000       6.000000000000001E-002
  0.160000000000000     
        1151         142  0.120000000000000       6.000000000000001E-002
  0.180000000000000     
        1152         420  0.120000000000000       8.000000000000000E-002
  0.120000000000000     
        1153         304  0.120000000000000       8.000000000000000E-002
  0.140000000000000     
        1154         213  0.120000000000000       8.000000000000000E-002
  0.160000000000000     
        1155         145  0.120000000000000       8.000000000000000E-002
  0.180000000000000     
        1156         292  0.140000000000000       2.000000000000000E-002
  0.120000000000000     
        1157         201  0.140000000000000       2.000000000000000E-002
  0.140000000000000     
        1158         131  0.140000000000000       2.000000000000000E-002
  0.160000000000000     
        1159          76  0.140000000000000       2.000000000000000E-002
  0.180000000000000     
        1160         290  0.140000000000000       4.000000000000000E-002
  0.120000000000000     
        1161         199  0.140000000000000       4.000000000000000E-002
  0.140000000000000     
        1162         129  0.140000000000000       4.000000000000000E-002
  0.160000000000000     
        1163          73  0.140000000000000       4.000000000000000E-002
  0.180000000000000     
        1164         289  0.140000000000000       6.000000000000001E-002
  0.120000000000000     
        1165         198  0.140000000000000       6.000000000000001E-002
  0.140000000000000     
        1166         128  0.140000000000000       6.000000000000001E-002
  0.160000000000000     
        1167          72  0.140000000000000       6.000000000000001E-002
  0.180000000000000     
        1168         291  0.140000000000000       8.000000000000000E-002
  0.120000000000000     
        1169         200  0.140000000000000       8.000000000000000E-002
  0.140000000000000     
        1170         130  0.140000000000000       8.000000000000000E-002
  0.160000000000000     
        1171          75  0.140000000000000       8.000000000000000E-002
  0.180000000000000     
        1172         193  0.160000000000000       2.000000000000000E-002
  0.120000000000000     
        1173         123  0.160000000000000       2.000000000000000E-002
  0.140000000000000     
        1174          67  0.160000000000000       2.000000000000000E-002
  0.160000000000000     
        1175          37  0.160000000000000       2.000000000000000E-002
  0.180000000000000     
        1176         191  0.160000000000000       4.000000000000000E-002
  0.120000000000000     
        1177         121  0.160000000000000       4.000000000000000E-002
  0.140000000000000     
        1178          64  0.160000000000000       4.000000000000000E-002
  0.160000000000000     
        1179          31  0.160000000000000       4.000000000000000E-002
  0.180000000000000     
        1180         190  0.160000000000000       6.000000000000001E-002
  0.120000000000000     
        1181         120  0.160000000000000       6.000000000000001E-002
  0.140000000000000     
        1182          63  0.160000000000000       6.000000000000001E-002
  0.160000000000000     
        1183          30  0.160000000000000       6.000000000000001E-002
  0.180000000000000     
        1184         192  0.160000000000000       8.000000000000000E-002
  0.120000000000000     
        1185         122  0.160000000000000       8.000000000000000E-002
  0.140000000000000     
        1186          65  0.160000000000000       8.000000000000000E-002
  0.160000000000000     
        1187          33  0.160000000000000       8.000000000000000E-002
  0.180000000000000     
        1188         124  0.180000000000000       2.000000000000000E-002
  0.120000000000000     
        1189          68  0.180000000000000       2.000000000000000E-002
  0.140000000000000     
        1190          39  0.180000000000000       2.000000000000000E-002
  0.160000000000000     
        1191          35  0.180000000000000       2.000000000000000E-002
  0.180000000000000     
        1192         117  0.180000000000000       4.000000000000000E-002
  0.120000000000000     
        1193          60  0.180000000000000       4.000000000000000E-002
  0.140000000000000     
        1194          27  0.180000000000000       4.000000000000000E-002
  0.160000000000000     
        1195          11  0.180000000000000       4.000000000000000E-002
  0.180000000000000     
        1196         115  0.180000000000000       6.000000000000001E-002
  0.120000000000000     
        1197          58  0.180000000000000       6.000000000000001E-002
  0.140000000000000     
        1198          25  0.180000000000000       6.000000000000001E-002
  0.160000000000000     
        1199           9  0.180000000000000       6.000000000000001E-002
  0.180000000000000     
        1200         119  0.180000000000000       8.000000000000000E-002
  0.120000000000000     
        1201          62  0.180000000000000       8.000000000000000E-002
  0.140000000000000     
        1202          29  0.180000000000000       8.000000000000000E-002
  0.160000000000000     
        1203          14  0.180000000000000       8.000000000000000E-002
  0.180000000000000     
        1204         424  0.120000000000000       0.120000000000000     
  0.120000000000000     
        1205         308  0.120000000000000       0.120000000000000     
  0.140000000000000     
        1206         217  0.120000000000000       0.120000000000000     
  0.160000000000000     
        1207         151  0.120000000000000       0.120000000000000     
  0.180000000000000     
        1208         430  0.120000000000000       0.140000000000000     
  0.120000000000000     
        1209         314  0.120000000000000       0.140000000000000     
  0.140000000000000     
        1210         223  0.120000000000000       0.140000000000000     
  0.160000000000000     
        1211         157  0.120000000000000       0.140000000000000     
  0.180000000000000     
        1212         443  0.120000000000000       0.160000000000000     
  0.120000000000000     
        1213         327  0.120000000000000       0.160000000000000     
  0.140000000000000     
        1214         239  0.120000000000000       0.160000000000000     
  0.160000000000000     
        1215         182  0.120000000000000       0.160000000000000     
  0.180000000000000     
        1216         458  0.120000000000000       0.180000000000000     
  0.120000000000000     
        1217         345  0.120000000000000       0.180000000000000     
  0.140000000000000     
        1218         272  0.120000000000000       0.180000000000000     
  0.160000000000000     
        1219         266  0.120000000000000       0.180000000000000     
  0.180000000000000     
        1220         301  0.140000000000000       0.120000000000000     
  0.120000000000000     
        1221         210  0.140000000000000       0.120000000000000     
  0.140000000000000     
        1222         141  0.140000000000000       0.120000000000000     
  0.160000000000000     
        1223          94  0.140000000000000       0.120000000000000     
  0.180000000000000     
        1224         313  0.140000000000000       0.140000000000000     
  0.120000000000000     
        1225         222  0.140000000000000       0.140000000000000     
  0.140000000000000     
        1226         156  0.140000000000000       0.140000000000000     
  0.160000000000000     
        1227         112  0.140000000000000       0.140000000000000     
  0.180000000000000     
        1228         326  0.140000000000000       0.160000000000000     
  0.120000000000000     
        1229         238  0.140000000000000       0.160000000000000     
  0.140000000000000     
        1230         181  0.140000000000000       0.160000000000000     
  0.160000000000000     
        1231         176  0.140000000000000       0.160000000000000     
  0.180000000000000     
        1232         344  0.140000000000000       0.180000000000000     
  0.120000000000000     
        1233         271  0.140000000000000       0.180000000000000     
  0.140000000000000     
        1234         265  0.140000000000000       0.180000000000000     
  0.160000000000000     
        1235         260  0.140000000000000       0.180000000000000     
  0.180000000000000     
        1236         209  0.160000000000000       0.120000000000000     
  0.120000000000000     
        1237         140  0.160000000000000       0.120000000000000     
  0.140000000000000     
        1238          93  0.160000000000000       0.120000000000000     
  0.160000000000000     
        1239          55  0.160000000000000       0.120000000000000     
  0.180000000000000     
        1240         221  0.160000000000000       0.140000000000000     
  0.120000000000000     
        1241         155  0.160000000000000       0.140000000000000     
  0.140000000000000     
        1242         111  0.160000000000000       0.140000000000000     
  0.160000000000000     
        1243         107  0.160000000000000       0.140000000000000     
  0.180000000000000     
        1244         237  0.160000000000000       0.160000000000000     
  0.120000000000000     
        1245         180  0.160000000000000       0.160000000000000     
  0.140000000000000     
        1246         175  0.160000000000000       0.160000000000000     
  0.160000000000000     
        1247         171  0.160000000000000       0.160000000000000     
  0.180000000000000     
        1248         270  0.160000000000000       0.180000000000000     
  0.120000000000000     
        1249         264  0.160000000000000       0.180000000000000     
  0.140000000000000     
        1250         259  0.160000000000000       0.180000000000000     
  0.160000000000000     
        1251         255  0.160000000000000       0.180000000000000     
  0.180000000000000     
        1252         139  0.180000000000000       0.120000000000000     
  0.120000000000000     
        1253          92  0.180000000000000       0.120000000000000     
  0.140000000000000     
        1254          54  0.180000000000000       0.120000000000000     
  0.160000000000000     
        1255          51  0.180000000000000       0.120000000000000     
  0.180000000000000     
        1256         154  0.180000000000000       0.140000000000000     
  0.120000000000000     
        1257         110  0.180000000000000       0.140000000000000     
  0.140000000000000     
        1258         106  0.180000000000000       0.140000000000000     
  0.160000000000000     
        1259         103  0.180000000000000       0.140000000000000     
  0.180000000000000     
        1260         179  0.180000000000000       0.160000000000000     
  0.120000000000000     
        1261         174  0.180000000000000       0.160000000000000     
  0.140000000000000     
        1262         170  0.180000000000000       0.160000000000000     
  0.160000000000000     
        1263         167  0.180000000000000       0.160000000000000     
  0.180000000000000     
        1264         263  0.180000000000000       0.180000000000000     
  0.120000000000000     
        1265         258  0.180000000000000       0.180000000000000     
  0.140000000000000     
        1266         254  0.180000000000000       0.180000000000000     
  0.160000000000000     
        1267         251  0.180000000000000       0.180000000000000     
  0.180000000000000     
        1268        1008  2.000000000000000E-002  0.120000000000000     
  0.120000000000000     
        1269         920  2.000000000000000E-002  0.120000000000000     
  0.140000000000000     
        1270         818  2.000000000000000E-002  0.120000000000000     
  0.160000000000000     
        1271         708  2.000000000000000E-002  0.120000000000000     
  0.180000000000000     
        1272        1009  2.000000000000000E-002  0.140000000000000     
  0.120000000000000     
        1273         921  2.000000000000000E-002  0.140000000000000     
  0.140000000000000     
        1274         819  2.000000000000000E-002  0.140000000000000     
  0.160000000000000     
        1275         709  2.000000000000000E-002  0.140000000000000     
  0.180000000000000     
        1276        1010  2.000000000000000E-002  0.160000000000000     
  0.120000000000000     
        1277         922  2.000000000000000E-002  0.160000000000000     
  0.140000000000000     
        1278         820  2.000000000000000E-002  0.160000000000000     
  0.160000000000000     
        1279         710  2.000000000000000E-002  0.160000000000000     
  0.180000000000000     
        1280        1011  2.000000000000000E-002  0.180000000000000     
  0.120000000000000     
        1281         923  2.000000000000000E-002  0.180000000000000     
  0.140000000000000     
        1282         821  2.000000000000000E-002  0.180000000000000     
  0.160000000000000     
        1283         711  2.000000000000000E-002  0.180000000000000     
  0.180000000000000     
        1284         909  4.000000000000000E-002  0.120000000000000     
  0.120000000000000     
        1285         807  4.000000000000000E-002  0.120000000000000     
  0.140000000000000     
        1286         694  4.000000000000000E-002  0.120000000000000     
  0.160000000000000     
        1287         587  4.000000000000000E-002  0.120000000000000     
  0.180000000000000     
        1288         910  4.000000000000000E-002  0.140000000000000     
  0.120000000000000     
        1289         808  4.000000000000000E-002  0.140000000000000     
  0.140000000000000     
        1290         695  4.000000000000000E-002  0.140000000000000     
  0.160000000000000     
        1291         588  4.000000000000000E-002  0.140000000000000     
  0.180000000000000     
        1292         911  4.000000000000000E-002  0.160000000000000     
  0.120000000000000     
        1293         809  4.000000000000000E-002  0.160000000000000     
  0.140000000000000     
        1294         696  4.000000000000000E-002  0.160000000000000     
  0.160000000000000     
        1295         589  4.000000000000000E-002  0.160000000000000     
  0.180000000000000     
        1296         912  4.000000000000000E-002  0.180000000000000     
  0.120000000000000     
        1297         810  4.000000000000000E-002  0.180000000000000     
  0.140000000000000     
        1298         697  4.000000000000000E-002  0.180000000000000     
  0.160000000000000     
        1299         590  4.000000000000000E-002  0.180000000000000     
  0.180000000000000     
        1300         790  6.000000000000001E-002  0.120000000000000     
  0.120000000000000     
        1301         676  6.000000000000001E-002  0.120000000000000     
  0.140000000000000     
        1302         566  6.000000000000001E-002  0.120000000000000     
  0.160000000000000     
        1303         470  6.000000000000001E-002  0.120000000000000     
  0.180000000000000     
        1304         791  6.000000000000001E-002  0.140000000000000     
  0.120000000000000     
        1305         677  6.000000000000001E-002  0.140000000000000     
  0.140000000000000     
        1306         567  6.000000000000001E-002  0.140000000000000     
  0.160000000000000     
        1307         471  6.000000000000001E-002  0.140000000000000     
  0.180000000000000     
        1308         792  6.000000000000001E-002  0.160000000000000     
  0.120000000000000     
        1309         678  6.000000000000001E-002  0.160000000000000     
  0.140000000000000     
        1310         568  6.000000000000001E-002  0.160000000000000     
  0.160000000000000     
        1311         472  6.000000000000001E-002  0.160000000000000     
  0.180000000000000     
        1312         793  6.000000000000001E-002  0.180000000000000     
  0.120000000000000     
        1313         679  6.000000000000001E-002  0.180000000000000     
  0.140000000000000     
        1314         569  6.000000000000001E-002  0.180000000000000     
  0.160000000000000     
        1315         473  6.000000000000001E-002  0.180000000000000     
  0.180000000000000     
        1316         660  8.000000000000000E-002  0.120000000000000     
  0.120000000000000     
        1317         550  8.000000000000000E-002  0.120000000000000     
  0.140000000000000     
        1318         451  8.000000000000000E-002  0.120000000000000     
  0.160000000000000     
        1319         338  8.000000000000000E-002  0.120000000000000     
  0.180000000000000     
        1320         661  8.000000000000000E-002  0.140000000000000     
  0.120000000000000     
        1321         551  8.000000000000000E-002  0.140000000000000     
  0.140000000000000     
        1322         452  8.000000000000000E-002  0.140000000000000     
  0.160000000000000     
        1323         339  8.000000000000000E-002  0.140000000000000     
  0.180000000000000     
        1324         662  8.000000000000000E-002  0.160000000000000     
  0.120000000000000     
        1325         552  8.000000000000000E-002  0.160000000000000     
  0.140000000000000     
        1326         453  8.000000000000000E-002  0.160000000000000     
  0.160000000000000     
        1327         340  8.000000000000000E-002  0.160000000000000     
  0.180000000000000     
        1328         669  8.000000000000000E-002  0.180000000000000     
  0.120000000000000     
        1329         559  8.000000000000000E-002  0.180000000000000     
  0.140000000000000     
        1330         460  8.000000000000000E-002  0.180000000000000     
  0.160000000000000     
        1331         347  8.000000000000000E-002  0.180000000000000     
  0.180000000000000     
