        1476
           1           1  0.000000000000000E+000  0.000000000000000E+000
  0.000000000000000E+000
           2           2   2.00000000000000       0.000000000000000E+000
  0.000000000000000E+000
           3           3   2.00000000000000       0.000000000000000E+000
   1.00000000000000     
           4           4  0.000000000000000E+000  0.000000000000000E+000
   1.00000000000000     
           5           5  0.000000000000000E+000   1.00000000000000     
  0.000000000000000E+000
           6           6   2.00000000000000        1.00000000000000     
  0.000000000000000E+000
           7           7   2.00000000000000        1.00000000000000     
   1.00000000000000     
           8           8  0.000000000000000E+000   1.00000000000000     
   1.00000000000000     
           9           9   3.00000000000000       0.000000000000000E+000
  0.000000000000000E+000
          10          10   3.00000000000000       0.000000000000000E+000
   1.00000000000000     
          11          11   3.00000000000000        1.00000000000000     
  0.000000000000000E+000
          12          12   3.00000000000000        1.00000000000000     
   1.00000000000000     
          13          13   2.00000000000000        2.00000000000000     
  0.000000000000000E+000
          14          14   3.00000000000000        2.00000000000000     
  0.000000000000000E+000
          15          15   3.00000000000000        2.00000000000000     
   1.00000000000000     
          16          16   2.00000000000000        2.00000000000000     
   1.00000000000000     
          17          17   5.00000000000000        1.00000000000000     
  0.000000000000000E+000
          18          18   5.00000000000000        1.00000000000000     
   1.00000000000000     
          19          19   5.00000000000000        2.00000000000000     
  0.000000000000000E+000
          20          20   5.00000000000000        2.00000000000000     
   1.00000000000000     
          21          21  0.133333333333333       0.000000000000000E+000
  0.000000000000000E+000
          22          22  0.266666666666667       0.000000000000000E+000
  0.000000000000000E+000
          23          23  0.400000000000000       0.000000000000000E+000
  0.000000000000000E+000
          24          24  0.533333333333333       0.000000000000000E+000
  0.000000000000000E+000
          25          25  0.666666666666667       0.000000000000000E+000
  0.000000000000000E+000
          26          26  0.800000000000000       0.000000000000000E+000
  0.000000000000000E+000
          27          27  0.933333333333333       0.000000000000000E+000
  0.000000000000000E+000
          28          28   1.06666666666667       0.000000000000000E+000
  0.000000000000000E+000
          29          29   1.20000000000000       0.000000000000000E+000
  0.000000000000000E+000
          30          30   1.33333333333333       0.000000000000000E+000
  0.000000000000000E+000
          31          31   1.46666666666667       0.000000000000000E+000
  0.000000000000000E+000
          32          32   1.60000000000000       0.000000000000000E+000
  0.000000000000000E+000
          33          33   1.73333333333333       0.000000000000000E+000
  0.000000000000000E+000
          34          34   1.86666666666667       0.000000000000000E+000
  0.000000000000000E+000
          35          35   2.00000000000000       0.000000000000000E+000
  0.200000000000000     
          36          36   2.00000000000000       0.000000000000000E+000
  0.400000000000000     
          37          37   2.00000000000000       0.000000000000000E+000
  0.600000000000000     
          38          38   2.00000000000000       0.000000000000000E+000
  0.800000000000000     
          39          39  0.133333333333333       0.000000000000000E+000
   1.00000000000000     
          40          40  0.266666666666667       0.000000000000000E+000
   1.00000000000000     
          41          41  0.400000000000000       0.000000000000000E+000
   1.00000000000000     
          42          42  0.533333333333333       0.000000000000000E+000
   1.00000000000000     
          43          43  0.666666666666667       0.000000000000000E+000
   1.00000000000000     
          44          44  0.800000000000000       0.000000000000000E+000
   1.00000000000000     
          45          45  0.933333333333333       0.000000000000000E+000
   1.00000000000000     
          46          46   1.06666666666667       0.000000000000000E+000
   1.00000000000000     
          47          47   1.20000000000000       0.000000000000000E+000
   1.00000000000000     
          48          48   1.33333333333333       0.000000000000000E+000
   1.00000000000000     
          49          49   1.46666666666667       0.000000000000000E+000
   1.00000000000000     
          50          50   1.60000000000000       0.000000000000000E+000
   1.00000000000000     
          51          51   1.73333333333333       0.000000000000000E+000
   1.00000000000000     
          52          52   1.86666666666667       0.000000000000000E+000
   1.00000000000000     
          53          53  0.000000000000000E+000  0.000000000000000E+000
  0.200000000000000     
          54          54  0.000000000000000E+000  0.000000000000000E+000
  0.400000000000000     
          55          55  0.000000000000000E+000  0.000000000000000E+000
  0.600000000000000     
          56          56  0.000000000000000E+000  0.000000000000000E+000
  0.800000000000000     
          57          57   2.00000000000000       0.200000000000000     
  0.000000000000000E+000
          58          58   2.00000000000000       0.400000000000000     
  0.000000000000000E+000
          59          59   2.00000000000000       0.600000000000000     
  0.000000000000000E+000
          60          60   2.00000000000000       0.800000000000000     
  0.000000000000000E+000
          61          61   2.00000000000000       0.200000000000000     
   1.00000000000000     
          62          62   2.00000000000000       0.400000000000000     
   1.00000000000000     
          63          63   2.00000000000000       0.600000000000000     
   1.00000000000000     
          64          64   2.00000000000000       0.800000000000000     
   1.00000000000000     
          65          65  0.000000000000000E+000  0.200000000000000     
   1.00000000000000     
          66          66  0.000000000000000E+000  0.400000000000000     
   1.00000000000000     
          67          67  0.000000000000000E+000  0.600000000000000     
   1.00000000000000     
          68          68  0.000000000000000E+000  0.800000000000000     
   1.00000000000000     
          69          69  0.000000000000000E+000  0.200000000000000     
  0.000000000000000E+000
          70          70  0.000000000000000E+000  0.400000000000000     
  0.000000000000000E+000
          71          71  0.000000000000000E+000  0.600000000000000     
  0.000000000000000E+000
          72          72  0.000000000000000E+000  0.800000000000000     
  0.000000000000000E+000
          73          73  0.133333333333333        1.00000000000000     
  0.000000000000000E+000
          74          74  0.266666666666667        1.00000000000000     
  0.000000000000000E+000
          75          75  0.400000000000000        1.00000000000000     
  0.000000000000000E+000
          76          76  0.533333333333333        1.00000000000000     
  0.000000000000000E+000
          77          77  0.666666666666667        1.00000000000000     
  0.000000000000000E+000
          78          78  0.800000000000000        1.00000000000000     
  0.000000000000000E+000
          79          79  0.933333333333333        1.00000000000000     
  0.000000000000000E+000
          80          80   1.06666666666667        1.00000000000000     
  0.000000000000000E+000
          81          81   1.20000000000000        1.00000000000000     
  0.000000000000000E+000
          82          82   1.33333333333333        1.00000000000000     
  0.000000000000000E+000
          83          83   1.46666666666667        1.00000000000000     
  0.000000000000000E+000
          84          84   1.60000000000000        1.00000000000000     
  0.000000000000000E+000
          85          85   1.73333333333333        1.00000000000000     
  0.000000000000000E+000
          86          86   1.86666666666667        1.00000000000000     
  0.000000000000000E+000
          87          87   2.00000000000000        1.00000000000000     
  0.200000000000000     
          88          88   2.00000000000000        1.00000000000000     
  0.400000000000000     
          89          89   2.00000000000000        1.00000000000000     
  0.600000000000000     
          90          90   2.00000000000000        1.00000000000000     
  0.800000000000000     
          91          91  0.133333333333333        1.00000000000000     
   1.00000000000000     
          92          92  0.266666666666667        1.00000000000000     
   1.00000000000000     
          93          93  0.400000000000000        1.00000000000000     
   1.00000000000000     
          94          94  0.533333333333333        1.00000000000000     
   1.00000000000000     
          95          95  0.666666666666667        1.00000000000000     
   1.00000000000000     
          96          96  0.800000000000000        1.00000000000000     
   1.00000000000000     
          97          97  0.933333333333333        1.00000000000000     
   1.00000000000000     
          98          98   1.06666666666667        1.00000000000000     
   1.00000000000000     
          99          99   1.20000000000000        1.00000000000000     
   1.00000000000000     
         100         100   1.33333333333333        1.00000000000000     
   1.00000000000000     
         101         101   1.46666666666667        1.00000000000000     
   1.00000000000000     
         102         102   1.60000000000000        1.00000000000000     
   1.00000000000000     
         103         103   1.73333333333333        1.00000000000000     
   1.00000000000000     
         104         104   1.86666666666667        1.00000000000000     
   1.00000000000000     
         105         105  0.000000000000000E+000   1.00000000000000     
  0.200000000000000     
         106         106  0.000000000000000E+000   1.00000000000000     
  0.400000000000000     
         107         107  0.000000000000000E+000   1.00000000000000     
  0.600000000000000     
         108         108  0.000000000000000E+000   1.00000000000000     
  0.800000000000000     
         109         109   2.20000000000000       0.000000000000000E+000
  0.000000000000000E+000
         110         110   2.40000000000000       0.000000000000000E+000
  0.000000000000000E+000
         111         111   2.60000000000000       0.000000000000000E+000
  0.000000000000000E+000
         112         112   2.80000000000000       0.000000000000000E+000
  0.000000000000000E+000
         113         113   3.00000000000000       0.000000000000000E+000
  0.200000000000000     
         114         114   3.00000000000000       0.000000000000000E+000
  0.400000000000000     
         115         115   3.00000000000000       0.000000000000000E+000
  0.600000000000000     
         116         116   3.00000000000000       0.000000000000000E+000
  0.800000000000000     
         117         117   2.20000000000000       0.000000000000000E+000
   1.00000000000000     
         118         118   2.40000000000000       0.000000000000000E+000
   1.00000000000000     
         119         119   2.60000000000000       0.000000000000000E+000
   1.00000000000000     
         120         120   2.80000000000000       0.000000000000000E+000
   1.00000000000000     
         121         121   3.00000000000000       0.200000000000000     
  0.000000000000000E+000
         122         122   3.00000000000000       0.400000000000000     
  0.000000000000000E+000
         123         123   3.00000000000000       0.600000000000000     
  0.000000000000000E+000
         124         124   3.00000000000000       0.800000000000000     
  0.000000000000000E+000
         125         125   3.00000000000000       0.200000000000000     
   1.00000000000000     
         126         126   3.00000000000000       0.400000000000000     
   1.00000000000000     
         127         127   3.00000000000000       0.600000000000000     
   1.00000000000000     
         128         128   3.00000000000000       0.800000000000000     
   1.00000000000000     
         129         129   2.20000000000000        1.00000000000000     
  0.000000000000000E+000
         130         130   2.40000000000000        1.00000000000000     
  0.000000000000000E+000
         131         131   2.60000000000000        1.00000000000000     
  0.000000000000000E+000
         132         132   2.80000000000000        1.00000000000000     
  0.000000000000000E+000
         133         133   3.00000000000000        1.00000000000000     
  0.200000000000000     
         134         134   3.00000000000000        1.00000000000000     
  0.400000000000000     
         135         135   3.00000000000000        1.00000000000000     
  0.600000000000000     
         136         136   3.00000000000000        1.00000000000000     
  0.800000000000000     
         137         137   2.20000000000000        1.00000000000000     
   1.00000000000000     
         138         138   2.40000000000000        1.00000000000000     
   1.00000000000000     
         139         139   2.60000000000000        1.00000000000000     
   1.00000000000000     
         140         140   2.80000000000000        1.00000000000000     
   1.00000000000000     
         141         141   3.00000000000000        1.20000000000000     
  0.000000000000000E+000
         142         142   3.00000000000000        1.40000000000000     
  0.000000000000000E+000
         143         143   3.00000000000000        1.60000000000000     
  0.000000000000000E+000
         144         144   3.00000000000000        1.80000000000000     
  0.000000000000000E+000
         145         145   3.00000000000000        1.20000000000000     
   1.00000000000000     
         146         146   3.00000000000000        1.40000000000000     
   1.00000000000000     
         147         147   3.00000000000000        1.60000000000000     
   1.00000000000000     
         148         148   3.00000000000000        1.80000000000000     
   1.00000000000000     
         149         149   2.00000000000000        1.20000000000000     
   1.00000000000000     
         150         150   2.00000000000000        1.40000000000000     
   1.00000000000000     
         151         151   2.00000000000000        1.60000000000000     
   1.00000000000000     
         152         152   2.00000000000000        1.80000000000000     
   1.00000000000000     
         153         153   2.00000000000000        1.20000000000000     
  0.000000000000000E+000
         154         154   2.00000000000000        1.40000000000000     
  0.000000000000000E+000
         155         155   2.00000000000000        1.60000000000000     
  0.000000000000000E+000
         156         156   2.00000000000000        1.80000000000000     
  0.000000000000000E+000
         157         157   2.20000000000000        2.00000000000000     
  0.000000000000000E+000
         158         158   2.40000000000000        2.00000000000000     
  0.000000000000000E+000
         159         159   2.60000000000000        2.00000000000000     
  0.000000000000000E+000
         160         160   2.80000000000000        2.00000000000000     
  0.000000000000000E+000
         161         161   3.00000000000000        2.00000000000000     
  0.200000000000000     
         162         162   3.00000000000000        2.00000000000000     
  0.400000000000000     
         163         163   3.00000000000000        2.00000000000000     
  0.600000000000000     
         164         164   3.00000000000000        2.00000000000000     
  0.800000000000000     
         165         165   2.20000000000000        2.00000000000000     
   1.00000000000000     
         166         166   2.40000000000000        2.00000000000000     
   1.00000000000000     
         167         167   2.60000000000000        2.00000000000000     
   1.00000000000000     
         168         168   2.80000000000000        2.00000000000000     
   1.00000000000000     
         169         169   2.00000000000000        2.00000000000000     
  0.200000000000000     
         170         170   2.00000000000000        2.00000000000000     
  0.400000000000000     
         171         171   2.00000000000000        2.00000000000000     
  0.600000000000000     
         172         172   2.00000000000000        2.00000000000000     
  0.800000000000000     
         173         173   3.13333333333333        1.00000000000000     
  0.000000000000000E+000
         174         174   3.26666666666667        1.00000000000000     
  0.000000000000000E+000
         175         175   3.40000000000000        1.00000000000000     
  0.000000000000000E+000
         176         176   3.53333333333333        1.00000000000000     
  0.000000000000000E+000
         177         177   3.66666666666667        1.00000000000000     
  0.000000000000000E+000
         178         178   3.80000000000000        1.00000000000000     
  0.000000000000000E+000
         179         179   3.93333333333333        1.00000000000000     
  0.000000000000000E+000
         180         180   4.06666666666667        1.00000000000000     
  0.000000000000000E+000
         181         181   4.20000000000000        1.00000000000000     
  0.000000000000000E+000
         182         182   4.33333333333333        1.00000000000000     
  0.000000000000000E+000
         183         183   4.46666666666667        1.00000000000000     
  0.000000000000000E+000
         184         184   4.60000000000000        1.00000000000000     
  0.000000000000000E+000
         185         185   4.73333333333333        1.00000000000000     
  0.000000000000000E+000
         186         186   4.86666666666667        1.00000000000000     
  0.000000000000000E+000
         187         187   5.00000000000000        1.00000000000000     
  0.200000000000000     
         188         188   5.00000000000000        1.00000000000000     
  0.400000000000000     
         189         189   5.00000000000000        1.00000000000000     
  0.600000000000000     
         190         190   5.00000000000000        1.00000000000000     
  0.800000000000000     
         191         191   3.13333333333333        1.00000000000000     
   1.00000000000000     
         192         192   3.26666666666667        1.00000000000000     
   1.00000000000000     
         193         193   3.40000000000000        1.00000000000000     
   1.00000000000000     
         194         194   3.53333333333333        1.00000000000000     
   1.00000000000000     
         195         195   3.66666666666667        1.00000000000000     
   1.00000000000000     
         196         196   3.80000000000000        1.00000000000000     
   1.00000000000000     
         197         197   3.93333333333333        1.00000000000000     
   1.00000000000000     
         198         198   4.06666666666667        1.00000000000000     
   1.00000000000000     
         199         199   4.20000000000000        1.00000000000000     
   1.00000000000000     
         200         200   4.33333333333333        1.00000000000000     
   1.00000000000000     
         201         201   4.46666666666667        1.00000000000000     
   1.00000000000000     
         202         202   4.60000000000000        1.00000000000000     
   1.00000000000000     
         203         203   4.73333333333333        1.00000000000000     
   1.00000000000000     
         204         204   4.86666666666667        1.00000000000000     
   1.00000000000000     
         205         205   5.00000000000000        1.20000000000000     
  0.000000000000000E+000
         206         206   5.00000000000000        1.40000000000000     
  0.000000000000000E+000
         207         207   5.00000000000000        1.60000000000000     
  0.000000000000000E+000
         208         208   5.00000000000000        1.80000000000000     
  0.000000000000000E+000
         209         209   5.00000000000000        1.20000000000000     
   1.00000000000000     
         210         210   5.00000000000000        1.40000000000000     
   1.00000000000000     
         211         211   5.00000000000000        1.60000000000000     
   1.00000000000000     
         212         212   5.00000000000000        1.80000000000000     
   1.00000000000000     
         213         213   3.13333333333333        2.00000000000000     
  0.000000000000000E+000
         214         214   3.26666666666667        2.00000000000000     
  0.000000000000000E+000
         215         215   3.40000000000000        2.00000000000000     
  0.000000000000000E+000
         216         216   3.53333333333333        2.00000000000000     
  0.000000000000000E+000
         217         217   3.66666666666667        2.00000000000000     
  0.000000000000000E+000
         218         218   3.80000000000000        2.00000000000000     
  0.000000000000000E+000
         219         219   3.93333333333333        2.00000000000000     
  0.000000000000000E+000
         220         220   4.06666666666667        2.00000000000000     
  0.000000000000000E+000
         221         221   4.20000000000000        2.00000000000000     
  0.000000000000000E+000
         222         222   4.33333333333333        2.00000000000000     
  0.000000000000000E+000
         223         223   4.46666666666667        2.00000000000000     
  0.000000000000000E+000
         224         224   4.60000000000000        2.00000000000000     
  0.000000000000000E+000
         225         225   4.73333333333333        2.00000000000000     
  0.000000000000000E+000
         226         226   4.86666666666667        2.00000000000000     
  0.000000000000000E+000
         227         227   5.00000000000000        2.00000000000000     
  0.200000000000000     
         228         228   5.00000000000000        2.00000000000000     
  0.400000000000000     
         229         229   5.00000000000000        2.00000000000000     
  0.600000000000000     
         230         230   5.00000000000000        2.00000000000000     
  0.800000000000000     
         231         231   3.13333333333333        2.00000000000000     
   1.00000000000000     
         232         232   3.26666666666667        2.00000000000000     
   1.00000000000000     
         233         233   3.40000000000000        2.00000000000000     
   1.00000000000000     
         234         234   3.53333333333333        2.00000000000000     
   1.00000000000000     
         235         235   3.66666666666667        2.00000000000000     
   1.00000000000000     
         236         236   3.80000000000000        2.00000000000000     
   1.00000000000000     
         237         237   3.93333333333333        2.00000000000000     
   1.00000000000000     
         238         238   4.06666666666667        2.00000000000000     
   1.00000000000000     
         239         239   4.20000000000000        2.00000000000000     
   1.00000000000000     
         240         240   4.33333333333333        2.00000000000000     
   1.00000000000000     
         241         241   4.46666666666667        2.00000000000000     
   1.00000000000000     
         242         242   4.60000000000000        2.00000000000000     
   1.00000000000000     
         243         243   4.73333333333333        2.00000000000000     
   1.00000000000000     
         244         244   4.86666666666667        2.00000000000000     
   1.00000000000000     
         245         245  0.133333333333333       0.000000000000000E+000
  0.200000000000000     
         246         246  0.266666666666667       0.000000000000000E+000
  0.200000000000000     
         247         247  0.400000000000000       0.000000000000000E+000
  0.200000000000000     
         248         248  0.533333333333333       0.000000000000000E+000
  0.200000000000000     
         249         249  0.666666666666667       0.000000000000000E+000
  0.200000000000000     
         250         250  0.800000000000000       0.000000000000000E+000
  0.200000000000000     
         251         251  0.933333333333333       0.000000000000000E+000
  0.200000000000000     
         252         252   1.06666666666667       0.000000000000000E+000
  0.200000000000000     
         253         253   1.20000000000000       0.000000000000000E+000
  0.200000000000000     
         254         254   1.33333333333333       0.000000000000000E+000
  0.200000000000000     
         255         255   1.46666666666667       0.000000000000000E+000
  0.200000000000000     
         256         256   1.60000000000000       0.000000000000000E+000
  0.200000000000000     
         257         257   1.73333333333333       0.000000000000000E+000
  0.200000000000000     
         258         258   1.86666666666667       0.000000000000000E+000
  0.200000000000000     
         259         259  0.133333333333333       0.000000000000000E+000
  0.400000000000000     
         260         260  0.266666666666667       0.000000000000000E+000
  0.400000000000000     
         261         261  0.400000000000000       0.000000000000000E+000
  0.400000000000000     
         262         262  0.533333333333333       0.000000000000000E+000
  0.400000000000000     
         263         263  0.666666666666667       0.000000000000000E+000
  0.400000000000000     
         264         264  0.800000000000000       0.000000000000000E+000
  0.400000000000000     
         265         265  0.933333333333333       0.000000000000000E+000
  0.400000000000000     
         266         266   1.06666666666667       0.000000000000000E+000
  0.400000000000000     
         267         267   1.20000000000000       0.000000000000000E+000
  0.400000000000000     
         268         268   1.33333333333333       0.000000000000000E+000
  0.400000000000000     
         269         269   1.46666666666667       0.000000000000000E+000
  0.400000000000000     
         270         270   1.60000000000000       0.000000000000000E+000
  0.400000000000000     
         271         271   1.73333333333333       0.000000000000000E+000
  0.400000000000000     
         272         272   1.86666666666667       0.000000000000000E+000
  0.400000000000000     
         273         273  0.133333333333333       0.000000000000000E+000
  0.600000000000000     
         274         274  0.266666666666667       0.000000000000000E+000
  0.600000000000000     
         275         275  0.400000000000000       0.000000000000000E+000
  0.600000000000000     
         276         276  0.533333333333333       0.000000000000000E+000
  0.600000000000000     
         277         277  0.666666666666667       0.000000000000000E+000
  0.600000000000000     
         278         278  0.800000000000000       0.000000000000000E+000
  0.600000000000000     
         279         279  0.933333333333333       0.000000000000000E+000
  0.600000000000000     
         280         280   1.06666666666667       0.000000000000000E+000
  0.600000000000000     
         281         281   1.20000000000000       0.000000000000000E+000
  0.600000000000000     
         282         282   1.33333333333333       0.000000000000000E+000
  0.600000000000000     
         283         283   1.46666666666667       0.000000000000000E+000
  0.600000000000000     
         284         284   1.60000000000000       0.000000000000000E+000
  0.600000000000000     
         285         285   1.73333333333333       0.000000000000000E+000
  0.600000000000000     
         286         286   1.86666666666667       0.000000000000000E+000
  0.600000000000000     
         287         287  0.133333333333333       0.000000000000000E+000
  0.800000000000000     
         288         288  0.266666666666667       0.000000000000000E+000
  0.800000000000000     
         289         289  0.400000000000000       0.000000000000000E+000
  0.800000000000000     
         290         290  0.533333333333333       0.000000000000000E+000
  0.800000000000000     
         291         291  0.666666666666667       0.000000000000000E+000
  0.800000000000000     
         292         292  0.800000000000000       0.000000000000000E+000
  0.800000000000000     
         293         293  0.933333333333333       0.000000000000000E+000
  0.800000000000000     
         294         294   1.06666666666667       0.000000000000000E+000
  0.800000000000000     
         295         295   1.20000000000000       0.000000000000000E+000
  0.800000000000000     
         296         296   1.33333333333333       0.000000000000000E+000
  0.800000000000000     
         297         297   1.46666666666667       0.000000000000000E+000
  0.800000000000000     
         298         298   1.60000000000000       0.000000000000000E+000
  0.800000000000000     
         299         299   1.73333333333333       0.000000000000000E+000
  0.800000000000000     
         300         300   1.86666666666667       0.000000000000000E+000
  0.800000000000000     
         301         301   2.00000000000000       0.200000000000000     
  0.200000000000000     
         302         302   2.00000000000000       0.200000000000000     
  0.400000000000000     
         303         303   2.00000000000000       0.200000000000000     
  0.600000000000000     
         304         304   2.00000000000000       0.200000000000000     
  0.800000000000000     
         305         305   2.00000000000000       0.400000000000000     
  0.200000000000000     
         306         306   2.00000000000000       0.400000000000000     
  0.400000000000000     
         307         307   2.00000000000000       0.400000000000000     
  0.600000000000000     
         308         308   2.00000000000000       0.400000000000000     
  0.800000000000000     
         309         309   2.00000000000000       0.600000000000000     
  0.200000000000000     
         310         310   2.00000000000000       0.600000000000000     
  0.400000000000000     
         311         311   2.00000000000000       0.600000000000000     
  0.600000000000000     
         312         312   2.00000000000000       0.600000000000000     
  0.800000000000000     
         313         313   2.00000000000000       0.800000000000000     
  0.200000000000000     
         314         314   2.00000000000000       0.800000000000000     
  0.400000000000000     
         315         315   2.00000000000000       0.800000000000000     
  0.600000000000000     
         316         316   2.00000000000000       0.800000000000000     
  0.800000000000000     
         317         317  0.133333333333333       0.200000000000000     
   1.00000000000000     
         318         318  0.133333333333333       0.400000000000000     
   1.00000000000000     
         319         319  0.133333333333333       0.600000000000000     
   1.00000000000000     
         320         320  0.133333333333333       0.800000000000000     
   1.00000000000000     
         321         321  0.266666666666667       0.200000000000000     
   1.00000000000000     
         322         322  0.266666666666667       0.400000000000000     
   1.00000000000000     
         323         323  0.266666666666667       0.600000000000000     
   1.00000000000000     
         324         324  0.266666666666667       0.800000000000000     
   1.00000000000000     
         325         325  0.400000000000000       0.200000000000000     
   1.00000000000000     
         326         326  0.400000000000000       0.400000000000000     
   1.00000000000000     
         327         327  0.400000000000000       0.600000000000000     
   1.00000000000000     
         328         328  0.400000000000000       0.800000000000000     
   1.00000000000000     
         329         329  0.533333333333333       0.200000000000000     
   1.00000000000000     
         330         330  0.533333333333333       0.400000000000000     
   1.00000000000000     
         331         331  0.533333333333333       0.600000000000000     
   1.00000000000000     
         332         332  0.533333333333333       0.800000000000000     
   1.00000000000000     
         333         333  0.666666666666667       0.200000000000000     
   1.00000000000000     
         334         334  0.666666666666667       0.400000000000000     
   1.00000000000000     
         335         335  0.666666666666667       0.600000000000000     
   1.00000000000000     
         336         336  0.666666666666667       0.800000000000000     
   1.00000000000000     
         337         337  0.800000000000000       0.200000000000000     
   1.00000000000000     
         338         338  0.800000000000000       0.400000000000000     
   1.00000000000000     
         339         339  0.800000000000000       0.600000000000000     
   1.00000000000000     
         340         340  0.800000000000000       0.800000000000000     
   1.00000000000000     
         341         341  0.933333333333333       0.200000000000000     
   1.00000000000000     
         342         342  0.933333333333333       0.400000000000000     
   1.00000000000000     
         343         343  0.933333333333333       0.600000000000000     
   1.00000000000000     
         344         344  0.933333333333333       0.800000000000000     
   1.00000000000000     
         345         345   1.06666666666667       0.200000000000000     
   1.00000000000000     
         346         346   1.06666666666667       0.400000000000000     
   1.00000000000000     
         347         347   1.06666666666667       0.600000000000000     
   1.00000000000000     
         348         348   1.06666666666667       0.800000000000000     
   1.00000000000000     
         349         349   1.20000000000000       0.200000000000000     
   1.00000000000000     
         350         350   1.20000000000000       0.400000000000000     
   1.00000000000000     
         351         351   1.20000000000000       0.600000000000000     
   1.00000000000000     
         352         352   1.20000000000000       0.800000000000000     
   1.00000000000000     
         353         353   1.33333333333333       0.200000000000000     
   1.00000000000000     
         354         354   1.33333333333333       0.400000000000000     
   1.00000000000000     
         355         355   1.33333333333333       0.600000000000000     
   1.00000000000000     
         356         356   1.33333333333333       0.800000000000000     
   1.00000000000000     
         357         357   1.46666666666667       0.200000000000000     
   1.00000000000000     
         358         358   1.46666666666667       0.400000000000000     
   1.00000000000000     
         359         359   1.46666666666667       0.600000000000000     
   1.00000000000000     
         360         360   1.46666666666667       0.800000000000000     
   1.00000000000000     
         361         361   1.60000000000000       0.200000000000000     
   1.00000000000000     
         362         362   1.60000000000000       0.400000000000000     
   1.00000000000000     
         363         363   1.60000000000000       0.600000000000000     
   1.00000000000000     
         364         364   1.60000000000000       0.800000000000000     
   1.00000000000000     
         365         365   1.73333333333333       0.200000000000000     
   1.00000000000000     
         366         366   1.73333333333333       0.400000000000000     
   1.00000000000000     
         367         367   1.73333333333333       0.600000000000000     
   1.00000000000000     
         368         368   1.73333333333333       0.800000000000000     
   1.00000000000000     
         369         369   1.86666666666667       0.200000000000000     
   1.00000000000000     
         370         370   1.86666666666667       0.400000000000000     
   1.00000000000000     
         371         371   1.86666666666667       0.600000000000000     
   1.00000000000000     
         372         372   1.86666666666667       0.800000000000000     
   1.00000000000000     
         373         373  0.000000000000000E+000  0.200000000000000     
  0.200000000000000     
         374         374  0.000000000000000E+000  0.200000000000000     
  0.400000000000000     
         375         375  0.000000000000000E+000  0.200000000000000     
  0.600000000000000     
         376         376  0.000000000000000E+000  0.200000000000000     
  0.800000000000000     
         377         377  0.000000000000000E+000  0.400000000000000     
  0.200000000000000     
         378         378  0.000000000000000E+000  0.400000000000000     
  0.400000000000000     
         379         379  0.000000000000000E+000  0.400000000000000     
  0.600000000000000     
         380         380  0.000000000000000E+000  0.400000000000000     
  0.800000000000000     
         381         381  0.000000000000000E+000  0.600000000000000     
  0.200000000000000     
         382         382  0.000000000000000E+000  0.600000000000000     
  0.400000000000000     
         383         383  0.000000000000000E+000  0.600000000000000     
  0.600000000000000     
         384         384  0.000000000000000E+000  0.600000000000000     
  0.800000000000000     
         385         385  0.000000000000000E+000  0.800000000000000     
  0.200000000000000     
         386         386  0.000000000000000E+000  0.800000000000000     
  0.400000000000000     
         387         387  0.000000000000000E+000  0.800000000000000     
  0.600000000000000     
         388         388  0.000000000000000E+000  0.800000000000000     
  0.800000000000000     
         389         389  0.133333333333333       0.200000000000000     
  0.000000000000000E+000
         390         390  0.133333333333333       0.400000000000000     
  0.000000000000000E+000
         391         391  0.133333333333333       0.600000000000000     
  0.000000000000000E+000
         392         392  0.133333333333333       0.800000000000000     
  0.000000000000000E+000
         393         393  0.266666666666667       0.200000000000000     
  0.000000000000000E+000
         394         394  0.266666666666667       0.400000000000000     
  0.000000000000000E+000
         395         395  0.266666666666667       0.600000000000000     
  0.000000000000000E+000
         396         396  0.266666666666667       0.800000000000000     
  0.000000000000000E+000
         397         397  0.400000000000000       0.200000000000000     
  0.000000000000000E+000
         398         398  0.400000000000000       0.400000000000000     
  0.000000000000000E+000
         399         399  0.400000000000000       0.600000000000000     
  0.000000000000000E+000
         400         400  0.400000000000000       0.800000000000000     
  0.000000000000000E+000
         401         401  0.533333333333333       0.200000000000000     
  0.000000000000000E+000
         402         402  0.533333333333333       0.400000000000000     
  0.000000000000000E+000
         403         403  0.533333333333333       0.600000000000000     
  0.000000000000000E+000
         404         404  0.533333333333333       0.800000000000000     
  0.000000000000000E+000
         405         405  0.666666666666667       0.200000000000000     
  0.000000000000000E+000
         406         406  0.666666666666667       0.400000000000000     
  0.000000000000000E+000
         407         407  0.666666666666667       0.600000000000000     
  0.000000000000000E+000
         408         408  0.666666666666667       0.800000000000000     
  0.000000000000000E+000
         409         409  0.800000000000000       0.200000000000000     
  0.000000000000000E+000
         410         410  0.800000000000000       0.400000000000000     
  0.000000000000000E+000
         411         411  0.800000000000000       0.600000000000000     
  0.000000000000000E+000
         412         412  0.800000000000000       0.800000000000000     
  0.000000000000000E+000
         413         413  0.933333333333333       0.200000000000000     
  0.000000000000000E+000
         414         414  0.933333333333333       0.400000000000000     
  0.000000000000000E+000
         415         415  0.933333333333333       0.600000000000000     
  0.000000000000000E+000
         416         416  0.933333333333333       0.800000000000000     
  0.000000000000000E+000
         417         417   1.06666666666667       0.200000000000000     
  0.000000000000000E+000
         418         418   1.06666666666667       0.400000000000000     
  0.000000000000000E+000
         419         419   1.06666666666667       0.600000000000000     
  0.000000000000000E+000
         420         420   1.06666666666667       0.800000000000000     
  0.000000000000000E+000
         421         421   1.20000000000000       0.200000000000000     
  0.000000000000000E+000
         422         422   1.20000000000000       0.400000000000000     
  0.000000000000000E+000
         423         423   1.20000000000000       0.600000000000000     
  0.000000000000000E+000
         424         424   1.20000000000000       0.800000000000000     
  0.000000000000000E+000
         425         425   1.33333333333333       0.200000000000000     
  0.000000000000000E+000
         426         426   1.33333333333333       0.400000000000000     
  0.000000000000000E+000
         427         427   1.33333333333333       0.600000000000000     
  0.000000000000000E+000
         428         428   1.33333333333333       0.800000000000000     
  0.000000000000000E+000
         429         429   1.46666666666667       0.200000000000000     
  0.000000000000000E+000
         430         430   1.46666666666667       0.400000000000000     
  0.000000000000000E+000
         431         431   1.46666666666667       0.600000000000000     
  0.000000000000000E+000
         432         432   1.46666666666667       0.800000000000000     
  0.000000000000000E+000
         433         433   1.60000000000000       0.200000000000000     
  0.000000000000000E+000
         434         434   1.60000000000000       0.400000000000000     
  0.000000000000000E+000
         435         435   1.60000000000000       0.600000000000000     
  0.000000000000000E+000
         436         436   1.60000000000000       0.800000000000000     
  0.000000000000000E+000
         437         437   1.73333333333333       0.200000000000000     
  0.000000000000000E+000
         438         438   1.73333333333333       0.400000000000000     
  0.000000000000000E+000
         439         439   1.73333333333333       0.600000000000000     
  0.000000000000000E+000
         440         440   1.73333333333333       0.800000000000000     
  0.000000000000000E+000
         441         441   1.86666666666667       0.200000000000000     
  0.000000000000000E+000
         442         442   1.86666666666667       0.400000000000000     
  0.000000000000000E+000
         443         443   1.86666666666667       0.600000000000000     
  0.000000000000000E+000
         444         444   1.86666666666667       0.800000000000000     
  0.000000000000000E+000
         445         445  0.133333333333333        1.00000000000000     
  0.200000000000000     
         446         446  0.266666666666667        1.00000000000000     
  0.200000000000000     
         447         447  0.400000000000000        1.00000000000000     
  0.200000000000000     
         448         448  0.533333333333333        1.00000000000000     
  0.200000000000000     
         449         449  0.666666666666667        1.00000000000000     
  0.200000000000000     
         450         450  0.800000000000000        1.00000000000000     
  0.200000000000000     
         451         451  0.933333333333333        1.00000000000000     
  0.200000000000000     
         452         452   1.06666666666667        1.00000000000000     
  0.200000000000000     
         453         453   1.20000000000000        1.00000000000000     
  0.200000000000000     
         454         454   1.33333333333333        1.00000000000000     
  0.200000000000000     
         455         455   1.46666666666667        1.00000000000000     
  0.200000000000000     
         456         456   1.60000000000000        1.00000000000000     
  0.200000000000000     
         457         457   1.73333333333333        1.00000000000000     
  0.200000000000000     
         458         458   1.86666666666667        1.00000000000000     
  0.200000000000000     
         459         459  0.133333333333333        1.00000000000000     
  0.400000000000000     
         460         460  0.266666666666667        1.00000000000000     
  0.400000000000000     
         461         461  0.400000000000000        1.00000000000000     
  0.400000000000000     
         462         462  0.533333333333333        1.00000000000000     
  0.400000000000000     
         463         463  0.666666666666667        1.00000000000000     
  0.400000000000000     
         464         464  0.800000000000000        1.00000000000000     
  0.400000000000000     
         465         465  0.933333333333333        1.00000000000000     
  0.400000000000000     
         466         466   1.06666666666667        1.00000000000000     
  0.400000000000000     
         467         467   1.20000000000000        1.00000000000000     
  0.400000000000000     
         468         468   1.33333333333333        1.00000000000000     
  0.400000000000000     
         469         469   1.46666666666667        1.00000000000000     
  0.400000000000000     
         470         470   1.60000000000000        1.00000000000000     
  0.400000000000000     
         471         471   1.73333333333333        1.00000000000000     
  0.400000000000000     
         472         472   1.86666666666667        1.00000000000000     
  0.400000000000000     
         473         473  0.133333333333333        1.00000000000000     
  0.600000000000000     
         474         474  0.266666666666667        1.00000000000000     
  0.600000000000000     
         475         475  0.400000000000000        1.00000000000000     
  0.600000000000000     
         476         476  0.533333333333333        1.00000000000000     
  0.600000000000000     
         477         477  0.666666666666667        1.00000000000000     
  0.600000000000000     
         478         478  0.800000000000000        1.00000000000000     
  0.600000000000000     
         479         479  0.933333333333333        1.00000000000000     
  0.600000000000000     
         480         480   1.06666666666667        1.00000000000000     
  0.600000000000000     
         481         481   1.20000000000000        1.00000000000000     
  0.600000000000000     
         482         482   1.33333333333333        1.00000000000000     
  0.600000000000000     
         483         483   1.46666666666667        1.00000000000000     
  0.600000000000000     
         484         484   1.60000000000000        1.00000000000000     
  0.600000000000000     
         485         485   1.73333333333333        1.00000000000000     
  0.600000000000000     
         486         486   1.86666666666667        1.00000000000000     
  0.600000000000000     
         487         487  0.133333333333333        1.00000000000000     
  0.800000000000000     
         488         488  0.266666666666667        1.00000000000000     
  0.800000000000000     
         489         489  0.400000000000000        1.00000000000000     
  0.800000000000000     
         490         490  0.533333333333333        1.00000000000000     
  0.800000000000000     
         491         491  0.666666666666667        1.00000000000000     
  0.800000000000000     
         492         492  0.800000000000000        1.00000000000000     
  0.800000000000000     
         493         493  0.933333333333333        1.00000000000000     
  0.800000000000000     
         494         494   1.06666666666667        1.00000000000000     
  0.800000000000000     
         495         495   1.20000000000000        1.00000000000000     
  0.800000000000000     
         496         496   1.33333333333333        1.00000000000000     
  0.800000000000000     
         497         497   1.46666666666667        1.00000000000000     
  0.800000000000000     
         498         498   1.60000000000000        1.00000000000000     
  0.800000000000000     
         499         499   1.73333333333333        1.00000000000000     
  0.800000000000000     
         500         500   1.86666666666667        1.00000000000000     
  0.800000000000000     
         501         501   2.20000000000000       0.000000000000000E+000
  0.200000000000000     
         502         502   2.40000000000000       0.000000000000000E+000
  0.200000000000000     
         503         503   2.60000000000000       0.000000000000000E+000
  0.200000000000000     
         504         504   2.80000000000000       0.000000000000000E+000
  0.200000000000000     
         505         505   2.20000000000000       0.000000000000000E+000
  0.400000000000000     
         506         506   2.40000000000000       0.000000000000000E+000
  0.400000000000000     
         507         507   2.60000000000000       0.000000000000000E+000
  0.400000000000000     
         508         508   2.80000000000000       0.000000000000000E+000
  0.400000000000000     
         509         509   2.20000000000000       0.000000000000000E+000
  0.600000000000000     
         510         510   2.40000000000000       0.000000000000000E+000
  0.600000000000000     
         511         511   2.60000000000000       0.000000000000000E+000
  0.600000000000000     
         512         512   2.80000000000000       0.000000000000000E+000
  0.600000000000000     
         513         513   2.20000000000000       0.000000000000000E+000
  0.800000000000000     
         514         514   2.40000000000000       0.000000000000000E+000
  0.800000000000000     
         515         515   2.60000000000000       0.000000000000000E+000
  0.800000000000000     
         516         516   2.80000000000000       0.000000000000000E+000
  0.800000000000000     
         517         517   3.00000000000000       0.200000000000000     
  0.200000000000000     
         518         518   3.00000000000000       0.200000000000000     
  0.400000000000000     
         519         519   3.00000000000000       0.200000000000000     
  0.600000000000000     
         520         520   3.00000000000000       0.200000000000000     
  0.800000000000000     
         521         521   3.00000000000000       0.400000000000000     
  0.200000000000000     
         522         522   3.00000000000000       0.400000000000000     
  0.400000000000000     
         523         523   3.00000000000000       0.400000000000000     
  0.600000000000000     
         524         524   3.00000000000000       0.400000000000000     
  0.800000000000000     
         525         525   3.00000000000000       0.600000000000000     
  0.200000000000000     
         526         526   3.00000000000000       0.600000000000000     
  0.400000000000000     
         527         527   3.00000000000000       0.600000000000000     
  0.600000000000000     
         528         528   3.00000000000000       0.600000000000000     
  0.800000000000000     
         529         529   3.00000000000000       0.800000000000000     
  0.200000000000000     
         530         530   3.00000000000000       0.800000000000000     
  0.400000000000000     
         531         531   3.00000000000000       0.800000000000000     
  0.600000000000000     
         532         532   3.00000000000000       0.800000000000000     
  0.800000000000000     
         533         533   2.20000000000000       0.200000000000000     
   1.00000000000000     
         534         534   2.20000000000000       0.400000000000000     
   1.00000000000000     
         535         535   2.20000000000000       0.600000000000000     
   1.00000000000000     
         536         536   2.20000000000000       0.800000000000000     
   1.00000000000000     
         537         537   2.40000000000000       0.200000000000000     
   1.00000000000000     
         538         538   2.40000000000000       0.400000000000000     
   1.00000000000000     
         539         539   2.40000000000000       0.600000000000000     
   1.00000000000000     
         540         540   2.40000000000000       0.800000000000000     
   1.00000000000000     
         541         541   2.60000000000000       0.200000000000000     
   1.00000000000000     
         542         542   2.60000000000000       0.400000000000000     
   1.00000000000000     
         543         543   2.60000000000000       0.600000000000000     
   1.00000000000000     
         544         544   2.60000000000000       0.800000000000000     
   1.00000000000000     
         545         545   2.80000000000000       0.200000000000000     
   1.00000000000000     
         546         546   2.80000000000000       0.400000000000000     
   1.00000000000000     
         547         547   2.80000000000000       0.600000000000000     
   1.00000000000000     
         548         548   2.80000000000000       0.800000000000000     
   1.00000000000000     
         549         549   2.20000000000000       0.200000000000000     
  0.000000000000000E+000
         550         550   2.20000000000000       0.400000000000000     
  0.000000000000000E+000
         551         551   2.20000000000000       0.600000000000000     
  0.000000000000000E+000
         552         552   2.20000000000000       0.800000000000000     
  0.000000000000000E+000
         553         553   2.40000000000000       0.200000000000000     
  0.000000000000000E+000
         554         554   2.40000000000000       0.400000000000000     
  0.000000000000000E+000
         555         555   2.40000000000000       0.600000000000000     
  0.000000000000000E+000
         556         556   2.40000000000000       0.800000000000000     
  0.000000000000000E+000
         557         557   2.60000000000000       0.200000000000000     
  0.000000000000000E+000
         558         558   2.60000000000000       0.400000000000000     
  0.000000000000000E+000
         559         559   2.60000000000000       0.600000000000000     
  0.000000000000000E+000
         560         560   2.60000000000000       0.800000000000000     
  0.000000000000000E+000
         561         561   2.80000000000000       0.200000000000000     
  0.000000000000000E+000
         562         562   2.80000000000000       0.400000000000000     
  0.000000000000000E+000
         563         563   2.80000000000000       0.600000000000000     
  0.000000000000000E+000
         564         564   2.80000000000000       0.800000000000000     
  0.000000000000000E+000
         565         565   2.20000000000000        1.00000000000000     
  0.200000000000000     
         566         566   2.40000000000000        1.00000000000000     
  0.200000000000000     
         567         567   2.60000000000000        1.00000000000000     
  0.200000000000000     
         568         568   2.80000000000000        1.00000000000000     
  0.200000000000000     
         569         569   2.20000000000000        1.00000000000000     
  0.400000000000000     
         570         570   2.40000000000000        1.00000000000000     
  0.400000000000000     
         571         571   2.60000000000000        1.00000000000000     
  0.400000000000000     
         572         572   2.80000000000000        1.00000000000000     
  0.400000000000000     
         573         573   2.20000000000000        1.00000000000000     
  0.600000000000000     
         574         574   2.40000000000000        1.00000000000000     
  0.600000000000000     
         575         575   2.60000000000000        1.00000000000000     
  0.600000000000000     
         576         576   2.80000000000000        1.00000000000000     
  0.600000000000000     
         577         577   2.20000000000000        1.00000000000000     
  0.800000000000000     
         578         578   2.40000000000000        1.00000000000000     
  0.800000000000000     
         579         579   2.60000000000000        1.00000000000000     
  0.800000000000000     
         580         580   2.80000000000000        1.00000000000000     
  0.800000000000000     
         581         581   3.00000000000000        1.20000000000000     
  0.200000000000000     
         582         582   3.00000000000000        1.20000000000000     
  0.400000000000000     
         583         583   3.00000000000000        1.20000000000000     
  0.600000000000000     
         584         584   3.00000000000000        1.20000000000000     
  0.800000000000000     
         585         585   3.00000000000000        1.40000000000000     
  0.200000000000000     
         586         586   3.00000000000000        1.40000000000000     
  0.400000000000000     
         587         587   3.00000000000000        1.40000000000000     
  0.600000000000000     
         588         588   3.00000000000000        1.40000000000000     
  0.800000000000000     
         589         589   3.00000000000000        1.60000000000000     
  0.200000000000000     
         590         590   3.00000000000000        1.60000000000000     
  0.400000000000000     
         591         591   3.00000000000000        1.60000000000000     
  0.600000000000000     
         592         592   3.00000000000000        1.60000000000000     
  0.800000000000000     
         593         593   3.00000000000000        1.80000000000000     
  0.200000000000000     
         594         594   3.00000000000000        1.80000000000000     
  0.400000000000000     
         595         595   3.00000000000000        1.80000000000000     
  0.600000000000000     
         596         596   3.00000000000000        1.80000000000000     
  0.800000000000000     
         597         597   2.20000000000000        1.20000000000000     
   1.00000000000000     
         598         598   2.20000000000000        1.40000000000000     
   1.00000000000000     
         599         599   2.20000000000000        1.60000000000000     
   1.00000000000000     
         600         600   2.20000000000000        1.80000000000000     
   1.00000000000000     
         601         601   2.40000000000000        1.20000000000000     
   1.00000000000000     
         602         602   2.40000000000000        1.40000000000000     
   1.00000000000000     
         603         603   2.40000000000000        1.60000000000000     
   1.00000000000000     
         604         604   2.40000000000000        1.80000000000000     
   1.00000000000000     
         605         605   2.60000000000000        1.20000000000000     
   1.00000000000000     
         606         606   2.60000000000000        1.40000000000000     
   1.00000000000000     
         607         607   2.60000000000000        1.60000000000000     
   1.00000000000000     
         608         608   2.60000000000000        1.80000000000000     
   1.00000000000000     
         609         609   2.80000000000000        1.20000000000000     
   1.00000000000000     
         610         610   2.80000000000000        1.40000000000000     
   1.00000000000000     
         611         611   2.80000000000000        1.60000000000000     
   1.00000000000000     
         612         612   2.80000000000000        1.80000000000000     
   1.00000000000000     
         613         613   2.00000000000000        1.20000000000000     
  0.200000000000000     
         614         614   2.00000000000000        1.20000000000000     
  0.400000000000000     
         615         615   2.00000000000000        1.20000000000000     
  0.600000000000000     
         616         616   2.00000000000000        1.20000000000000     
  0.800000000000000     
         617         617   2.00000000000000        1.40000000000000     
  0.200000000000000     
         618         618   2.00000000000000        1.40000000000000     
  0.400000000000000     
         619         619   2.00000000000000        1.40000000000000     
  0.600000000000000     
         620         620   2.00000000000000        1.40000000000000     
  0.800000000000000     
         621         621   2.00000000000000        1.60000000000000     
  0.200000000000000     
         622         622   2.00000000000000        1.60000000000000     
  0.400000000000000     
         623         623   2.00000000000000        1.60000000000000     
  0.600000000000000     
         624         624   2.00000000000000        1.60000000000000     
  0.800000000000000     
         625         625   2.00000000000000        1.80000000000000     
  0.200000000000000     
         626         626   2.00000000000000        1.80000000000000     
  0.400000000000000     
         627         627   2.00000000000000        1.80000000000000     
  0.600000000000000     
         628         628   2.00000000000000        1.80000000000000     
  0.800000000000000     
         629         629   2.20000000000000        1.20000000000000     
  0.000000000000000E+000
         630         630   2.20000000000000        1.40000000000000     
  0.000000000000000E+000
         631         631   2.20000000000000        1.60000000000000     
  0.000000000000000E+000
         632         632   2.20000000000000        1.80000000000000     
  0.000000000000000E+000
         633         633   2.40000000000000        1.20000000000000     
  0.000000000000000E+000
         634         634   2.40000000000000        1.40000000000000     
  0.000000000000000E+000
         635         635   2.40000000000000        1.60000000000000     
  0.000000000000000E+000
         636         636   2.40000000000000        1.80000000000000     
  0.000000000000000E+000
         637         637   2.60000000000000        1.20000000000000     
  0.000000000000000E+000
         638         638   2.60000000000000        1.40000000000000     
  0.000000000000000E+000
         639         639   2.60000000000000        1.60000000000000     
  0.000000000000000E+000
         640         640   2.60000000000000        1.80000000000000     
  0.000000000000000E+000
         641         641   2.80000000000000        1.20000000000000     
  0.000000000000000E+000
         642         642   2.80000000000000        1.40000000000000     
  0.000000000000000E+000
         643         643   2.80000000000000        1.60000000000000     
  0.000000000000000E+000
         644         644   2.80000000000000        1.80000000000000     
  0.000000000000000E+000
         645         645   2.20000000000000        2.00000000000000     
  0.200000000000000     
         646         646   2.40000000000000        2.00000000000000     
  0.200000000000000     
         647         647   2.60000000000000        2.00000000000000     
  0.200000000000000     
         648         648   2.80000000000000        2.00000000000000     
  0.200000000000000     
         649         649   2.20000000000000        2.00000000000000     
  0.400000000000000     
         650         650   2.40000000000000        2.00000000000000     
  0.400000000000000     
         651         651   2.60000000000000        2.00000000000000     
  0.400000000000000     
         652         652   2.80000000000000        2.00000000000000     
  0.400000000000000     
         653         653   2.20000000000000        2.00000000000000     
  0.600000000000000     
         654         654   2.40000000000000        2.00000000000000     
  0.600000000000000     
         655         655   2.60000000000000        2.00000000000000     
  0.600000000000000     
         656         656   2.80000000000000        2.00000000000000     
  0.600000000000000     
         657         657   2.20000000000000        2.00000000000000     
  0.800000000000000     
         658         658   2.40000000000000        2.00000000000000     
  0.800000000000000     
         659         659   2.60000000000000        2.00000000000000     
  0.800000000000000     
         660         660   2.80000000000000        2.00000000000000     
  0.800000000000000     
         661         661   3.13333333333333        1.00000000000000     
  0.200000000000000     
         662         662   3.26666666666667        1.00000000000000     
  0.200000000000000     
         663         663   3.40000000000000        1.00000000000000     
  0.200000000000000     
         664         664   3.53333333333333        1.00000000000000     
  0.200000000000000     
         665         665   3.66666666666667        1.00000000000000     
  0.200000000000000     
         666         666   3.80000000000000        1.00000000000000     
  0.200000000000000     
         667         667   3.93333333333333        1.00000000000000     
  0.200000000000000     
         668         668   4.06666666666667        1.00000000000000     
  0.200000000000000     
         669         669   4.20000000000000        1.00000000000000     
  0.200000000000000     
         670         670   4.33333333333333        1.00000000000000     
  0.200000000000000     
         671         671   4.46666666666667        1.00000000000000     
  0.200000000000000     
         672         672   4.60000000000000        1.00000000000000     
  0.200000000000000     
         673         673   4.73333333333333        1.00000000000000     
  0.200000000000000     
         674         674   4.86666666666667        1.00000000000000     
  0.200000000000000     
         675         675   3.13333333333333        1.00000000000000     
  0.400000000000000     
         676         676   3.26666666666667        1.00000000000000     
  0.400000000000000     
         677         677   3.40000000000000        1.00000000000000     
  0.400000000000000     
         678         678   3.53333333333333        1.00000000000000     
  0.400000000000000     
         679         679   3.66666666666667        1.00000000000000     
  0.400000000000000     
         680         680   3.80000000000000        1.00000000000000     
  0.400000000000000     
         681         681   3.93333333333333        1.00000000000000     
  0.400000000000000     
         682         682   4.06666666666667        1.00000000000000     
  0.400000000000000     
         683         683   4.20000000000000        1.00000000000000     
  0.400000000000000     
         684         684   4.33333333333333        1.00000000000000     
  0.400000000000000     
         685         685   4.46666666666667        1.00000000000000     
  0.400000000000000     
         686         686   4.60000000000000        1.00000000000000     
  0.400000000000000     
         687         687   4.73333333333333        1.00000000000000     
  0.400000000000000     
         688         688   4.86666666666667        1.00000000000000     
  0.400000000000000     
         689         689   3.13333333333333        1.00000000000000     
  0.600000000000000     
         690         690   3.26666666666667        1.00000000000000     
  0.600000000000000     
         691         691   3.40000000000000        1.00000000000000     
  0.600000000000000     
         692         692   3.53333333333333        1.00000000000000     
  0.600000000000000     
         693         693   3.66666666666667        1.00000000000000     
  0.600000000000000     
         694         694   3.80000000000000        1.00000000000000     
  0.600000000000000     
         695         695   3.93333333333333        1.00000000000000     
  0.600000000000000     
         696         696   4.06666666666667        1.00000000000000     
  0.600000000000000     
         697         697   4.20000000000000        1.00000000000000     
  0.600000000000000     
         698         698   4.33333333333333        1.00000000000000     
  0.600000000000000     
         699         699   4.46666666666667        1.00000000000000     
  0.600000000000000     
         700         700   4.60000000000000        1.00000000000000     
  0.600000000000000     
         701         701   4.73333333333333        1.00000000000000     
  0.600000000000000     
         702         702   4.86666666666667        1.00000000000000     
  0.600000000000000     
         703         703   3.13333333333333        1.00000000000000     
  0.800000000000000     
         704         704   3.26666666666667        1.00000000000000     
  0.800000000000000     
         705         705   3.40000000000000        1.00000000000000     
  0.800000000000000     
         706         706   3.53333333333333        1.00000000000000     
  0.800000000000000     
         707         707   3.66666666666667        1.00000000000000     
  0.800000000000000     
         708         708   3.80000000000000        1.00000000000000     
  0.800000000000000     
         709         709   3.93333333333333        1.00000000000000     
  0.800000000000000     
         710         710   4.06666666666667        1.00000000000000     
  0.800000000000000     
         711         711   4.20000000000000        1.00000000000000     
  0.800000000000000     
         712         712   4.33333333333333        1.00000000000000     
  0.800000000000000     
         713         713   4.46666666666667        1.00000000000000     
  0.800000000000000     
         714         714   4.60000000000000        1.00000000000000     
  0.800000000000000     
         715         715   4.73333333333333        1.00000000000000     
  0.800000000000000     
         716         716   4.86666666666667        1.00000000000000     
  0.800000000000000     
         717         717   5.00000000000000        1.20000000000000     
  0.200000000000000     
         718         718   5.00000000000000        1.20000000000000     
  0.400000000000000     
         719         719   5.00000000000000        1.20000000000000     
  0.600000000000000     
         720         720   5.00000000000000        1.20000000000000     
  0.800000000000000     
         721         721   5.00000000000000        1.40000000000000     
  0.200000000000000     
         722         722   5.00000000000000        1.40000000000000     
  0.400000000000000     
         723         723   5.00000000000000        1.40000000000000     
  0.600000000000000     
         724         724   5.00000000000000        1.40000000000000     
  0.800000000000000     
         725         725   5.00000000000000        1.60000000000000     
  0.200000000000000     
         726         726   5.00000000000000        1.60000000000000     
  0.400000000000000     
         727         727   5.00000000000000        1.60000000000000     
  0.600000000000000     
         728         728   5.00000000000000        1.60000000000000     
  0.800000000000000     
         729         729   5.00000000000000        1.80000000000000     
  0.200000000000000     
         730         730   5.00000000000000        1.80000000000000     
  0.400000000000000     
         731         731   5.00000000000000        1.80000000000000     
  0.600000000000000     
         732         732   5.00000000000000        1.80000000000000     
  0.800000000000000     
         733         733   3.13333333333333        1.20000000000000     
   1.00000000000000     
         734         734   3.13333333333333        1.40000000000000     
   1.00000000000000     
         735         735   3.13333333333333        1.60000000000000     
   1.00000000000000     
         736         736   3.13333333333333        1.80000000000000     
   1.00000000000000     
         737         737   3.26666666666667        1.20000000000000     
   1.00000000000000     
         738         738   3.26666666666667        1.40000000000000     
   1.00000000000000     
         739         739   3.26666666666667        1.60000000000000     
   1.00000000000000     
         740         740   3.26666666666667        1.80000000000000     
   1.00000000000000     
         741         741   3.40000000000000        1.20000000000000     
   1.00000000000000     
         742         742   3.40000000000000        1.40000000000000     
   1.00000000000000     
         743         743   3.40000000000000        1.60000000000000     
   1.00000000000000     
         744         744   3.40000000000000        1.80000000000000     
   1.00000000000000     
         745         745   3.53333333333333        1.20000000000000     
   1.00000000000000     
         746         746   3.53333333333333        1.40000000000000     
   1.00000000000000     
         747         747   3.53333333333333        1.60000000000000     
   1.00000000000000     
         748         748   3.53333333333333        1.80000000000000     
   1.00000000000000     
         749         749   3.66666666666667        1.20000000000000     
   1.00000000000000     
         750         750   3.66666666666667        1.40000000000000     
   1.00000000000000     
         751         751   3.66666666666667        1.60000000000000     
   1.00000000000000     
         752         752   3.66666666666667        1.80000000000000     
   1.00000000000000     
         753         753   3.80000000000000        1.20000000000000     
   1.00000000000000     
         754         754   3.80000000000000        1.40000000000000     
   1.00000000000000     
         755         755   3.80000000000000        1.60000000000000     
   1.00000000000000     
         756         756   3.80000000000000        1.80000000000000     
   1.00000000000000     
         757         757   3.93333333333333        1.20000000000000     
   1.00000000000000     
         758         758   3.93333333333333        1.40000000000000     
   1.00000000000000     
         759         759   3.93333333333333        1.60000000000000     
   1.00000000000000     
         760         760   3.93333333333333        1.80000000000000     
   1.00000000000000     
         761         761   4.06666666666667        1.20000000000000     
   1.00000000000000     
         762         762   4.06666666666667        1.40000000000000     
   1.00000000000000     
         763         763   4.06666666666667        1.60000000000000     
   1.00000000000000     
         764         764   4.06666666666667        1.80000000000000     
   1.00000000000000     
         765         765   4.20000000000000        1.20000000000000     
   1.00000000000000     
         766         766   4.20000000000000        1.40000000000000     
   1.00000000000000     
         767         767   4.20000000000000        1.60000000000000     
   1.00000000000000     
         768         768   4.20000000000000        1.80000000000000     
   1.00000000000000     
         769         769   4.33333333333333        1.20000000000000     
   1.00000000000000     
         770         770   4.33333333333333        1.40000000000000     
   1.00000000000000     
         771         771   4.33333333333333        1.60000000000000     
   1.00000000000000     
         772         772   4.33333333333333        1.80000000000000     
   1.00000000000000     
         773         773   4.46666666666667        1.20000000000000     
   1.00000000000000     
         774         774   4.46666666666667        1.40000000000000     
   1.00000000000000     
         775         775   4.46666666666667        1.60000000000000     
   1.00000000000000     
         776         776   4.46666666666667        1.80000000000000     
   1.00000000000000     
         777         777   4.60000000000000        1.20000000000000     
   1.00000000000000     
         778         778   4.60000000000000        1.40000000000000     
   1.00000000000000     
         779         779   4.60000000000000        1.60000000000000     
   1.00000000000000     
         780         780   4.60000000000000        1.80000000000000     
   1.00000000000000     
         781         781   4.73333333333333        1.20000000000000     
   1.00000000000000     
         782         782   4.73333333333333        1.40000000000000     
   1.00000000000000     
         783         783   4.73333333333333        1.60000000000000     
   1.00000000000000     
         784         784   4.73333333333333        1.80000000000000     
   1.00000000000000     
         785         785   4.86666666666667        1.20000000000000     
   1.00000000000000     
         786         786   4.86666666666667        1.40000000000000     
   1.00000000000000     
         787         787   4.86666666666667        1.60000000000000     
   1.00000000000000     
         788         788   4.86666666666667        1.80000000000000     
   1.00000000000000     
         789         789   3.13333333333333        1.20000000000000     
  0.000000000000000E+000
         790         790   3.13333333333333        1.40000000000000     
  0.000000000000000E+000
         791         791   3.13333333333333        1.60000000000000     
  0.000000000000000E+000
         792         792   3.13333333333333        1.80000000000000     
  0.000000000000000E+000
         793         793   3.26666666666667        1.20000000000000     
  0.000000000000000E+000
         794         794   3.26666666666667        1.40000000000000     
  0.000000000000000E+000
         795         795   3.26666666666667        1.60000000000000     
  0.000000000000000E+000
         796         796   3.26666666666667        1.80000000000000     
  0.000000000000000E+000
         797         797   3.40000000000000        1.20000000000000     
  0.000000000000000E+000
         798         798   3.40000000000000        1.40000000000000     
  0.000000000000000E+000
         799         799   3.40000000000000        1.60000000000000     
  0.000000000000000E+000
         800         800   3.40000000000000        1.80000000000000     
  0.000000000000000E+000
         801         801   3.53333333333333        1.20000000000000     
  0.000000000000000E+000
         802         802   3.53333333333333        1.40000000000000     
  0.000000000000000E+000
         803         803   3.53333333333333        1.60000000000000     
  0.000000000000000E+000
         804         804   3.53333333333333        1.80000000000000     
  0.000000000000000E+000
         805         805   3.66666666666667        1.20000000000000     
  0.000000000000000E+000
         806         806   3.66666666666667        1.40000000000000     
  0.000000000000000E+000
         807         807   3.66666666666667        1.60000000000000     
  0.000000000000000E+000
         808         808   3.66666666666667        1.80000000000000     
  0.000000000000000E+000
         809         809   3.80000000000000        1.20000000000000     
  0.000000000000000E+000
         810         810   3.80000000000000        1.40000000000000     
  0.000000000000000E+000
         811         811   3.80000000000000        1.60000000000000     
  0.000000000000000E+000
         812         812   3.80000000000000        1.80000000000000     
  0.000000000000000E+000
         813         813   3.93333333333333        1.20000000000000     
  0.000000000000000E+000
         814         814   3.93333333333333        1.40000000000000     
  0.000000000000000E+000
         815         815   3.93333333333333        1.60000000000000     
  0.000000000000000E+000
         816         816   3.93333333333333        1.80000000000000     
  0.000000000000000E+000
         817         817   4.06666666666667        1.20000000000000     
  0.000000000000000E+000
         818         818   4.06666666666667        1.40000000000000     
  0.000000000000000E+000
         819         819   4.06666666666667        1.60000000000000     
  0.000000000000000E+000
         820         820   4.06666666666667        1.80000000000000     
  0.000000000000000E+000
         821         821   4.20000000000000        1.20000000000000     
  0.000000000000000E+000
         822         822   4.20000000000000        1.40000000000000     
  0.000000000000000E+000
         823         823   4.20000000000000        1.60000000000000     
  0.000000000000000E+000
         824         824   4.20000000000000        1.80000000000000     
  0.000000000000000E+000
         825         825   4.33333333333333        1.20000000000000     
  0.000000000000000E+000
         826         826   4.33333333333333        1.40000000000000     
  0.000000000000000E+000
         827         827   4.33333333333333        1.60000000000000     
  0.000000000000000E+000
         828         828   4.33333333333333        1.80000000000000     
  0.000000000000000E+000
         829         829   4.46666666666667        1.20000000000000     
  0.000000000000000E+000
         830         830   4.46666666666667        1.40000000000000     
  0.000000000000000E+000
         831         831   4.46666666666667        1.60000000000000     
  0.000000000000000E+000
         832         832   4.46666666666667        1.80000000000000     
  0.000000000000000E+000
         833         833   4.60000000000000        1.20000000000000     
  0.000000000000000E+000
         834         834   4.60000000000000        1.40000000000000     
  0.000000000000000E+000
         835         835   4.60000000000000        1.60000000000000     
  0.000000000000000E+000
         836         836   4.60000000000000        1.80000000000000     
  0.000000000000000E+000
         837         837   4.73333333333333        1.20000000000000     
  0.000000000000000E+000
         838         838   4.73333333333333        1.40000000000000     
  0.000000000000000E+000
         839         839   4.73333333333333        1.60000000000000     
  0.000000000000000E+000
         840         840   4.73333333333333        1.80000000000000     
  0.000000000000000E+000
         841         841   4.86666666666667        1.20000000000000     
  0.000000000000000E+000
         842         842   4.86666666666667        1.40000000000000     
  0.000000000000000E+000
         843         843   4.86666666666667        1.60000000000000     
  0.000000000000000E+000
         844         844   4.86666666666667        1.80000000000000     
  0.000000000000000E+000
         845         845   3.13333333333333        2.00000000000000     
  0.200000000000000     
         846         846   3.26666666666667        2.00000000000000     
  0.200000000000000     
         847         847   3.40000000000000        2.00000000000000     
  0.200000000000000     
         848         848   3.53333333333333        2.00000000000000     
  0.200000000000000     
         849         849   3.66666666666667        2.00000000000000     
  0.200000000000000     
         850         850   3.80000000000000        2.00000000000000     
  0.200000000000000     
         851         851   3.93333333333333        2.00000000000000     
  0.200000000000000     
         852         852   4.06666666666667        2.00000000000000     
  0.200000000000000     
         853         853   4.20000000000000        2.00000000000000     
  0.200000000000000     
         854         854   4.33333333333333        2.00000000000000     
  0.200000000000000     
         855         855   4.46666666666667        2.00000000000000     
  0.200000000000000     
         856         856   4.60000000000000        2.00000000000000     
  0.200000000000000     
         857         857   4.73333333333333        2.00000000000000     
  0.200000000000000     
         858         858   4.86666666666667        2.00000000000000     
  0.200000000000000     
         859         859   3.13333333333333        2.00000000000000     
  0.400000000000000     
         860         860   3.26666666666667        2.00000000000000     
  0.400000000000000     
         861         861   3.40000000000000        2.00000000000000     
  0.400000000000000     
         862         862   3.53333333333333        2.00000000000000     
  0.400000000000000     
         863         863   3.66666666666667        2.00000000000000     
  0.400000000000000     
         864         864   3.80000000000000        2.00000000000000     
  0.400000000000000     
         865         865   3.93333333333333        2.00000000000000     
  0.400000000000000     
         866         866   4.06666666666667        2.00000000000000     
  0.400000000000000     
         867         867   4.20000000000000        2.00000000000000     
  0.400000000000000     
         868         868   4.33333333333333        2.00000000000000     
  0.400000000000000     
         869         869   4.46666666666667        2.00000000000000     
  0.400000000000000     
         870         870   4.60000000000000        2.00000000000000     
  0.400000000000000     
         871         871   4.73333333333333        2.00000000000000     
  0.400000000000000     
         872         872   4.86666666666667        2.00000000000000     
  0.400000000000000     
         873         873   3.13333333333333        2.00000000000000     
  0.600000000000000     
         874         874   3.26666666666667        2.00000000000000     
  0.600000000000000     
         875         875   3.40000000000000        2.00000000000000     
  0.600000000000000     
         876         876   3.53333333333333        2.00000000000000     
  0.600000000000000     
         877         877   3.66666666666667        2.00000000000000     
  0.600000000000000     
         878         878   3.80000000000000        2.00000000000000     
  0.600000000000000     
         879         879   3.93333333333333        2.00000000000000     
  0.600000000000000     
         880         880   4.06666666666667        2.00000000000000     
  0.600000000000000     
         881         881   4.20000000000000        2.00000000000000     
  0.600000000000000     
         882         882   4.33333333333333        2.00000000000000     
  0.600000000000000     
         883         883   4.46666666666667        2.00000000000000     
  0.600000000000000     
         884         884   4.60000000000000        2.00000000000000     
  0.600000000000000     
         885         885   4.73333333333333        2.00000000000000     
  0.600000000000000     
         886         886   4.86666666666667        2.00000000000000     
  0.600000000000000     
         887         887   3.13333333333333        2.00000000000000     
  0.800000000000000     
         888         888   3.26666666666667        2.00000000000000     
  0.800000000000000     
         889         889   3.40000000000000        2.00000000000000     
  0.800000000000000     
         890         890   3.53333333333333        2.00000000000000     
  0.800000000000000     
         891         891   3.66666666666667        2.00000000000000     
  0.800000000000000     
         892         892   3.80000000000000        2.00000000000000     
  0.800000000000000     
         893         893   3.93333333333333        2.00000000000000     
  0.800000000000000     
         894         894   4.06666666666667        2.00000000000000     
  0.800000000000000     
         895         895   4.20000000000000        2.00000000000000     
  0.800000000000000     
         896         896   4.33333333333333        2.00000000000000     
  0.800000000000000     
         897         897   4.46666666666667        2.00000000000000     
  0.800000000000000     
         898         898   4.60000000000000        2.00000000000000     
  0.800000000000000     
         899         899   4.73333333333333        2.00000000000000     
  0.800000000000000     
         900         900   4.86666666666667        2.00000000000000     
  0.800000000000000     
         901         901  0.133333333333333       0.200000000000000     
  0.200000000000000     
         902         902  0.133333333333333       0.200000000000000     
  0.400000000000000     
         903         903  0.133333333333333       0.200000000000000     
  0.600000000000000     
         904         904  0.133333333333333       0.200000000000000     
  0.800000000000000     
         905         905  0.133333333333333       0.400000000000000     
  0.200000000000000     
         906         906  0.133333333333333       0.400000000000000     
  0.400000000000000     
         907         907  0.133333333333333       0.400000000000000     
  0.600000000000000     
         908         908  0.133333333333333       0.400000000000000     
  0.800000000000000     
         909         909  0.133333333333333       0.600000000000000     
  0.200000000000000     
         910         910  0.133333333333333       0.600000000000000     
  0.400000000000000     
         911         911  0.133333333333333       0.600000000000000     
  0.600000000000000     
         912         912  0.133333333333333       0.600000000000000     
  0.800000000000000     
         913         913  0.133333333333333       0.800000000000000     
  0.200000000000000     
         914         914  0.133333333333333       0.800000000000000     
  0.400000000000000     
         915         915  0.133333333333333       0.800000000000000     
  0.600000000000000     
         916         916  0.133333333333333       0.800000000000000     
  0.800000000000000     
         917         917  0.266666666666667       0.200000000000000     
  0.200000000000000     
         918         918  0.266666666666667       0.200000000000000     
  0.400000000000000     
         919         919  0.266666666666667       0.200000000000000     
  0.600000000000000     
         920         920  0.266666666666667       0.200000000000000     
  0.800000000000000     
         921         921  0.266666666666667       0.400000000000000     
  0.200000000000000     
         922         922  0.266666666666667       0.400000000000000     
  0.400000000000000     
         923         923  0.266666666666667       0.400000000000000     
  0.600000000000000     
         924         924  0.266666666666667       0.400000000000000     
  0.800000000000000     
         925         925  0.266666666666667       0.600000000000000     
  0.200000000000000     
         926         926  0.266666666666667       0.600000000000000     
  0.400000000000000     
         927         927  0.266666666666667       0.600000000000000     
  0.600000000000000     
         928         928  0.266666666666667       0.600000000000000     
  0.800000000000000     
         929         929  0.266666666666667       0.800000000000000     
  0.200000000000000     
         930         930  0.266666666666667       0.800000000000000     
  0.400000000000000     
         931         931  0.266666666666667       0.800000000000000     
  0.600000000000000     
         932         932  0.266666666666667       0.800000000000000     
  0.800000000000000     
         933         933  0.400000000000000       0.200000000000000     
  0.200000000000000     
         934         934  0.400000000000000       0.200000000000000     
  0.400000000000000     
         935         935  0.400000000000000       0.200000000000000     
  0.600000000000000     
         936         936  0.400000000000000       0.200000000000000     
  0.800000000000000     
         937         937  0.400000000000000       0.400000000000000     
  0.200000000000000     
         938         938  0.400000000000000       0.400000000000000     
  0.400000000000000     
         939         939  0.400000000000000       0.400000000000000     
  0.600000000000000     
         940         940  0.400000000000000       0.400000000000000     
  0.800000000000000     
         941         941  0.400000000000000       0.600000000000000     
  0.200000000000000     
         942         942  0.400000000000000       0.600000000000000     
  0.400000000000000     
         943         943  0.400000000000000       0.600000000000000     
  0.600000000000000     
         944         944  0.400000000000000       0.600000000000000     
  0.800000000000000     
         945         945  0.400000000000000       0.800000000000000     
  0.200000000000000     
         946         946  0.400000000000000       0.800000000000000     
  0.400000000000000     
         947         947  0.400000000000000       0.800000000000000     
  0.600000000000000     
         948         948  0.400000000000000       0.800000000000000     
  0.800000000000000     
         949         949  0.533333333333333       0.200000000000000     
  0.200000000000000     
         950         950  0.533333333333333       0.200000000000000     
  0.400000000000000     
         951         951  0.533333333333333       0.200000000000000     
  0.600000000000000     
         952         952  0.533333333333333       0.200000000000000     
  0.800000000000000     
         953         953  0.533333333333333       0.400000000000000     
  0.200000000000000     
         954         954  0.533333333333333       0.400000000000000     
  0.400000000000000     
         955         955  0.533333333333333       0.400000000000000     
  0.600000000000000     
         956         956  0.533333333333333       0.400000000000000     
  0.800000000000000     
         957         957  0.533333333333333       0.600000000000000     
  0.200000000000000     
         958         958  0.533333333333333       0.600000000000000     
  0.400000000000000     
         959         959  0.533333333333333       0.600000000000000     
  0.600000000000000     
         960         960  0.533333333333333       0.600000000000000     
  0.800000000000000     
         961         961  0.533333333333333       0.800000000000000     
  0.200000000000000     
         962         962  0.533333333333333       0.800000000000000     
  0.400000000000000     
         963         963  0.533333333333333       0.800000000000000     
  0.600000000000000     
         964         964  0.533333333333333       0.800000000000000     
  0.800000000000000     
         965         965  0.666666666666667       0.200000000000000     
  0.200000000000000     
         966         966  0.666666666666667       0.200000000000000     
  0.400000000000000     
         967         967  0.666666666666667       0.200000000000000     
  0.600000000000000     
         968         968  0.666666666666667       0.200000000000000     
  0.800000000000000     
         969         969  0.666666666666667       0.400000000000000     
  0.200000000000000     
         970         970  0.666666666666667       0.400000000000000     
  0.400000000000000     
         971         971  0.666666666666667       0.400000000000000     
  0.600000000000000     
         972         972  0.666666666666667       0.400000000000000     
  0.800000000000000     
         973         973  0.666666666666667       0.600000000000000     
  0.200000000000000     
         974         974  0.666666666666667       0.600000000000000     
  0.400000000000000     
         975         975  0.666666666666667       0.600000000000000     
  0.600000000000000     
         976         976  0.666666666666667       0.600000000000000     
  0.800000000000000     
         977         977  0.666666666666667       0.800000000000000     
  0.200000000000000     
         978         978  0.666666666666667       0.800000000000000     
  0.400000000000000     
         979         979  0.666666666666667       0.800000000000000     
  0.600000000000000     
         980         980  0.666666666666667       0.800000000000000     
  0.800000000000000     
         981         981  0.800000000000000       0.200000000000000     
  0.200000000000000     
         982         982  0.800000000000000       0.200000000000000     
  0.400000000000000     
         983         983  0.800000000000000       0.200000000000000     
  0.600000000000000     
         984         984  0.800000000000000       0.200000000000000     
  0.800000000000000     
         985         985  0.800000000000000       0.400000000000000     
  0.200000000000000     
         986         986  0.800000000000000       0.400000000000000     
  0.400000000000000     
         987         987  0.800000000000000       0.400000000000000     
  0.600000000000000     
         988         988  0.800000000000000       0.400000000000000     
  0.800000000000000     
         989         989  0.800000000000000       0.600000000000000     
  0.200000000000000     
         990         990  0.800000000000000       0.600000000000000     
  0.400000000000000     
         991         991  0.800000000000000       0.600000000000000     
  0.600000000000000     
         992         992  0.800000000000000       0.600000000000000     
  0.800000000000000     
         993         993  0.800000000000000       0.800000000000000     
  0.200000000000000     
         994         994  0.800000000000000       0.800000000000000     
  0.400000000000000     
         995         995  0.800000000000000       0.800000000000000     
  0.600000000000000     
         996         996  0.800000000000000       0.800000000000000     
  0.800000000000000     
         997         997  0.933333333333333       0.200000000000000     
  0.200000000000000     
         998         998  0.933333333333333       0.200000000000000     
  0.400000000000000     
         999         999  0.933333333333333       0.200000000000000     
  0.600000000000000     
        1000        1000  0.933333333333333       0.200000000000000     
  0.800000000000000     
        1001        1001  0.933333333333333       0.400000000000000     
  0.200000000000000     
        1002        1002  0.933333333333333       0.400000000000000     
  0.400000000000000     
        1003        1003  0.933333333333333       0.400000000000000     
  0.600000000000000     
        1004        1004  0.933333333333333       0.400000000000000     
  0.800000000000000     
        1005        1005  0.933333333333333       0.600000000000000     
  0.200000000000000     
        1006        1006  0.933333333333333       0.600000000000000     
  0.400000000000000     
        1007        1007  0.933333333333333       0.600000000000000     
  0.600000000000000     
        1008        1008  0.933333333333333       0.600000000000000     
  0.800000000000000     
        1009        1009  0.933333333333333       0.800000000000000     
  0.200000000000000     
        1010        1010  0.933333333333333       0.800000000000000     
  0.400000000000000     
        1011        1011  0.933333333333333       0.800000000000000     
  0.600000000000000     
        1012        1012  0.933333333333333       0.800000000000000     
  0.800000000000000     
        1013        1013   1.06666666666667       0.200000000000000     
  0.200000000000000     
        1014        1014   1.06666666666667       0.200000000000000     
  0.400000000000000     
        1015        1015   1.06666666666667       0.200000000000000     
  0.600000000000000     
        1016        1016   1.06666666666667       0.200000000000000     
  0.800000000000000     
        1017        1017   1.06666666666667       0.400000000000000     
  0.200000000000000     
        1018        1018   1.06666666666667       0.400000000000000     
  0.400000000000000     
        1019        1019   1.06666666666667       0.400000000000000     
  0.600000000000000     
        1020        1020   1.06666666666667       0.400000000000000     
  0.800000000000000     
        1021        1021   1.06666666666667       0.600000000000000     
  0.200000000000000     
        1022        1022   1.06666666666667       0.600000000000000     
  0.400000000000000     
        1023        1023   1.06666666666667       0.600000000000000     
  0.600000000000000     
        1024        1024   1.06666666666667       0.600000000000000     
  0.800000000000000     
        1025        1025   1.06666666666667       0.800000000000000     
  0.200000000000000     
        1026        1026   1.06666666666667       0.800000000000000     
  0.400000000000000     
        1027        1027   1.06666666666667       0.800000000000000     
  0.600000000000000     
        1028        1028   1.06666666666667       0.800000000000000     
  0.800000000000000     
        1029        1029   1.20000000000000       0.200000000000000     
  0.200000000000000     
        1030        1030   1.20000000000000       0.200000000000000     
  0.400000000000000     
        1031        1031   1.20000000000000       0.200000000000000     
  0.600000000000000     
        1032        1032   1.20000000000000       0.200000000000000     
  0.800000000000000     
        1033        1033   1.20000000000000       0.400000000000000     
  0.200000000000000     
        1034        1034   1.20000000000000       0.400000000000000     
  0.400000000000000     
        1035        1035   1.20000000000000       0.400000000000000     
  0.600000000000000     
        1036        1036   1.20000000000000       0.400000000000000     
  0.800000000000000     
        1037        1037   1.20000000000000       0.600000000000000     
  0.200000000000000     
        1038        1038   1.20000000000000       0.600000000000000     
  0.400000000000000     
        1039        1039   1.20000000000000       0.600000000000000     
  0.600000000000000     
        1040        1040   1.20000000000000       0.600000000000000     
  0.800000000000000     
        1041        1041   1.20000000000000       0.800000000000000     
  0.200000000000000     
        1042        1042   1.20000000000000       0.800000000000000     
  0.400000000000000     
        1043        1043   1.20000000000000       0.800000000000000     
  0.600000000000000     
        1044        1044   1.20000000000000       0.800000000000000     
  0.800000000000000     
        1045        1045   1.33333333333333       0.200000000000000     
  0.200000000000000     
        1046        1046   1.33333333333333       0.200000000000000     
  0.400000000000000     
        1047        1047   1.33333333333333       0.200000000000000     
  0.600000000000000     
        1048        1048   1.33333333333333       0.200000000000000     
  0.800000000000000     
        1049        1049   1.33333333333333       0.400000000000000     
  0.200000000000000     
        1050        1050   1.33333333333333       0.400000000000000     
  0.400000000000000     
        1051        1051   1.33333333333333       0.400000000000000     
  0.600000000000000     
        1052        1052   1.33333333333333       0.400000000000000     
  0.800000000000000     
        1053        1053   1.33333333333333       0.600000000000000     
  0.200000000000000     
        1054        1054   1.33333333333333       0.600000000000000     
  0.400000000000000     
        1055        1055   1.33333333333333       0.600000000000000     
  0.600000000000000     
        1056        1056   1.33333333333333       0.600000000000000     
  0.800000000000000     
        1057        1057   1.33333333333333       0.800000000000000     
  0.200000000000000     
        1058        1058   1.33333333333333       0.800000000000000     
  0.400000000000000     
        1059        1059   1.33333333333333       0.800000000000000     
  0.600000000000000     
        1060        1060   1.33333333333333       0.800000000000000     
  0.800000000000000     
        1061        1061   1.46666666666667       0.200000000000000     
  0.200000000000000     
        1062        1062   1.46666666666667       0.200000000000000     
  0.400000000000000     
        1063        1063   1.46666666666667       0.200000000000000     
  0.600000000000000     
        1064        1064   1.46666666666667       0.200000000000000     
  0.800000000000000     
        1065        1065   1.46666666666667       0.400000000000000     
  0.200000000000000     
        1066        1066   1.46666666666667       0.400000000000000     
  0.400000000000000     
        1067        1067   1.46666666666667       0.400000000000000     
  0.600000000000000     
        1068        1068   1.46666666666667       0.400000000000000     
  0.800000000000000     
        1069        1069   1.46666666666667       0.600000000000000     
  0.200000000000000     
        1070        1070   1.46666666666667       0.600000000000000     
  0.400000000000000     
        1071        1071   1.46666666666667       0.600000000000000     
  0.600000000000000     
        1072        1072   1.46666666666667       0.600000000000000     
  0.800000000000000     
        1073        1073   1.46666666666667       0.800000000000000     
  0.200000000000000     
        1074        1074   1.46666666666667       0.800000000000000     
  0.400000000000000     
        1075        1075   1.46666666666667       0.800000000000000     
  0.600000000000000     
        1076        1076   1.46666666666667       0.800000000000000     
  0.800000000000000     
        1077        1077   1.60000000000000       0.200000000000000     
  0.200000000000000     
        1078        1078   1.60000000000000       0.200000000000000     
  0.400000000000000     
        1079        1079   1.60000000000000       0.200000000000000     
  0.600000000000000     
        1080        1080   1.60000000000000       0.200000000000000     
  0.800000000000000     
        1081        1081   1.60000000000000       0.400000000000000     
  0.200000000000000     
        1082        1082   1.60000000000000       0.400000000000000     
  0.400000000000000     
        1083        1083   1.60000000000000       0.400000000000000     
  0.600000000000000     
        1084        1084   1.60000000000000       0.400000000000000     
  0.800000000000000     
        1085        1085   1.60000000000000       0.600000000000000     
  0.200000000000000     
        1086        1086   1.60000000000000       0.600000000000000     
  0.400000000000000     
        1087        1087   1.60000000000000       0.600000000000000     
  0.600000000000000     
        1088        1088   1.60000000000000       0.600000000000000     
  0.800000000000000     
        1089        1089   1.60000000000000       0.800000000000000     
  0.200000000000000     
        1090        1090   1.60000000000000       0.800000000000000     
  0.400000000000000     
        1091        1091   1.60000000000000       0.800000000000000     
  0.600000000000000     
        1092        1092   1.60000000000000       0.800000000000000     
  0.800000000000000     
        1093        1093   1.73333333333333       0.200000000000000     
  0.200000000000000     
        1094        1094   1.73333333333333       0.200000000000000     
  0.400000000000000     
        1095        1095   1.73333333333333       0.200000000000000     
  0.600000000000000     
        1096        1096   1.73333333333333       0.200000000000000     
  0.800000000000000     
        1097        1097   1.73333333333333       0.400000000000000     
  0.200000000000000     
        1098        1098   1.73333333333333       0.400000000000000     
  0.400000000000000     
        1099        1099   1.73333333333333       0.400000000000000     
  0.600000000000000     
        1100        1100   1.73333333333333       0.400000000000000     
  0.800000000000000     
        1101        1101   1.73333333333333       0.600000000000000     
  0.200000000000000     
        1102        1102   1.73333333333333       0.600000000000000     
  0.400000000000000     
        1103        1103   1.73333333333333       0.600000000000000     
  0.600000000000000     
        1104        1104   1.73333333333333       0.600000000000000     
  0.800000000000000     
        1105        1105   1.73333333333333       0.800000000000000     
  0.200000000000000     
        1106        1106   1.73333333333333       0.800000000000000     
  0.400000000000000     
        1107        1107   1.73333333333333       0.800000000000000     
  0.600000000000000     
        1108        1108   1.73333333333333       0.800000000000000     
  0.800000000000000     
        1109        1109   1.86666666666667       0.200000000000000     
  0.200000000000000     
        1110        1110   1.86666666666667       0.200000000000000     
  0.400000000000000     
        1111        1111   1.86666666666667       0.200000000000000     
  0.600000000000000     
        1112        1112   1.86666666666667       0.200000000000000     
  0.800000000000000     
        1113        1113   1.86666666666667       0.400000000000000     
  0.200000000000000     
        1114        1114   1.86666666666667       0.400000000000000     
  0.400000000000000     
        1115        1115   1.86666666666667       0.400000000000000     
  0.600000000000000     
        1116        1116   1.86666666666667       0.400000000000000     
  0.800000000000000     
        1117        1117   1.86666666666667       0.600000000000000     
  0.200000000000000     
        1118        1118   1.86666666666667       0.600000000000000     
  0.400000000000000     
        1119        1119   1.86666666666667       0.600000000000000     
  0.600000000000000     
        1120        1120   1.86666666666667       0.600000000000000     
  0.800000000000000     
        1121        1121   1.86666666666667       0.800000000000000     
  0.200000000000000     
        1122        1122   1.86666666666667       0.800000000000000     
  0.400000000000000     
        1123        1123   1.86666666666667       0.800000000000000     
  0.600000000000000     
        1124        1124   1.86666666666667       0.800000000000000     
  0.800000000000000     
        1125        1125   2.20000000000000       0.200000000000000     
  0.200000000000000     
        1126        1126   2.20000000000000       0.200000000000000     
  0.400000000000000     
        1127        1127   2.20000000000000       0.200000000000000     
  0.600000000000000     
        1128        1128   2.20000000000000       0.200000000000000     
  0.800000000000000     
        1129        1129   2.20000000000000       0.400000000000000     
  0.200000000000000     
        1130        1130   2.20000000000000       0.400000000000000     
  0.400000000000000     
        1131        1131   2.20000000000000       0.400000000000000     
  0.600000000000000     
        1132        1132   2.20000000000000       0.400000000000000     
  0.800000000000000     
        1133        1133   2.20000000000000       0.600000000000000     
  0.200000000000000     
        1134        1134   2.20000000000000       0.600000000000000     
  0.400000000000000     
        1135        1135   2.20000000000000       0.600000000000000     
  0.600000000000000     
        1136        1136   2.20000000000000       0.600000000000000     
  0.800000000000000     
        1137        1137   2.20000000000000       0.800000000000000     
  0.200000000000000     
        1138        1138   2.20000000000000       0.800000000000000     
  0.400000000000000     
        1139        1139   2.20000000000000       0.800000000000000     
  0.600000000000000     
        1140        1140   2.20000000000000       0.800000000000000     
  0.800000000000000     
        1141        1141   2.40000000000000       0.200000000000000     
  0.200000000000000     
        1142        1142   2.40000000000000       0.200000000000000     
  0.400000000000000     
        1143        1143   2.40000000000000       0.200000000000000     
  0.600000000000000     
        1144        1144   2.40000000000000       0.200000000000000     
  0.800000000000000     
        1145        1145   2.40000000000000       0.400000000000000     
  0.200000000000000     
        1146        1146   2.40000000000000       0.400000000000000     
  0.400000000000000     
        1147        1147   2.40000000000000       0.400000000000000     
  0.600000000000000     
        1148        1148   2.40000000000000       0.400000000000000     
  0.800000000000000     
        1149        1149   2.40000000000000       0.600000000000000     
  0.200000000000000     
        1150        1150   2.40000000000000       0.600000000000000     
  0.400000000000000     
        1151        1151   2.40000000000000       0.600000000000000     
  0.600000000000000     
        1152        1152   2.40000000000000       0.600000000000000     
  0.800000000000000     
        1153        1153   2.40000000000000       0.800000000000000     
  0.200000000000000     
        1154        1154   2.40000000000000       0.800000000000000     
  0.400000000000000     
        1155        1155   2.40000000000000       0.800000000000000     
  0.600000000000000     
        1156        1156   2.40000000000000       0.800000000000000     
  0.800000000000000     
        1157        1157   2.60000000000000       0.200000000000000     
  0.200000000000000     
        1158        1158   2.60000000000000       0.200000000000000     
  0.400000000000000     
        1159        1159   2.60000000000000       0.200000000000000     
  0.600000000000000     
        1160        1160   2.60000000000000       0.200000000000000     
  0.800000000000000     
        1161        1161   2.60000000000000       0.400000000000000     
  0.200000000000000     
        1162        1162   2.60000000000000       0.400000000000000     
  0.400000000000000     
        1163        1163   2.60000000000000       0.400000000000000     
  0.600000000000000     
        1164        1164   2.60000000000000       0.400000000000000     
  0.800000000000000     
        1165        1165   2.60000000000000       0.600000000000000     
  0.200000000000000     
        1166        1166   2.60000000000000       0.600000000000000     
  0.400000000000000     
        1167        1167   2.60000000000000       0.600000000000000     
  0.600000000000000     
        1168        1168   2.60000000000000       0.600000000000000     
  0.800000000000000     
        1169        1169   2.60000000000000       0.800000000000000     
  0.200000000000000     
        1170        1170   2.60000000000000       0.800000000000000     
  0.400000000000000     
        1171        1171   2.60000000000000       0.800000000000000     
  0.600000000000000     
        1172        1172   2.60000000000000       0.800000000000000     
  0.800000000000000     
        1173        1173   2.80000000000000       0.200000000000000     
  0.200000000000000     
        1174        1174   2.80000000000000       0.200000000000000     
  0.400000000000000     
        1175        1175   2.80000000000000       0.200000000000000     
  0.600000000000000     
        1176        1176   2.80000000000000       0.200000000000000     
  0.800000000000000     
        1177        1177   2.80000000000000       0.400000000000000     
  0.200000000000000     
        1178        1178   2.80000000000000       0.400000000000000     
  0.400000000000000     
        1179        1179   2.80000000000000       0.400000000000000     
  0.600000000000000     
        1180        1180   2.80000000000000       0.400000000000000     
  0.800000000000000     
        1181        1181   2.80000000000000       0.600000000000000     
  0.200000000000000     
        1182        1182   2.80000000000000       0.600000000000000     
  0.400000000000000     
        1183        1183   2.80000000000000       0.600000000000000     
  0.600000000000000     
        1184        1184   2.80000000000000       0.600000000000000     
  0.800000000000000     
        1185        1185   2.80000000000000       0.800000000000000     
  0.200000000000000     
        1186        1186   2.80000000000000       0.800000000000000     
  0.400000000000000     
        1187        1187   2.80000000000000       0.800000000000000     
  0.600000000000000     
        1188        1188   2.80000000000000       0.800000000000000     
  0.800000000000000     
        1189        1189   2.20000000000000        1.20000000000000     
  0.200000000000000     
        1190        1190   2.20000000000000        1.20000000000000     
  0.400000000000000     
        1191        1191   2.20000000000000        1.20000000000000     
  0.600000000000000     
        1192        1192   2.20000000000000        1.20000000000000     
  0.800000000000000     
        1193        1193   2.20000000000000        1.40000000000000     
  0.200000000000000     
        1194        1194   2.20000000000000        1.40000000000000     
  0.400000000000000     
        1195        1195   2.20000000000000        1.40000000000000     
  0.600000000000000     
        1196        1196   2.20000000000000        1.40000000000000     
  0.800000000000000     
        1197        1197   2.20000000000000        1.60000000000000     
  0.200000000000000     
        1198        1198   2.20000000000000        1.60000000000000     
  0.400000000000000     
        1199        1199   2.20000000000000        1.60000000000000     
  0.600000000000000     
        1200        1200   2.20000000000000        1.60000000000000     
  0.800000000000000     
        1201        1201   2.20000000000000        1.80000000000000     
  0.200000000000000     
        1202        1202   2.20000000000000        1.80000000000000     
  0.400000000000000     
        1203        1203   2.20000000000000        1.80000000000000     
  0.600000000000000     
        1204        1204   2.20000000000000        1.80000000000000     
  0.800000000000000     
        1205        1205   2.40000000000000        1.20000000000000     
  0.200000000000000     
        1206        1206   2.40000000000000        1.20000000000000     
  0.400000000000000     
        1207        1207   2.40000000000000        1.20000000000000     
  0.600000000000000     
        1208        1208   2.40000000000000        1.20000000000000     
  0.800000000000000     
        1209        1209   2.40000000000000        1.40000000000000     
  0.200000000000000     
        1210        1210   2.40000000000000        1.40000000000000     
  0.400000000000000     
        1211        1211   2.40000000000000        1.40000000000000     
  0.600000000000000     
        1212        1212   2.40000000000000        1.40000000000000     
  0.800000000000000     
        1213        1213   2.40000000000000        1.60000000000000     
  0.200000000000000     
        1214        1214   2.40000000000000        1.60000000000000     
  0.400000000000000     
        1215        1215   2.40000000000000        1.60000000000000     
  0.600000000000000     
        1216        1216   2.40000000000000        1.60000000000000     
  0.800000000000000     
        1217        1217   2.40000000000000        1.80000000000000     
  0.200000000000000     
        1218        1218   2.40000000000000        1.80000000000000     
  0.400000000000000     
        1219        1219   2.40000000000000        1.80000000000000     
  0.600000000000000     
        1220        1220   2.40000000000000        1.80000000000000     
  0.800000000000000     
        1221        1221   2.60000000000000        1.20000000000000     
  0.200000000000000     
        1222        1222   2.60000000000000        1.20000000000000     
  0.400000000000000     
        1223        1223   2.60000000000000        1.20000000000000     
  0.600000000000000     
        1224        1224   2.60000000000000        1.20000000000000     
  0.800000000000000     
        1225        1225   2.60000000000000        1.40000000000000     
  0.200000000000000     
        1226        1226   2.60000000000000        1.40000000000000     
  0.400000000000000     
        1227        1227   2.60000000000000        1.40000000000000     
  0.600000000000000     
        1228        1228   2.60000000000000        1.40000000000000     
  0.800000000000000     
        1229        1229   2.60000000000000        1.60000000000000     
  0.200000000000000     
        1230        1230   2.60000000000000        1.60000000000000     
  0.400000000000000     
        1231        1231   2.60000000000000        1.60000000000000     
  0.600000000000000     
        1232        1232   2.60000000000000        1.60000000000000     
  0.800000000000000     
        1233        1233   2.60000000000000        1.80000000000000     
  0.200000000000000     
        1234        1234   2.60000000000000        1.80000000000000     
  0.400000000000000     
        1235        1235   2.60000000000000        1.80000000000000     
  0.600000000000000     
        1236        1236   2.60000000000000        1.80000000000000     
  0.800000000000000     
        1237        1237   2.80000000000000        1.20000000000000     
  0.200000000000000     
        1238        1238   2.80000000000000        1.20000000000000     
  0.400000000000000     
        1239        1239   2.80000000000000        1.20000000000000     
  0.600000000000000     
        1240        1240   2.80000000000000        1.20000000000000     
  0.800000000000000     
        1241        1241   2.80000000000000        1.40000000000000     
  0.200000000000000     
        1242        1242   2.80000000000000        1.40000000000000     
  0.400000000000000     
        1243        1243   2.80000000000000        1.40000000000000     
  0.600000000000000     
        1244        1244   2.80000000000000        1.40000000000000     
  0.800000000000000     
        1245        1245   2.80000000000000        1.60000000000000     
  0.200000000000000     
        1246        1246   2.80000000000000        1.60000000000000     
  0.400000000000000     
        1247        1247   2.80000000000000        1.60000000000000     
  0.600000000000000     
        1248        1248   2.80000000000000        1.60000000000000     
  0.800000000000000     
        1249        1249   2.80000000000000        1.80000000000000     
  0.200000000000000     
        1250        1250   2.80000000000000        1.80000000000000     
  0.400000000000000     
        1251        1251   2.80000000000000        1.80000000000000     
  0.600000000000000     
        1252        1252   2.80000000000000        1.80000000000000     
  0.800000000000000     
        1253        1253   3.13333333333333        1.20000000000000     
  0.200000000000000     
        1254        1254   3.13333333333333        1.20000000000000     
  0.400000000000000     
        1255        1255   3.13333333333333        1.20000000000000     
  0.600000000000000     
        1256        1256   3.13333333333333        1.20000000000000     
  0.800000000000000     
        1257        1257   3.13333333333333        1.40000000000000     
  0.200000000000000     
        1258        1258   3.13333333333333        1.40000000000000     
  0.400000000000000     
        1259        1259   3.13333333333333        1.40000000000000     
  0.600000000000000     
        1260        1260   3.13333333333333        1.40000000000000     
  0.800000000000000     
        1261        1261   3.13333333333333        1.60000000000000     
  0.200000000000000     
        1262        1262   3.13333333333333        1.60000000000000     
  0.400000000000000     
        1263        1263   3.13333333333333        1.60000000000000     
  0.600000000000000     
        1264        1264   3.13333333333333        1.60000000000000     
  0.800000000000000     
        1265        1265   3.13333333333333        1.80000000000000     
  0.200000000000000     
        1266        1266   3.13333333333333        1.80000000000000     
  0.400000000000000     
        1267        1267   3.13333333333333        1.80000000000000     
  0.600000000000000     
        1268        1268   3.13333333333333        1.80000000000000     
  0.800000000000000     
        1269        1269   3.26666666666667        1.20000000000000     
  0.200000000000000     
        1270        1270   3.26666666666667        1.20000000000000     
  0.400000000000000     
        1271        1271   3.26666666666667        1.20000000000000     
  0.600000000000000     
        1272        1272   3.26666666666667        1.20000000000000     
  0.800000000000000     
        1273        1273   3.26666666666667        1.40000000000000     
  0.200000000000000     
        1274        1274   3.26666666666667        1.40000000000000     
  0.400000000000000     
        1275        1275   3.26666666666667        1.40000000000000     
  0.600000000000000     
        1276        1276   3.26666666666667        1.40000000000000     
  0.800000000000000     
        1277        1277   3.26666666666667        1.60000000000000     
  0.200000000000000     
        1278        1278   3.26666666666667        1.60000000000000     
  0.400000000000000     
        1279        1279   3.26666666666667        1.60000000000000     
  0.600000000000000     
        1280        1280   3.26666666666667        1.60000000000000     
  0.800000000000000     
        1281        1281   3.26666666666667        1.80000000000000     
  0.200000000000000     
        1282        1282   3.26666666666667        1.80000000000000     
  0.400000000000000     
        1283        1283   3.26666666666667        1.80000000000000     
  0.600000000000000     
        1284        1284   3.26666666666667        1.80000000000000     
  0.800000000000000     
        1285        1285   3.40000000000000        1.20000000000000     
  0.200000000000000     
        1286        1286   3.40000000000000        1.20000000000000     
  0.400000000000000     
        1287        1287   3.40000000000000        1.20000000000000     
  0.600000000000000     
        1288        1288   3.40000000000000        1.20000000000000     
  0.800000000000000     
        1289        1289   3.40000000000000        1.40000000000000     
  0.200000000000000     
        1290        1290   3.40000000000000        1.40000000000000     
  0.400000000000000     
        1291        1291   3.40000000000000        1.40000000000000     
  0.600000000000000     
        1292        1292   3.40000000000000        1.40000000000000     
  0.800000000000000     
        1293        1293   3.40000000000000        1.60000000000000     
  0.200000000000000     
        1294        1294   3.40000000000000        1.60000000000000     
  0.400000000000000     
        1295        1295   3.40000000000000        1.60000000000000     
  0.600000000000000     
        1296        1296   3.40000000000000        1.60000000000000     
  0.800000000000000     
        1297        1297   3.40000000000000        1.80000000000000     
  0.200000000000000     
        1298        1298   3.40000000000000        1.80000000000000     
  0.400000000000000     
        1299        1299   3.40000000000000        1.80000000000000     
  0.600000000000000     
        1300        1300   3.40000000000000        1.80000000000000     
  0.800000000000000     
        1301        1301   3.53333333333333        1.20000000000000     
  0.200000000000000     
        1302        1302   3.53333333333333        1.20000000000000     
  0.400000000000000     
        1303        1303   3.53333333333333        1.20000000000000     
  0.600000000000000     
        1304        1304   3.53333333333333        1.20000000000000     
  0.800000000000000     
        1305        1305   3.53333333333333        1.40000000000000     
  0.200000000000000     
        1306        1306   3.53333333333333        1.40000000000000     
  0.400000000000000     
        1307        1307   3.53333333333333        1.40000000000000     
  0.600000000000000     
        1308        1308   3.53333333333333        1.40000000000000     
  0.800000000000000     
        1309        1309   3.53333333333333        1.60000000000000     
  0.200000000000000     
        1310        1310   3.53333333333333        1.60000000000000     
  0.400000000000000     
        1311        1311   3.53333333333333        1.60000000000000     
  0.600000000000000     
        1312        1312   3.53333333333333        1.60000000000000     
  0.800000000000000     
        1313        1313   3.53333333333333        1.80000000000000     
  0.200000000000000     
        1314        1314   3.53333333333333        1.80000000000000     
  0.400000000000000     
        1315        1315   3.53333333333333        1.80000000000000     
  0.600000000000000     
        1316        1316   3.53333333333333        1.80000000000000     
  0.800000000000000     
        1317        1317   3.66666666666667        1.20000000000000     
  0.200000000000000     
        1318        1318   3.66666666666667        1.20000000000000     
  0.400000000000000     
        1319        1319   3.66666666666667        1.20000000000000     
  0.600000000000000     
        1320        1320   3.66666666666667        1.20000000000000     
  0.800000000000000     
        1321        1321   3.66666666666667        1.40000000000000     
  0.200000000000000     
        1322        1322   3.66666666666667        1.40000000000000     
  0.400000000000000     
        1323        1323   3.66666666666667        1.40000000000000     
  0.600000000000000     
        1324        1324   3.66666666666667        1.40000000000000     
  0.800000000000000     
        1325        1325   3.66666666666667        1.60000000000000     
  0.200000000000000     
        1326        1326   3.66666666666667        1.60000000000000     
  0.400000000000000     
        1327        1327   3.66666666666667        1.60000000000000     
  0.600000000000000     
        1328        1328   3.66666666666667        1.60000000000000     
  0.800000000000000     
        1329        1329   3.66666666666667        1.80000000000000     
  0.200000000000000     
        1330        1330   3.66666666666667        1.80000000000000     
  0.400000000000000     
        1331        1331   3.66666666666667        1.80000000000000     
  0.600000000000000     
        1332        1332   3.66666666666667        1.80000000000000     
  0.800000000000000     
        1333        1333   3.80000000000000        1.20000000000000     
  0.200000000000000     
        1334        1334   3.80000000000000        1.20000000000000     
  0.400000000000000     
        1335        1335   3.80000000000000        1.20000000000000     
  0.600000000000000     
        1336        1336   3.80000000000000        1.20000000000000     
  0.800000000000000     
        1337        1337   3.80000000000000        1.40000000000000     
  0.200000000000000     
        1338        1338   3.80000000000000        1.40000000000000     
  0.400000000000000     
        1339        1339   3.80000000000000        1.40000000000000     
  0.600000000000000     
        1340        1340   3.80000000000000        1.40000000000000     
  0.800000000000000     
        1341        1341   3.80000000000000        1.60000000000000     
  0.200000000000000     
        1342        1342   3.80000000000000        1.60000000000000     
  0.400000000000000     
        1343        1343   3.80000000000000        1.60000000000000     
  0.600000000000000     
        1344        1344   3.80000000000000        1.60000000000000     
  0.800000000000000     
        1345        1345   3.80000000000000        1.80000000000000     
  0.200000000000000     
        1346        1346   3.80000000000000        1.80000000000000     
  0.400000000000000     
        1347        1347   3.80000000000000        1.80000000000000     
  0.600000000000000     
        1348        1348   3.80000000000000        1.80000000000000     
  0.800000000000000     
        1349        1349   3.93333333333333        1.20000000000000     
  0.200000000000000     
        1350        1350   3.93333333333333        1.20000000000000     
  0.400000000000000     
        1351        1351   3.93333333333333        1.20000000000000     
  0.600000000000000     
        1352        1352   3.93333333333333        1.20000000000000     
  0.800000000000000     
        1353        1353   3.93333333333333        1.40000000000000     
  0.200000000000000     
        1354        1354   3.93333333333333        1.40000000000000     
  0.400000000000000     
        1355        1355   3.93333333333333        1.40000000000000     
  0.600000000000000     
        1356        1356   3.93333333333333        1.40000000000000     
  0.800000000000000     
        1357        1357   3.93333333333333        1.60000000000000     
  0.200000000000000     
        1358        1358   3.93333333333333        1.60000000000000     
  0.400000000000000     
        1359        1359   3.93333333333333        1.60000000000000     
  0.600000000000000     
        1360        1360   3.93333333333333        1.60000000000000     
  0.800000000000000     
        1361        1361   3.93333333333333        1.80000000000000     
  0.200000000000000     
        1362        1362   3.93333333333333        1.80000000000000     
  0.400000000000000     
        1363        1363   3.93333333333333        1.80000000000000     
  0.600000000000000     
        1364        1364   3.93333333333333        1.80000000000000     
  0.800000000000000     
        1365        1365   4.06666666666667        1.20000000000000     
  0.200000000000000     
        1366        1366   4.06666666666667        1.20000000000000     
  0.400000000000000     
        1367        1367   4.06666666666667        1.20000000000000     
  0.600000000000000     
        1368        1368   4.06666666666667        1.20000000000000     
  0.800000000000000     
        1369        1369   4.06666666666667        1.40000000000000     
  0.200000000000000     
        1370        1370   4.06666666666667        1.40000000000000     
  0.400000000000000     
        1371        1371   4.06666666666667        1.40000000000000     
  0.600000000000000     
        1372        1372   4.06666666666667        1.40000000000000     
  0.800000000000000     
        1373        1373   4.06666666666667        1.60000000000000     
  0.200000000000000     
        1374        1374   4.06666666666667        1.60000000000000     
  0.400000000000000     
        1375        1375   4.06666666666667        1.60000000000000     
  0.600000000000000     
        1376        1376   4.06666666666667        1.60000000000000     
  0.800000000000000     
        1377        1377   4.06666666666667        1.80000000000000     
  0.200000000000000     
        1378        1378   4.06666666666667        1.80000000000000     
  0.400000000000000     
        1379        1379   4.06666666666667        1.80000000000000     
  0.600000000000000     
        1380        1380   4.06666666666667        1.80000000000000     
  0.800000000000000     
        1381        1381   4.20000000000000        1.20000000000000     
  0.200000000000000     
        1382        1382   4.20000000000000        1.20000000000000     
  0.400000000000000     
        1383        1383   4.20000000000000        1.20000000000000     
  0.600000000000000     
        1384        1384   4.20000000000000        1.20000000000000     
  0.800000000000000     
        1385        1385   4.20000000000000        1.40000000000000     
  0.200000000000000     
        1386        1386   4.20000000000000        1.40000000000000     
  0.400000000000000     
        1387        1387   4.20000000000000        1.40000000000000     
  0.600000000000000     
        1388        1388   4.20000000000000        1.40000000000000     
  0.800000000000000     
        1389        1389   4.20000000000000        1.60000000000000     
  0.200000000000000     
        1390        1390   4.20000000000000        1.60000000000000     
  0.400000000000000     
        1391        1391   4.20000000000000        1.60000000000000     
  0.600000000000000     
        1392        1392   4.20000000000000        1.60000000000000     
  0.800000000000000     
        1393        1393   4.20000000000000        1.80000000000000     
  0.200000000000000     
        1394        1394   4.20000000000000        1.80000000000000     
  0.400000000000000     
        1395        1395   4.20000000000000        1.80000000000000     
  0.600000000000000     
        1396        1396   4.20000000000000        1.80000000000000     
  0.800000000000000     
        1397        1397   4.33333333333333        1.20000000000000     
  0.200000000000000     
        1398        1398   4.33333333333333        1.20000000000000     
  0.400000000000000     
        1399        1399   4.33333333333333        1.20000000000000     
  0.600000000000000     
        1400        1400   4.33333333333333        1.20000000000000     
  0.800000000000000     
        1401        1401   4.33333333333333        1.40000000000000     
  0.200000000000000     
        1402        1402   4.33333333333333        1.40000000000000     
  0.400000000000000     
        1403        1403   4.33333333333333        1.40000000000000     
  0.600000000000000     
        1404        1404   4.33333333333333        1.40000000000000     
  0.800000000000000     
        1405        1405   4.33333333333333        1.60000000000000     
  0.200000000000000     
        1406        1406   4.33333333333333        1.60000000000000     
  0.400000000000000     
        1407        1407   4.33333333333333        1.60000000000000     
  0.600000000000000     
        1408        1408   4.33333333333333        1.60000000000000     
  0.800000000000000     
        1409        1409   4.33333333333333        1.80000000000000     
  0.200000000000000     
        1410        1410   4.33333333333333        1.80000000000000     
  0.400000000000000     
        1411        1411   4.33333333333333        1.80000000000000     
  0.600000000000000     
        1412        1412   4.33333333333333        1.80000000000000     
  0.800000000000000     
        1413        1413   4.46666666666667        1.20000000000000     
  0.200000000000000     
        1414        1414   4.46666666666667        1.20000000000000     
  0.400000000000000     
        1415        1415   4.46666666666667        1.20000000000000     
  0.600000000000000     
        1416        1416   4.46666666666667        1.20000000000000     
  0.800000000000000     
        1417        1417   4.46666666666667        1.40000000000000     
  0.200000000000000     
        1418        1418   4.46666666666667        1.40000000000000     
  0.400000000000000     
        1419        1419   4.46666666666667        1.40000000000000     
  0.600000000000000     
        1420        1420   4.46666666666667        1.40000000000000     
  0.800000000000000     
        1421        1421   4.46666666666667        1.60000000000000     
  0.200000000000000     
        1422        1422   4.46666666666667        1.60000000000000     
  0.400000000000000     
        1423        1423   4.46666666666667        1.60000000000000     
  0.600000000000000     
        1424        1424   4.46666666666667        1.60000000000000     
  0.800000000000000     
        1425        1425   4.46666666666667        1.80000000000000     
  0.200000000000000     
        1426        1426   4.46666666666667        1.80000000000000     
  0.400000000000000     
        1427        1427   4.46666666666667        1.80000000000000     
  0.600000000000000     
        1428        1428   4.46666666666667        1.80000000000000     
  0.800000000000000     
        1429        1429   4.60000000000000        1.20000000000000     
  0.200000000000000     
        1430        1430   4.60000000000000        1.20000000000000     
  0.400000000000000     
        1431        1431   4.60000000000000        1.20000000000000     
  0.600000000000000     
        1432        1432   4.60000000000000        1.20000000000000     
  0.800000000000000     
        1433        1433   4.60000000000000        1.40000000000000     
  0.200000000000000     
        1434        1434   4.60000000000000        1.40000000000000     
  0.400000000000000     
        1435        1435   4.60000000000000        1.40000000000000     
  0.600000000000000     
        1436        1436   4.60000000000000        1.40000000000000     
  0.800000000000000     
        1437        1437   4.60000000000000        1.60000000000000     
  0.200000000000000     
        1438        1438   4.60000000000000        1.60000000000000     
  0.400000000000000     
        1439        1439   4.60000000000000        1.60000000000000     
  0.600000000000000     
        1440        1440   4.60000000000000        1.60000000000000     
  0.800000000000000     
        1441        1441   4.60000000000000        1.80000000000000     
  0.200000000000000     
        1442        1442   4.60000000000000        1.80000000000000     
  0.400000000000000     
        1443        1443   4.60000000000000        1.80000000000000     
  0.600000000000000     
        1444        1444   4.60000000000000        1.80000000000000     
  0.800000000000000     
        1445        1445   4.73333333333333        1.20000000000000     
  0.200000000000000     
        1446        1446   4.73333333333333        1.20000000000000     
  0.400000000000000     
        1447        1447   4.73333333333333        1.20000000000000     
  0.600000000000000     
        1448        1448   4.73333333333333        1.20000000000000     
  0.800000000000000     
        1449        1449   4.73333333333333        1.40000000000000     
  0.200000000000000     
        1450        1450   4.73333333333333        1.40000000000000     
  0.400000000000000     
        1451        1451   4.73333333333333        1.40000000000000     
  0.600000000000000     
        1452        1452   4.73333333333333        1.40000000000000     
  0.800000000000000     
        1453        1453   4.73333333333333        1.60000000000000     
  0.200000000000000     
        1454        1454   4.73333333333333        1.60000000000000     
  0.400000000000000     
        1455        1455   4.73333333333333        1.60000000000000     
  0.600000000000000     
        1456        1456   4.73333333333333        1.60000000000000     
  0.800000000000000     
        1457        1457   4.73333333333333        1.80000000000000     
  0.200000000000000     
        1458        1458   4.73333333333333        1.80000000000000     
  0.400000000000000     
        1459        1459   4.73333333333333        1.80000000000000     
  0.600000000000000     
        1460        1460   4.73333333333333        1.80000000000000     
  0.800000000000000     
        1461        1461   4.86666666666667        1.20000000000000     
  0.200000000000000     
        1462        1462   4.86666666666667        1.20000000000000     
  0.400000000000000     
        1463        1463   4.86666666666667        1.20000000000000     
  0.600000000000000     
        1464        1464   4.86666666666667        1.20000000000000     
  0.800000000000000     
        1465        1465   4.86666666666667        1.40000000000000     
  0.200000000000000     
        1466        1466   4.86666666666667        1.40000000000000     
  0.400000000000000     
        1467        1467   4.86666666666667        1.40000000000000     
  0.600000000000000     
        1468        1468   4.86666666666667        1.40000000000000     
  0.800000000000000     
        1469        1469   4.86666666666667        1.60000000000000     
  0.200000000000000     
        1470        1470   4.86666666666667        1.60000000000000     
  0.400000000000000     
        1471        1471   4.86666666666667        1.60000000000000     
  0.600000000000000     
        1472        1472   4.86666666666667        1.60000000000000     
  0.800000000000000     
        1473        1473   4.86666666666667        1.80000000000000     
  0.200000000000000     
        1474        1474   4.86666666666667        1.80000000000000     
  0.400000000000000     
        1475        1475   4.86666666666667        1.80000000000000     
  0.600000000000000     
        1476        1476   4.86666666666667        1.80000000000000     
  0.800000000000000     
