        1296         343          60
           1         324         338         327         339
  0.333333333333333       0.333333333333333       0.000000000000000E+000
  0.000000000000000E+000  0.333333333333333       0.000000000000000E+000
  0.000000000000000E+000  0.333333333333333       0.333333333333333     
  0.000000000000000E+000  0.000000000000000E+000  0.000000000000000E+000
           2
           2         330         339         325         324
  0.000000000000000E+000  0.000000000000000E+000  0.333333333333333     
  0.000000000000000E+000  0.000000000000000E+000  0.000000000000000E+000
  0.333333333333333       0.000000000000000E+000  0.000000000000000E+000
  0.333333333333333       0.333333333333333       0.000000000000000E+000
           2
           3         327         339         330         324
  0.000000000000000E+000  0.333333333333333       0.333333333333333     
  0.000000000000000E+000  0.000000000000000E+000  0.000000000000000E+000
  0.000000000000000E+000  0.000000000000000E+000  0.333333333333333     
  0.333333333333333       0.333333333333333       0.000000000000000E+000
           2
           4         306         324         327         309
  0.333333333333333       0.333333333333333       0.333333333333333     
  0.333333333333333       0.333333333333333       0.000000000000000E+000
  0.000000000000000E+000  0.333333333333333       0.333333333333333     
  0.333333333333333       0.000000000000000E+000  0.333333333333333     
           2
           5         309         330         325         324
  0.333333333333333       0.000000000000000E+000  0.333333333333333     
  0.000000000000000E+000  0.000000000000000E+000  0.333333333333333     
  0.333333333333333       0.000000000000000E+000  0.000000000000000E+000
  0.333333333333333       0.333333333333333       0.000000000000000E+000
           2
           6         309         327         330         324
  0.333333333333333       0.000000000000000E+000  0.333333333333333     
  0.000000000000000E+000  0.333333333333333       0.333333333333333     
  0.000000000000000E+000  0.000000000000000E+000  0.333333333333333     
  0.333333333333333       0.333333333333333       0.000000000000000E+000
           2
           7         306         327         317         330
  0.333333333333333       0.333333333333333       0.333333333333333     
  0.000000000000000E+000  0.333333333333333       0.333333333333333     
  0.000000000000000E+000  0.333333333333333       0.666666666666667     
  0.000000000000000E+000  0.000000000000000E+000  0.333333333333333     
           2
           8         319         330         309         306
  0.000000000000000E+000  0.000000000000000E+000  0.666666666666667     
  0.000000000000000E+000  0.000000000000000E+000  0.333333333333333     
  0.333333333333333       0.000000000000000E+000  0.333333333333333     
  0.333333333333333       0.333333333333333       0.333333333333333     
           2
           9         317         330         319         306
  0.000000000000000E+000  0.333333333333333       0.666666666666667     
  0.000000000000000E+000  0.000000000000000E+000  0.333333333333333     
  0.000000000000000E+000  0.000000000000000E+000  0.666666666666667     
  0.333333333333333       0.333333333333333       0.333333333333333     
           2
          10         289         306         317         291
  0.333333333333333       0.333333333333333       0.666666666666667     
  0.333333333333333       0.333333333333333       0.333333333333333     
  0.000000000000000E+000  0.333333333333333       0.666666666666667     
  0.333333333333333       0.000000000000000E+000  0.666666666666667     
           2
          11         291         319         309         306
  0.333333333333333       0.000000000000000E+000  0.666666666666667     
  0.000000000000000E+000  0.000000000000000E+000  0.666666666666667     
  0.333333333333333       0.000000000000000E+000  0.333333333333333     
  0.333333333333333       0.333333333333333       0.333333333333333     
           2
          12         291         317         319         306
  0.333333333333333       0.000000000000000E+000  0.666666666666667     
  0.000000000000000E+000  0.333333333333333       0.666666666666667     
  0.000000000000000E+000  0.000000000000000E+000  0.666666666666667     
  0.333333333333333       0.333333333333333       0.333333333333333     
           2
          13         289         317         297         319
  0.333333333333333       0.333333333333333       0.666666666666667     
  0.000000000000000E+000  0.333333333333333       0.666666666666667     
  0.000000000000000E+000  0.333333333333333        1.00000000000000     
  0.000000000000000E+000  0.000000000000000E+000  0.666666666666667     
           2
          14         299         319         291         289
  0.000000000000000E+000  0.000000000000000E+000   1.00000000000000     
  0.000000000000000E+000  0.000000000000000E+000  0.666666666666667     
  0.333333333333333       0.000000000000000E+000  0.666666666666667     
  0.333333333333333       0.333333333333333       0.666666666666667     
           2
          15         297         319         299         289
  0.000000000000000E+000  0.333333333333333        1.00000000000000     
  0.000000000000000E+000  0.000000000000000E+000  0.666666666666667     
  0.000000000000000E+000  0.000000000000000E+000   1.00000000000000     
  0.333333333333333       0.333333333333333       0.666666666666667     
           2
          16         262         289         297         264
  0.333333333333333       0.333333333333333        1.00000000000000     
  0.333333333333333       0.333333333333333       0.666666666666667     
  0.000000000000000E+000  0.333333333333333        1.00000000000000     
  0.333333333333333       0.000000000000000E+000   1.00000000000000     
           2
          17         264         299         291         289
  0.333333333333333       0.000000000000000E+000   1.00000000000000     
  0.000000000000000E+000  0.000000000000000E+000   1.00000000000000     
  0.333333333333333       0.000000000000000E+000  0.666666666666667     
  0.333333333333333       0.333333333333333       0.666666666666667     
           2
          18         264         297         299         289
  0.333333333333333       0.000000000000000E+000   1.00000000000000     
  0.000000000000000E+000  0.333333333333333        1.00000000000000     
  0.000000000000000E+000  0.000000000000000E+000   1.00000000000000     
  0.333333333333333       0.333333333333333       0.666666666666667     
           2
          19         323         337         326         338
  0.333333333333333       0.666666666666667       0.000000000000000E+000
  0.000000000000000E+000  0.666666666666667       0.000000000000000E+000
  0.000000000000000E+000  0.666666666666667       0.333333333333333     
  0.000000000000000E+000  0.333333333333333       0.000000000000000E+000
           2
          20         327         338         324         323
  0.000000000000000E+000  0.333333333333333       0.333333333333333     
  0.000000000000000E+000  0.333333333333333       0.000000000000000E+000
  0.333333333333333       0.333333333333333       0.000000000000000E+000
  0.333333333333333       0.666666666666667       0.000000000000000E+000
           2
          21         326         338         327         323
  0.000000000000000E+000  0.666666666666667       0.333333333333333     
  0.000000000000000E+000  0.333333333333333       0.000000000000000E+000
  0.000000000000000E+000  0.333333333333333       0.333333333333333     
  0.333333333333333       0.666666666666667       0.000000000000000E+000
           2
          22         305         323         326         306
  0.333333333333333       0.666666666666667       0.333333333333333     
  0.333333333333333       0.666666666666667       0.000000000000000E+000
  0.000000000000000E+000  0.666666666666667       0.333333333333333     
  0.333333333333333       0.333333333333333       0.333333333333333     
           2
          23         306         327         324         323
  0.333333333333333       0.333333333333333       0.333333333333333     
  0.000000000000000E+000  0.333333333333333       0.333333333333333     
  0.333333333333333       0.333333333333333       0.000000000000000E+000
  0.333333333333333       0.666666666666667       0.000000000000000E+000
           2
          24         306         326         327         323
  0.333333333333333       0.333333333333333       0.333333333333333     
  0.000000000000000E+000  0.666666666666667       0.333333333333333     
  0.000000000000000E+000  0.333333333333333       0.333333333333333     
  0.333333333333333       0.666666666666667       0.000000000000000E+000
           2
          25         305         326         316         327
  0.333333333333333       0.666666666666667       0.333333333333333     
  0.000000000000000E+000  0.666666666666667       0.333333333333333     
  0.000000000000000E+000  0.666666666666667       0.666666666666667     
  0.000000000000000E+000  0.333333333333333       0.333333333333333     
           2
          26         317         327         306         305
  0.000000000000000E+000  0.333333333333333       0.666666666666667     
  0.000000000000000E+000  0.333333333333333       0.333333333333333     
  0.333333333333333       0.333333333333333       0.333333333333333     
  0.333333333333333       0.666666666666667       0.333333333333333     
           2
          27         316         327         317         305
  0.000000000000000E+000  0.666666666666667       0.666666666666667     
  0.000000000000000E+000  0.333333333333333       0.333333333333333     
  0.000000000000000E+000  0.333333333333333       0.666666666666667     
  0.333333333333333       0.666666666666667       0.333333333333333     
           2
          28         288         305         316         289
  0.333333333333333       0.666666666666667       0.666666666666667     
  0.333333333333333       0.666666666666667       0.333333333333333     
  0.000000000000000E+000  0.666666666666667       0.666666666666667     
  0.333333333333333       0.333333333333333       0.666666666666667     
           2
          29         289         317         306         305
  0.333333333333333       0.333333333333333       0.666666666666667     
  0.000000000000000E+000  0.333333333333333       0.666666666666667     
  0.333333333333333       0.333333333333333       0.333333333333333     
  0.333333333333333       0.666666666666667       0.333333333333333     
           2
          30         289         316         317         305
  0.333333333333333       0.333333333333333       0.666666666666667     
  0.000000000000000E+000  0.666666666666667       0.666666666666667     
  0.000000000000000E+000  0.333333333333333       0.666666666666667     
  0.333333333333333       0.666666666666667       0.333333333333333     
           2
          31         288         316         295         317
  0.333333333333333       0.666666666666667       0.666666666666667     
  0.000000000000000E+000  0.666666666666667       0.666666666666667     
  0.000000000000000E+000  0.666666666666667        1.00000000000000     
  0.000000000000000E+000  0.333333333333333       0.666666666666667     
           2
          32         297         317         289         288
  0.000000000000000E+000  0.333333333333333        1.00000000000000     
  0.000000000000000E+000  0.333333333333333       0.666666666666667     
  0.333333333333333       0.333333333333333       0.666666666666667     
  0.333333333333333       0.666666666666667       0.666666666666667     
           2
          33         295         317         297         288
  0.000000000000000E+000  0.666666666666667        1.00000000000000     
  0.000000000000000E+000  0.333333333333333       0.666666666666667     
  0.000000000000000E+000  0.333333333333333        1.00000000000000     
  0.333333333333333       0.666666666666667       0.666666666666667     
           2
          34         260         288         295         262
  0.333333333333333       0.666666666666667        1.00000000000000     
  0.333333333333333       0.666666666666667       0.666666666666667     
  0.000000000000000E+000  0.666666666666667        1.00000000000000     
  0.333333333333333       0.333333333333333        1.00000000000000     
           2
          35         262         297         289         288
  0.333333333333333       0.333333333333333        1.00000000000000     
  0.000000000000000E+000  0.333333333333333        1.00000000000000     
  0.333333333333333       0.333333333333333       0.666666666666667     
  0.333333333333333       0.666666666666667       0.666666666666667     
           2
          36         262         295         297         288
  0.333333333333333       0.333333333333333        1.00000000000000     
  0.000000000000000E+000  0.666666666666667        1.00000000000000     
  0.000000000000000E+000  0.333333333333333        1.00000000000000     
  0.333333333333333       0.666666666666667       0.666666666666667     
           2
          37         328         340         329         337
  0.333333333333333        1.00000000000000       0.000000000000000E+000
  0.000000000000000E+000   1.00000000000000       0.000000000000000E+000
  0.000000000000000E+000   1.00000000000000       0.333333333333333     
  0.000000000000000E+000  0.666666666666667       0.000000000000000E+000
           2
          38         326         337         323         328
  0.000000000000000E+000  0.666666666666667       0.333333333333333     
  0.000000000000000E+000  0.666666666666667       0.000000000000000E+000
  0.333333333333333       0.666666666666667       0.000000000000000E+000
  0.333333333333333        1.00000000000000       0.000000000000000E+000
           2
          39         329         337         326         328
  0.000000000000000E+000   1.00000000000000       0.333333333333333     
  0.000000000000000E+000  0.666666666666667       0.000000000000000E+000
  0.000000000000000E+000  0.666666666666667       0.333333333333333     
  0.333333333333333        1.00000000000000       0.000000000000000E+000
           2
          40         308         328         329         305
  0.333333333333333        1.00000000000000       0.333333333333333     
  0.333333333333333        1.00000000000000       0.000000000000000E+000
  0.000000000000000E+000   1.00000000000000       0.333333333333333     
  0.333333333333333       0.666666666666667       0.333333333333333     
           2
          41         305         326         323         328
  0.333333333333333       0.666666666666667       0.333333333333333     
  0.000000000000000E+000  0.666666666666667       0.333333333333333     
  0.333333333333333       0.666666666666667       0.000000000000000E+000
  0.333333333333333        1.00000000000000       0.000000000000000E+000
           2
          42         305         329         326         328
  0.333333333333333       0.666666666666667       0.333333333333333     
  0.000000000000000E+000   1.00000000000000       0.333333333333333     
  0.000000000000000E+000  0.666666666666667       0.333333333333333     
  0.333333333333333        1.00000000000000       0.000000000000000E+000
           2
          43         308         329         318         326
  0.333333333333333        1.00000000000000       0.333333333333333     
  0.000000000000000E+000   1.00000000000000       0.333333333333333     
  0.000000000000000E+000   1.00000000000000       0.666666666666667     
  0.000000000000000E+000  0.666666666666667       0.333333333333333     
           2
          44         316         326         305         308
  0.000000000000000E+000  0.666666666666667       0.666666666666667     
  0.000000000000000E+000  0.666666666666667       0.333333333333333     
  0.333333333333333       0.666666666666667       0.333333333333333     
  0.333333333333333        1.00000000000000       0.333333333333333     
           2
          45         318         326         316         308
  0.000000000000000E+000   1.00000000000000       0.666666666666667     
  0.000000000000000E+000  0.666666666666667       0.333333333333333     
  0.000000000000000E+000  0.666666666666667       0.666666666666667     
  0.333333333333333        1.00000000000000       0.333333333333333     
           2
          46         290         308         318         288
  0.333333333333333        1.00000000000000       0.666666666666667     
  0.333333333333333        1.00000000000000       0.333333333333333     
  0.000000000000000E+000   1.00000000000000       0.666666666666667     
  0.333333333333333       0.666666666666667       0.666666666666667     
           2
          47         288         316         305         308
  0.333333333333333       0.666666666666667       0.666666666666667     
  0.000000000000000E+000  0.666666666666667       0.666666666666667     
  0.333333333333333       0.666666666666667       0.333333333333333     
  0.333333333333333        1.00000000000000       0.333333333333333     
           2
          48         288         318         316         308
  0.333333333333333       0.666666666666667       0.666666666666667     
  0.000000000000000E+000   1.00000000000000       0.666666666666667     
  0.000000000000000E+000  0.666666666666667       0.666666666666667     
  0.333333333333333        1.00000000000000       0.333333333333333     
           2
          49         290         318         296         316
  0.333333333333333        1.00000000000000       0.666666666666667     
  0.000000000000000E+000   1.00000000000000       0.666666666666667     
  0.000000000000000E+000   1.00000000000000        1.00000000000000     
  0.000000000000000E+000  0.666666666666667       0.666666666666667     
           2
          50         295         316         288         290
  0.000000000000000E+000  0.666666666666667        1.00000000000000     
  0.000000000000000E+000  0.666666666666667       0.666666666666667     
  0.333333333333333       0.666666666666667       0.666666666666667     
  0.333333333333333        1.00000000000000       0.666666666666667     
           2
          51         296         316         295         290
  0.000000000000000E+000   1.00000000000000        1.00000000000000     
  0.000000000000000E+000  0.666666666666667       0.666666666666667     
  0.000000000000000E+000  0.666666666666667        1.00000000000000     
  0.333333333333333        1.00000000000000       0.666666666666667     
           2
          52         261         290         296         260
  0.333333333333333        1.00000000000000        1.00000000000000     
  0.333333333333333        1.00000000000000       0.666666666666667     
  0.000000000000000E+000   1.00000000000000        1.00000000000000     
  0.333333333333333       0.666666666666667        1.00000000000000     
           2
          53         260         295         288         290
  0.333333333333333       0.666666666666667        1.00000000000000     
  0.000000000000000E+000  0.666666666666667        1.00000000000000     
  0.333333333333333       0.666666666666667       0.666666666666667     
  0.333333333333333        1.00000000000000       0.666666666666667     
           2
          54         260         296         295         290
  0.333333333333333       0.666666666666667        1.00000000000000     
  0.000000000000000E+000   1.00000000000000        1.00000000000000     
  0.000000000000000E+000  0.666666666666667        1.00000000000000     
  0.333333333333333        1.00000000000000       0.666666666666667     
           2
          55         303         324         306         325
  0.666666666666667       0.333333333333333       0.000000000000000E+000
  0.333333333333333       0.333333333333333       0.000000000000000E+000
  0.333333333333333       0.333333333333333       0.333333333333333     
  0.333333333333333       0.000000000000000E+000  0.000000000000000E+000
           2
          56         309         325         304         303
  0.333333333333333       0.000000000000000E+000  0.333333333333333     
  0.333333333333333       0.000000000000000E+000  0.000000000000000E+000
  0.666666666666667       0.000000000000000E+000  0.000000000000000E+000
  0.666666666666667       0.333333333333333       0.000000000000000E+000
           2
          57         306         325         309         303
  0.333333333333333       0.333333333333333       0.333333333333333     
  0.333333333333333       0.000000000000000E+000  0.000000000000000E+000
  0.333333333333333       0.000000000000000E+000  0.333333333333333     
  0.666666666666667       0.333333333333333       0.000000000000000E+000
           2
          58         278         303         306         281
  0.666666666666667       0.333333333333333       0.333333333333333     
  0.666666666666667       0.333333333333333       0.000000000000000E+000
  0.333333333333333       0.333333333333333       0.333333333333333     
  0.666666666666667       0.000000000000000E+000  0.333333333333333     
           2
          59         281         309         304         303
  0.666666666666667       0.000000000000000E+000  0.333333333333333     
  0.333333333333333       0.000000000000000E+000  0.333333333333333     
  0.666666666666667       0.000000000000000E+000  0.000000000000000E+000
  0.666666666666667       0.333333333333333       0.000000000000000E+000
           2
          60         281         306         309         303
  0.666666666666667       0.000000000000000E+000  0.333333333333333     
  0.333333333333333       0.333333333333333       0.333333333333333     
  0.333333333333333       0.000000000000000E+000  0.333333333333333     
  0.666666666666667       0.333333333333333       0.000000000000000E+000
           2
          61         278         306         289         309
  0.666666666666667       0.333333333333333       0.333333333333333     
  0.333333333333333       0.333333333333333       0.333333333333333     
  0.333333333333333       0.333333333333333       0.666666666666667     
  0.333333333333333       0.000000000000000E+000  0.333333333333333     
           2
          62         291         309         281         278
  0.333333333333333       0.000000000000000E+000  0.666666666666667     
  0.333333333333333       0.000000000000000E+000  0.333333333333333     
  0.666666666666667       0.000000000000000E+000  0.333333333333333     
  0.666666666666667       0.333333333333333       0.333333333333333     
           2
          63         289         309         291         278
  0.333333333333333       0.333333333333333       0.666666666666667     
  0.333333333333333       0.000000000000000E+000  0.333333333333333     
  0.333333333333333       0.000000000000000E+000  0.666666666666667     
  0.666666666666667       0.333333333333333       0.333333333333333     
           2
          64         252         278         289         254
  0.666666666666667       0.333333333333333       0.666666666666667     
  0.666666666666667       0.333333333333333       0.333333333333333     
  0.333333333333333       0.333333333333333       0.666666666666667     
  0.666666666666667       0.000000000000000E+000  0.666666666666667     
           2
          65         254         291         281         278
  0.666666666666667       0.000000000000000E+000  0.666666666666667     
  0.333333333333333       0.000000000000000E+000  0.666666666666667     
  0.666666666666667       0.000000000000000E+000  0.333333333333333     
  0.666666666666667       0.333333333333333       0.333333333333333     
           2
          66         254         289         291         278
  0.666666666666667       0.000000000000000E+000  0.666666666666667     
  0.333333333333333       0.333333333333333       0.666666666666667     
  0.333333333333333       0.000000000000000E+000  0.666666666666667     
  0.666666666666667       0.333333333333333       0.333333333333333     
           2
          67         252         289         262         291
  0.666666666666667       0.333333333333333       0.666666666666667     
  0.333333333333333       0.333333333333333       0.666666666666667     
  0.333333333333333       0.333333333333333        1.00000000000000     
  0.333333333333333       0.000000000000000E+000  0.666666666666667     
           2
          68         264         291         254         252
  0.333333333333333       0.000000000000000E+000   1.00000000000000     
  0.333333333333333       0.000000000000000E+000  0.666666666666667     
  0.666666666666667       0.000000000000000E+000  0.666666666666667     
  0.666666666666667       0.333333333333333       0.666666666666667     
           2
          69         262         291         264         252
  0.333333333333333       0.333333333333333        1.00000000000000     
  0.333333333333333       0.000000000000000E+000  0.666666666666667     
  0.333333333333333       0.000000000000000E+000   1.00000000000000     
  0.666666666666667       0.333333333333333       0.666666666666667     
           2
          70         215         252         262         217
  0.666666666666667       0.333333333333333        1.00000000000000     
  0.666666666666667       0.333333333333333       0.666666666666667     
  0.333333333333333       0.333333333333333        1.00000000000000     
  0.666666666666667       0.000000000000000E+000   1.00000000000000     
           2
          71         217         264         254         252
  0.666666666666667       0.000000000000000E+000   1.00000000000000     
  0.333333333333333       0.000000000000000E+000   1.00000000000000     
  0.666666666666667       0.000000000000000E+000  0.666666666666667     
  0.666666666666667       0.333333333333333       0.666666666666667     
           2
          72         217         262         264         252
  0.666666666666667       0.000000000000000E+000   1.00000000000000     
  0.333333333333333       0.333333333333333        1.00000000000000     
  0.333333333333333       0.000000000000000E+000   1.00000000000000     
  0.666666666666667       0.333333333333333       0.666666666666667     
           2
          73         302         323         305         324
  0.666666666666667       0.666666666666667       0.000000000000000E+000
  0.333333333333333       0.666666666666667       0.000000000000000E+000
  0.333333333333333       0.666666666666667       0.333333333333333     
  0.333333333333333       0.333333333333333       0.000000000000000E+000
           2
          74         306         324         303         302
  0.333333333333333       0.333333333333333       0.333333333333333     
  0.333333333333333       0.333333333333333       0.000000000000000E+000
  0.666666666666667       0.333333333333333       0.000000000000000E+000
  0.666666666666667       0.666666666666667       0.000000000000000E+000
           2
          75         305         324         306         302
  0.333333333333333       0.666666666666667       0.333333333333333     
  0.333333333333333       0.333333333333333       0.000000000000000E+000
  0.333333333333333       0.333333333333333       0.333333333333333     
  0.666666666666667       0.666666666666667       0.000000000000000E+000
           2
          76         277         302         305         278
  0.666666666666667       0.666666666666667       0.333333333333333     
  0.666666666666667       0.666666666666667       0.000000000000000E+000
  0.333333333333333       0.666666666666667       0.333333333333333     
  0.666666666666667       0.333333333333333       0.333333333333333     
           2
          77         278         306         303         302
  0.666666666666667       0.333333333333333       0.333333333333333     
  0.333333333333333       0.333333333333333       0.333333333333333     
  0.666666666666667       0.333333333333333       0.000000000000000E+000
  0.666666666666667       0.666666666666667       0.000000000000000E+000
           2
          78         278         305         306         302
  0.666666666666667       0.333333333333333       0.333333333333333     
  0.333333333333333       0.666666666666667       0.333333333333333     
  0.333333333333333       0.333333333333333       0.333333333333333     
  0.666666666666667       0.666666666666667       0.000000000000000E+000
           2
          79         277         305         288         306
  0.666666666666667       0.666666666666667       0.333333333333333     
  0.333333333333333       0.666666666666667       0.333333333333333     
  0.333333333333333       0.666666666666667       0.666666666666667     
  0.333333333333333       0.333333333333333       0.333333333333333     
           2
          80         289         306         278         277
  0.333333333333333       0.333333333333333       0.666666666666667     
  0.333333333333333       0.333333333333333       0.333333333333333     
  0.666666666666667       0.333333333333333       0.333333333333333     
  0.666666666666667       0.666666666666667       0.333333333333333     
           2
          81         288         306         289         277
  0.333333333333333       0.666666666666667       0.666666666666667     
  0.333333333333333       0.333333333333333       0.333333333333333     
  0.333333333333333       0.333333333333333       0.666666666666667     
  0.666666666666667       0.666666666666667       0.333333333333333     
           2
          82         251         277         288         252
  0.666666666666667       0.666666666666667       0.666666666666667     
  0.666666666666667       0.666666666666667       0.333333333333333     
  0.333333333333333       0.666666666666667       0.666666666666667     
  0.666666666666667       0.333333333333333       0.666666666666667     
           2
          83         252         289         278         277
  0.666666666666667       0.333333333333333       0.666666666666667     
  0.333333333333333       0.333333333333333       0.666666666666667     
  0.666666666666667       0.333333333333333       0.333333333333333     
  0.666666666666667       0.666666666666667       0.333333333333333     
           2
          84         252         288         289         277
  0.666666666666667       0.333333333333333       0.666666666666667     
  0.333333333333333       0.666666666666667       0.666666666666667     
  0.333333333333333       0.333333333333333       0.666666666666667     
  0.666666666666667       0.666666666666667       0.333333333333333     
           2
          85         251         288         260         289
  0.666666666666667       0.666666666666667       0.666666666666667     
  0.333333333333333       0.666666666666667       0.666666666666667     
  0.333333333333333       0.666666666666667        1.00000000000000     
  0.333333333333333       0.333333333333333       0.666666666666667     
           2
          86         262         289         252         251
  0.333333333333333       0.333333333333333        1.00000000000000     
  0.333333333333333       0.333333333333333       0.666666666666667     
  0.666666666666667       0.333333333333333       0.666666666666667     
  0.666666666666667       0.666666666666667       0.666666666666667     
           2
          87         260         289         262         251
  0.333333333333333       0.666666666666667        1.00000000000000     
  0.333333333333333       0.333333333333333       0.666666666666667     
  0.333333333333333       0.333333333333333        1.00000000000000     
  0.666666666666667       0.666666666666667       0.666666666666667     
           2
          88         213         251         260         215
  0.666666666666667       0.666666666666667        1.00000000000000     
  0.666666666666667       0.666666666666667       0.666666666666667     
  0.333333333333333       0.666666666666667        1.00000000000000     
  0.666666666666667       0.333333333333333        1.00000000000000     
           2
          89         215         262         252         251
  0.666666666666667       0.333333333333333        1.00000000000000     
  0.333333333333333       0.333333333333333        1.00000000000000     
  0.666666666666667       0.333333333333333       0.666666666666667     
  0.666666666666667       0.666666666666667       0.666666666666667     
           2
          90         215         260         262         251
  0.666666666666667       0.333333333333333        1.00000000000000     
  0.333333333333333       0.666666666666667        1.00000000000000     
  0.333333333333333       0.333333333333333        1.00000000000000     
  0.666666666666667       0.666666666666667       0.666666666666667     
           2
          91         307         328         308         323
  0.666666666666667        1.00000000000000       0.000000000000000E+000
  0.333333333333333        1.00000000000000       0.000000000000000E+000
  0.333333333333333        1.00000000000000       0.333333333333333     
  0.333333333333333       0.666666666666667       0.000000000000000E+000
           2
          92         305         323         302         307
  0.333333333333333       0.666666666666667       0.333333333333333     
  0.333333333333333       0.666666666666667       0.000000000000000E+000
  0.666666666666667       0.666666666666667       0.000000000000000E+000
  0.666666666666667        1.00000000000000       0.000000000000000E+000
           2
          93         308         323         305         307
  0.333333333333333        1.00000000000000       0.333333333333333     
  0.333333333333333       0.666666666666667       0.000000000000000E+000
  0.333333333333333       0.666666666666667       0.333333333333333     
  0.666666666666667        1.00000000000000       0.000000000000000E+000
           2
          94         280         307         308         277
  0.666666666666667        1.00000000000000       0.333333333333333     
  0.666666666666667        1.00000000000000       0.000000000000000E+000
  0.333333333333333        1.00000000000000       0.333333333333333     
  0.666666666666667       0.666666666666667       0.333333333333333     
           2
          95         277         305         302         307
  0.666666666666667       0.666666666666667       0.333333333333333     
  0.333333333333333       0.666666666666667       0.333333333333333     
  0.666666666666667       0.666666666666667       0.000000000000000E+000
  0.666666666666667        1.00000000000000       0.000000000000000E+000
           2
          96         277         308         305         307
  0.666666666666667       0.666666666666667       0.333333333333333     
  0.333333333333333        1.00000000000000       0.333333333333333     
  0.333333333333333       0.666666666666667       0.333333333333333     
  0.666666666666667        1.00000000000000       0.000000000000000E+000
           2
          97         280         308         290         305
  0.666666666666667        1.00000000000000       0.333333333333333     
  0.333333333333333        1.00000000000000       0.333333333333333     
  0.333333333333333        1.00000000000000       0.666666666666667     
  0.333333333333333       0.666666666666667       0.333333333333333     
           2
          98         288         305         277         280
  0.333333333333333       0.666666666666667       0.666666666666667     
  0.333333333333333       0.666666666666667       0.333333333333333     
  0.666666666666667       0.666666666666667       0.333333333333333     
  0.666666666666667        1.00000000000000       0.333333333333333     
           2
          99         290         305         288         280
  0.333333333333333        1.00000000000000       0.666666666666667     
  0.333333333333333       0.666666666666667       0.333333333333333     
  0.333333333333333       0.666666666666667       0.666666666666667     
  0.666666666666667        1.00000000000000       0.333333333333333     
           2
         100         253         280         290         251
  0.666666666666667        1.00000000000000       0.666666666666667     
  0.666666666666667        1.00000000000000       0.333333333333333     
  0.333333333333333        1.00000000000000       0.666666666666667     
  0.666666666666667       0.666666666666667       0.666666666666667     
           2
         101         251         288         277         280
  0.666666666666667       0.666666666666667       0.666666666666667     
  0.333333333333333       0.666666666666667       0.666666666666667     
  0.666666666666667       0.666666666666667       0.333333333333333     
  0.666666666666667        1.00000000000000       0.333333333333333     
           2
         102         251         290         288         280
  0.666666666666667       0.666666666666667       0.666666666666667     
  0.333333333333333        1.00000000000000       0.666666666666667     
  0.333333333333333       0.666666666666667       0.666666666666667     
  0.666666666666667        1.00000000000000       0.333333333333333     
           2
         103         253         290         261         288
  0.666666666666667        1.00000000000000       0.666666666666667     
  0.333333333333333        1.00000000000000       0.666666666666667     
  0.333333333333333        1.00000000000000        1.00000000000000     
  0.333333333333333       0.666666666666667       0.666666666666667     
           2
         104         260         288         251         253
  0.333333333333333       0.666666666666667        1.00000000000000     
  0.333333333333333       0.666666666666667       0.666666666666667     
  0.666666666666667       0.666666666666667       0.666666666666667     
  0.666666666666667        1.00000000000000       0.666666666666667     
           2
         105         261         288         260         253
  0.333333333333333        1.00000000000000        1.00000000000000     
  0.333333333333333       0.666666666666667       0.666666666666667     
  0.333333333333333       0.666666666666667        1.00000000000000     
  0.666666666666667        1.00000000000000       0.666666666666667     
           2
         106         214         253         261         213
  0.666666666666667        1.00000000000000        1.00000000000000     
  0.666666666666667        1.00000000000000       0.666666666666667     
  0.333333333333333        1.00000000000000        1.00000000000000     
  0.666666666666667       0.666666666666667        1.00000000000000     
           2
         107         213         260         251         253
  0.666666666666667       0.666666666666667        1.00000000000000     
  0.333333333333333       0.666666666666667        1.00000000000000     
  0.666666666666667       0.666666666666667       0.666666666666667     
  0.666666666666667        1.00000000000000       0.666666666666667     
           2
         108         213         261         260         253
  0.666666666666667       0.666666666666667        1.00000000000000     
  0.333333333333333        1.00000000000000        1.00000000000000     
  0.333333333333333       0.666666666666667        1.00000000000000     
  0.666666666666667        1.00000000000000       0.666666666666667     
           2
         109         275         303         278         304
   1.00000000000000       0.333333333333333       0.000000000000000E+000
  0.666666666666667       0.333333333333333       0.000000000000000E+000
  0.666666666666667       0.333333333333333       0.333333333333333     
  0.666666666666667       0.000000000000000E+000  0.000000000000000E+000
           2
         110         281         304         276         275
  0.666666666666667       0.000000000000000E+000  0.333333333333333     
  0.666666666666667       0.000000000000000E+000  0.000000000000000E+000
   1.00000000000000       0.000000000000000E+000  0.000000000000000E+000
   1.00000000000000       0.333333333333333       0.000000000000000E+000
           2
         111         278         304         281         275
  0.666666666666667       0.333333333333333       0.333333333333333     
  0.666666666666667       0.000000000000000E+000  0.000000000000000E+000
  0.666666666666667       0.000000000000000E+000  0.333333333333333     
   1.00000000000000       0.333333333333333       0.000000000000000E+000
           2
         112         243         275         278         246
   1.00000000000000       0.333333333333333       0.333333333333333     
   1.00000000000000       0.333333333333333       0.000000000000000E+000
  0.666666666666667       0.333333333333333       0.333333333333333     
   1.00000000000000       0.000000000000000E+000  0.333333333333333     
           2
         113         246         281         276         275
   1.00000000000000       0.000000000000000E+000  0.333333333333333     
  0.666666666666667       0.000000000000000E+000  0.333333333333333     
   1.00000000000000       0.000000000000000E+000  0.000000000000000E+000
   1.00000000000000       0.333333333333333       0.000000000000000E+000
           2
         114         246         278         281         275
   1.00000000000000       0.000000000000000E+000  0.333333333333333     
  0.666666666666667       0.333333333333333       0.333333333333333     
  0.666666666666667       0.000000000000000E+000  0.333333333333333     
   1.00000000000000       0.333333333333333       0.000000000000000E+000
           2
         115         243         278         252         281
   1.00000000000000       0.333333333333333       0.333333333333333     
  0.666666666666667       0.333333333333333       0.333333333333333     
  0.666666666666667       0.333333333333333       0.666666666666667     
  0.666666666666667       0.000000000000000E+000  0.333333333333333     
           2
         116         254         281         246         243
  0.666666666666667       0.000000000000000E+000  0.666666666666667     
  0.666666666666667       0.000000000000000E+000  0.333333333333333     
   1.00000000000000       0.000000000000000E+000  0.333333333333333     
   1.00000000000000       0.333333333333333       0.333333333333333     
           2
         117         252         281         254         243
  0.666666666666667       0.333333333333333       0.666666666666667     
  0.666666666666667       0.000000000000000E+000  0.333333333333333     
  0.666666666666667       0.000000000000000E+000  0.666666666666667     
   1.00000000000000       0.333333333333333       0.333333333333333     
           2
         118         205         243         252         207
   1.00000000000000       0.333333333333333       0.666666666666667     
   1.00000000000000       0.333333333333333       0.333333333333333     
  0.666666666666667       0.333333333333333       0.666666666666667     
   1.00000000000000       0.000000000000000E+000  0.666666666666667     
           2
         119         207         254         246         243
   1.00000000000000       0.000000000000000E+000  0.666666666666667     
  0.666666666666667       0.000000000000000E+000  0.666666666666667     
   1.00000000000000       0.000000000000000E+000  0.333333333333333     
   1.00000000000000       0.333333333333333       0.333333333333333     
           2
         120         207         252         254         243
   1.00000000000000       0.000000000000000E+000  0.666666666666667     
  0.666666666666667       0.333333333333333       0.666666666666667     
  0.666666666666667       0.000000000000000E+000  0.666666666666667     
   1.00000000000000       0.333333333333333       0.333333333333333     
           2
         121         205         252         215         254
   1.00000000000000       0.333333333333333       0.666666666666667     
  0.666666666666667       0.333333333333333       0.666666666666667     
  0.666666666666667       0.333333333333333        1.00000000000000     
  0.666666666666667       0.000000000000000E+000  0.666666666666667     
           2
         122         217         254         207         205
  0.666666666666667       0.000000000000000E+000   1.00000000000000     
  0.666666666666667       0.000000000000000E+000  0.666666666666667     
   1.00000000000000       0.000000000000000E+000  0.666666666666667     
   1.00000000000000       0.333333333333333       0.666666666666667     
           2
         123         215         254         217         205
  0.666666666666667       0.333333333333333        1.00000000000000     
  0.666666666666667       0.000000000000000E+000  0.666666666666667     
  0.666666666666667       0.000000000000000E+000   1.00000000000000     
   1.00000000000000       0.333333333333333       0.666666666666667     
           2
         124         160         205         215         162
   1.00000000000000       0.333333333333333        1.00000000000000     
   1.00000000000000       0.333333333333333       0.666666666666667     
  0.666666666666667       0.333333333333333        1.00000000000000     
   1.00000000000000       0.000000000000000E+000   1.00000000000000     
           2
         125         162         217         207         205
   1.00000000000000       0.000000000000000E+000   1.00000000000000     
  0.666666666666667       0.000000000000000E+000   1.00000000000000     
   1.00000000000000       0.000000000000000E+000  0.666666666666667     
   1.00000000000000       0.333333333333333       0.666666666666667     
           2
         126         162         215         217         205
   1.00000000000000       0.000000000000000E+000   1.00000000000000     
  0.666666666666667       0.333333333333333        1.00000000000000     
  0.666666666666667       0.000000000000000E+000   1.00000000000000     
   1.00000000000000       0.333333333333333       0.666666666666667     
           2
         127         274         302         277         303
   1.00000000000000       0.666666666666667       0.000000000000000E+000
  0.666666666666667       0.666666666666667       0.000000000000000E+000
  0.666666666666667       0.666666666666667       0.333333333333333     
  0.666666666666667       0.333333333333333       0.000000000000000E+000
           2
         128         278         303         275         274
  0.666666666666667       0.333333333333333       0.333333333333333     
  0.666666666666667       0.333333333333333       0.000000000000000E+000
   1.00000000000000       0.333333333333333       0.000000000000000E+000
   1.00000000000000       0.666666666666667       0.000000000000000E+000
           2
         129         277         303         278         274
  0.666666666666667       0.666666666666667       0.333333333333333     
  0.666666666666667       0.333333333333333       0.000000000000000E+000
  0.666666666666667       0.333333333333333       0.333333333333333     
   1.00000000000000       0.666666666666667       0.000000000000000E+000
           2
         130         242         274         277         243
   1.00000000000000       0.666666666666667       0.333333333333333     
   1.00000000000000       0.666666666666667       0.000000000000000E+000
  0.666666666666667       0.666666666666667       0.333333333333333     
   1.00000000000000       0.333333333333333       0.333333333333333     
           2
         131         243         278         275         274
   1.00000000000000       0.333333333333333       0.333333333333333     
  0.666666666666667       0.333333333333333       0.333333333333333     
   1.00000000000000       0.333333333333333       0.000000000000000E+000
   1.00000000000000       0.666666666666667       0.000000000000000E+000
           2
         132         243         277         278         274
   1.00000000000000       0.333333333333333       0.333333333333333     
  0.666666666666667       0.666666666666667       0.333333333333333     
  0.666666666666667       0.333333333333333       0.333333333333333     
   1.00000000000000       0.666666666666667       0.000000000000000E+000
           2
         133         242         277         251         278
   1.00000000000000       0.666666666666667       0.333333333333333     
  0.666666666666667       0.666666666666667       0.333333333333333     
  0.666666666666667       0.666666666666667       0.666666666666667     
  0.666666666666667       0.333333333333333       0.333333333333333     
           2
         134         252         278         243         242
  0.666666666666667       0.333333333333333       0.666666666666667     
  0.666666666666667       0.333333333333333       0.333333333333333     
   1.00000000000000       0.333333333333333       0.333333333333333     
   1.00000000000000       0.666666666666667       0.333333333333333     
           2
         135         251         278         252         242
  0.666666666666667       0.666666666666667       0.666666666666667     
  0.666666666666667       0.333333333333333       0.333333333333333     
  0.666666666666667       0.333333333333333       0.666666666666667     
   1.00000000000000       0.666666666666667       0.333333333333333     
           2
         136         204         242         251         205
   1.00000000000000       0.666666666666667       0.666666666666667     
   1.00000000000000       0.666666666666667       0.333333333333333     
  0.666666666666667       0.666666666666667       0.666666666666667     
   1.00000000000000       0.333333333333333       0.666666666666667     
           2
         137         205         252         243         242
   1.00000000000000       0.333333333333333       0.666666666666667     
  0.666666666666667       0.333333333333333       0.666666666666667     
   1.00000000000000       0.333333333333333       0.333333333333333     
   1.00000000000000       0.666666666666667       0.333333333333333     
           2
         138         205         251         252         242
   1.00000000000000       0.333333333333333       0.666666666666667     
  0.666666666666667       0.666666666666667       0.666666666666667     
  0.666666666666667       0.333333333333333       0.666666666666667     
   1.00000000000000       0.666666666666667       0.333333333333333     
           2
         139         204         251         213         252
   1.00000000000000       0.666666666666667       0.666666666666667     
  0.666666666666667       0.666666666666667       0.666666666666667     
  0.666666666666667       0.666666666666667        1.00000000000000     
  0.666666666666667       0.333333333333333       0.666666666666667     
           2
         140         215         252         205         204
  0.666666666666667       0.333333333333333        1.00000000000000     
  0.666666666666667       0.333333333333333       0.666666666666667     
   1.00000000000000       0.333333333333333       0.666666666666667     
   1.00000000000000       0.666666666666667       0.666666666666667     
           2
         141         213         252         215         204
  0.666666666666667       0.666666666666667        1.00000000000000     
  0.666666666666667       0.333333333333333       0.666666666666667     
  0.666666666666667       0.333333333333333        1.00000000000000     
   1.00000000000000       0.666666666666667       0.666666666666667     
           2
         142         158         204         213         160
   1.00000000000000       0.666666666666667        1.00000000000000     
   1.00000000000000       0.666666666666667       0.666666666666667     
  0.666666666666667       0.666666666666667        1.00000000000000     
   1.00000000000000       0.333333333333333        1.00000000000000     
           2
         143         160         215         205         204
   1.00000000000000       0.333333333333333        1.00000000000000     
  0.666666666666667       0.333333333333333        1.00000000000000     
   1.00000000000000       0.333333333333333       0.666666666666667     
   1.00000000000000       0.666666666666667       0.666666666666667     
           2
         144         160         213         215         204
   1.00000000000000       0.333333333333333        1.00000000000000     
  0.666666666666667       0.666666666666667        1.00000000000000     
  0.666666666666667       0.333333333333333        1.00000000000000     
   1.00000000000000       0.666666666666667       0.666666666666667     
           2
         145         279         307         280         302
   1.00000000000000        1.00000000000000       0.000000000000000E+000
  0.666666666666667        1.00000000000000       0.000000000000000E+000
  0.666666666666667        1.00000000000000       0.333333333333333     
  0.666666666666667       0.666666666666667       0.000000000000000E+000
           2
         146         277         302         274         279
  0.666666666666667       0.666666666666667       0.333333333333333     
  0.666666666666667       0.666666666666667       0.000000000000000E+000
   1.00000000000000       0.666666666666667       0.000000000000000E+000
   1.00000000000000        1.00000000000000       0.000000000000000E+000
           2
         147         280         302         277         279
  0.666666666666667        1.00000000000000       0.333333333333333     
  0.666666666666667       0.666666666666667       0.000000000000000E+000
  0.666666666666667       0.666666666666667       0.333333333333333     
   1.00000000000000        1.00000000000000       0.000000000000000E+000
           2
         148         245         279         280         242
   1.00000000000000        1.00000000000000       0.333333333333333     
   1.00000000000000        1.00000000000000       0.000000000000000E+000
  0.666666666666667        1.00000000000000       0.333333333333333     
   1.00000000000000       0.666666666666667       0.333333333333333     
           2
         149         242         277         274         279
   1.00000000000000       0.666666666666667       0.333333333333333     
  0.666666666666667       0.666666666666667       0.333333333333333     
   1.00000000000000       0.666666666666667       0.000000000000000E+000
   1.00000000000000        1.00000000000000       0.000000000000000E+000
           2
         150         242         280         277         279
   1.00000000000000       0.666666666666667       0.333333333333333     
  0.666666666666667        1.00000000000000       0.333333333333333     
  0.666666666666667       0.666666666666667       0.333333333333333     
   1.00000000000000        1.00000000000000       0.000000000000000E+000
           2
         151         245         280         253         277
   1.00000000000000        1.00000000000000       0.333333333333333     
  0.666666666666667        1.00000000000000       0.333333333333333     
  0.666666666666667        1.00000000000000       0.666666666666667     
  0.666666666666667       0.666666666666667       0.333333333333333     
           2
         152         251         277         242         245
  0.666666666666667       0.666666666666667       0.666666666666667     
  0.666666666666667       0.666666666666667       0.333333333333333     
   1.00000000000000       0.666666666666667       0.333333333333333     
   1.00000000000000        1.00000000000000       0.333333333333333     
           2
         153         253         277         251         245
  0.666666666666667        1.00000000000000       0.666666666666667     
  0.666666666666667       0.666666666666667       0.333333333333333     
  0.666666666666667       0.666666666666667       0.666666666666667     
   1.00000000000000        1.00000000000000       0.333333333333333     
           2
         154         206         245         253         204
   1.00000000000000        1.00000000000000       0.666666666666667     
   1.00000000000000        1.00000000000000       0.333333333333333     
  0.666666666666667        1.00000000000000       0.666666666666667     
   1.00000000000000       0.666666666666667       0.666666666666667     
           2
         155         204         251         242         245
   1.00000000000000       0.666666666666667       0.666666666666667     
  0.666666666666667       0.666666666666667       0.666666666666667     
   1.00000000000000       0.666666666666667       0.333333333333333     
   1.00000000000000        1.00000000000000       0.333333333333333     
           2
         156         204         253         251         245
   1.00000000000000       0.666666666666667       0.666666666666667     
  0.666666666666667        1.00000000000000       0.666666666666667     
  0.666666666666667       0.666666666666667       0.666666666666667     
   1.00000000000000        1.00000000000000       0.333333333333333     
           2
         157         206         253         214         251
   1.00000000000000        1.00000000000000       0.666666666666667     
  0.666666666666667        1.00000000000000       0.666666666666667     
  0.666666666666667        1.00000000000000        1.00000000000000     
  0.666666666666667       0.666666666666667       0.666666666666667     
           2
         158         213         251         204         206
  0.666666666666667       0.666666666666667        1.00000000000000     
  0.666666666666667       0.666666666666667       0.666666666666667     
   1.00000000000000       0.666666666666667       0.666666666666667     
   1.00000000000000        1.00000000000000       0.666666666666667     
           2
         159         214         251         213         206
  0.666666666666667        1.00000000000000        1.00000000000000     
  0.666666666666667       0.666666666666667       0.666666666666667     
  0.666666666666667       0.666666666666667        1.00000000000000     
   1.00000000000000        1.00000000000000       0.666666666666667     
           2
         160         159         206         214         158
   1.00000000000000        1.00000000000000        1.00000000000000     
   1.00000000000000        1.00000000000000       0.666666666666667     
  0.666666666666667        1.00000000000000        1.00000000000000     
   1.00000000000000       0.666666666666667        1.00000000000000     
           2
         161         158         213         204         206
   1.00000000000000       0.666666666666667        1.00000000000000     
  0.666666666666667       0.666666666666667        1.00000000000000     
   1.00000000000000       0.666666666666667       0.666666666666667     
   1.00000000000000        1.00000000000000       0.666666666666667     
           2
         162         158         214         213         206
   1.00000000000000       0.666666666666667        1.00000000000000     
  0.666666666666667        1.00000000000000        1.00000000000000     
  0.666666666666667       0.666666666666667        1.00000000000000     
   1.00000000000000        1.00000000000000       0.666666666666667     
           2
         163         240         275         243         276
   1.33333333333333       0.333333333333333       0.000000000000000E+000
   1.00000000000000       0.333333333333333       0.000000000000000E+000
   1.00000000000000       0.333333333333333       0.333333333333333     
   1.00000000000000       0.000000000000000E+000  0.000000000000000E+000
           2
         164         246         276         241         240
   1.00000000000000       0.000000000000000E+000  0.333333333333333     
   1.00000000000000       0.000000000000000E+000  0.000000000000000E+000
   1.33333333333333       0.000000000000000E+000  0.000000000000000E+000
   1.33333333333333       0.333333333333333       0.000000000000000E+000
           2
         165         243         276         246         240
   1.00000000000000       0.333333333333333       0.333333333333333     
   1.00000000000000       0.000000000000000E+000  0.000000000000000E+000
   1.00000000000000       0.000000000000000E+000  0.333333333333333     
   1.33333333333333       0.333333333333333       0.000000000000000E+000
           2
         166         197         240         243         200
   1.33333333333333       0.333333333333333       0.333333333333333     
   1.33333333333333       0.333333333333333       0.000000000000000E+000
   1.00000000000000       0.333333333333333       0.333333333333333     
   1.33333333333333       0.000000000000000E+000  0.333333333333333     
           2
         167         200         246         241         240
   1.33333333333333       0.000000000000000E+000  0.333333333333333     
   1.00000000000000       0.000000000000000E+000  0.333333333333333     
   1.33333333333333       0.000000000000000E+000  0.000000000000000E+000
   1.33333333333333       0.333333333333333       0.000000000000000E+000
           2
         168         200         243         246         240
   1.33333333333333       0.000000000000000E+000  0.333333333333333     
   1.00000000000000       0.333333333333333       0.333333333333333     
   1.00000000000000       0.000000000000000E+000  0.333333333333333     
   1.33333333333333       0.333333333333333       0.000000000000000E+000
           2
         169         197         243         205         246
   1.33333333333333       0.333333333333333       0.333333333333333     
   1.00000000000000       0.333333333333333       0.333333333333333     
   1.00000000000000       0.333333333333333       0.666666666666667     
   1.00000000000000       0.000000000000000E+000  0.333333333333333     
           2
         170         207         246         200         197
   1.00000000000000       0.000000000000000E+000  0.666666666666667     
   1.00000000000000       0.000000000000000E+000  0.333333333333333     
   1.33333333333333       0.000000000000000E+000  0.333333333333333     
   1.33333333333333       0.333333333333333       0.333333333333333     
           2
         171         205         246         207         197
   1.00000000000000       0.333333333333333       0.666666666666667     
   1.00000000000000       0.000000000000000E+000  0.333333333333333     
   1.00000000000000       0.000000000000000E+000  0.666666666666667     
   1.33333333333333       0.333333333333333       0.333333333333333     
           2
         172         151         197         205         153
   1.33333333333333       0.333333333333333       0.666666666666667     
   1.33333333333333       0.333333333333333       0.333333333333333     
   1.00000000000000       0.333333333333333       0.666666666666667     
   1.33333333333333       0.000000000000000E+000  0.666666666666667     
           2
         173         153         207         200         197
   1.33333333333333       0.000000000000000E+000  0.666666666666667     
   1.00000000000000       0.000000000000000E+000  0.666666666666667     
   1.33333333333333       0.000000000000000E+000  0.333333333333333     
   1.33333333333333       0.333333333333333       0.333333333333333     
           2
         174         153         205         207         197
   1.33333333333333       0.000000000000000E+000  0.666666666666667     
   1.00000000000000       0.333333333333333       0.666666666666667     
   1.00000000000000       0.000000000000000E+000  0.666666666666667     
   1.33333333333333       0.333333333333333       0.333333333333333     
           2
         175         151         205         160         207
   1.33333333333333       0.333333333333333       0.666666666666667     
   1.00000000000000       0.333333333333333       0.666666666666667     
   1.00000000000000       0.333333333333333        1.00000000000000     
   1.00000000000000       0.000000000000000E+000  0.666666666666667     
           2
         176         162         207         153         151
   1.00000000000000       0.000000000000000E+000   1.00000000000000     
   1.00000000000000       0.000000000000000E+000  0.666666666666667     
   1.33333333333333       0.000000000000000E+000  0.666666666666667     
   1.33333333333333       0.333333333333333       0.666666666666667     
           2
         177         160         207         162         151
   1.00000000000000       0.333333333333333        1.00000000000000     
   1.00000000000000       0.000000000000000E+000  0.666666666666667     
   1.00000000000000       0.000000000000000E+000   1.00000000000000     
   1.33333333333333       0.333333333333333       0.666666666666667     
           2
         178         110         151         160         115
   1.33333333333333       0.333333333333333        1.00000000000000     
   1.33333333333333       0.333333333333333       0.666666666666667     
   1.00000000000000       0.333333333333333        1.00000000000000     
   1.33333333333333       0.000000000000000E+000   1.00000000000000     
           2
         179         115         162         153         151
   1.33333333333333       0.000000000000000E+000   1.00000000000000     
   1.00000000000000       0.000000000000000E+000   1.00000000000000     
   1.33333333333333       0.000000000000000E+000  0.666666666666667     
   1.33333333333333       0.333333333333333       0.666666666666667     
           2
         180         115         160         162         151
   1.33333333333333       0.000000000000000E+000   1.00000000000000     
   1.00000000000000       0.333333333333333        1.00000000000000     
   1.00000000000000       0.000000000000000E+000   1.00000000000000     
   1.33333333333333       0.333333333333333       0.666666666666667     
           2
         181         239         274         242         275
   1.33333333333333       0.666666666666667       0.000000000000000E+000
   1.00000000000000       0.666666666666667       0.000000000000000E+000
   1.00000000000000       0.666666666666667       0.333333333333333     
   1.00000000000000       0.333333333333333       0.000000000000000E+000
           2
         182         243         275         240         239
   1.00000000000000       0.333333333333333       0.333333333333333     
   1.00000000000000       0.333333333333333       0.000000000000000E+000
   1.33333333333333       0.333333333333333       0.000000000000000E+000
   1.33333333333333       0.666666666666667       0.000000000000000E+000
           2
         183         242         275         243         239
   1.00000000000000       0.666666666666667       0.333333333333333     
   1.00000000000000       0.333333333333333       0.000000000000000E+000
   1.00000000000000       0.333333333333333       0.333333333333333     
   1.33333333333333       0.666666666666667       0.000000000000000E+000
           2
         184         196         239         242         197
   1.33333333333333       0.666666666666667       0.333333333333333     
   1.33333333333333       0.666666666666667       0.000000000000000E+000
   1.00000000000000       0.666666666666667       0.333333333333333     
   1.33333333333333       0.333333333333333       0.333333333333333     
           2
         185         197         243         240         239
   1.33333333333333       0.333333333333333       0.333333333333333     
   1.00000000000000       0.333333333333333       0.333333333333333     
   1.33333333333333       0.333333333333333       0.000000000000000E+000
   1.33333333333333       0.666666666666667       0.000000000000000E+000
           2
         186         197         242         243         239
   1.33333333333333       0.333333333333333       0.333333333333333     
   1.00000000000000       0.666666666666667       0.333333333333333     
   1.00000000000000       0.333333333333333       0.333333333333333     
   1.33333333333333       0.666666666666667       0.000000000000000E+000
           2
         187         196         242         204         243
   1.33333333333333       0.666666666666667       0.333333333333333     
   1.00000000000000       0.666666666666667       0.333333333333333     
   1.00000000000000       0.666666666666667       0.666666666666667     
   1.00000000000000       0.333333333333333       0.333333333333333     
           2
         188         205         243         197         196
   1.00000000000000       0.333333333333333       0.666666666666667     
   1.00000000000000       0.333333333333333       0.333333333333333     
   1.33333333333333       0.333333333333333       0.333333333333333     
   1.33333333333333       0.666666666666667       0.333333333333333     
           2
         189         204         243         205         196
   1.00000000000000       0.666666666666667       0.666666666666667     
   1.00000000000000       0.333333333333333       0.333333333333333     
   1.00000000000000       0.333333333333333       0.666666666666667     
   1.33333333333333       0.666666666666667       0.333333333333333     
           2
         190         150         196         204         151
   1.33333333333333       0.666666666666667       0.666666666666667     
   1.33333333333333       0.666666666666667       0.333333333333333     
   1.00000000000000       0.666666666666667       0.666666666666667     
   1.33333333333333       0.333333333333333       0.666666666666667     
           2
         191         151         205         197         196
   1.33333333333333       0.333333333333333       0.666666666666667     
   1.00000000000000       0.333333333333333       0.666666666666667     
   1.33333333333333       0.333333333333333       0.333333333333333     
   1.33333333333333       0.666666666666667       0.333333333333333     
           2
         192         151         204         205         196
   1.33333333333333       0.333333333333333       0.666666666666667     
   1.00000000000000       0.666666666666667       0.666666666666667     
   1.00000000000000       0.333333333333333       0.666666666666667     
   1.33333333333333       0.666666666666667       0.333333333333333     
           2
         193         150         204         158         205
   1.33333333333333       0.666666666666667       0.666666666666667     
   1.00000000000000       0.666666666666667       0.666666666666667     
   1.00000000000000       0.666666666666667        1.00000000000000     
   1.00000000000000       0.333333333333333       0.666666666666667     
           2
         194         160         205         151         150
   1.00000000000000       0.333333333333333        1.00000000000000     
   1.00000000000000       0.333333333333333       0.666666666666667     
   1.33333333333333       0.333333333333333       0.666666666666667     
   1.33333333333333       0.666666666666667       0.666666666666667     
           2
         195         158         205         160         150
   1.00000000000000       0.666666666666667        1.00000000000000     
   1.00000000000000       0.333333333333333       0.666666666666667     
   1.00000000000000       0.333333333333333        1.00000000000000     
   1.33333333333333       0.666666666666667       0.666666666666667     
           2
         196         108         150         158         110
   1.33333333333333       0.666666666666667        1.00000000000000     
   1.33333333333333       0.666666666666667       0.666666666666667     
   1.00000000000000       0.666666666666667        1.00000000000000     
   1.33333333333333       0.333333333333333        1.00000000000000     
           2
         197         110         160         151         150
   1.33333333333333       0.333333333333333        1.00000000000000     
   1.00000000000000       0.333333333333333        1.00000000000000     
   1.33333333333333       0.333333333333333       0.666666666666667     
   1.33333333333333       0.666666666666667       0.666666666666667     
           2
         198         110         158         160         150
   1.33333333333333       0.333333333333333        1.00000000000000     
   1.00000000000000       0.666666666666667        1.00000000000000     
   1.00000000000000       0.333333333333333        1.00000000000000     
   1.33333333333333       0.666666666666667       0.666666666666667     
           2
         199         244         279         245         274
   1.33333333333333        1.00000000000000       0.000000000000000E+000
   1.00000000000000        1.00000000000000       0.000000000000000E+000
   1.00000000000000        1.00000000000000       0.333333333333333     
   1.00000000000000       0.666666666666667       0.000000000000000E+000
           2
         200         242         274         239         244
   1.00000000000000       0.666666666666667       0.333333333333333     
   1.00000000000000       0.666666666666667       0.000000000000000E+000
   1.33333333333333       0.666666666666667       0.000000000000000E+000
   1.33333333333333        1.00000000000000       0.000000000000000E+000
           2
         201         245         274         242         244
   1.00000000000000        1.00000000000000       0.333333333333333     
   1.00000000000000       0.666666666666667       0.000000000000000E+000
   1.00000000000000       0.666666666666667       0.333333333333333     
   1.33333333333333        1.00000000000000       0.000000000000000E+000
           2
         202         199         244         245         196
   1.33333333333333        1.00000000000000       0.333333333333333     
   1.33333333333333        1.00000000000000       0.000000000000000E+000
   1.00000000000000        1.00000000000000       0.333333333333333     
   1.33333333333333       0.666666666666667       0.333333333333333     
           2
         203         196         242         239         244
   1.33333333333333       0.666666666666667       0.333333333333333     
   1.00000000000000       0.666666666666667       0.333333333333333     
   1.33333333333333       0.666666666666667       0.000000000000000E+000
   1.33333333333333        1.00000000000000       0.000000000000000E+000
           2
         204         196         245         242         244
   1.33333333333333       0.666666666666667       0.333333333333333     
   1.00000000000000        1.00000000000000       0.333333333333333     
   1.00000000000000       0.666666666666667       0.333333333333333     
   1.33333333333333        1.00000000000000       0.000000000000000E+000
           2
         205         199         245         206         242
   1.33333333333333        1.00000000000000       0.333333333333333     
   1.00000000000000        1.00000000000000       0.333333333333333     
   1.00000000000000        1.00000000000000       0.666666666666667     
   1.00000000000000       0.666666666666667       0.333333333333333     
           2
         206         204         242         196         199
   1.00000000000000       0.666666666666667       0.666666666666667     
   1.00000000000000       0.666666666666667       0.333333333333333     
   1.33333333333333       0.666666666666667       0.333333333333333     
   1.33333333333333        1.00000000000000       0.333333333333333     
           2
         207         206         242         204         199
   1.00000000000000        1.00000000000000       0.666666666666667     
   1.00000000000000       0.666666666666667       0.333333333333333     
   1.00000000000000       0.666666666666667       0.666666666666667     
   1.33333333333333        1.00000000000000       0.333333333333333     
           2
         208         152         199         206         150
   1.33333333333333        1.00000000000000       0.666666666666667     
   1.33333333333333        1.00000000000000       0.333333333333333     
   1.00000000000000        1.00000000000000       0.666666666666667     
   1.33333333333333       0.666666666666667       0.666666666666667     
           2
         209         150         204         196         199
   1.33333333333333       0.666666666666667       0.666666666666667     
   1.00000000000000       0.666666666666667       0.666666666666667     
   1.33333333333333       0.666666666666667       0.333333333333333     
   1.33333333333333        1.00000000000000       0.333333333333333     
           2
         210         150         206         204         199
   1.33333333333333       0.666666666666667       0.666666666666667     
   1.00000000000000        1.00000000000000       0.666666666666667     
   1.00000000000000       0.666666666666667       0.666666666666667     
   1.33333333333333        1.00000000000000       0.333333333333333     
           2
         211         152         206         159         204
   1.33333333333333        1.00000000000000       0.666666666666667     
   1.00000000000000        1.00000000000000       0.666666666666667     
   1.00000000000000        1.00000000000000        1.00000000000000     
   1.00000000000000       0.666666666666667       0.666666666666667     
           2
         212         158         204         150         152
   1.00000000000000       0.666666666666667        1.00000000000000     
   1.00000000000000       0.666666666666667       0.666666666666667     
   1.33333333333333       0.666666666666667       0.666666666666667     
   1.33333333333333        1.00000000000000       0.666666666666667     
           2
         213         159         204         158         152
   1.00000000000000        1.00000000000000        1.00000000000000     
   1.00000000000000       0.666666666666667       0.666666666666667     
   1.00000000000000       0.666666666666667        1.00000000000000     
   1.33333333333333        1.00000000000000       0.666666666666667     
           2
         214         109         152         159         108
   1.33333333333333        1.00000000000000        1.00000000000000     
   1.33333333333333        1.00000000000000       0.666666666666667     
   1.00000000000000        1.00000000000000        1.00000000000000     
   1.33333333333333       0.666666666666667        1.00000000000000     
           2
         215         108         158         150         152
   1.33333333333333       0.666666666666667        1.00000000000000     
   1.00000000000000       0.666666666666667        1.00000000000000     
   1.33333333333333       0.666666666666667       0.666666666666667     
   1.33333333333333        1.00000000000000       0.666666666666667     
           2
         216         108         159         158         152
   1.33333333333333       0.666666666666667        1.00000000000000     
   1.00000000000000        1.00000000000000        1.00000000000000     
   1.00000000000000       0.666666666666667        1.00000000000000     
   1.33333333333333        1.00000000000000       0.666666666666667     
           2
         217         194         240         197         241
   1.66666666666667       0.333333333333333       0.000000000000000E+000
   1.33333333333333       0.333333333333333       0.000000000000000E+000
   1.33333333333333       0.333333333333333       0.333333333333333     
   1.33333333333333       0.000000000000000E+000  0.000000000000000E+000
           2
         218         200         241         201         194
   1.33333333333333       0.000000000000000E+000  0.333333333333333     
   1.33333333333333       0.000000000000000E+000  0.000000000000000E+000
   1.66666666666667       0.000000000000000E+000  0.000000000000000E+000
   1.66666666666667       0.333333333333333       0.000000000000000E+000
           2
         219         197         241         200         194
   1.33333333333333       0.333333333333333       0.333333333333333     
   1.33333333333333       0.000000000000000E+000  0.000000000000000E+000
   1.33333333333333       0.000000000000000E+000  0.333333333333333     
   1.66666666666667       0.333333333333333       0.000000000000000E+000
           2
         220         147         194         197         154
   1.66666666666667       0.333333333333333       0.333333333333333     
   1.66666666666667       0.333333333333333       0.000000000000000E+000
   1.33333333333333       0.333333333333333       0.333333333333333     
   1.66666666666667       0.000000000000000E+000  0.333333333333333     
           2
         221         154         200         201         194
   1.66666666666667       0.000000000000000E+000  0.333333333333333     
   1.33333333333333       0.000000000000000E+000  0.333333333333333     
   1.66666666666667       0.000000000000000E+000  0.000000000000000E+000
   1.66666666666667       0.333333333333333       0.000000000000000E+000
           2
         222         154         197         200         194
   1.66666666666667       0.000000000000000E+000  0.333333333333333     
   1.33333333333333       0.333333333333333       0.333333333333333     
   1.33333333333333       0.000000000000000E+000  0.333333333333333     
   1.66666666666667       0.333333333333333       0.000000000000000E+000
           2
         223         147         197         151         200
   1.66666666666667       0.333333333333333       0.333333333333333     
   1.33333333333333       0.333333333333333       0.333333333333333     
   1.33333333333333       0.333333333333333       0.666666666666667     
   1.33333333333333       0.000000000000000E+000  0.333333333333333     
           2
         224         153         200         154         147
   1.33333333333333       0.000000000000000E+000  0.666666666666667     
   1.33333333333333       0.000000000000000E+000  0.333333333333333     
   1.66666666666667       0.000000000000000E+000  0.333333333333333     
   1.66666666666667       0.333333333333333       0.333333333333333     
           2
         225         151         200         153         147
   1.33333333333333       0.333333333333333       0.666666666666667     
   1.33333333333333       0.000000000000000E+000  0.333333333333333     
   1.33333333333333       0.000000000000000E+000  0.666666666666667     
   1.66666666666667       0.333333333333333       0.333333333333333     
           2
         226         105         147         151         114
   1.66666666666667       0.333333333333333       0.666666666666667     
   1.66666666666667       0.333333333333333       0.333333333333333     
   1.33333333333333       0.333333333333333       0.666666666666667     
   1.66666666666667       0.000000000000000E+000  0.666666666666667     
           2
         227         114         153         154         147
   1.66666666666667       0.000000000000000E+000  0.666666666666667     
   1.33333333333333       0.000000000000000E+000  0.666666666666667     
   1.66666666666667       0.000000000000000E+000  0.333333333333333     
   1.66666666666667       0.333333333333333       0.333333333333333     
           2
         228         114         151         153         147
   1.66666666666667       0.000000000000000E+000  0.666666666666667     
   1.33333333333333       0.333333333333333       0.666666666666667     
   1.33333333333333       0.000000000000000E+000  0.666666666666667     
   1.66666666666667       0.333333333333333       0.333333333333333     
           2
         229         105         151         110         153
   1.66666666666667       0.333333333333333       0.666666666666667     
   1.33333333333333       0.333333333333333       0.666666666666667     
   1.33333333333333       0.333333333333333        1.00000000000000     
   1.33333333333333       0.000000000000000E+000  0.666666666666667     
           2
         230         115         153         114         105
   1.33333333333333       0.000000000000000E+000   1.00000000000000     
   1.33333333333333       0.000000000000000E+000  0.666666666666667     
   1.66666666666667       0.000000000000000E+000  0.666666666666667     
   1.66666666666667       0.333333333333333       0.666666666666667     
           2
         231         110         153         115         105
   1.33333333333333       0.333333333333333        1.00000000000000     
   1.33333333333333       0.000000000000000E+000  0.666666666666667     
   1.33333333333333       0.000000000000000E+000   1.00000000000000     
   1.66666666666667       0.333333333333333       0.666666666666667     
           2
         232          61         105         110          67
   1.66666666666667       0.333333333333333        1.00000000000000     
   1.66666666666667       0.333333333333333       0.666666666666667     
   1.33333333333333       0.333333333333333        1.00000000000000     
   1.66666666666667       0.000000000000000E+000   1.00000000000000     
           2
         233          67         115         114         105
   1.66666666666667       0.000000000000000E+000   1.00000000000000     
   1.33333333333333       0.000000000000000E+000   1.00000000000000     
   1.66666666666667       0.000000000000000E+000  0.666666666666667     
   1.66666666666667       0.333333333333333       0.666666666666667     
           2
         234          67         110         115         105
   1.66666666666667       0.000000000000000E+000   1.00000000000000     
   1.33333333333333       0.333333333333333        1.00000000000000     
   1.33333333333333       0.000000000000000E+000   1.00000000000000     
   1.66666666666667       0.333333333333333       0.666666666666667     
           2
         235         193         239         196         240
   1.66666666666667       0.666666666666667       0.000000000000000E+000
   1.33333333333333       0.666666666666667       0.000000000000000E+000
   1.33333333333333       0.666666666666667       0.333333333333333     
   1.33333333333333       0.333333333333333       0.000000000000000E+000
           2
         236         197         240         194         193
   1.33333333333333       0.333333333333333       0.333333333333333     
   1.33333333333333       0.333333333333333       0.000000000000000E+000
   1.66666666666667       0.333333333333333       0.000000000000000E+000
   1.66666666666667       0.666666666666667       0.000000000000000E+000
           2
         237         196         240         197         193
   1.33333333333333       0.666666666666667       0.333333333333333     
   1.33333333333333       0.333333333333333       0.000000000000000E+000
   1.33333333333333       0.333333333333333       0.333333333333333     
   1.66666666666667       0.666666666666667       0.000000000000000E+000
           2
         238         145         193         196         147
   1.66666666666667       0.666666666666667       0.333333333333333     
   1.66666666666667       0.666666666666667       0.000000000000000E+000
   1.33333333333333       0.666666666666667       0.333333333333333     
   1.66666666666667       0.333333333333333       0.333333333333333     
           2
         239         147         197         194         193
   1.66666666666667       0.333333333333333       0.333333333333333     
   1.33333333333333       0.333333333333333       0.333333333333333     
   1.66666666666667       0.333333333333333       0.000000000000000E+000
   1.66666666666667       0.666666666666667       0.000000000000000E+000
           2
         240         147         196         197         193
   1.66666666666667       0.333333333333333       0.333333333333333     
   1.33333333333333       0.666666666666667       0.333333333333333     
   1.33333333333333       0.333333333333333       0.333333333333333     
   1.66666666666667       0.666666666666667       0.000000000000000E+000
           2
         241         145         196         150         197
   1.66666666666667       0.666666666666667       0.333333333333333     
   1.33333333333333       0.666666666666667       0.333333333333333     
   1.33333333333333       0.666666666666667       0.666666666666667     
   1.33333333333333       0.333333333333333       0.333333333333333     
           2
         242         151         197         147         145
   1.33333333333333       0.333333333333333       0.666666666666667     
   1.33333333333333       0.333333333333333       0.333333333333333     
   1.66666666666667       0.333333333333333       0.333333333333333     
   1.66666666666667       0.666666666666667       0.333333333333333     
           2
         243         150         197         151         145
   1.33333333333333       0.666666666666667       0.666666666666667     
   1.33333333333333       0.333333333333333       0.333333333333333     
   1.33333333333333       0.333333333333333       0.666666666666667     
   1.66666666666667       0.666666666666667       0.333333333333333     
           2
         244         103         145         150         105
   1.66666666666667       0.666666666666667       0.666666666666667     
   1.66666666666667       0.666666666666667       0.333333333333333     
   1.33333333333333       0.666666666666667       0.666666666666667     
   1.66666666666667       0.333333333333333       0.666666666666667     
           2
         245         105         151         147         145
   1.66666666666667       0.333333333333333       0.666666666666667     
   1.33333333333333       0.333333333333333       0.666666666666667     
   1.66666666666667       0.333333333333333       0.333333333333333     
   1.66666666666667       0.666666666666667       0.333333333333333     
           2
         246         105         150         151         145
   1.66666666666667       0.333333333333333       0.666666666666667     
   1.33333333333333       0.666666666666667       0.666666666666667     
   1.33333333333333       0.333333333333333       0.666666666666667     
   1.66666666666667       0.666666666666667       0.333333333333333     
           2
         247         103         150         108         151
   1.66666666666667       0.666666666666667       0.666666666666667     
   1.33333333333333       0.666666666666667       0.666666666666667     
   1.33333333333333       0.666666666666667        1.00000000000000     
   1.33333333333333       0.333333333333333       0.666666666666667     
           2
         248         110         151         105         103
   1.33333333333333       0.333333333333333        1.00000000000000     
   1.33333333333333       0.333333333333333       0.666666666666667     
   1.66666666666667       0.333333333333333       0.666666666666667     
   1.66666666666667       0.666666666666667       0.666666666666667     
           2
         249         108         151         110         103
   1.33333333333333       0.666666666666667        1.00000000000000     
   1.33333333333333       0.333333333333333       0.666666666666667     
   1.33333333333333       0.333333333333333        1.00000000000000     
   1.66666666666667       0.666666666666667       0.666666666666667     
           2
         250          57         103         108          61
   1.66666666666667       0.666666666666667        1.00000000000000     
   1.66666666666667       0.666666666666667       0.666666666666667     
   1.33333333333333       0.666666666666667        1.00000000000000     
   1.66666666666667       0.333333333333333        1.00000000000000     
           2
         251          61         110         105         103
   1.66666666666667       0.333333333333333        1.00000000000000     
   1.33333333333333       0.333333333333333        1.00000000000000     
   1.66666666666667       0.333333333333333       0.666666666666667     
   1.66666666666667       0.666666666666667       0.666666666666667     
           2
         252          61         108         110         103
   1.66666666666667       0.333333333333333        1.00000000000000     
   1.33333333333333       0.666666666666667        1.00000000000000     
   1.33333333333333       0.333333333333333        1.00000000000000     
   1.66666666666667       0.666666666666667       0.666666666666667     
           2
         253         198         244         199         239
   1.66666666666667        1.00000000000000       0.000000000000000E+000
   1.33333333333333        1.00000000000000       0.000000000000000E+000
   1.33333333333333        1.00000000000000       0.333333333333333     
   1.33333333333333       0.666666666666667       0.000000000000000E+000
           2
         254         196         239         193         198
   1.33333333333333       0.666666666666667       0.333333333333333     
   1.33333333333333       0.666666666666667       0.000000000000000E+000
   1.66666666666667       0.666666666666667       0.000000000000000E+000
   1.66666666666667        1.00000000000000       0.000000000000000E+000
           2
         255         199         239         196         198
   1.33333333333333        1.00000000000000       0.333333333333333     
   1.33333333333333       0.666666666666667       0.000000000000000E+000
   1.33333333333333       0.666666666666667       0.333333333333333     
   1.66666666666667        1.00000000000000       0.000000000000000E+000
           2
         256         149         198         199         145
   1.66666666666667        1.00000000000000       0.333333333333333     
   1.66666666666667        1.00000000000000       0.000000000000000E+000
   1.33333333333333        1.00000000000000       0.333333333333333     
   1.66666666666667       0.666666666666667       0.333333333333333     
           2
         257         145         196         193         198
   1.66666666666667       0.666666666666667       0.333333333333333     
   1.33333333333333       0.666666666666667       0.333333333333333     
   1.66666666666667       0.666666666666667       0.000000000000000E+000
   1.66666666666667        1.00000000000000       0.000000000000000E+000
           2
         258         145         199         196         198
   1.66666666666667       0.666666666666667       0.333333333333333     
   1.33333333333333        1.00000000000000       0.333333333333333     
   1.33333333333333       0.666666666666667       0.333333333333333     
   1.66666666666667        1.00000000000000       0.000000000000000E+000
           2
         259         149         199         152         196
   1.66666666666667        1.00000000000000       0.333333333333333     
   1.33333333333333        1.00000000000000       0.333333333333333     
   1.33333333333333        1.00000000000000       0.666666666666667     
   1.33333333333333       0.666666666666667       0.333333333333333     
           2
         260         150         196         145         149
   1.33333333333333       0.666666666666667       0.666666666666667     
   1.33333333333333       0.666666666666667       0.333333333333333     
   1.66666666666667       0.666666666666667       0.333333333333333     
   1.66666666666667        1.00000000000000       0.333333333333333     
           2
         261         152         196         150         149
   1.33333333333333        1.00000000000000       0.666666666666667     
   1.33333333333333       0.666666666666667       0.333333333333333     
   1.33333333333333       0.666666666666667       0.666666666666667     
   1.66666666666667        1.00000000000000       0.333333333333333     
           2
         262         107         149         152         103
   1.66666666666667        1.00000000000000       0.666666666666667     
   1.66666666666667        1.00000000000000       0.333333333333333     
   1.33333333333333        1.00000000000000       0.666666666666667     
   1.66666666666667       0.666666666666667       0.666666666666667     
           2
         263         103         150         145         149
   1.66666666666667       0.666666666666667       0.666666666666667     
   1.33333333333333       0.666666666666667       0.666666666666667     
   1.66666666666667       0.666666666666667       0.333333333333333     
   1.66666666666667        1.00000000000000       0.333333333333333     
           2
         264         103         152         150         149
   1.66666666666667       0.666666666666667       0.666666666666667     
   1.33333333333333        1.00000000000000       0.666666666666667     
   1.33333333333333       0.666666666666667       0.666666666666667     
   1.66666666666667        1.00000000000000       0.333333333333333     
           2
         265         107         152         109         150
   1.66666666666667        1.00000000000000       0.666666666666667     
   1.33333333333333        1.00000000000000       0.666666666666667     
   1.33333333333333        1.00000000000000        1.00000000000000     
   1.33333333333333       0.666666666666667       0.666666666666667     
           2
         266         108         150         103         107
   1.33333333333333       0.666666666666667        1.00000000000000     
   1.33333333333333       0.666666666666667       0.666666666666667     
   1.66666666666667       0.666666666666667       0.666666666666667     
   1.66666666666667        1.00000000000000       0.666666666666667     
           2
         267         109         150         108         107
   1.33333333333333        1.00000000000000        1.00000000000000     
   1.33333333333333       0.666666666666667       0.666666666666667     
   1.33333333333333       0.666666666666667        1.00000000000000     
   1.66666666666667        1.00000000000000       0.666666666666667     
           2
         268          60         107         109          57
   1.66666666666667        1.00000000000000        1.00000000000000     
   1.66666666666667        1.00000000000000       0.666666666666667     
   1.33333333333333        1.00000000000000        1.00000000000000     
   1.66666666666667       0.666666666666667        1.00000000000000     
           2
         269          57         108         103         107
   1.66666666666667       0.666666666666667        1.00000000000000     
   1.33333333333333       0.666666666666667        1.00000000000000     
   1.66666666666667       0.666666666666667       0.666666666666667     
   1.66666666666667        1.00000000000000       0.666666666666667     
           2
         270          57         109         108         107
   1.66666666666667       0.666666666666667        1.00000000000000     
   1.33333333333333        1.00000000000000        1.00000000000000     
   1.33333333333333       0.666666666666667        1.00000000000000     
   1.66666666666667        1.00000000000000       0.666666666666667     
           2
         271         195         194         147         201
   2.00000000000000       0.333333333333333       0.000000000000000E+000
   1.66666666666667       0.333333333333333       0.000000000000000E+000
   1.66666666666667       0.333333333333333       0.333333333333333     
   1.66666666666667       0.000000000000000E+000  0.000000000000000E+000
           2
         272         154         201         209         195
   1.66666666666667       0.000000000000000E+000  0.333333333333333     
   1.66666666666667       0.000000000000000E+000  0.000000000000000E+000
   2.00000000000000       0.000000000000000E+000  0.000000000000000E+000
   2.00000000000000       0.333333333333333       0.000000000000000E+000
           2
         273         147         201         154         195
   1.66666666666667       0.333333333333333       0.333333333333333     
   1.66666666666667       0.000000000000000E+000  0.000000000000000E+000
   1.66666666666667       0.000000000000000E+000  0.333333333333333     
   2.00000000000000       0.333333333333333       0.000000000000000E+000
           2
         274         146         195         147         167
   2.00000000000000       0.333333333333333       0.333333333333333     
   2.00000000000000       0.333333333333333       0.000000000000000E+000
   1.66666666666667       0.333333333333333       0.333333333333333     
   2.00000000000000       0.000000000000000E+000  0.333333333333333     
           2
         275         167         154         209         195
   2.00000000000000       0.000000000000000E+000  0.333333333333333     
   1.66666666666667       0.000000000000000E+000  0.333333333333333     
   2.00000000000000       0.000000000000000E+000  0.000000000000000E+000
   2.00000000000000       0.333333333333333       0.000000000000000E+000
           2
         276         167         147         154         195
   2.00000000000000       0.000000000000000E+000  0.333333333333333     
   1.66666666666667       0.333333333333333       0.333333333333333     
   1.66666666666667       0.000000000000000E+000  0.333333333333333     
   2.00000000000000       0.333333333333333       0.000000000000000E+000
           2
         277         146         147         105         154
   2.00000000000000       0.333333333333333       0.333333333333333     
   1.66666666666667       0.333333333333333       0.333333333333333     
   1.66666666666667       0.333333333333333       0.666666666666667     
   1.66666666666667       0.000000000000000E+000  0.333333333333333     
           2
         278         114         154         167         146
   1.66666666666667       0.000000000000000E+000  0.666666666666667     
   1.66666666666667       0.000000000000000E+000  0.333333333333333     
   2.00000000000000       0.000000000000000E+000  0.333333333333333     
   2.00000000000000       0.333333333333333       0.333333333333333     
           2
         279         105         154         114         146
   1.66666666666667       0.333333333333333       0.666666666666667     
   1.66666666666667       0.000000000000000E+000  0.333333333333333     
   1.66666666666667       0.000000000000000E+000  0.666666666666667     
   2.00000000000000       0.333333333333333       0.333333333333333     
           2
         280         104         146         105         121
   2.00000000000000       0.333333333333333       0.666666666666667     
   2.00000000000000       0.333333333333333       0.333333333333333     
   1.66666666666667       0.333333333333333       0.666666666666667     
   2.00000000000000       0.000000000000000E+000  0.666666666666667     
           2
         281         121         114         167         146
   2.00000000000000       0.000000000000000E+000  0.666666666666667     
   1.66666666666667       0.000000000000000E+000  0.666666666666667     
   2.00000000000000       0.000000000000000E+000  0.333333333333333     
   2.00000000000000       0.333333333333333       0.333333333333333     
           2
         282         121         105         114         146
   2.00000000000000       0.000000000000000E+000  0.666666666666667     
   1.66666666666667       0.333333333333333       0.666666666666667     
   1.66666666666667       0.000000000000000E+000  0.666666666666667     
   2.00000000000000       0.333333333333333       0.333333333333333     
           2
         283         104         105          61         114
   2.00000000000000       0.333333333333333       0.666666666666667     
   1.66666666666667       0.333333333333333       0.666666666666667     
   1.66666666666667       0.333333333333333        1.00000000000000     
   1.66666666666667       0.000000000000000E+000  0.666666666666667     
           2
         284          67         114         121         104
   1.66666666666667       0.000000000000000E+000   1.00000000000000     
   1.66666666666667       0.000000000000000E+000  0.666666666666667     
   2.00000000000000       0.000000000000000E+000  0.666666666666667     
   2.00000000000000       0.333333333333333       0.666666666666667     
           2
         285          61         114          67         104
   1.66666666666667       0.333333333333333        1.00000000000000     
   1.66666666666667       0.000000000000000E+000  0.666666666666667     
   1.66666666666667       0.000000000000000E+000   1.00000000000000     
   2.00000000000000       0.333333333333333       0.666666666666667     
           2
         286          58         104          61          78
   2.00000000000000       0.333333333333333        1.00000000000000     
   2.00000000000000       0.333333333333333       0.666666666666667     
   1.66666666666667       0.333333333333333        1.00000000000000     
   2.00000000000000       0.000000000000000E+000   1.00000000000000     
           2
         287          78          67         121         104
   2.00000000000000       0.000000000000000E+000   1.00000000000000     
   1.66666666666667       0.000000000000000E+000   1.00000000000000     
   2.00000000000000       0.000000000000000E+000  0.666666666666667     
   2.00000000000000       0.333333333333333       0.666666666666667     
           2
         288          78          61          67         104
   2.00000000000000       0.000000000000000E+000   1.00000000000000     
   1.66666666666667       0.333333333333333        1.00000000000000     
   1.66666666666667       0.000000000000000E+000   1.00000000000000     
   2.00000000000000       0.333333333333333       0.666666666666667     
           2
         289         144         193         145         194
   2.00000000000000       0.666666666666667       0.000000000000000E+000
   1.66666666666667       0.666666666666667       0.000000000000000E+000
   1.66666666666667       0.666666666666667       0.333333333333333     
   1.66666666666667       0.333333333333333       0.000000000000000E+000
           2
         290         147         194         195         144
   1.66666666666667       0.333333333333333       0.333333333333333     
   1.66666666666667       0.333333333333333       0.000000000000000E+000
   2.00000000000000       0.333333333333333       0.000000000000000E+000
   2.00000000000000       0.666666666666667       0.000000000000000E+000
           2
         291         145         194         147         144
   1.66666666666667       0.666666666666667       0.333333333333333     
   1.66666666666667       0.333333333333333       0.000000000000000E+000
   1.66666666666667       0.333333333333333       0.333333333333333     
   2.00000000000000       0.666666666666667       0.000000000000000E+000
           2
         292         102         144         145         146
   2.00000000000000       0.666666666666667       0.333333333333333     
   2.00000000000000       0.666666666666667       0.000000000000000E+000
   1.66666666666667       0.666666666666667       0.333333333333333     
   2.00000000000000       0.333333333333333       0.333333333333333     
           2
         293         146         147         195         144
   2.00000000000000       0.333333333333333       0.333333333333333     
   1.66666666666667       0.333333333333333       0.333333333333333     
   2.00000000000000       0.333333333333333       0.000000000000000E+000
   2.00000000000000       0.666666666666667       0.000000000000000E+000
           2
         294         146         145         147         144
   2.00000000000000       0.333333333333333       0.333333333333333     
   1.66666666666667       0.666666666666667       0.333333333333333     
   1.66666666666667       0.333333333333333       0.333333333333333     
   2.00000000000000       0.666666666666667       0.000000000000000E+000
           2
         295         102         145         103         147
   2.00000000000000       0.666666666666667       0.333333333333333     
   1.66666666666667       0.666666666666667       0.333333333333333     
   1.66666666666667       0.666666666666667       0.666666666666667     
   1.66666666666667       0.333333333333333       0.333333333333333     
           2
         296         105         147         146         102
   1.66666666666667       0.333333333333333       0.666666666666667     
   1.66666666666667       0.333333333333333       0.333333333333333     
   2.00000000000000       0.333333333333333       0.333333333333333     
   2.00000000000000       0.666666666666667       0.333333333333333     
           2
         297         103         147         105         102
   1.66666666666667       0.666666666666667       0.666666666666667     
   1.66666666666667       0.333333333333333       0.333333333333333     
   1.66666666666667       0.333333333333333       0.666666666666667     
   2.00000000000000       0.666666666666667       0.333333333333333     
           2
         298          56         102         103         104
   2.00000000000000       0.666666666666667       0.666666666666667     
   2.00000000000000       0.666666666666667       0.333333333333333     
   1.66666666666667       0.666666666666667       0.666666666666667     
   2.00000000000000       0.333333333333333       0.666666666666667     
           2
         299         104         105         146         102
   2.00000000000000       0.333333333333333       0.666666666666667     
   1.66666666666667       0.333333333333333       0.666666666666667     
   2.00000000000000       0.333333333333333       0.333333333333333     
   2.00000000000000       0.666666666666667       0.333333333333333     
           2
         300         104         103         105         102
   2.00000000000000       0.333333333333333       0.666666666666667     
   1.66666666666667       0.666666666666667       0.666666666666667     
   1.66666666666667       0.333333333333333       0.666666666666667     
   2.00000000000000       0.666666666666667       0.333333333333333     
           2
         301          56         103          57         105
   2.00000000000000       0.666666666666667       0.666666666666667     
   1.66666666666667       0.666666666666667       0.666666666666667     
   1.66666666666667       0.666666666666667        1.00000000000000     
   1.66666666666667       0.333333333333333       0.666666666666667     
           2
         302          61         105         104          56
   1.66666666666667       0.333333333333333        1.00000000000000     
   1.66666666666667       0.333333333333333       0.666666666666667     
   2.00000000000000       0.333333333333333       0.666666666666667     
   2.00000000000000       0.666666666666667       0.666666666666667     
           2
         303          57         105          61          56
   1.66666666666667       0.666666666666667        1.00000000000000     
   1.66666666666667       0.333333333333333       0.666666666666667     
   1.66666666666667       0.333333333333333        1.00000000000000     
   2.00000000000000       0.666666666666667       0.666666666666667     
           2
         304          24          56          57          58
   2.00000000000000       0.666666666666667        1.00000000000000     
   2.00000000000000       0.666666666666667       0.666666666666667     
   1.66666666666667       0.666666666666667        1.00000000000000     
   2.00000000000000       0.333333333333333        1.00000000000000     
           2
         305          58          61         104          56
   2.00000000000000       0.333333333333333        1.00000000000000     
   1.66666666666667       0.333333333333333        1.00000000000000     
   2.00000000000000       0.333333333333333       0.666666666666667     
   2.00000000000000       0.666666666666667       0.666666666666667     
           2
         306          58          57          61          56
   2.00000000000000       0.333333333333333        1.00000000000000     
   1.66666666666667       0.666666666666667        1.00000000000000     
   1.66666666666667       0.333333333333333        1.00000000000000     
   2.00000000000000       0.666666666666667       0.666666666666667     
           2
         307         148         198         149         193
   2.00000000000000        1.00000000000000       0.000000000000000E+000
   1.66666666666667        1.00000000000000       0.000000000000000E+000
   1.66666666666667        1.00000000000000       0.333333333333333     
   1.66666666666667       0.666666666666667       0.000000000000000E+000
           2
         308         145         193         144         148
   1.66666666666667       0.666666666666667       0.333333333333333     
   1.66666666666667       0.666666666666667       0.000000000000000E+000
   2.00000000000000       0.666666666666667       0.000000000000000E+000
   2.00000000000000        1.00000000000000       0.000000000000000E+000
           2
         309         149         193         145         148
   1.66666666666667        1.00000000000000       0.333333333333333     
   1.66666666666667       0.666666666666667       0.000000000000000E+000
   1.66666666666667       0.666666666666667       0.333333333333333     
   2.00000000000000        1.00000000000000       0.000000000000000E+000
           2
         310         106         148         149         102
   2.00000000000000        1.00000000000000       0.333333333333333     
   2.00000000000000        1.00000000000000       0.000000000000000E+000
   1.66666666666667        1.00000000000000       0.333333333333333     
   2.00000000000000       0.666666666666667       0.333333333333333     
           2
         311         102         145         144         148
   2.00000000000000       0.666666666666667       0.333333333333333     
   1.66666666666667       0.666666666666667       0.333333333333333     
   2.00000000000000       0.666666666666667       0.000000000000000E+000
   2.00000000000000        1.00000000000000       0.000000000000000E+000
           2
         312         102         149         145         148
   2.00000000000000       0.666666666666667       0.333333333333333     
   1.66666666666667        1.00000000000000       0.333333333333333     
   1.66666666666667       0.666666666666667       0.333333333333333     
   2.00000000000000        1.00000000000000       0.000000000000000E+000
           2
         313         106         149         107         145
   2.00000000000000        1.00000000000000       0.333333333333333     
   1.66666666666667        1.00000000000000       0.333333333333333     
   1.66666666666667        1.00000000000000       0.666666666666667     
   1.66666666666667       0.666666666666667       0.333333333333333     
           2
         314         103         145         102         106
   1.66666666666667       0.666666666666667       0.666666666666667     
   1.66666666666667       0.666666666666667       0.333333333333333     
   2.00000000000000       0.666666666666667       0.333333333333333     
   2.00000000000000        1.00000000000000       0.333333333333333     
           2
         315         107         145         103         106
   1.66666666666667        1.00000000000000       0.666666666666667     
   1.66666666666667       0.666666666666667       0.333333333333333     
   1.66666666666667       0.666666666666667       0.666666666666667     
   2.00000000000000        1.00000000000000       0.333333333333333     
           2
         316          59         106         107          56
   2.00000000000000        1.00000000000000       0.666666666666667     
   2.00000000000000        1.00000000000000       0.333333333333333     
   1.66666666666667        1.00000000000000       0.666666666666667     
   2.00000000000000       0.666666666666667       0.666666666666667     
           2
         317          56         103         102         106
   2.00000000000000       0.666666666666667       0.666666666666667     
   1.66666666666667       0.666666666666667       0.666666666666667     
   2.00000000000000       0.666666666666667       0.333333333333333     
   2.00000000000000        1.00000000000000       0.333333333333333     
           2
         318          56         107         103         106
   2.00000000000000       0.666666666666667       0.666666666666667     
   1.66666666666667        1.00000000000000       0.666666666666667     
   1.66666666666667       0.666666666666667       0.666666666666667     
   2.00000000000000        1.00000000000000       0.333333333333333     
           2
         319          59         107          60         103
   2.00000000000000        1.00000000000000       0.666666666666667     
   1.66666666666667        1.00000000000000       0.666666666666667     
   1.66666666666667        1.00000000000000        1.00000000000000     
   1.66666666666667       0.666666666666667       0.666666666666667     
           2
         320          57         103          56          59
   1.66666666666667       0.666666666666667        1.00000000000000     
   1.66666666666667       0.666666666666667       0.666666666666667     
   2.00000000000000       0.666666666666667       0.666666666666667     
   2.00000000000000        1.00000000000000       0.666666666666667     
           2
         321          60         103          57          59
   1.66666666666667        1.00000000000000        1.00000000000000     
   1.66666666666667       0.666666666666667       0.666666666666667     
   1.66666666666667       0.666666666666667        1.00000000000000     
   2.00000000000000        1.00000000000000       0.666666666666667     
           2
         322          28          59          60          24
   2.00000000000000        1.00000000000000        1.00000000000000     
   2.00000000000000        1.00000000000000       0.666666666666667     
   1.66666666666667        1.00000000000000        1.00000000000000     
   2.00000000000000       0.666666666666667        1.00000000000000     
           2
         323          24          57          56          59
   2.00000000000000       0.666666666666667        1.00000000000000     
   1.66666666666667       0.666666666666667        1.00000000000000     
   2.00000000000000       0.666666666666667       0.666666666666667     
   2.00000000000000        1.00000000000000       0.666666666666667     
           2
         324          24          60          57          59
   2.00000000000000       0.666666666666667        1.00000000000000     
   1.66666666666667        1.00000000000000        1.00000000000000     
   1.66666666666667       0.666666666666667        1.00000000000000     
   2.00000000000000        1.00000000000000       0.666666666666667     
           2
         325         247         282         248         279
   1.33333333333333        1.33333333333333       0.000000000000000E+000
   1.00000000000000        1.33333333333333       0.000000000000000E+000
   1.00000000000000        1.33333333333333       0.333333333333333     
   1.00000000000000        1.00000000000000       0.000000000000000E+000
           2
         326         245         279         244         247
   1.00000000000000        1.00000000000000       0.333333333333333     
   1.00000000000000        1.00000000000000       0.000000000000000E+000
   1.33333333333333        1.00000000000000       0.000000000000000E+000
   1.33333333333333        1.33333333333333       0.000000000000000E+000
           2
         327         248         279         245         247
   1.00000000000000        1.33333333333333       0.333333333333333     
   1.00000000000000        1.00000000000000       0.000000000000000E+000
   1.00000000000000        1.00000000000000       0.333333333333333     
   1.33333333333333        1.33333333333333       0.000000000000000E+000
           2
         328         203         247         248         199
   1.33333333333333        1.33333333333333       0.333333333333333     
   1.33333333333333        1.33333333333333       0.000000000000000E+000
   1.00000000000000        1.33333333333333       0.333333333333333     
   1.33333333333333        1.00000000000000       0.333333333333333     
           2
         329         199         245         244         247
   1.33333333333333        1.00000000000000       0.333333333333333     
   1.00000000000000        1.00000000000000       0.333333333333333     
   1.33333333333333        1.00000000000000       0.000000000000000E+000
   1.33333333333333        1.33333333333333       0.000000000000000E+000
           2
         330         199         248         245         247
   1.33333333333333        1.00000000000000       0.333333333333333     
   1.00000000000000        1.33333333333333       0.333333333333333     
   1.00000000000000        1.00000000000000       0.333333333333333     
   1.33333333333333        1.33333333333333       0.000000000000000E+000
           2
         331         203         248         208         245
   1.33333333333333        1.33333333333333       0.333333333333333     
   1.00000000000000        1.33333333333333       0.333333333333333     
   1.00000000000000        1.33333333333333       0.666666666666667     
   1.00000000000000        1.00000000000000       0.333333333333333     
           2
         332         206         245         199         203
   1.00000000000000        1.00000000000000       0.666666666666667     
   1.00000000000000        1.00000000000000       0.333333333333333     
   1.33333333333333        1.00000000000000       0.333333333333333     
   1.33333333333333        1.33333333333333       0.333333333333333     
           2
         333         208         245         206         203
   1.00000000000000        1.33333333333333       0.666666666666667     
   1.00000000000000        1.00000000000000       0.333333333333333     
   1.00000000000000        1.00000000000000       0.666666666666667     
   1.33333333333333        1.33333333333333       0.333333333333333     
           2
         334         157         203         208         152
   1.33333333333333        1.33333333333333       0.666666666666667     
   1.33333333333333        1.33333333333333       0.333333333333333     
   1.00000000000000        1.33333333333333       0.666666666666667     
   1.33333333333333        1.00000000000000       0.666666666666667     
           2
         335         152         206         199         203
   1.33333333333333        1.00000000000000       0.666666666666667     
   1.00000000000000        1.00000000000000       0.666666666666667     
   1.33333333333333        1.00000000000000       0.333333333333333     
   1.33333333333333        1.33333333333333       0.333333333333333     
           2
         336         152         208         206         203
   1.33333333333333        1.00000000000000       0.666666666666667     
   1.00000000000000        1.33333333333333       0.666666666666667     
   1.00000000000000        1.00000000000000       0.666666666666667     
   1.33333333333333        1.33333333333333       0.333333333333333     
           2
         337         157         208         161         206
   1.33333333333333        1.33333333333333       0.666666666666667     
   1.00000000000000        1.33333333333333       0.666666666666667     
   1.00000000000000        1.33333333333333        1.00000000000000     
   1.00000000000000        1.00000000000000       0.666666666666667     
           2
         338         159         206         152         157
   1.00000000000000        1.00000000000000        1.00000000000000     
   1.00000000000000        1.00000000000000       0.666666666666667     
   1.33333333333333        1.00000000000000       0.666666666666667     
   1.33333333333333        1.33333333333333       0.666666666666667     
           2
         339         161         206         159         157
   1.00000000000000        1.33333333333333        1.00000000000000     
   1.00000000000000        1.00000000000000       0.666666666666667     
   1.00000000000000        1.00000000000000        1.00000000000000     
   1.33333333333333        1.33333333333333       0.666666666666667     
           2
         340         113         157         161         109
   1.33333333333333        1.33333333333333        1.00000000000000     
   1.33333333333333        1.33333333333333       0.666666666666667     
   1.00000000000000        1.33333333333333        1.00000000000000     
   1.33333333333333        1.00000000000000        1.00000000000000     
           2
         341         109         159         152         157
   1.33333333333333        1.00000000000000        1.00000000000000     
   1.00000000000000        1.00000000000000        1.00000000000000     
   1.33333333333333        1.00000000000000       0.666666666666667     
   1.33333333333333        1.33333333333333       0.666666666666667     
           2
         342         109         161         159         157
   1.33333333333333        1.00000000000000        1.00000000000000     
   1.00000000000000        1.33333333333333        1.00000000000000     
   1.00000000000000        1.00000000000000        1.00000000000000     
   1.33333333333333        1.33333333333333       0.666666666666667     
           2
         343         249         284         250         282
   1.33333333333333        1.66666666666667       0.000000000000000E+000
   1.00000000000000        1.66666666666667       0.000000000000000E+000
   1.00000000000000        1.66666666666667       0.333333333333333     
   1.00000000000000        1.33333333333333       0.000000000000000E+000
           2
         344         248         282         247         249
   1.00000000000000        1.33333333333333       0.333333333333333     
   1.00000000000000        1.33333333333333       0.000000000000000E+000
   1.33333333333333        1.33333333333333       0.000000000000000E+000
   1.33333333333333        1.66666666666667       0.000000000000000E+000
           2
         345         250         282         248         249
   1.00000000000000        1.66666666666667       0.333333333333333     
   1.00000000000000        1.33333333333333       0.000000000000000E+000
   1.00000000000000        1.33333333333333       0.333333333333333     
   1.33333333333333        1.66666666666667       0.000000000000000E+000
           2
         346         211         249         250         203
   1.33333333333333        1.66666666666667       0.333333333333333     
   1.33333333333333        1.66666666666667       0.000000000000000E+000
   1.00000000000000        1.66666666666667       0.333333333333333     
   1.33333333333333        1.33333333333333       0.333333333333333     
           2
         347         203         248         247         249
   1.33333333333333        1.33333333333333       0.333333333333333     
   1.00000000000000        1.33333333333333       0.333333333333333     
   1.33333333333333        1.33333333333333       0.000000000000000E+000
   1.33333333333333        1.66666666666667       0.000000000000000E+000
           2
         348         203         250         248         249
   1.33333333333333        1.33333333333333       0.333333333333333     
   1.00000000000000        1.66666666666667       0.333333333333333     
   1.00000000000000        1.33333333333333       0.333333333333333     
   1.33333333333333        1.66666666666667       0.000000000000000E+000
           2
         349         211         250         212         248
   1.33333333333333        1.66666666666667       0.333333333333333     
   1.00000000000000        1.66666666666667       0.333333333333333     
   1.00000000000000        1.66666666666667       0.666666666666667     
   1.00000000000000        1.33333333333333       0.333333333333333     
           2
         350         208         248         203         211
   1.00000000000000        1.33333333333333       0.666666666666667     
   1.00000000000000        1.33333333333333       0.333333333333333     
   1.33333333333333        1.33333333333333       0.333333333333333     
   1.33333333333333        1.66666666666667       0.333333333333333     
           2
         351         212         248         208         211
   1.00000000000000        1.66666666666667       0.666666666666667     
   1.00000000000000        1.33333333333333       0.333333333333333     
   1.00000000000000        1.33333333333333       0.666666666666667     
   1.33333333333333        1.66666666666667       0.333333333333333     
           2
         352         165         211         212         157
   1.33333333333333        1.66666666666667       0.666666666666667     
   1.33333333333333        1.66666666666667       0.333333333333333     
   1.00000000000000        1.66666666666667       0.666666666666667     
   1.33333333333333        1.33333333333333       0.666666666666667     
           2
         353         157         208         203         211
   1.33333333333333        1.33333333333333       0.666666666666667     
   1.00000000000000        1.33333333333333       0.666666666666667     
   1.33333333333333        1.33333333333333       0.333333333333333     
   1.33333333333333        1.66666666666667       0.333333333333333     
           2
         354         157         212         208         211
   1.33333333333333        1.33333333333333       0.666666666666667     
   1.00000000000000        1.66666666666667       0.666666666666667     
   1.00000000000000        1.33333333333333       0.666666666666667     
   1.33333333333333        1.66666666666667       0.333333333333333     
           2
         355         165         212         166         208
   1.33333333333333        1.66666666666667       0.666666666666667     
   1.00000000000000        1.66666666666667       0.666666666666667     
   1.00000000000000        1.66666666666667        1.00000000000000     
   1.00000000000000        1.33333333333333       0.666666666666667     
           2
         356         161         208         157         165
   1.00000000000000        1.33333333333333        1.00000000000000     
   1.00000000000000        1.33333333333333       0.666666666666667     
   1.33333333333333        1.33333333333333       0.666666666666667     
   1.33333333333333        1.66666666666667       0.666666666666667     
           2
         357         166         208         161         165
   1.00000000000000        1.66666666666667        1.00000000000000     
   1.00000000000000        1.33333333333333       0.666666666666667     
   1.00000000000000        1.33333333333333        1.00000000000000     
   1.33333333333333        1.66666666666667       0.666666666666667     
           2
         358         124         165         166         113
   1.33333333333333        1.66666666666667        1.00000000000000     
   1.33333333333333        1.66666666666667       0.666666666666667     
   1.00000000000000        1.66666666666667        1.00000000000000     
   1.33333333333333        1.33333333333333        1.00000000000000     
           2
         359         113         161         157         165
   1.33333333333333        1.33333333333333        1.00000000000000     
   1.00000000000000        1.33333333333333        1.00000000000000     
   1.33333333333333        1.33333333333333       0.666666666666667     
   1.33333333333333        1.66666666666667       0.666666666666667     
           2
         360         113         166         161         165
   1.33333333333333        1.33333333333333        1.00000000000000     
   1.00000000000000        1.66666666666667        1.00000000000000     
   1.00000000000000        1.33333333333333        1.00000000000000     
   1.33333333333333        1.66666666666667       0.666666666666667     
           2
         361         257         286         258         284
   1.33333333333333        2.00000000000000       0.000000000000000E+000
   1.00000000000000        2.00000000000000       0.000000000000000E+000
   1.00000000000000        2.00000000000000       0.333333333333333     
   1.00000000000000        1.66666666666667       0.000000000000000E+000
           2
         362         250         284         249         257
   1.00000000000000        1.66666666666667       0.333333333333333     
   1.00000000000000        1.66666666666667       0.000000000000000E+000
   1.33333333333333        1.66666666666667       0.000000000000000E+000
   1.33333333333333        2.00000000000000       0.000000000000000E+000
           2
         363         258         284         250         257
   1.00000000000000        2.00000000000000       0.333333333333333     
   1.00000000000000        1.66666666666667       0.000000000000000E+000
   1.00000000000000        1.66666666666667       0.333333333333333     
   1.33333333333333        2.00000000000000       0.000000000000000E+000
           2
         364         220         257         258         211
   1.33333333333333        2.00000000000000       0.333333333333333     
   1.33333333333333        2.00000000000000       0.000000000000000E+000
   1.00000000000000        2.00000000000000       0.333333333333333     
   1.33333333333333        1.66666666666667       0.333333333333333     
           2
         365         211         250         249         257
   1.33333333333333        1.66666666666667       0.333333333333333     
   1.00000000000000        1.66666666666667       0.333333333333333     
   1.33333333333333        1.66666666666667       0.000000000000000E+000
   1.33333333333333        2.00000000000000       0.000000000000000E+000
           2
         366         211         258         250         257
   1.33333333333333        1.66666666666667       0.333333333333333     
   1.00000000000000        2.00000000000000       0.333333333333333     
   1.00000000000000        1.66666666666667       0.333333333333333     
   1.33333333333333        2.00000000000000       0.000000000000000E+000
           2
         367         220         258         221         250
   1.33333333333333        2.00000000000000       0.333333333333333     
   1.00000000000000        2.00000000000000       0.333333333333333     
   1.00000000000000        2.00000000000000       0.666666666666667     
   1.00000000000000        1.66666666666667       0.333333333333333     
           2
         368         212         250         211         220
   1.00000000000000        1.66666666666667       0.666666666666667     
   1.00000000000000        1.66666666666667       0.333333333333333     
   1.33333333333333        1.66666666666667       0.333333333333333     
   1.33333333333333        2.00000000000000       0.333333333333333     
           2
         369         221         250         212         220
   1.00000000000000        2.00000000000000       0.666666666666667     
   1.00000000000000        1.66666666666667       0.333333333333333     
   1.00000000000000        1.66666666666667       0.666666666666667     
   1.33333333333333        2.00000000000000       0.333333333333333     
           2
         370         176         220         221         165
   1.33333333333333        2.00000000000000       0.666666666666667     
   1.33333333333333        2.00000000000000       0.333333333333333     
   1.00000000000000        2.00000000000000       0.666666666666667     
   1.33333333333333        1.66666666666667       0.666666666666667     
           2
         371         165         212         211         220
   1.33333333333333        1.66666666666667       0.666666666666667     
   1.00000000000000        1.66666666666667       0.666666666666667     
   1.33333333333333        1.66666666666667       0.333333333333333     
   1.33333333333333        2.00000000000000       0.333333333333333     
           2
         372         165         221         212         220
   1.33333333333333        1.66666666666667       0.666666666666667     
   1.00000000000000        2.00000000000000       0.666666666666667     
   1.00000000000000        1.66666666666667       0.666666666666667     
   1.33333333333333        2.00000000000000       0.333333333333333     
           2
         373         176         221         177         212
   1.33333333333333        2.00000000000000       0.666666666666667     
   1.00000000000000        2.00000000000000       0.666666666666667     
   1.00000000000000        2.00000000000000        1.00000000000000     
   1.00000000000000        1.66666666666667       0.666666666666667     
           2
         374         166         212         165         176
   1.00000000000000        1.66666666666667        1.00000000000000     
   1.00000000000000        1.66666666666667       0.666666666666667     
   1.33333333333333        1.66666666666667       0.666666666666667     
   1.33333333333333        2.00000000000000       0.666666666666667     
           2
         375         177         212         166         176
   1.00000000000000        2.00000000000000        1.00000000000000     
   1.00000000000000        1.66666666666667       0.666666666666667     
   1.00000000000000        1.66666666666667        1.00000000000000     
   1.33333333333333        2.00000000000000       0.666666666666667     
           2
         376         136         176         177         124
   1.33333333333333        2.00000000000000        1.00000000000000     
   1.33333333333333        2.00000000000000       0.666666666666667     
   1.00000000000000        2.00000000000000        1.00000000000000     
   1.33333333333333        1.66666666666667        1.00000000000000     
           2
         377         124         166         165         176
   1.33333333333333        1.66666666666667        1.00000000000000     
   1.00000000000000        1.66666666666667        1.00000000000000     
   1.33333333333333        1.66666666666667       0.666666666666667     
   1.33333333333333        2.00000000000000       0.666666666666667     
           2
         378         124         177         166         176
   1.33333333333333        1.66666666666667        1.00000000000000     
   1.00000000000000        2.00000000000000        1.00000000000000     
   1.00000000000000        1.66666666666667        1.00000000000000     
   1.33333333333333        2.00000000000000       0.666666666666667     
           2
         379         202         247         203         244
   1.66666666666667        1.33333333333333       0.000000000000000E+000
   1.33333333333333        1.33333333333333       0.000000000000000E+000
   1.33333333333333        1.33333333333333       0.333333333333333     
   1.33333333333333        1.00000000000000       0.000000000000000E+000
           2
         380         199         244         198         202
   1.33333333333333        1.00000000000000       0.333333333333333     
   1.33333333333333        1.00000000000000       0.000000000000000E+000
   1.66666666666667        1.00000000000000       0.000000000000000E+000
   1.66666666666667        1.33333333333333       0.000000000000000E+000
           2
         381         203         244         199         202
   1.33333333333333        1.33333333333333       0.333333333333333     
   1.33333333333333        1.00000000000000       0.000000000000000E+000
   1.33333333333333        1.00000000000000       0.333333333333333     
   1.66666666666667        1.33333333333333       0.000000000000000E+000
           2
         382         156         202         203         149
   1.66666666666667        1.33333333333333       0.333333333333333     
   1.66666666666667        1.33333333333333       0.000000000000000E+000
   1.33333333333333        1.33333333333333       0.333333333333333     
   1.66666666666667        1.00000000000000       0.333333333333333     
           2
         383         149         199         198         202
   1.66666666666667        1.00000000000000       0.333333333333333     
   1.33333333333333        1.00000000000000       0.333333333333333     
   1.66666666666667        1.00000000000000       0.000000000000000E+000
   1.66666666666667        1.33333333333333       0.000000000000000E+000
           2
         384         149         203         199         202
   1.66666666666667        1.00000000000000       0.333333333333333     
   1.33333333333333        1.33333333333333       0.333333333333333     
   1.33333333333333        1.00000000000000       0.333333333333333     
   1.66666666666667        1.33333333333333       0.000000000000000E+000
           2
         385         156         203         157         199
   1.66666666666667        1.33333333333333       0.333333333333333     
   1.33333333333333        1.33333333333333       0.333333333333333     
   1.33333333333333        1.33333333333333       0.666666666666667     
   1.33333333333333        1.00000000000000       0.333333333333333     
           2
         386         152         199         149         156
   1.33333333333333        1.00000000000000       0.666666666666667     
   1.33333333333333        1.00000000000000       0.333333333333333     
   1.66666666666667        1.00000000000000       0.333333333333333     
   1.66666666666667        1.33333333333333       0.333333333333333     
           2
         387         157         199         152         156
   1.33333333333333        1.33333333333333       0.666666666666667     
   1.33333333333333        1.00000000000000       0.333333333333333     
   1.33333333333333        1.00000000000000       0.666666666666667     
   1.66666666666667        1.33333333333333       0.333333333333333     
           2
         388         112         156         157         107
   1.66666666666667        1.33333333333333       0.666666666666667     
   1.66666666666667        1.33333333333333       0.333333333333333     
   1.33333333333333        1.33333333333333       0.666666666666667     
   1.66666666666667        1.00000000000000       0.666666666666667     
           2
         389         107         152         149         156
   1.66666666666667        1.00000000000000       0.666666666666667     
   1.33333333333333        1.00000000000000       0.666666666666667     
   1.66666666666667        1.00000000000000       0.333333333333333     
   1.66666666666667        1.33333333333333       0.333333333333333     
           2
         390         107         157         152         156
   1.66666666666667        1.00000000000000       0.666666666666667     
   1.33333333333333        1.33333333333333       0.666666666666667     
   1.33333333333333        1.00000000000000       0.666666666666667     
   1.66666666666667        1.33333333333333       0.333333333333333     
           2
         391         112         157         113         152
   1.66666666666667        1.33333333333333       0.666666666666667     
   1.33333333333333        1.33333333333333       0.666666666666667     
   1.33333333333333        1.33333333333333        1.00000000000000     
   1.33333333333333        1.00000000000000       0.666666666666667     
           2
         392         109         152         107         112
   1.33333333333333        1.00000000000000        1.00000000000000     
   1.33333333333333        1.00000000000000       0.666666666666667     
   1.66666666666667        1.00000000000000       0.666666666666667     
   1.66666666666667        1.33333333333333       0.666666666666667     
           2
         393         113         152         109         112
   1.33333333333333        1.33333333333333        1.00000000000000     
   1.33333333333333        1.00000000000000       0.666666666666667     
   1.33333333333333        1.00000000000000        1.00000000000000     
   1.66666666666667        1.33333333333333       0.666666666666667     
           2
         394          69         112         113          60
   1.66666666666667        1.33333333333333        1.00000000000000     
   1.66666666666667        1.33333333333333       0.666666666666667     
   1.33333333333333        1.33333333333333        1.00000000000000     
   1.66666666666667        1.00000000000000        1.00000000000000     
           2
         395          60         109         107         112
   1.66666666666667        1.00000000000000        1.00000000000000     
   1.33333333333333        1.00000000000000        1.00000000000000     
   1.66666666666667        1.00000000000000       0.666666666666667     
   1.66666666666667        1.33333333333333       0.666666666666667     
           2
         396          60         113         109         112
   1.66666666666667        1.00000000000000        1.00000000000000     
   1.33333333333333        1.33333333333333        1.00000000000000     
   1.33333333333333        1.00000000000000        1.00000000000000     
   1.66666666666667        1.33333333333333       0.666666666666667     
           2
         397         210         249         211         247
   1.66666666666667        1.66666666666667       0.000000000000000E+000
   1.33333333333333        1.66666666666667       0.000000000000000E+000
   1.33333333333333        1.66666666666667       0.333333333333333     
   1.33333333333333        1.33333333333333       0.000000000000000E+000
           2
         398         203         247         202         210
   1.33333333333333        1.33333333333333       0.333333333333333     
   1.33333333333333        1.33333333333333       0.000000000000000E+000
   1.66666666666667        1.33333333333333       0.000000000000000E+000
   1.66666666666667        1.66666666666667       0.000000000000000E+000
           2
         399         211         247         203         210
   1.33333333333333        1.66666666666667       0.333333333333333     
   1.33333333333333        1.33333333333333       0.000000000000000E+000
   1.33333333333333        1.33333333333333       0.333333333333333     
   1.66666666666667        1.66666666666667       0.000000000000000E+000
           2
         400         164         210         211         156
   1.66666666666667        1.66666666666667       0.333333333333333     
   1.66666666666667        1.66666666666667       0.000000000000000E+000
   1.33333333333333        1.66666666666667       0.333333333333333     
   1.66666666666667        1.33333333333333       0.333333333333333     
           2
         401         156         203         202         210
   1.66666666666667        1.33333333333333       0.333333333333333     
   1.33333333333333        1.33333333333333       0.333333333333333     
   1.66666666666667        1.33333333333333       0.000000000000000E+000
   1.66666666666667        1.66666666666667       0.000000000000000E+000
           2
         402         156         211         203         210
   1.66666666666667        1.33333333333333       0.333333333333333     
   1.33333333333333        1.66666666666667       0.333333333333333     
   1.33333333333333        1.33333333333333       0.333333333333333     
   1.66666666666667        1.66666666666667       0.000000000000000E+000
           2
         403         164         211         165         203
   1.66666666666667        1.66666666666667       0.333333333333333     
   1.33333333333333        1.66666666666667       0.333333333333333     
   1.33333333333333        1.66666666666667       0.666666666666667     
   1.33333333333333        1.33333333333333       0.333333333333333     
           2
         404         157         203         156         164
   1.33333333333333        1.33333333333333       0.666666666666667     
   1.33333333333333        1.33333333333333       0.333333333333333     
   1.66666666666667        1.33333333333333       0.333333333333333     
   1.66666666666667        1.66666666666667       0.333333333333333     
           2
         405         165         203         157         164
   1.33333333333333        1.66666666666667       0.666666666666667     
   1.33333333333333        1.33333333333333       0.333333333333333     
   1.33333333333333        1.33333333333333       0.666666666666667     
   1.66666666666667        1.66666666666667       0.333333333333333     
           2
         406         123         164         165         112
   1.66666666666667        1.66666666666667       0.666666666666667     
   1.66666666666667        1.66666666666667       0.333333333333333     
   1.33333333333333        1.66666666666667       0.666666666666667     
   1.66666666666667        1.33333333333333       0.666666666666667     
           2
         407         112         157         156         164
   1.66666666666667        1.33333333333333       0.666666666666667     
   1.33333333333333        1.33333333333333       0.666666666666667     
   1.66666666666667        1.33333333333333       0.333333333333333     
   1.66666666666667        1.66666666666667       0.333333333333333     
           2
         408         112         165         157         164
   1.66666666666667        1.33333333333333       0.666666666666667     
   1.33333333333333        1.66666666666667       0.666666666666667     
   1.33333333333333        1.33333333333333       0.666666666666667     
   1.66666666666667        1.66666666666667       0.333333333333333     
           2
         409         123         165         124         157
   1.66666666666667        1.66666666666667       0.666666666666667     
   1.33333333333333        1.66666666666667       0.666666666666667     
   1.33333333333333        1.66666666666667        1.00000000000000     
   1.33333333333333        1.33333333333333       0.666666666666667     
           2
         410         113         157         112         123
   1.33333333333333        1.33333333333333        1.00000000000000     
   1.33333333333333        1.33333333333333       0.666666666666667     
   1.66666666666667        1.33333333333333       0.666666666666667     
   1.66666666666667        1.66666666666667       0.666666666666667     
           2
         411         124         157         113         123
   1.33333333333333        1.66666666666667        1.00000000000000     
   1.33333333333333        1.33333333333333       0.666666666666667     
   1.33333333333333        1.33333333333333        1.00000000000000     
   1.66666666666667        1.66666666666667       0.666666666666667     
           2
         412          80         123         124          69
   1.66666666666667        1.66666666666667        1.00000000000000     
   1.66666666666667        1.66666666666667       0.666666666666667     
   1.33333333333333        1.66666666666667        1.00000000000000     
   1.66666666666667        1.33333333333333        1.00000000000000     
           2
         413          69         113         112         123
   1.66666666666667        1.33333333333333        1.00000000000000     
   1.33333333333333        1.33333333333333        1.00000000000000     
   1.66666666666667        1.33333333333333       0.666666666666667     
   1.66666666666667        1.66666666666667       0.666666666666667     
           2
         414          69         124         113         123
   1.66666666666667        1.33333333333333        1.00000000000000     
   1.33333333333333        1.66666666666667        1.00000000000000     
   1.33333333333333        1.33333333333333        1.00000000000000     
   1.66666666666667        1.66666666666667       0.666666666666667     
           2
         415         219         257         220         249
   1.66666666666667        2.00000000000000       0.000000000000000E+000
   1.33333333333333        2.00000000000000       0.000000000000000E+000
   1.33333333333333        2.00000000000000       0.333333333333333     
   1.33333333333333        1.66666666666667       0.000000000000000E+000
           2
         416         211         249         210         219
   1.33333333333333        1.66666666666667       0.333333333333333     
   1.33333333333333        1.66666666666667       0.000000000000000E+000
   1.66666666666667        1.66666666666667       0.000000000000000E+000
   1.66666666666667        2.00000000000000       0.000000000000000E+000
           2
         417         220         249         211         219
   1.33333333333333        2.00000000000000       0.333333333333333     
   1.33333333333333        1.66666666666667       0.000000000000000E+000
   1.33333333333333        1.66666666666667       0.333333333333333     
   1.66666666666667        2.00000000000000       0.000000000000000E+000
           2
         418         175         219         220         164
   1.66666666666667        2.00000000000000       0.333333333333333     
   1.66666666666667        2.00000000000000       0.000000000000000E+000
   1.33333333333333        2.00000000000000       0.333333333333333     
   1.66666666666667        1.66666666666667       0.333333333333333     
           2
         419         164         211         210         219
   1.66666666666667        1.66666666666667       0.333333333333333     
   1.33333333333333        1.66666666666667       0.333333333333333     
   1.66666666666667        1.66666666666667       0.000000000000000E+000
   1.66666666666667        2.00000000000000       0.000000000000000E+000
           2
         420         164         220         211         219
   1.66666666666667        1.66666666666667       0.333333333333333     
   1.33333333333333        2.00000000000000       0.333333333333333     
   1.33333333333333        1.66666666666667       0.333333333333333     
   1.66666666666667        2.00000000000000       0.000000000000000E+000
           2
         421         175         220         176         211
   1.66666666666667        2.00000000000000       0.333333333333333     
   1.33333333333333        2.00000000000000       0.333333333333333     
   1.33333333333333        2.00000000000000       0.666666666666667     
   1.33333333333333        1.66666666666667       0.333333333333333     
           2
         422         165         211         164         175
   1.33333333333333        1.66666666666667       0.666666666666667     
   1.33333333333333        1.66666666666667       0.333333333333333     
   1.66666666666667        1.66666666666667       0.333333333333333     
   1.66666666666667        2.00000000000000       0.333333333333333     
           2
         423         176         211         165         175
   1.33333333333333        2.00000000000000       0.666666666666667     
   1.33333333333333        1.66666666666667       0.333333333333333     
   1.33333333333333        1.66666666666667       0.666666666666667     
   1.66666666666667        2.00000000000000       0.333333333333333     
           2
         424         135         175         176         123
   1.66666666666667        2.00000000000000       0.666666666666667     
   1.66666666666667        2.00000000000000       0.333333333333333     
   1.33333333333333        2.00000000000000       0.666666666666667     
   1.66666666666667        1.66666666666667       0.666666666666667     
           2
         425         123         165         164         175
   1.66666666666667        1.66666666666667       0.666666666666667     
   1.33333333333333        1.66666666666667       0.666666666666667     
   1.66666666666667        1.66666666666667       0.333333333333333     
   1.66666666666667        2.00000000000000       0.333333333333333     
           2
         426         123         176         165         175
   1.66666666666667        1.66666666666667       0.666666666666667     
   1.33333333333333        2.00000000000000       0.666666666666667     
   1.33333333333333        1.66666666666667       0.666666666666667     
   1.66666666666667        2.00000000000000       0.333333333333333     
           2
         427         135         176         136         165
   1.66666666666667        2.00000000000000       0.666666666666667     
   1.33333333333333        2.00000000000000       0.666666666666667     
   1.33333333333333        2.00000000000000        1.00000000000000     
   1.33333333333333        1.66666666666667       0.666666666666667     
           2
         428         124         165         123         135
   1.33333333333333        1.66666666666667        1.00000000000000     
   1.33333333333333        1.66666666666667       0.666666666666667     
   1.66666666666667        1.66666666666667       0.666666666666667     
   1.66666666666667        2.00000000000000       0.666666666666667     
           2
         429         136         165         124         135
   1.33333333333333        2.00000000000000        1.00000000000000     
   1.33333333333333        1.66666666666667       0.666666666666667     
   1.33333333333333        1.66666666666667        1.00000000000000     
   1.66666666666667        2.00000000000000       0.666666666666667     
           2
         430          98         135         136          80
   1.66666666666667        2.00000000000000        1.00000000000000     
   1.66666666666667        2.00000000000000       0.666666666666667     
   1.33333333333333        2.00000000000000        1.00000000000000     
   1.66666666666667        1.66666666666667        1.00000000000000     
           2
         431          80         124         123         135
   1.66666666666667        1.66666666666667        1.00000000000000     
   1.33333333333333        1.66666666666667        1.00000000000000     
   1.66666666666667        1.66666666666667       0.666666666666667     
   1.66666666666667        2.00000000000000       0.666666666666667     
           2
         432          80         136         124         135
   1.66666666666667        1.66666666666667        1.00000000000000     
   1.33333333333333        2.00000000000000        1.00000000000000     
   1.33333333333333        1.66666666666667        1.00000000000000     
   1.66666666666667        2.00000000000000       0.666666666666667     
           2
         433         155         202         156         198
   2.00000000000000        1.33333333333333       0.000000000000000E+000
   1.66666666666667        1.33333333333333       0.000000000000000E+000
   1.66666666666667        1.33333333333333       0.333333333333333     
   1.66666666666667        1.00000000000000       0.000000000000000E+000
           2
         434         149         198         148         155
   1.66666666666667        1.00000000000000       0.333333333333333     
   1.66666666666667        1.00000000000000       0.000000000000000E+000
   2.00000000000000        1.00000000000000       0.000000000000000E+000
   2.00000000000000        1.33333333333333       0.000000000000000E+000
           2
         435         156         198         149         155
   1.66666666666667        1.33333333333333       0.333333333333333     
   1.66666666666667        1.00000000000000       0.000000000000000E+000
   1.66666666666667        1.00000000000000       0.333333333333333     
   2.00000000000000        1.33333333333333       0.000000000000000E+000
           2
         436         111         155         156         106
   2.00000000000000        1.33333333333333       0.333333333333333     
   2.00000000000000        1.33333333333333       0.000000000000000E+000
   1.66666666666667        1.33333333333333       0.333333333333333     
   2.00000000000000        1.00000000000000       0.333333333333333     
           2
         437         106         149         148         155
   2.00000000000000        1.00000000000000       0.333333333333333     
   1.66666666666667        1.00000000000000       0.333333333333333     
   2.00000000000000        1.00000000000000       0.000000000000000E+000
   2.00000000000000        1.33333333333333       0.000000000000000E+000
           2
         438         106         156         149         155
   2.00000000000000        1.00000000000000       0.333333333333333     
   1.66666666666667        1.33333333333333       0.333333333333333     
   1.66666666666667        1.00000000000000       0.333333333333333     
   2.00000000000000        1.33333333333333       0.000000000000000E+000
           2
         439         111         156         112         149
   2.00000000000000        1.33333333333333       0.333333333333333     
   1.66666666666667        1.33333333333333       0.333333333333333     
   1.66666666666667        1.33333333333333       0.666666666666667     
   1.66666666666667        1.00000000000000       0.333333333333333     
           2
         440         107         149         106         111
   1.66666666666667        1.00000000000000       0.666666666666667     
   1.66666666666667        1.00000000000000       0.333333333333333     
   2.00000000000000        1.00000000000000       0.333333333333333     
   2.00000000000000        1.33333333333333       0.333333333333333     
           2
         441         112         149         107         111
   1.66666666666667        1.33333333333333       0.666666666666667     
   1.66666666666667        1.00000000000000       0.333333333333333     
   1.66666666666667        1.00000000000000       0.666666666666667     
   2.00000000000000        1.33333333333333       0.333333333333333     
           2
         442          68         111         112          59
   2.00000000000000        1.33333333333333       0.666666666666667     
   2.00000000000000        1.33333333333333       0.333333333333333     
   1.66666666666667        1.33333333333333       0.666666666666667     
   2.00000000000000        1.00000000000000       0.666666666666667     
           2
         443          59         107         106         111
   2.00000000000000        1.00000000000000       0.666666666666667     
   1.66666666666667        1.00000000000000       0.666666666666667     
   2.00000000000000        1.00000000000000       0.333333333333333     
   2.00000000000000        1.33333333333333       0.333333333333333     
           2
         444          59         112         107         111
   2.00000000000000        1.00000000000000       0.666666666666667     
   1.66666666666667        1.33333333333333       0.666666666666667     
   1.66666666666667        1.00000000000000       0.666666666666667     
   2.00000000000000        1.33333333333333       0.333333333333333     
           2
         445          68         112          69         107
   2.00000000000000        1.33333333333333       0.666666666666667     
   1.66666666666667        1.33333333333333       0.666666666666667     
   1.66666666666667        1.33333333333333        1.00000000000000     
   1.66666666666667        1.00000000000000       0.666666666666667     
           2
         446          60         107          59          68
   1.66666666666667        1.00000000000000        1.00000000000000     
   1.66666666666667        1.00000000000000       0.666666666666667     
   2.00000000000000        1.00000000000000       0.666666666666667     
   2.00000000000000        1.33333333333333       0.666666666666667     
           2
         447          69         107          60          68
   1.66666666666667        1.33333333333333        1.00000000000000     
   1.66666666666667        1.00000000000000       0.666666666666667     
   1.66666666666667        1.00000000000000        1.00000000000000     
   2.00000000000000        1.33333333333333       0.666666666666667     
           2
         448          40          68          69          28
   2.00000000000000        1.33333333333333        1.00000000000000     
   2.00000000000000        1.33333333333333       0.666666666666667     
   1.66666666666667        1.33333333333333        1.00000000000000     
   2.00000000000000        1.00000000000000        1.00000000000000     
           2
         449          28          60          59          68
   2.00000000000000        1.00000000000000        1.00000000000000     
   1.66666666666667        1.00000000000000        1.00000000000000     
   2.00000000000000        1.00000000000000       0.666666666666667     
   2.00000000000000        1.33333333333333       0.666666666666667     
           2
         450          28          69          60          68
   2.00000000000000        1.00000000000000        1.00000000000000     
   1.66666666666667        1.33333333333333        1.00000000000000     
   1.66666666666667        1.00000000000000        1.00000000000000     
   2.00000000000000        1.33333333333333       0.666666666666667     
           2
         451         163         210         164         202
   2.00000000000000        1.66666666666667       0.000000000000000E+000
   1.66666666666667        1.66666666666667       0.000000000000000E+000
   1.66666666666667        1.66666666666667       0.333333333333333     
   1.66666666666667        1.33333333333333       0.000000000000000E+000
           2
         452         156         202         155         163
   1.66666666666667        1.33333333333333       0.333333333333333     
   1.66666666666667        1.33333333333333       0.000000000000000E+000
   2.00000000000000        1.33333333333333       0.000000000000000E+000
   2.00000000000000        1.66666666666667       0.000000000000000E+000
           2
         453         164         202         156         163
   1.66666666666667        1.66666666666667       0.333333333333333     
   1.66666666666667        1.33333333333333       0.000000000000000E+000
   1.66666666666667        1.33333333333333       0.333333333333333     
   2.00000000000000        1.66666666666667       0.000000000000000E+000
           2
         454         122         163         164         111
   2.00000000000000        1.66666666666667       0.333333333333333     
   2.00000000000000        1.66666666666667       0.000000000000000E+000
   1.66666666666667        1.66666666666667       0.333333333333333     
   2.00000000000000        1.33333333333333       0.333333333333333     
           2
         455         111         156         155         163
   2.00000000000000        1.33333333333333       0.333333333333333     
   1.66666666666667        1.33333333333333       0.333333333333333     
   2.00000000000000        1.33333333333333       0.000000000000000E+000
   2.00000000000000        1.66666666666667       0.000000000000000E+000
           2
         456         111         164         156         163
   2.00000000000000        1.33333333333333       0.333333333333333     
   1.66666666666667        1.66666666666667       0.333333333333333     
   1.66666666666667        1.33333333333333       0.333333333333333     
   2.00000000000000        1.66666666666667       0.000000000000000E+000
           2
         457         122         164         123         156
   2.00000000000000        1.66666666666667       0.333333333333333     
   1.66666666666667        1.66666666666667       0.333333333333333     
   1.66666666666667        1.66666666666667       0.666666666666667     
   1.66666666666667        1.33333333333333       0.333333333333333     
           2
         458         112         156         111         122
   1.66666666666667        1.33333333333333       0.666666666666667     
   1.66666666666667        1.33333333333333       0.333333333333333     
   2.00000000000000        1.33333333333333       0.333333333333333     
   2.00000000000000        1.66666666666667       0.333333333333333     
           2
         459         123         156         112         122
   1.66666666666667        1.66666666666667       0.666666666666667     
   1.66666666666667        1.33333333333333       0.333333333333333     
   1.66666666666667        1.33333333333333       0.666666666666667     
   2.00000000000000        1.66666666666667       0.333333333333333     
           2
         460          79         122         123          68
   2.00000000000000        1.66666666666667       0.666666666666667     
   2.00000000000000        1.66666666666667       0.333333333333333     
   1.66666666666667        1.66666666666667       0.666666666666667     
   2.00000000000000        1.33333333333333       0.666666666666667     
           2
         461          68         112         111         122
   2.00000000000000        1.33333333333333       0.666666666666667     
   1.66666666666667        1.33333333333333       0.666666666666667     
   2.00000000000000        1.33333333333333       0.333333333333333     
   2.00000000000000        1.66666666666667       0.333333333333333     
           2
         462          68         123         112         122
   2.00000000000000        1.33333333333333       0.666666666666667     
   1.66666666666667        1.66666666666667       0.666666666666667     
   1.66666666666667        1.33333333333333       0.666666666666667     
   2.00000000000000        1.66666666666667       0.333333333333333     
           2
         463          79         123          80         112
   2.00000000000000        1.66666666666667       0.666666666666667     
   1.66666666666667        1.66666666666667       0.666666666666667     
   1.66666666666667        1.66666666666667        1.00000000000000     
   1.66666666666667        1.33333333333333       0.666666666666667     
           2
         464          69         112          68          79
   1.66666666666667        1.33333333333333        1.00000000000000     
   1.66666666666667        1.33333333333333       0.666666666666667     
   2.00000000000000        1.33333333333333       0.666666666666667     
   2.00000000000000        1.66666666666667       0.666666666666667     
           2
         465          80         112          69          79
   1.66666666666667        1.66666666666667        1.00000000000000     
   1.66666666666667        1.33333333333333       0.666666666666667     
   1.66666666666667        1.33333333333333        1.00000000000000     
   2.00000000000000        1.66666666666667       0.666666666666667     
           2
         466          52          79          80          40
   2.00000000000000        1.66666666666667        1.00000000000000     
   2.00000000000000        1.66666666666667       0.666666666666667     
   1.66666666666667        1.66666666666667        1.00000000000000     
   2.00000000000000        1.33333333333333        1.00000000000000     
           2
         467          40          69          68          79
   2.00000000000000        1.33333333333333        1.00000000000000     
   1.66666666666667        1.33333333333333        1.00000000000000     
   2.00000000000000        1.33333333333333       0.666666666666667     
   2.00000000000000        1.66666666666667       0.666666666666667     
           2
         468          40          80          69          79
   2.00000000000000        1.33333333333333        1.00000000000000     
   1.66666666666667        1.66666666666667        1.00000000000000     
   1.66666666666667        1.33333333333333        1.00000000000000     
   2.00000000000000        1.66666666666667       0.666666666666667     
           2
         469         174         219         175         210
   2.00000000000000        2.00000000000000       0.000000000000000E+000
   1.66666666666667        2.00000000000000       0.000000000000000E+000
   1.66666666666667        2.00000000000000       0.333333333333333     
   1.66666666666667        1.66666666666667       0.000000000000000E+000
           2
         470         164         210         163         174
   1.66666666666667        1.66666666666667       0.333333333333333     
   1.66666666666667        1.66666666666667       0.000000000000000E+000
   2.00000000000000        1.66666666666667       0.000000000000000E+000
   2.00000000000000        2.00000000000000       0.000000000000000E+000
           2
         471         175         210         164         174
   1.66666666666667        2.00000000000000       0.333333333333333     
   1.66666666666667        1.66666666666667       0.000000000000000E+000
   1.66666666666667        1.66666666666667       0.333333333333333     
   2.00000000000000        2.00000000000000       0.000000000000000E+000
           2
         472         134         174         175         122
   2.00000000000000        2.00000000000000       0.333333333333333     
   2.00000000000000        2.00000000000000       0.000000000000000E+000
   1.66666666666667        2.00000000000000       0.333333333333333     
   2.00000000000000        1.66666666666667       0.333333333333333     
           2
         473         122         164         163         174
   2.00000000000000        1.66666666666667       0.333333333333333     
   1.66666666666667        1.66666666666667       0.333333333333333     
   2.00000000000000        1.66666666666667       0.000000000000000E+000
   2.00000000000000        2.00000000000000       0.000000000000000E+000
           2
         474         122         175         164         174
   2.00000000000000        1.66666666666667       0.333333333333333     
   1.66666666666667        2.00000000000000       0.333333333333333     
   1.66666666666667        1.66666666666667       0.333333333333333     
   2.00000000000000        2.00000000000000       0.000000000000000E+000
           2
         475         134         175         135         164
   2.00000000000000        2.00000000000000       0.333333333333333     
   1.66666666666667        2.00000000000000       0.333333333333333     
   1.66666666666667        2.00000000000000       0.666666666666667     
   1.66666666666667        1.66666666666667       0.333333333333333     
           2
         476         123         164         122         134
   1.66666666666667        1.66666666666667       0.666666666666667     
   1.66666666666667        1.66666666666667       0.333333333333333     
   2.00000000000000        1.66666666666667       0.333333333333333     
   2.00000000000000        2.00000000000000       0.333333333333333     
           2
         477         135         164         123         134
   1.66666666666667        2.00000000000000       0.666666666666667     
   1.66666666666667        1.66666666666667       0.333333333333333     
   1.66666666666667        1.66666666666667       0.666666666666667     
   2.00000000000000        2.00000000000000       0.333333333333333     
           2
         478          97         134         135          79
   2.00000000000000        2.00000000000000       0.666666666666667     
   2.00000000000000        2.00000000000000       0.333333333333333     
   1.66666666666667        2.00000000000000       0.666666666666667     
   2.00000000000000        1.66666666666667       0.666666666666667     
           2
         479          79         123         122         134
   2.00000000000000        1.66666666666667       0.666666666666667     
   1.66666666666667        1.66666666666667       0.666666666666667     
   2.00000000000000        1.66666666666667       0.333333333333333     
   2.00000000000000        2.00000000000000       0.333333333333333     
           2
         480          79         135         123         134
   2.00000000000000        1.66666666666667       0.666666666666667     
   1.66666666666667        2.00000000000000       0.666666666666667     
   1.66666666666667        1.66666666666667       0.666666666666667     
   2.00000000000000        2.00000000000000       0.333333333333333     
           2
         481          97         135          98         123
   2.00000000000000        2.00000000000000       0.666666666666667     
   1.66666666666667        2.00000000000000       0.666666666666667     
   1.66666666666667        2.00000000000000        1.00000000000000     
   1.66666666666667        1.66666666666667       0.666666666666667     
           2
         482          80         123          79          97
   1.66666666666667        1.66666666666667        1.00000000000000     
   1.66666666666667        1.66666666666667       0.666666666666667     
   2.00000000000000        1.66666666666667       0.666666666666667     
   2.00000000000000        2.00000000000000       0.666666666666667     
           2
         483          98         123          80          97
   1.66666666666667        2.00000000000000        1.00000000000000     
   1.66666666666667        1.66666666666667       0.666666666666667     
   1.66666666666667        1.66666666666667        1.00000000000000     
   2.00000000000000        2.00000000000000       0.666666666666667     
           2
         484          93          97          98          52
   2.00000000000000        2.00000000000000        1.00000000000000     
   2.00000000000000        2.00000000000000       0.666666666666667     
   1.66666666666667        2.00000000000000        1.00000000000000     
   2.00000000000000        1.66666666666667        1.00000000000000     
           2
         485          52          80          79          97
   2.00000000000000        1.66666666666667        1.00000000000000     
   1.66666666666667        1.66666666666667        1.00000000000000     
   2.00000000000000        1.66666666666667       0.666666666666667     
   2.00000000000000        2.00000000000000       0.666666666666667     
           2
         486          52          98          80          97
   2.00000000000000        1.66666666666667        1.00000000000000     
   1.66666666666667        2.00000000000000        1.00000000000000     
   1.66666666666667        1.66666666666667        1.00000000000000     
   2.00000000000000        2.00000000000000       0.666666666666667     
           2
         487         331         341         332         340
  0.333333333333333        1.33333333333333       0.000000000000000E+000
  0.000000000000000E+000   1.33333333333333       0.000000000000000E+000
  0.000000000000000E+000   1.33333333333333       0.333333333333333     
  0.000000000000000E+000   1.00000000000000       0.000000000000000E+000
           2
         488         329         340         328         331
  0.000000000000000E+000   1.00000000000000       0.333333333333333     
  0.000000000000000E+000   1.00000000000000       0.000000000000000E+000
  0.333333333333333        1.00000000000000       0.000000000000000E+000
  0.333333333333333        1.33333333333333       0.000000000000000E+000
           2
         489         332         340         329         331
  0.000000000000000E+000   1.33333333333333       0.333333333333333     
  0.000000000000000E+000   1.00000000000000       0.000000000000000E+000
  0.000000000000000E+000   1.00000000000000       0.333333333333333     
  0.333333333333333        1.33333333333333       0.000000000000000E+000
           2
         490         311         331         332         308
  0.333333333333333        1.33333333333333       0.333333333333333     
  0.333333333333333        1.33333333333333       0.000000000000000E+000
  0.000000000000000E+000   1.33333333333333       0.333333333333333     
  0.333333333333333        1.00000000000000       0.333333333333333     
           2
         491         308         329         328         331
  0.333333333333333        1.00000000000000       0.333333333333333     
  0.000000000000000E+000   1.00000000000000       0.333333333333333     
  0.333333333333333        1.00000000000000       0.000000000000000E+000
  0.333333333333333        1.33333333333333       0.000000000000000E+000
           2
         492         308         332         329         331
  0.333333333333333        1.00000000000000       0.333333333333333     
  0.000000000000000E+000   1.33333333333333       0.333333333333333     
  0.000000000000000E+000   1.00000000000000       0.333333333333333     
  0.333333333333333        1.33333333333333       0.000000000000000E+000
           2
         493         311         332         320         329
  0.333333333333333        1.33333333333333       0.333333333333333     
  0.000000000000000E+000   1.33333333333333       0.333333333333333     
  0.000000000000000E+000   1.33333333333333       0.666666666666667     
  0.000000000000000E+000   1.00000000000000       0.333333333333333     
           2
         494         318         329         308         311
  0.000000000000000E+000   1.00000000000000       0.666666666666667     
  0.000000000000000E+000   1.00000000000000       0.333333333333333     
  0.333333333333333        1.00000000000000       0.333333333333333     
  0.333333333333333        1.33333333333333       0.333333333333333     
           2
         495         320         329         318         311
  0.000000000000000E+000   1.33333333333333       0.666666666666667     
  0.000000000000000E+000   1.00000000000000       0.333333333333333     
  0.000000000000000E+000   1.00000000000000       0.666666666666667     
  0.333333333333333        1.33333333333333       0.333333333333333     
           2
         496         292         311         320         290
  0.333333333333333        1.33333333333333       0.666666666666667     
  0.333333333333333        1.33333333333333       0.333333333333333     
  0.000000000000000E+000   1.33333333333333       0.666666666666667     
  0.333333333333333        1.00000000000000       0.666666666666667     
           2
         497         290         318         308         311
  0.333333333333333        1.00000000000000       0.666666666666667     
  0.000000000000000E+000   1.00000000000000       0.666666666666667     
  0.333333333333333        1.00000000000000       0.333333333333333     
  0.333333333333333        1.33333333333333       0.333333333333333     
           2
         498         290         320         318         311
  0.333333333333333        1.00000000000000       0.666666666666667     
  0.000000000000000E+000   1.33333333333333       0.666666666666667     
  0.000000000000000E+000   1.00000000000000       0.666666666666667     
  0.333333333333333        1.33333333333333       0.333333333333333     
           2
         499         292         320         298         318
  0.333333333333333        1.33333333333333       0.666666666666667     
  0.000000000000000E+000   1.33333333333333       0.666666666666667     
  0.000000000000000E+000   1.33333333333333        1.00000000000000     
  0.000000000000000E+000   1.00000000000000       0.666666666666667     
           2
         500         296         318         290         292
  0.000000000000000E+000   1.00000000000000        1.00000000000000     
  0.000000000000000E+000   1.00000000000000       0.666666666666667     
  0.333333333333333        1.00000000000000       0.666666666666667     
  0.333333333333333        1.33333333333333       0.666666666666667     
           2
         501         298         318         296         292
  0.000000000000000E+000   1.33333333333333        1.00000000000000     
  0.000000000000000E+000   1.00000000000000       0.666666666666667     
  0.000000000000000E+000   1.00000000000000        1.00000000000000     
  0.333333333333333        1.33333333333333       0.666666666666667     
           2
         502         263         292         298         261
  0.333333333333333        1.33333333333333        1.00000000000000     
  0.333333333333333        1.33333333333333       0.666666666666667     
  0.000000000000000E+000   1.33333333333333        1.00000000000000     
  0.333333333333333        1.00000000000000        1.00000000000000     
           2
         503         261         296         290         292
  0.333333333333333        1.00000000000000        1.00000000000000     
  0.000000000000000E+000   1.00000000000000        1.00000000000000     
  0.333333333333333        1.00000000000000       0.666666666666667     
  0.333333333333333        1.33333333333333       0.666666666666667     
           2
         504         261         298         296         292
  0.333333333333333        1.00000000000000        1.00000000000000     
  0.000000000000000E+000   1.33333333333333        1.00000000000000     
  0.000000000000000E+000   1.00000000000000        1.00000000000000     
  0.333333333333333        1.33333333333333       0.666666666666667     
           2
         505         333         342         334         341
  0.333333333333333        1.66666666666667       0.000000000000000E+000
  0.000000000000000E+000   1.66666666666667       0.000000000000000E+000
  0.000000000000000E+000   1.66666666666667       0.333333333333333     
  0.000000000000000E+000   1.33333333333333       0.000000000000000E+000
           2
         506         332         341         331         333
  0.000000000000000E+000   1.33333333333333       0.333333333333333     
  0.000000000000000E+000   1.33333333333333       0.000000000000000E+000
  0.333333333333333        1.33333333333333       0.000000000000000E+000
  0.333333333333333        1.66666666666667       0.000000000000000E+000
           2
         507         334         341         332         333
  0.000000000000000E+000   1.66666666666667       0.333333333333333     
  0.000000000000000E+000   1.33333333333333       0.000000000000000E+000
  0.000000000000000E+000   1.33333333333333       0.333333333333333     
  0.333333333333333        1.66666666666667       0.000000000000000E+000
           2
         508         313         333         334         311
  0.333333333333333        1.66666666666667       0.333333333333333     
  0.333333333333333        1.66666666666667       0.000000000000000E+000
  0.000000000000000E+000   1.66666666666667       0.333333333333333     
  0.333333333333333        1.33333333333333       0.333333333333333     
           2
         509         311         332         331         333
  0.333333333333333        1.33333333333333       0.333333333333333     
  0.000000000000000E+000   1.33333333333333       0.333333333333333     
  0.333333333333333        1.33333333333333       0.000000000000000E+000
  0.333333333333333        1.66666666666667       0.000000000000000E+000
           2
         510         311         334         332         333
  0.333333333333333        1.33333333333333       0.333333333333333     
  0.000000000000000E+000   1.66666666666667       0.333333333333333     
  0.000000000000000E+000   1.33333333333333       0.333333333333333     
  0.333333333333333        1.66666666666667       0.000000000000000E+000
           2
         511         313         334         321         332
  0.333333333333333        1.66666666666667       0.333333333333333     
  0.000000000000000E+000   1.66666666666667       0.333333333333333     
  0.000000000000000E+000   1.66666666666667       0.666666666666667     
  0.000000000000000E+000   1.33333333333333       0.333333333333333     
           2
         512         320         332         311         313
  0.000000000000000E+000   1.33333333333333       0.666666666666667     
  0.000000000000000E+000   1.33333333333333       0.333333333333333     
  0.333333333333333        1.33333333333333       0.333333333333333     
  0.333333333333333        1.66666666666667       0.333333333333333     
           2
         513         321         332         320         313
  0.000000000000000E+000   1.66666666666667       0.666666666666667     
  0.000000000000000E+000   1.33333333333333       0.333333333333333     
  0.000000000000000E+000   1.33333333333333       0.666666666666667     
  0.333333333333333        1.66666666666667       0.333333333333333     
           2
         514         293         313         321         292
  0.333333333333333        1.66666666666667       0.666666666666667     
  0.333333333333333        1.66666666666667       0.333333333333333     
  0.000000000000000E+000   1.66666666666667       0.666666666666667     
  0.333333333333333        1.33333333333333       0.666666666666667     
           2
         515         292         320         311         313
  0.333333333333333        1.33333333333333       0.666666666666667     
  0.000000000000000E+000   1.33333333333333       0.666666666666667     
  0.333333333333333        1.33333333333333       0.333333333333333     
  0.333333333333333        1.66666666666667       0.333333333333333     
           2
         516         292         321         320         313
  0.333333333333333        1.33333333333333       0.666666666666667     
  0.000000000000000E+000   1.66666666666667       0.666666666666667     
  0.000000000000000E+000   1.33333333333333       0.666666666666667     
  0.333333333333333        1.66666666666667       0.333333333333333     
           2
         517         293         321         300         320
  0.333333333333333        1.66666666666667       0.666666666666667     
  0.000000000000000E+000   1.66666666666667       0.666666666666667     
  0.000000000000000E+000   1.66666666666667        1.00000000000000     
  0.000000000000000E+000   1.33333333333333       0.666666666666667     
           2
         518         298         320         292         293
  0.000000000000000E+000   1.33333333333333        1.00000000000000     
  0.000000000000000E+000   1.33333333333333       0.666666666666667     
  0.333333333333333        1.33333333333333       0.666666666666667     
  0.333333333333333        1.66666666666667       0.666666666666667     
           2
         519         300         320         298         293
  0.000000000000000E+000   1.66666666666667        1.00000000000000     
  0.000000000000000E+000   1.33333333333333       0.666666666666667     
  0.000000000000000E+000   1.33333333333333        1.00000000000000     
  0.333333333333333        1.66666666666667       0.666666666666667     
           2
         520         265         293         300         263
  0.333333333333333        1.66666666666667        1.00000000000000     
  0.333333333333333        1.66666666666667       0.666666666666667     
  0.000000000000000E+000   1.66666666666667        1.00000000000000     
  0.333333333333333        1.33333333333333        1.00000000000000     
           2
         521         263         298         292         293
  0.333333333333333        1.33333333333333        1.00000000000000     
  0.000000000000000E+000   1.33333333333333        1.00000000000000     
  0.333333333333333        1.33333333333333       0.666666666666667     
  0.333333333333333        1.66666666666667       0.666666666666667     
           2
         522         263         300         298         293
  0.333333333333333        1.33333333333333        1.00000000000000     
  0.000000000000000E+000   1.66666666666667        1.00000000000000     
  0.000000000000000E+000   1.33333333333333        1.00000000000000     
  0.333333333333333        1.66666666666667       0.666666666666667     
           2
         523         335         343         336         342
  0.333333333333333        2.00000000000000       0.000000000000000E+000
  0.000000000000000E+000   2.00000000000000       0.000000000000000E+000
  0.000000000000000E+000   2.00000000000000       0.333333333333333     
  0.000000000000000E+000   1.66666666666667       0.000000000000000E+000
           2
         524         334         342         333         335
  0.000000000000000E+000   1.66666666666667       0.333333333333333     
  0.000000000000000E+000   1.66666666666667       0.000000000000000E+000
  0.333333333333333        1.66666666666667       0.000000000000000E+000
  0.333333333333333        2.00000000000000       0.000000000000000E+000
           2
         525         336         342         334         335
  0.000000000000000E+000   2.00000000000000       0.333333333333333     
  0.000000000000000E+000   1.66666666666667       0.000000000000000E+000
  0.000000000000000E+000   1.66666666666667       0.333333333333333     
  0.333333333333333        2.00000000000000       0.000000000000000E+000
           2
         526         315         335         336         313
  0.333333333333333        2.00000000000000       0.333333333333333     
  0.333333333333333        2.00000000000000       0.000000000000000E+000
  0.000000000000000E+000   2.00000000000000       0.333333333333333     
  0.333333333333333        1.66666666666667       0.333333333333333     
           2
         527         313         334         333         335
  0.333333333333333        1.66666666666667       0.333333333333333     
  0.000000000000000E+000   1.66666666666667       0.333333333333333     
  0.333333333333333        1.66666666666667       0.000000000000000E+000
  0.333333333333333        2.00000000000000       0.000000000000000E+000
           2
         528         313         336         334         335
  0.333333333333333        1.66666666666667       0.333333333333333     
  0.000000000000000E+000   2.00000000000000       0.333333333333333     
  0.000000000000000E+000   1.66666666666667       0.333333333333333     
  0.333333333333333        2.00000000000000       0.000000000000000E+000
           2
         529         315         336         322         334
  0.333333333333333        2.00000000000000       0.333333333333333     
  0.000000000000000E+000   2.00000000000000       0.333333333333333     
  0.000000000000000E+000   2.00000000000000       0.666666666666667     
  0.000000000000000E+000   1.66666666666667       0.333333333333333     
           2
         530         321         334         313         315
  0.000000000000000E+000   1.66666666666667       0.666666666666667     
  0.000000000000000E+000   1.66666666666667       0.333333333333333     
  0.333333333333333        1.66666666666667       0.333333333333333     
  0.333333333333333        2.00000000000000       0.333333333333333     
           2
         531         322         334         321         315
  0.000000000000000E+000   2.00000000000000       0.666666666666667     
  0.000000000000000E+000   1.66666666666667       0.333333333333333     
  0.000000000000000E+000   1.66666666666667       0.666666666666667     
  0.333333333333333        2.00000000000000       0.333333333333333     
           2
         532         294         315         322         293
  0.333333333333333        2.00000000000000       0.666666666666667     
  0.333333333333333        2.00000000000000       0.333333333333333     
  0.000000000000000E+000   2.00000000000000       0.666666666666667     
  0.333333333333333        1.66666666666667       0.666666666666667     
           2
         533         293         321         313         315
  0.333333333333333        1.66666666666667       0.666666666666667     
  0.000000000000000E+000   1.66666666666667       0.666666666666667     
  0.333333333333333        1.66666666666667       0.333333333333333     
  0.333333333333333        2.00000000000000       0.333333333333333     
           2
         534         293         322         321         315
  0.333333333333333        1.66666666666667       0.666666666666667     
  0.000000000000000E+000   2.00000000000000       0.666666666666667     
  0.000000000000000E+000   1.66666666666667       0.666666666666667     
  0.333333333333333        2.00000000000000       0.333333333333333     
           2
         535         294         322         301         321
  0.333333333333333        2.00000000000000       0.666666666666667     
  0.000000000000000E+000   2.00000000000000       0.666666666666667     
  0.000000000000000E+000   2.00000000000000        1.00000000000000     
  0.000000000000000E+000   1.66666666666667       0.666666666666667     
           2
         536         300         321         293         294
  0.000000000000000E+000   1.66666666666667        1.00000000000000     
  0.000000000000000E+000   1.66666666666667       0.666666666666667     
  0.333333333333333        1.66666666666667       0.666666666666667     
  0.333333333333333        2.00000000000000       0.666666666666667     
           2
         537         301         321         300         294
  0.000000000000000E+000   2.00000000000000        1.00000000000000     
  0.000000000000000E+000   1.66666666666667       0.666666666666667     
  0.000000000000000E+000   1.66666666666667        1.00000000000000     
  0.333333333333333        2.00000000000000       0.666666666666667     
           2
         538         266         294         301         265
  0.333333333333333        2.00000000000000        1.00000000000000     
  0.333333333333333        2.00000000000000       0.666666666666667     
  0.000000000000000E+000   2.00000000000000        1.00000000000000     
  0.333333333333333        1.66666666666667        1.00000000000000     
           2
         539         265         300         293         294
  0.333333333333333        1.66666666666667        1.00000000000000     
  0.000000000000000E+000   1.66666666666667        1.00000000000000     
  0.333333333333333        1.66666666666667       0.666666666666667     
  0.333333333333333        2.00000000000000       0.666666666666667     
           2
         540         265         301         300         294
  0.333333333333333        1.66666666666667        1.00000000000000     
  0.000000000000000E+000   2.00000000000000        1.00000000000000     
  0.000000000000000E+000   1.66666666666667        1.00000000000000     
  0.333333333333333        2.00000000000000       0.666666666666667     
           2
         541         310         331         311         328
  0.666666666666667        1.33333333333333       0.000000000000000E+000
  0.333333333333333        1.33333333333333       0.000000000000000E+000
  0.333333333333333        1.33333333333333       0.333333333333333     
  0.333333333333333        1.00000000000000       0.000000000000000E+000
           2
         542         308         328         307         310
  0.333333333333333        1.00000000000000       0.333333333333333     
  0.333333333333333        1.00000000000000       0.000000000000000E+000
  0.666666666666667        1.00000000000000       0.000000000000000E+000
  0.666666666666667        1.33333333333333       0.000000000000000E+000
           2
         543         311         328         308         310
  0.333333333333333        1.33333333333333       0.333333333333333     
  0.333333333333333        1.00000000000000       0.000000000000000E+000
  0.333333333333333        1.00000000000000       0.333333333333333     
  0.666666666666667        1.33333333333333       0.000000000000000E+000
           2
         544         283         310         311         280
  0.666666666666667        1.33333333333333       0.333333333333333     
  0.666666666666667        1.33333333333333       0.000000000000000E+000
  0.333333333333333        1.33333333333333       0.333333333333333     
  0.666666666666667        1.00000000000000       0.333333333333333     
           2
         545         280         308         307         310
  0.666666666666667        1.00000000000000       0.333333333333333     
  0.333333333333333        1.00000000000000       0.333333333333333     
  0.666666666666667        1.00000000000000       0.000000000000000E+000
  0.666666666666667        1.33333333333333       0.000000000000000E+000
           2
         546         280         311         308         310
  0.666666666666667        1.00000000000000       0.333333333333333     
  0.333333333333333        1.33333333333333       0.333333333333333     
  0.333333333333333        1.00000000000000       0.333333333333333     
  0.666666666666667        1.33333333333333       0.000000000000000E+000
           2
         547         283         311         292         308
  0.666666666666667        1.33333333333333       0.333333333333333     
  0.333333333333333        1.33333333333333       0.333333333333333     
  0.333333333333333        1.33333333333333       0.666666666666667     
  0.333333333333333        1.00000000000000       0.333333333333333     
           2
         548         290         308         280         283
  0.333333333333333        1.00000000000000       0.666666666666667     
  0.333333333333333        1.00000000000000       0.333333333333333     
  0.666666666666667        1.00000000000000       0.333333333333333     
  0.666666666666667        1.33333333333333       0.333333333333333     
           2
         549         292         308         290         283
  0.333333333333333        1.33333333333333       0.666666666666667     
  0.333333333333333        1.00000000000000       0.333333333333333     
  0.333333333333333        1.00000000000000       0.666666666666667     
  0.666666666666667        1.33333333333333       0.333333333333333     
           2
         550         255         283         292         253
  0.666666666666667        1.33333333333333       0.666666666666667     
  0.666666666666667        1.33333333333333       0.333333333333333     
  0.333333333333333        1.33333333333333       0.666666666666667     
  0.666666666666667        1.00000000000000       0.666666666666667     
           2
         551         253         290         280         283
  0.666666666666667        1.00000000000000       0.666666666666667     
  0.333333333333333        1.00000000000000       0.666666666666667     
  0.666666666666667        1.00000000000000       0.333333333333333     
  0.666666666666667        1.33333333333333       0.333333333333333     
           2
         552         253         292         290         283
  0.666666666666667        1.00000000000000       0.666666666666667     
  0.333333333333333        1.33333333333333       0.666666666666667     
  0.333333333333333        1.00000000000000       0.666666666666667     
  0.666666666666667        1.33333333333333       0.333333333333333     
           2
         553         255         292         263         290
  0.666666666666667        1.33333333333333       0.666666666666667     
  0.333333333333333        1.33333333333333       0.666666666666667     
  0.333333333333333        1.33333333333333        1.00000000000000     
  0.333333333333333        1.00000000000000       0.666666666666667     
           2
         554         261         290         253         255
  0.333333333333333        1.00000000000000        1.00000000000000     
  0.333333333333333        1.00000000000000       0.666666666666667     
  0.666666666666667        1.00000000000000       0.666666666666667     
  0.666666666666667        1.33333333333333       0.666666666666667     
           2
         555         263         290         261         255
  0.333333333333333        1.33333333333333        1.00000000000000     
  0.333333333333333        1.00000000000000       0.666666666666667     
  0.333333333333333        1.00000000000000        1.00000000000000     
  0.666666666666667        1.33333333333333       0.666666666666667     
           2
         556         216         255         263         214
  0.666666666666667        1.33333333333333        1.00000000000000     
  0.666666666666667        1.33333333333333       0.666666666666667     
  0.333333333333333        1.33333333333333        1.00000000000000     
  0.666666666666667        1.00000000000000        1.00000000000000     
           2
         557         214         261         253         255
  0.666666666666667        1.00000000000000        1.00000000000000     
  0.333333333333333        1.00000000000000        1.00000000000000     
  0.666666666666667        1.00000000000000       0.666666666666667     
  0.666666666666667        1.33333333333333       0.666666666666667     
           2
         558         214         263         261         255
  0.666666666666667        1.00000000000000        1.00000000000000     
  0.333333333333333        1.33333333333333        1.00000000000000     
  0.333333333333333        1.00000000000000        1.00000000000000     
  0.666666666666667        1.33333333333333       0.666666666666667     
           2
         559         312         333         313         331
  0.666666666666667        1.66666666666667       0.000000000000000E+000
  0.333333333333333        1.66666666666667       0.000000000000000E+000
  0.333333333333333        1.66666666666667       0.333333333333333     
  0.333333333333333        1.33333333333333       0.000000000000000E+000
           2
         560         311         331         310         312
  0.333333333333333        1.33333333333333       0.333333333333333     
  0.333333333333333        1.33333333333333       0.000000000000000E+000
  0.666666666666667        1.33333333333333       0.000000000000000E+000
  0.666666666666667        1.66666666666667       0.000000000000000E+000
           2
         561         313         331         311         312
  0.333333333333333        1.66666666666667       0.333333333333333     
  0.333333333333333        1.33333333333333       0.000000000000000E+000
  0.333333333333333        1.33333333333333       0.333333333333333     
  0.666666666666667        1.66666666666667       0.000000000000000E+000
           2
         562         285         312         313         283
  0.666666666666667        1.66666666666667       0.333333333333333     
  0.666666666666667        1.66666666666667       0.000000000000000E+000
  0.333333333333333        1.66666666666667       0.333333333333333     
  0.666666666666667        1.33333333333333       0.333333333333333     
           2
         563         283         311         310         312
  0.666666666666667        1.33333333333333       0.333333333333333     
  0.333333333333333        1.33333333333333       0.333333333333333     
  0.666666666666667        1.33333333333333       0.000000000000000E+000
  0.666666666666667        1.66666666666667       0.000000000000000E+000
           2
         564         283         313         311         312
  0.666666666666667        1.33333333333333       0.333333333333333     
  0.333333333333333        1.66666666666667       0.333333333333333     
  0.333333333333333        1.33333333333333       0.333333333333333     
  0.666666666666667        1.66666666666667       0.000000000000000E+000
           2
         565         285         313         293         311
  0.666666666666667        1.66666666666667       0.333333333333333     
  0.333333333333333        1.66666666666667       0.333333333333333     
  0.333333333333333        1.66666666666667       0.666666666666667     
  0.333333333333333        1.33333333333333       0.333333333333333     
           2
         566         292         311         283         285
  0.333333333333333        1.33333333333333       0.666666666666667     
  0.333333333333333        1.33333333333333       0.333333333333333     
  0.666666666666667        1.33333333333333       0.333333333333333     
  0.666666666666667        1.66666666666667       0.333333333333333     
           2
         567         293         311         292         285
  0.333333333333333        1.66666666666667       0.666666666666667     
  0.333333333333333        1.33333333333333       0.333333333333333     
  0.333333333333333        1.33333333333333       0.666666666666667     
  0.666666666666667        1.66666666666667       0.333333333333333     
           2
         568         256         285         293         255
  0.666666666666667        1.66666666666667       0.666666666666667     
  0.666666666666667        1.66666666666667       0.333333333333333     
  0.333333333333333        1.66666666666667       0.666666666666667     
  0.666666666666667        1.33333333333333       0.666666666666667     
           2
         569         255         292         283         285
  0.666666666666667        1.33333333333333       0.666666666666667     
  0.333333333333333        1.33333333333333       0.666666666666667     
  0.666666666666667        1.33333333333333       0.333333333333333     
  0.666666666666667        1.66666666666667       0.333333333333333     
           2
         570         255         293         292         285
  0.666666666666667        1.33333333333333       0.666666666666667     
  0.333333333333333        1.66666666666667       0.666666666666667     
  0.333333333333333        1.33333333333333       0.666666666666667     
  0.666666666666667        1.66666666666667       0.333333333333333     
           2
         571         256         293         265         292
  0.666666666666667        1.66666666666667       0.666666666666667     
  0.333333333333333        1.66666666666667       0.666666666666667     
  0.333333333333333        1.66666666666667        1.00000000000000     
  0.333333333333333        1.33333333333333       0.666666666666667     
           2
         572         263         292         255         256
  0.333333333333333        1.33333333333333        1.00000000000000     
  0.333333333333333        1.33333333333333       0.666666666666667     
  0.666666666666667        1.33333333333333       0.666666666666667     
  0.666666666666667        1.66666666666667       0.666666666666667     
           2
         573         265         292         263         256
  0.333333333333333        1.66666666666667        1.00000000000000     
  0.333333333333333        1.33333333333333       0.666666666666667     
  0.333333333333333        1.33333333333333        1.00000000000000     
  0.666666666666667        1.66666666666667       0.666666666666667     
           2
         574         218         256         265         216
  0.666666666666667        1.66666666666667        1.00000000000000     
  0.666666666666667        1.66666666666667       0.666666666666667     
  0.333333333333333        1.66666666666667        1.00000000000000     
  0.666666666666667        1.33333333333333        1.00000000000000     
           2
         575         216         263         255         256
  0.666666666666667        1.33333333333333        1.00000000000000     
  0.333333333333333        1.33333333333333        1.00000000000000     
  0.666666666666667        1.33333333333333       0.666666666666667     
  0.666666666666667        1.66666666666667       0.666666666666667     
           2
         576         216         265         263         256
  0.666666666666667        1.33333333333333        1.00000000000000     
  0.333333333333333        1.66666666666667        1.00000000000000     
  0.333333333333333        1.33333333333333        1.00000000000000     
  0.666666666666667        1.66666666666667       0.666666666666667     
           2
         577         314         335         315         333
  0.666666666666667        2.00000000000000       0.000000000000000E+000
  0.333333333333333        2.00000000000000       0.000000000000000E+000
  0.333333333333333        2.00000000000000       0.333333333333333     
  0.333333333333333        1.66666666666667       0.000000000000000E+000
           2
         578         313         333         312         314
  0.333333333333333        1.66666666666667       0.333333333333333     
  0.333333333333333        1.66666666666667       0.000000000000000E+000
  0.666666666666667        1.66666666666667       0.000000000000000E+000
  0.666666666666667        2.00000000000000       0.000000000000000E+000
           2
         579         315         333         313         314
  0.333333333333333        2.00000000000000       0.333333333333333     
  0.333333333333333        1.66666666666667       0.000000000000000E+000
  0.333333333333333        1.66666666666667       0.333333333333333     
  0.666666666666667        2.00000000000000       0.000000000000000E+000
           2
         580         287         314         315         285
  0.666666666666667        2.00000000000000       0.333333333333333     
  0.666666666666667        2.00000000000000       0.000000000000000E+000
  0.333333333333333        2.00000000000000       0.333333333333333     
  0.666666666666667        1.66666666666667       0.333333333333333     
           2
         581         285         313         312         314
  0.666666666666667        1.66666666666667       0.333333333333333     
  0.333333333333333        1.66666666666667       0.333333333333333     
  0.666666666666667        1.66666666666667       0.000000000000000E+000
  0.666666666666667        2.00000000000000       0.000000000000000E+000
           2
         582         285         315         313         314
  0.666666666666667        1.66666666666667       0.333333333333333     
  0.333333333333333        2.00000000000000       0.333333333333333     
  0.333333333333333        1.66666666666667       0.333333333333333     
  0.666666666666667        2.00000000000000       0.000000000000000E+000
           2
         583         287         315         294         313
  0.666666666666667        2.00000000000000       0.333333333333333     
  0.333333333333333        2.00000000000000       0.333333333333333     
  0.333333333333333        2.00000000000000       0.666666666666667     
  0.333333333333333        1.66666666666667       0.333333333333333     
           2
         584         293         313         285         287
  0.333333333333333        1.66666666666667       0.666666666666667     
  0.333333333333333        1.66666666666667       0.333333333333333     
  0.666666666666667        1.66666666666667       0.333333333333333     
  0.666666666666667        2.00000000000000       0.333333333333333     
           2
         585         294         313         293         287
  0.333333333333333        2.00000000000000       0.666666666666667     
  0.333333333333333        1.66666666666667       0.333333333333333     
  0.333333333333333        1.66666666666667       0.666666666666667     
  0.666666666666667        2.00000000000000       0.333333333333333     
           2
         586         259         287         294         256
  0.666666666666667        2.00000000000000       0.666666666666667     
  0.666666666666667        2.00000000000000       0.333333333333333     
  0.333333333333333        2.00000000000000       0.666666666666667     
  0.666666666666667        1.66666666666667       0.666666666666667     
           2
         587         256         293         285         287
  0.666666666666667        1.66666666666667       0.666666666666667     
  0.333333333333333        1.66666666666667       0.666666666666667     
  0.666666666666667        1.66666666666667       0.333333333333333     
  0.666666666666667        2.00000000000000       0.333333333333333     
           2
         588         256         294         293         287
  0.666666666666667        1.66666666666667       0.666666666666667     
  0.333333333333333        2.00000000000000       0.666666666666667     
  0.333333333333333        1.66666666666667       0.666666666666667     
  0.666666666666667        2.00000000000000       0.333333333333333     
           2
         589         259         294         266         293
  0.666666666666667        2.00000000000000       0.666666666666667     
  0.333333333333333        2.00000000000000       0.666666666666667     
  0.333333333333333        2.00000000000000        1.00000000000000     
  0.333333333333333        1.66666666666667       0.666666666666667     
           2
         590         265         293         256         259
  0.333333333333333        1.66666666666667        1.00000000000000     
  0.333333333333333        1.66666666666667       0.666666666666667     
  0.666666666666667        1.66666666666667       0.666666666666667     
  0.666666666666667        2.00000000000000       0.666666666666667     
           2
         591         266         293         265         259
  0.333333333333333        2.00000000000000        1.00000000000000     
  0.333333333333333        1.66666666666667       0.666666666666667     
  0.333333333333333        1.66666666666667        1.00000000000000     
  0.666666666666667        2.00000000000000       0.666666666666667     
           2
         592         222         259         266         218
  0.666666666666667        2.00000000000000        1.00000000000000     
  0.666666666666667        2.00000000000000       0.666666666666667     
  0.333333333333333        2.00000000000000        1.00000000000000     
  0.666666666666667        1.66666666666667        1.00000000000000     
           2
         593         218         265         256         259
  0.666666666666667        1.66666666666667        1.00000000000000     
  0.333333333333333        1.66666666666667        1.00000000000000     
  0.666666666666667        1.66666666666667       0.666666666666667     
  0.666666666666667        2.00000000000000       0.666666666666667     
           2
         594         218         266         265         259
  0.666666666666667        1.66666666666667        1.00000000000000     
  0.333333333333333        2.00000000000000        1.00000000000000     
  0.333333333333333        1.66666666666667        1.00000000000000     
  0.666666666666667        2.00000000000000       0.666666666666667     
           2
         595         282         310         283         307
   1.00000000000000        1.33333333333333       0.000000000000000E+000
  0.666666666666667        1.33333333333333       0.000000000000000E+000
  0.666666666666667        1.33333333333333       0.333333333333333     
  0.666666666666667        1.00000000000000       0.000000000000000E+000
           2
         596         280         307         279         282
  0.666666666666667        1.00000000000000       0.333333333333333     
  0.666666666666667        1.00000000000000       0.000000000000000E+000
   1.00000000000000        1.00000000000000       0.000000000000000E+000
   1.00000000000000        1.33333333333333       0.000000000000000E+000
           2
         597         283         307         280         282
  0.666666666666667        1.33333333333333       0.333333333333333     
  0.666666666666667        1.00000000000000       0.000000000000000E+000
  0.666666666666667        1.00000000000000       0.333333333333333     
   1.00000000000000        1.33333333333333       0.000000000000000E+000
           2
         598         248         282         283         245
   1.00000000000000        1.33333333333333       0.333333333333333     
   1.00000000000000        1.33333333333333       0.000000000000000E+000
  0.666666666666667        1.33333333333333       0.333333333333333     
   1.00000000000000        1.00000000000000       0.333333333333333     
           2
         599         245         280         279         282
   1.00000000000000        1.00000000000000       0.333333333333333     
  0.666666666666667        1.00000000000000       0.333333333333333     
   1.00000000000000        1.00000000000000       0.000000000000000E+000
   1.00000000000000        1.33333333333333       0.000000000000000E+000
           2
         600         245         283         280         282
   1.00000000000000        1.00000000000000       0.333333333333333     
  0.666666666666667        1.33333333333333       0.333333333333333     
  0.666666666666667        1.00000000000000       0.333333333333333     
   1.00000000000000        1.33333333333333       0.000000000000000E+000
           2
         601         248         283         255         280
   1.00000000000000        1.33333333333333       0.333333333333333     
  0.666666666666667        1.33333333333333       0.333333333333333     
  0.666666666666667        1.33333333333333       0.666666666666667     
  0.666666666666667        1.00000000000000       0.333333333333333     
           2
         602         253         280         245         248
  0.666666666666667        1.00000000000000       0.666666666666667     
  0.666666666666667        1.00000000000000       0.333333333333333     
   1.00000000000000        1.00000000000000       0.333333333333333     
   1.00000000000000        1.33333333333333       0.333333333333333     
           2
         603         255         280         253         248
  0.666666666666667        1.33333333333333       0.666666666666667     
  0.666666666666667        1.00000000000000       0.333333333333333     
  0.666666666666667        1.00000000000000       0.666666666666667     
   1.00000000000000        1.33333333333333       0.333333333333333     
           2
         604         208         248         255         206
   1.00000000000000        1.33333333333333       0.666666666666667     
   1.00000000000000        1.33333333333333       0.333333333333333     
  0.666666666666667        1.33333333333333       0.666666666666667     
   1.00000000000000        1.00000000000000       0.666666666666667     
           2
         605         206         253         245         248
   1.00000000000000        1.00000000000000       0.666666666666667     
  0.666666666666667        1.00000000000000       0.666666666666667     
   1.00000000000000        1.00000000000000       0.333333333333333     
   1.00000000000000        1.33333333333333       0.333333333333333     
           2
         606         206         255         253         248
   1.00000000000000        1.00000000000000       0.666666666666667     
  0.666666666666667        1.33333333333333       0.666666666666667     
  0.666666666666667        1.00000000000000       0.666666666666667     
   1.00000000000000        1.33333333333333       0.333333333333333     
           2
         607         208         255         216         253
   1.00000000000000        1.33333333333333       0.666666666666667     
  0.666666666666667        1.33333333333333       0.666666666666667     
  0.666666666666667        1.33333333333333        1.00000000000000     
  0.666666666666667        1.00000000000000       0.666666666666667     
           2
         608         214         253         206         208
  0.666666666666667        1.00000000000000        1.00000000000000     
  0.666666666666667        1.00000000000000       0.666666666666667     
   1.00000000000000        1.00000000000000       0.666666666666667     
   1.00000000000000        1.33333333333333       0.666666666666667     
           2
         609         216         253         214         208
  0.666666666666667        1.33333333333333        1.00000000000000     
  0.666666666666667        1.00000000000000       0.666666666666667     
  0.666666666666667        1.00000000000000        1.00000000000000     
   1.00000000000000        1.33333333333333       0.666666666666667     
           2
         610         161         208         216         159
   1.00000000000000        1.33333333333333        1.00000000000000     
   1.00000000000000        1.33333333333333       0.666666666666667     
  0.666666666666667        1.33333333333333        1.00000000000000     
   1.00000000000000        1.00000000000000        1.00000000000000     
           2
         611         159         214         206         208
   1.00000000000000        1.00000000000000        1.00000000000000     
  0.666666666666667        1.00000000000000        1.00000000000000     
   1.00000000000000        1.00000000000000       0.666666666666667     
   1.00000000000000        1.33333333333333       0.666666666666667     
           2
         612         159         216         214         208
   1.00000000000000        1.00000000000000        1.00000000000000     
  0.666666666666667        1.33333333333333        1.00000000000000     
  0.666666666666667        1.00000000000000        1.00000000000000     
   1.00000000000000        1.33333333333333       0.666666666666667     
           2
         613         284         312         285         310
   1.00000000000000        1.66666666666667       0.000000000000000E+000
  0.666666666666667        1.66666666666667       0.000000000000000E+000
  0.666666666666667        1.66666666666667       0.333333333333333     
  0.666666666666667        1.33333333333333       0.000000000000000E+000
           2
         614         283         310         282         284
  0.666666666666667        1.33333333333333       0.333333333333333     
  0.666666666666667        1.33333333333333       0.000000000000000E+000
   1.00000000000000        1.33333333333333       0.000000000000000E+000
   1.00000000000000        1.66666666666667       0.000000000000000E+000
           2
         615         285         310         283         284
  0.666666666666667        1.66666666666667       0.333333333333333     
  0.666666666666667        1.33333333333333       0.000000000000000E+000
  0.666666666666667        1.33333333333333       0.333333333333333     
   1.00000000000000        1.66666666666667       0.000000000000000E+000
           2
         616         250         284         285         248
   1.00000000000000        1.66666666666667       0.333333333333333     
   1.00000000000000        1.66666666666667       0.000000000000000E+000
  0.666666666666667        1.66666666666667       0.333333333333333     
   1.00000000000000        1.33333333333333       0.333333333333333     
           2
         617         248         283         282         284
   1.00000000000000        1.33333333333333       0.333333333333333     
  0.666666666666667        1.33333333333333       0.333333333333333     
   1.00000000000000        1.33333333333333       0.000000000000000E+000
   1.00000000000000        1.66666666666667       0.000000000000000E+000
           2
         618         248         285         283         284
   1.00000000000000        1.33333333333333       0.333333333333333     
  0.666666666666667        1.66666666666667       0.333333333333333     
  0.666666666666667        1.33333333333333       0.333333333333333     
   1.00000000000000        1.66666666666667       0.000000000000000E+000
           2
         619         250         285         256         283
   1.00000000000000        1.66666666666667       0.333333333333333     
  0.666666666666667        1.66666666666667       0.333333333333333     
  0.666666666666667        1.66666666666667       0.666666666666667     
  0.666666666666667        1.33333333333333       0.333333333333333     
           2
         620         255         283         248         250
  0.666666666666667        1.33333333333333       0.666666666666667     
  0.666666666666667        1.33333333333333       0.333333333333333     
   1.00000000000000        1.33333333333333       0.333333333333333     
   1.00000000000000        1.66666666666667       0.333333333333333     
           2
         621         256         283         255         250
  0.666666666666667        1.66666666666667       0.666666666666667     
  0.666666666666667        1.33333333333333       0.333333333333333     
  0.666666666666667        1.33333333333333       0.666666666666667     
   1.00000000000000        1.66666666666667       0.333333333333333     
           2
         622         212         250         256         208
   1.00000000000000        1.66666666666667       0.666666666666667     
   1.00000000000000        1.66666666666667       0.333333333333333     
  0.666666666666667        1.66666666666667       0.666666666666667     
   1.00000000000000        1.33333333333333       0.666666666666667     
           2
         623         208         255         248         250
   1.00000000000000        1.33333333333333       0.666666666666667     
  0.666666666666667        1.33333333333333       0.666666666666667     
   1.00000000000000        1.33333333333333       0.333333333333333     
   1.00000000000000        1.66666666666667       0.333333333333333     
           2
         624         208         256         255         250
   1.00000000000000        1.33333333333333       0.666666666666667     
  0.666666666666667        1.66666666666667       0.666666666666667     
  0.666666666666667        1.33333333333333       0.666666666666667     
   1.00000000000000        1.66666666666667       0.333333333333333     
           2
         625         212         256         218         255
   1.00000000000000        1.66666666666667       0.666666666666667     
  0.666666666666667        1.66666666666667       0.666666666666667     
  0.666666666666667        1.66666666666667        1.00000000000000     
  0.666666666666667        1.33333333333333       0.666666666666667     
           2
         626         216         255         208         212
  0.666666666666667        1.33333333333333        1.00000000000000     
  0.666666666666667        1.33333333333333       0.666666666666667     
   1.00000000000000        1.33333333333333       0.666666666666667     
   1.00000000000000        1.66666666666667       0.666666666666667     
           2
         627         218         255         216         212
  0.666666666666667        1.66666666666667        1.00000000000000     
  0.666666666666667        1.33333333333333       0.666666666666667     
  0.666666666666667        1.33333333333333        1.00000000000000     
   1.00000000000000        1.66666666666667       0.666666666666667     
           2
         628         166         212         218         161
   1.00000000000000        1.66666666666667        1.00000000000000     
   1.00000000000000        1.66666666666667       0.666666666666667     
  0.666666666666667        1.66666666666667        1.00000000000000     
   1.00000000000000        1.33333333333333        1.00000000000000     
           2
         629         161         216         208         212
   1.00000000000000        1.33333333333333        1.00000000000000     
  0.666666666666667        1.33333333333333        1.00000000000000     
   1.00000000000000        1.33333333333333       0.666666666666667     
   1.00000000000000        1.66666666666667       0.666666666666667     
           2
         630         161         218         216         212
   1.00000000000000        1.33333333333333        1.00000000000000     
  0.666666666666667        1.66666666666667        1.00000000000000     
  0.666666666666667        1.33333333333333        1.00000000000000     
   1.00000000000000        1.66666666666667       0.666666666666667     
           2
         631         286         314         287         312
   1.00000000000000        2.00000000000000       0.000000000000000E+000
  0.666666666666667        2.00000000000000       0.000000000000000E+000
  0.666666666666667        2.00000000000000       0.333333333333333     
  0.666666666666667        1.66666666666667       0.000000000000000E+000
           2
         632         285         312         284         286
  0.666666666666667        1.66666666666667       0.333333333333333     
  0.666666666666667        1.66666666666667       0.000000000000000E+000
   1.00000000000000        1.66666666666667       0.000000000000000E+000
   1.00000000000000        2.00000000000000       0.000000000000000E+000
           2
         633         287         312         285         286
  0.666666666666667        2.00000000000000       0.333333333333333     
  0.666666666666667        1.66666666666667       0.000000000000000E+000
  0.666666666666667        1.66666666666667       0.333333333333333     
   1.00000000000000        2.00000000000000       0.000000000000000E+000
           2
         634         258         286         287         250
   1.00000000000000        2.00000000000000       0.333333333333333     
   1.00000000000000        2.00000000000000       0.000000000000000E+000
  0.666666666666667        2.00000000000000       0.333333333333333     
   1.00000000000000        1.66666666666667       0.333333333333333     
           2
         635         250         285         284         286
   1.00000000000000        1.66666666666667       0.333333333333333     
  0.666666666666667        1.66666666666667       0.333333333333333     
   1.00000000000000        1.66666666666667       0.000000000000000E+000
   1.00000000000000        2.00000000000000       0.000000000000000E+000
           2
         636         250         287         285         286
   1.00000000000000        1.66666666666667       0.333333333333333     
  0.666666666666667        2.00000000000000       0.333333333333333     
  0.666666666666667        1.66666666666667       0.333333333333333     
   1.00000000000000        2.00000000000000       0.000000000000000E+000
           2
         637         258         287         259         285
   1.00000000000000        2.00000000000000       0.333333333333333     
  0.666666666666667        2.00000000000000       0.333333333333333     
  0.666666666666667        2.00000000000000       0.666666666666667     
  0.666666666666667        1.66666666666667       0.333333333333333     
           2
         638         256         285         250         258
  0.666666666666667        1.66666666666667       0.666666666666667     
  0.666666666666667        1.66666666666667       0.333333333333333     
   1.00000000000000        1.66666666666667       0.333333333333333     
   1.00000000000000        2.00000000000000       0.333333333333333     
           2
         639         259         285         256         258
  0.666666666666667        2.00000000000000       0.666666666666667     
  0.666666666666667        1.66666666666667       0.333333333333333     
  0.666666666666667        1.66666666666667       0.666666666666667     
   1.00000000000000        2.00000000000000       0.333333333333333     
           2
         640         221         258         259         212
   1.00000000000000        2.00000000000000       0.666666666666667     
   1.00000000000000        2.00000000000000       0.333333333333333     
  0.666666666666667        2.00000000000000       0.666666666666667     
   1.00000000000000        1.66666666666667       0.666666666666667     
           2
         641         212         256         250         258
   1.00000000000000        1.66666666666667       0.666666666666667     
  0.666666666666667        1.66666666666667       0.666666666666667     
   1.00000000000000        1.66666666666667       0.333333333333333     
   1.00000000000000        2.00000000000000       0.333333333333333     
           2
         642         212         259         256         258
   1.00000000000000        1.66666666666667       0.666666666666667     
  0.666666666666667        2.00000000000000       0.666666666666667     
  0.666666666666667        1.66666666666667       0.666666666666667     
   1.00000000000000        2.00000000000000       0.333333333333333     
           2
         643         221         259         222         256
   1.00000000000000        2.00000000000000       0.666666666666667     
  0.666666666666667        2.00000000000000       0.666666666666667     
  0.666666666666667        2.00000000000000        1.00000000000000     
  0.666666666666667        1.66666666666667       0.666666666666667     
           2
         644         218         256         212         221
  0.666666666666667        1.66666666666667        1.00000000000000     
  0.666666666666667        1.66666666666667       0.666666666666667     
   1.00000000000000        1.66666666666667       0.666666666666667     
   1.00000000000000        2.00000000000000       0.666666666666667     
           2
         645         222         256         218         221
  0.666666666666667        2.00000000000000        1.00000000000000     
  0.666666666666667        1.66666666666667       0.666666666666667     
  0.666666666666667        1.66666666666667        1.00000000000000     
   1.00000000000000        2.00000000000000       0.666666666666667     
           2
         646         177         221         222         166
   1.00000000000000        2.00000000000000        1.00000000000000     
   1.00000000000000        2.00000000000000       0.666666666666667     
  0.666666666666667        2.00000000000000        1.00000000000000     
   1.00000000000000        1.66666666666667        1.00000000000000     
           2
         647         166         218         212         221
   1.00000000000000        1.66666666666667        1.00000000000000     
  0.666666666666667        1.66666666666667        1.00000000000000     
   1.00000000000000        1.66666666666667       0.666666666666667     
   1.00000000000000        2.00000000000000       0.666666666666667     
           2
         648         166         222         218         221
   1.00000000000000        1.66666666666667        1.00000000000000     
  0.666666666666667        2.00000000000000        1.00000000000000     
  0.666666666666667        1.66666666666667        1.00000000000000     
   1.00000000000000        2.00000000000000       0.666666666666667     
           2
         649         262         297         268         299
  0.333333333333333       0.333333333333333        1.00000000000000     
  0.000000000000000E+000  0.333333333333333        1.00000000000000     
  0.000000000000000E+000  0.333333333333333        1.33333333333333     
  0.000000000000000E+000  0.000000000000000E+000   1.00000000000000     
           1
         650         270         299         264         262
  0.000000000000000E+000  0.000000000000000E+000   1.33333333333333     
  0.000000000000000E+000  0.000000000000000E+000   1.00000000000000     
  0.333333333333333       0.000000000000000E+000   1.00000000000000     
  0.333333333333333       0.333333333333333        1.00000000000000     
           1
         651         268         299         270         262
  0.000000000000000E+000  0.333333333333333        1.33333333333333     
  0.000000000000000E+000  0.000000000000000E+000   1.00000000000000     
  0.000000000000000E+000  0.000000000000000E+000   1.33333333333333     
  0.333333333333333       0.333333333333333        1.00000000000000     
           1
         652         224         262         268         226
  0.333333333333333       0.333333333333333        1.33333333333333     
  0.333333333333333       0.333333333333333        1.00000000000000     
  0.000000000000000E+000  0.333333333333333        1.33333333333333     
  0.333333333333333       0.000000000000000E+000   1.33333333333333     
           1
         653         226         270         264         262
  0.333333333333333       0.000000000000000E+000   1.33333333333333     
  0.000000000000000E+000  0.000000000000000E+000   1.33333333333333     
  0.333333333333333       0.000000000000000E+000   1.00000000000000     
  0.333333333333333       0.333333333333333        1.00000000000000     
           1
         654         226         268         270         262
  0.333333333333333       0.000000000000000E+000   1.33333333333333     
  0.000000000000000E+000  0.333333333333333        1.33333333333333     
  0.000000000000000E+000  0.000000000000000E+000   1.33333333333333     
  0.333333333333333       0.333333333333333        1.00000000000000     
           1
         655         224         268         231         270
  0.333333333333333       0.333333333333333        1.33333333333333     
  0.000000000000000E+000  0.333333333333333        1.33333333333333     
  0.000000000000000E+000  0.333333333333333        1.66666666666667     
  0.000000000000000E+000  0.000000000000000E+000   1.33333333333333     
           1
         656         234         270         226         224
  0.000000000000000E+000  0.000000000000000E+000   1.66666666666667     
  0.000000000000000E+000  0.000000000000000E+000   1.33333333333333     
  0.333333333333333       0.000000000000000E+000   1.33333333333333     
  0.333333333333333       0.333333333333333        1.33333333333333     
           1
         657         231         270         234         224
  0.000000000000000E+000  0.333333333333333        1.66666666666667     
  0.000000000000000E+000  0.000000000000000E+000   1.33333333333333     
  0.000000000000000E+000  0.000000000000000E+000   1.66666666666667     
  0.333333333333333       0.333333333333333        1.33333333333333     
           1
         658         180         224         231         183
  0.333333333333333       0.333333333333333        1.66666666666667     
  0.333333333333333       0.333333333333333        1.33333333333333     
  0.000000000000000E+000  0.333333333333333        1.66666666666667     
  0.333333333333333       0.000000000000000E+000   1.66666666666667     
           1
         659         183         234         226         224
  0.333333333333333       0.000000000000000E+000   1.66666666666667     
  0.000000000000000E+000  0.000000000000000E+000   1.66666666666667     
  0.333333333333333       0.000000000000000E+000   1.33333333333333     
  0.333333333333333       0.333333333333333        1.33333333333333     
           1
         660         183         231         234         224
  0.333333333333333       0.000000000000000E+000   1.66666666666667     
  0.000000000000000E+000  0.333333333333333        1.66666666666667     
  0.000000000000000E+000  0.000000000000000E+000   1.66666666666667     
  0.333333333333333       0.333333333333333        1.33333333333333     
           1
         661         180         231         232         234
  0.333333333333333       0.333333333333333        1.66666666666667     
  0.000000000000000E+000  0.333333333333333        1.66666666666667     
  0.000000000000000E+000  0.333333333333333        2.00000000000000     
  0.000000000000000E+000  0.000000000000000E+000   1.66666666666667     
           1
         662         235         234         183         180
  0.000000000000000E+000  0.000000000000000E+000   2.00000000000000     
  0.000000000000000E+000  0.000000000000000E+000   1.66666666666667     
  0.333333333333333       0.000000000000000E+000   1.66666666666667     
  0.333333333333333       0.333333333333333        1.66666666666667     
           1
         663         232         234         235         180
  0.000000000000000E+000  0.333333333333333        2.00000000000000     
  0.000000000000000E+000  0.000000000000000E+000   1.66666666666667     
  0.000000000000000E+000  0.000000000000000E+000   2.00000000000000     
  0.333333333333333       0.333333333333333        1.66666666666667     
           1
         664         181         180         232         184
  0.333333333333333       0.333333333333333        2.00000000000000     
  0.333333333333333       0.333333333333333        1.66666666666667     
  0.000000000000000E+000  0.333333333333333        2.00000000000000     
  0.333333333333333       0.000000000000000E+000   2.00000000000000     
           1
         665         184         235         183         180
  0.333333333333333       0.000000000000000E+000   2.00000000000000     
  0.000000000000000E+000  0.000000000000000E+000   2.00000000000000     
  0.333333333333333       0.000000000000000E+000   1.66666666666667     
  0.333333333333333       0.333333333333333        1.66666666666667     
           1
         666         184         232         235         180
  0.333333333333333       0.000000000000000E+000   2.00000000000000     
  0.000000000000000E+000  0.333333333333333        2.00000000000000     
  0.000000000000000E+000  0.000000000000000E+000   2.00000000000000     
  0.333333333333333       0.333333333333333        1.66666666666667     
           1
         667         260         295         267         297
  0.333333333333333       0.666666666666667        1.00000000000000     
  0.000000000000000E+000  0.666666666666667        1.00000000000000     
  0.000000000000000E+000  0.666666666666667        1.33333333333333     
  0.000000000000000E+000  0.333333333333333        1.00000000000000     
           1
         668         268         297         262         260
  0.000000000000000E+000  0.333333333333333        1.33333333333333     
  0.000000000000000E+000  0.333333333333333        1.00000000000000     
  0.333333333333333       0.333333333333333        1.00000000000000     
  0.333333333333333       0.666666666666667        1.00000000000000     
           1
         669         267         297         268         260
  0.000000000000000E+000  0.666666666666667        1.33333333333333     
  0.000000000000000E+000  0.333333333333333        1.00000000000000     
  0.000000000000000E+000  0.333333333333333        1.33333333333333     
  0.333333333333333       0.666666666666667        1.00000000000000     
           1
         670         223         260         267         224
  0.333333333333333       0.666666666666667        1.33333333333333     
  0.333333333333333       0.666666666666667        1.00000000000000     
  0.000000000000000E+000  0.666666666666667        1.33333333333333     
  0.333333333333333       0.333333333333333        1.33333333333333     
           1
         671         224         268         262         260
  0.333333333333333       0.333333333333333        1.33333333333333     
  0.000000000000000E+000  0.333333333333333        1.33333333333333     
  0.333333333333333       0.333333333333333        1.00000000000000     
  0.333333333333333       0.666666666666667        1.00000000000000     
           1
         672         224         267         268         260
  0.333333333333333       0.333333333333333        1.33333333333333     
  0.000000000000000E+000  0.666666666666667        1.33333333333333     
  0.000000000000000E+000  0.333333333333333        1.33333333333333     
  0.333333333333333       0.666666666666667        1.00000000000000     
           1
         673         223         267         230         268
  0.333333333333333       0.666666666666667        1.33333333333333     
  0.000000000000000E+000  0.666666666666667        1.33333333333333     
  0.000000000000000E+000  0.666666666666667        1.66666666666667     
  0.000000000000000E+000  0.333333333333333        1.33333333333333     
           1
         674         231         268         224         223
  0.000000000000000E+000  0.333333333333333        1.66666666666667     
  0.000000000000000E+000  0.333333333333333        1.33333333333333     
  0.333333333333333       0.333333333333333        1.33333333333333     
  0.333333333333333       0.666666666666667        1.33333333333333     
           1
         675         230         268         231         223
  0.000000000000000E+000  0.666666666666667        1.66666666666667     
  0.000000000000000E+000  0.333333333333333        1.33333333333333     
  0.000000000000000E+000  0.333333333333333        1.66666666666667     
  0.333333333333333       0.666666666666667        1.33333333333333     
           1
         676         179         223         230         180
  0.333333333333333       0.666666666666667        1.66666666666667     
  0.333333333333333       0.666666666666667        1.33333333333333     
  0.000000000000000E+000  0.666666666666667        1.66666666666667     
  0.333333333333333       0.333333333333333        1.66666666666667     
           1
         677         180         231         224         223
  0.333333333333333       0.333333333333333        1.66666666666667     
  0.000000000000000E+000  0.333333333333333        1.66666666666667     
  0.333333333333333       0.333333333333333        1.33333333333333     
  0.333333333333333       0.666666666666667        1.33333333333333     
           1
         678         180         230         231         223
  0.333333333333333       0.333333333333333        1.66666666666667     
  0.000000000000000E+000  0.666666666666667        1.66666666666667     
  0.000000000000000E+000  0.333333333333333        1.66666666666667     
  0.333333333333333       0.666666666666667        1.33333333333333     
           1
         679         179         230         188         231
  0.333333333333333       0.666666666666667        1.66666666666667     
  0.000000000000000E+000  0.666666666666667        1.66666666666667     
  0.000000000000000E+000  0.666666666666667        2.00000000000000     
  0.000000000000000E+000  0.333333333333333        1.66666666666667     
           1
         680         232         231         180         179
  0.000000000000000E+000  0.333333333333333        2.00000000000000     
  0.000000000000000E+000  0.333333333333333        1.66666666666667     
  0.333333333333333       0.333333333333333        1.66666666666667     
  0.333333333333333       0.666666666666667        1.66666666666667     
           1
         681         188         231         232         179
  0.000000000000000E+000  0.666666666666667        2.00000000000000     
  0.000000000000000E+000  0.333333333333333        1.66666666666667     
  0.000000000000000E+000  0.333333333333333        2.00000000000000     
  0.333333333333333       0.666666666666667        1.66666666666667     
           1
         682         139         179         188         181
  0.333333333333333       0.666666666666667        2.00000000000000     
  0.333333333333333       0.666666666666667        1.66666666666667     
  0.000000000000000E+000  0.666666666666667        2.00000000000000     
  0.333333333333333       0.333333333333333        2.00000000000000     
           1
         683         181         232         180         179
  0.333333333333333       0.333333333333333        2.00000000000000     
  0.000000000000000E+000  0.333333333333333        2.00000000000000     
  0.333333333333333       0.333333333333333        1.66666666666667     
  0.333333333333333       0.666666666666667        1.66666666666667     
           1
         684         181         188         232         179
  0.333333333333333       0.333333333333333        2.00000000000000     
  0.000000000000000E+000  0.666666666666667        2.00000000000000     
  0.000000000000000E+000  0.333333333333333        2.00000000000000     
  0.333333333333333       0.666666666666667        1.66666666666667     
           1
         685         261         296         269         295
  0.333333333333333        1.00000000000000        1.00000000000000     
  0.000000000000000E+000   1.00000000000000        1.00000000000000     
  0.000000000000000E+000   1.00000000000000        1.33333333333333     
  0.000000000000000E+000  0.666666666666667        1.00000000000000     
           1
         686         267         295         260         261
  0.000000000000000E+000  0.666666666666667        1.33333333333333     
  0.000000000000000E+000  0.666666666666667        1.00000000000000     
  0.333333333333333       0.666666666666667        1.00000000000000     
  0.333333333333333        1.00000000000000        1.00000000000000     
           1
         687         269         295         267         261
  0.000000000000000E+000   1.00000000000000        1.33333333333333     
  0.000000000000000E+000  0.666666666666667        1.00000000000000     
  0.000000000000000E+000  0.666666666666667        1.33333333333333     
  0.333333333333333        1.00000000000000        1.00000000000000     
           1
         688         225         261         269         223
  0.333333333333333        1.00000000000000        1.33333333333333     
  0.333333333333333        1.00000000000000        1.00000000000000     
  0.000000000000000E+000   1.00000000000000        1.33333333333333     
  0.333333333333333       0.666666666666667        1.33333333333333     
           1
         689         223         267         260         261
  0.333333333333333       0.666666666666667        1.33333333333333     
  0.000000000000000E+000  0.666666666666667        1.33333333333333     
  0.333333333333333       0.666666666666667        1.00000000000000     
  0.333333333333333        1.00000000000000        1.00000000000000     
           1
         690         223         269         267         261
  0.333333333333333       0.666666666666667        1.33333333333333     
  0.000000000000000E+000   1.00000000000000        1.33333333333333     
  0.000000000000000E+000  0.666666666666667        1.33333333333333     
  0.333333333333333        1.00000000000000        1.00000000000000     
           1
         691         225         269         233         267
  0.333333333333333        1.00000000000000        1.33333333333333     
  0.000000000000000E+000   1.00000000000000        1.33333333333333     
  0.000000000000000E+000   1.00000000000000        1.66666666666667     
  0.000000000000000E+000  0.666666666666667        1.33333333333333     
           1
         692         230         267         223         225
  0.000000000000000E+000  0.666666666666667        1.66666666666667     
  0.000000000000000E+000  0.666666666666667        1.33333333333333     
  0.333333333333333       0.666666666666667        1.33333333333333     
  0.333333333333333        1.00000000000000        1.33333333333333     
           1
         693         233         267         230         225
  0.000000000000000E+000   1.00000000000000        1.66666666666667     
  0.000000000000000E+000  0.666666666666667        1.33333333333333     
  0.000000000000000E+000  0.666666666666667        1.66666666666667     
  0.333333333333333        1.00000000000000        1.33333333333333     
           1
         694         182         225         233         179
  0.333333333333333        1.00000000000000        1.66666666666667     
  0.333333333333333        1.00000000000000        1.33333333333333     
  0.000000000000000E+000   1.00000000000000        1.66666666666667     
  0.333333333333333       0.666666666666667        1.66666666666667     
           1
         695         179         230         223         225
  0.333333333333333       0.666666666666667        1.66666666666667     
  0.000000000000000E+000  0.666666666666667        1.66666666666667     
  0.333333333333333       0.666666666666667        1.33333333333333     
  0.333333333333333        1.00000000000000        1.33333333333333     
           1
         696         179         233         230         225
  0.333333333333333       0.666666666666667        1.66666666666667     
  0.000000000000000E+000   1.00000000000000        1.66666666666667     
  0.000000000000000E+000  0.666666666666667        1.66666666666667     
  0.333333333333333        1.00000000000000        1.33333333333333     
           1
         697         182         233         189         230
  0.333333333333333        1.00000000000000        1.66666666666667     
  0.000000000000000E+000   1.00000000000000        1.66666666666667     
  0.000000000000000E+000   1.00000000000000        2.00000000000000     
  0.000000000000000E+000  0.666666666666667        1.66666666666667     
           1
         698         188         230         179         182
  0.000000000000000E+000  0.666666666666667        2.00000000000000     
  0.000000000000000E+000  0.666666666666667        1.66666666666667     
  0.333333333333333       0.666666666666667        1.66666666666667     
  0.333333333333333        1.00000000000000        1.66666666666667     
           1
         699         189         230         188         182
  0.000000000000000E+000   1.00000000000000        2.00000000000000     
  0.000000000000000E+000  0.666666666666667        1.66666666666667     
  0.000000000000000E+000  0.666666666666667        2.00000000000000     
  0.333333333333333        1.00000000000000        1.66666666666667     
           1
         700         140         182         189         139
  0.333333333333333        1.00000000000000        2.00000000000000     
  0.333333333333333        1.00000000000000        1.66666666666667     
  0.000000000000000E+000   1.00000000000000        2.00000000000000     
  0.333333333333333       0.666666666666667        2.00000000000000     
           1
         701         139         188         179         182
  0.333333333333333       0.666666666666667        2.00000000000000     
  0.000000000000000E+000  0.666666666666667        2.00000000000000     
  0.333333333333333       0.666666666666667        1.66666666666667     
  0.333333333333333        1.00000000000000        1.66666666666667     
           1
         702         139         189         188         182
  0.333333333333333       0.666666666666667        2.00000000000000     
  0.000000000000000E+000   1.00000000000000        2.00000000000000     
  0.000000000000000E+000  0.666666666666667        2.00000000000000     
  0.333333333333333        1.00000000000000        1.66666666666667     
           1
         703         215         262         224         264
  0.666666666666667       0.333333333333333        1.00000000000000     
  0.333333333333333       0.333333333333333        1.00000000000000     
  0.333333333333333       0.333333333333333        1.33333333333333     
  0.333333333333333       0.000000000000000E+000   1.00000000000000     
           1
         704         226         264         217         215
  0.333333333333333       0.000000000000000E+000   1.33333333333333     
  0.333333333333333       0.000000000000000E+000   1.00000000000000     
  0.666666666666667       0.000000000000000E+000   1.00000000000000     
  0.666666666666667       0.333333333333333        1.00000000000000     
           1
         705         224         264         226         215
  0.333333333333333       0.333333333333333        1.33333333333333     
  0.333333333333333       0.000000000000000E+000   1.00000000000000     
  0.333333333333333       0.000000000000000E+000   1.33333333333333     
  0.666666666666667       0.333333333333333        1.00000000000000     
           1
         706         169         215         224         171
  0.666666666666667       0.333333333333333        1.33333333333333     
  0.666666666666667       0.333333333333333        1.00000000000000     
  0.333333333333333       0.333333333333333        1.33333333333333     
  0.666666666666667       0.000000000000000E+000   1.33333333333333     
           1
         707         171         226         217         215
  0.666666666666667       0.000000000000000E+000   1.33333333333333     
  0.333333333333333       0.000000000000000E+000   1.33333333333333     
  0.666666666666667       0.000000000000000E+000   1.00000000000000     
  0.666666666666667       0.333333333333333        1.00000000000000     
           1
         708         171         224         226         215
  0.666666666666667       0.000000000000000E+000   1.33333333333333     
  0.333333333333333       0.333333333333333        1.33333333333333     
  0.333333333333333       0.000000000000000E+000   1.33333333333333     
  0.666666666666667       0.333333333333333        1.00000000000000     
           1
         709         169         224         180         226
  0.666666666666667       0.333333333333333        1.33333333333333     
  0.333333333333333       0.333333333333333        1.33333333333333     
  0.333333333333333       0.333333333333333        1.66666666666667     
  0.333333333333333       0.000000000000000E+000   1.33333333333333     
           1
         710         183         226         171         169
  0.333333333333333       0.000000000000000E+000   1.66666666666667     
  0.333333333333333       0.000000000000000E+000   1.33333333333333     
  0.666666666666667       0.000000000000000E+000   1.33333333333333     
  0.666666666666667       0.333333333333333        1.33333333333333     
           1
         711         180         226         183         169
  0.333333333333333       0.333333333333333        1.66666666666667     
  0.333333333333333       0.000000000000000E+000   1.33333333333333     
  0.333333333333333       0.000000000000000E+000   1.66666666666667     
  0.666666666666667       0.333333333333333        1.33333333333333     
           1
         712         127         169         180         130
  0.666666666666667       0.333333333333333        1.66666666666667     
  0.666666666666667       0.333333333333333        1.33333333333333     
  0.333333333333333       0.333333333333333        1.66666666666667     
  0.666666666666667       0.000000000000000E+000   1.66666666666667     
           1
         713         130         183         171         169
  0.666666666666667       0.000000000000000E+000   1.66666666666667     
  0.333333333333333       0.000000000000000E+000   1.66666666666667     
  0.666666666666667       0.000000000000000E+000   1.33333333333333     
  0.666666666666667       0.333333333333333        1.33333333333333     
           1
         714         130         180         183         169
  0.666666666666667       0.000000000000000E+000   1.66666666666667     
  0.333333333333333       0.333333333333333        1.66666666666667     
  0.333333333333333       0.000000000000000E+000   1.66666666666667     
  0.666666666666667       0.333333333333333        1.33333333333333     
           1
         715         127         180         181         183
  0.666666666666667       0.333333333333333        1.66666666666667     
  0.333333333333333       0.333333333333333        1.66666666666667     
  0.333333333333333       0.333333333333333        2.00000000000000     
  0.333333333333333       0.000000000000000E+000   1.66666666666667     
           1
         716         184         183         130         127
  0.333333333333333       0.000000000000000E+000   2.00000000000000     
  0.333333333333333       0.000000000000000E+000   1.66666666666667     
  0.666666666666667       0.000000000000000E+000   1.66666666666667     
  0.666666666666667       0.333333333333333        1.66666666666667     
           1
         717         181         183         184         127
  0.333333333333333       0.333333333333333        2.00000000000000     
  0.333333333333333       0.000000000000000E+000   1.66666666666667     
  0.333333333333333       0.000000000000000E+000   2.00000000000000     
  0.666666666666667       0.333333333333333        1.66666666666667     
           1
         718         128         127         181         131
  0.666666666666667       0.333333333333333        2.00000000000000     
  0.666666666666667       0.333333333333333        1.66666666666667     
  0.333333333333333       0.333333333333333        2.00000000000000     
  0.666666666666667       0.000000000000000E+000   2.00000000000000     
           1
         719         131         184         130         127
  0.666666666666667       0.000000000000000E+000   2.00000000000000     
  0.333333333333333       0.000000000000000E+000   2.00000000000000     
  0.666666666666667       0.000000000000000E+000   1.66666666666667     
  0.666666666666667       0.333333333333333        1.66666666666667     
           1
         720         131         181         184         127
  0.666666666666667       0.000000000000000E+000   2.00000000000000     
  0.333333333333333       0.333333333333333        2.00000000000000     
  0.333333333333333       0.000000000000000E+000   2.00000000000000     
  0.666666666666667       0.333333333333333        1.66666666666667     
           1
         721         213         260         223         262
  0.666666666666667       0.666666666666667        1.00000000000000     
  0.333333333333333       0.666666666666667        1.00000000000000     
  0.333333333333333       0.666666666666667        1.33333333333333     
  0.333333333333333       0.333333333333333        1.00000000000000     
           1
         722         224         262         215         213
  0.333333333333333       0.333333333333333        1.33333333333333     
  0.333333333333333       0.333333333333333        1.00000000000000     
  0.666666666666667       0.333333333333333        1.00000000000000     
  0.666666666666667       0.666666666666667        1.00000000000000     
           1
         723         223         262         224         213
  0.333333333333333       0.666666666666667        1.33333333333333     
  0.333333333333333       0.333333333333333        1.00000000000000     
  0.333333333333333       0.333333333333333        1.33333333333333     
  0.666666666666667       0.666666666666667        1.00000000000000     
           1
         724         168         213         223         169
  0.666666666666667       0.666666666666667        1.33333333333333     
  0.666666666666667       0.666666666666667        1.00000000000000     
  0.333333333333333       0.666666666666667        1.33333333333333     
  0.666666666666667       0.333333333333333        1.33333333333333     
           1
         725         169         224         215         213
  0.666666666666667       0.333333333333333        1.33333333333333     
  0.333333333333333       0.333333333333333        1.33333333333333     
  0.666666666666667       0.333333333333333        1.00000000000000     
  0.666666666666667       0.666666666666667        1.00000000000000     
           1
         726         169         223         224         213
  0.666666666666667       0.333333333333333        1.33333333333333     
  0.333333333333333       0.666666666666667        1.33333333333333     
  0.333333333333333       0.333333333333333        1.33333333333333     
  0.666666666666667       0.666666666666667        1.00000000000000     
           1
         727         168         223         179         224
  0.666666666666667       0.666666666666667        1.33333333333333     
  0.333333333333333       0.666666666666667        1.33333333333333     
  0.333333333333333       0.666666666666667        1.66666666666667     
  0.333333333333333       0.333333333333333        1.33333333333333     
           1
         728         180         224         169         168
  0.333333333333333       0.333333333333333        1.66666666666667     
  0.333333333333333       0.333333333333333        1.33333333333333     
  0.666666666666667       0.333333333333333        1.33333333333333     
  0.666666666666667       0.666666666666667        1.33333333333333     
           1
         729         179         224         180         168
  0.333333333333333       0.666666666666667        1.66666666666667     
  0.333333333333333       0.333333333333333        1.33333333333333     
  0.333333333333333       0.333333333333333        1.66666666666667     
  0.666666666666667       0.666666666666667        1.33333333333333     
           1
         730         126         168         179         127
  0.666666666666667       0.666666666666667        1.66666666666667     
  0.666666666666667       0.666666666666667        1.33333333333333     
  0.333333333333333       0.666666666666667        1.66666666666667     
  0.666666666666667       0.333333333333333        1.66666666666667     
           1
         731         127         180         169         168
  0.666666666666667       0.333333333333333        1.66666666666667     
  0.333333333333333       0.333333333333333        1.66666666666667     
  0.666666666666667       0.333333333333333        1.33333333333333     
  0.666666666666667       0.666666666666667        1.33333333333333     
           1
         732         127         179         180         168
  0.666666666666667       0.333333333333333        1.66666666666667     
  0.333333333333333       0.666666666666667        1.66666666666667     
  0.333333333333333       0.333333333333333        1.66666666666667     
  0.666666666666667       0.666666666666667        1.33333333333333     
           1
         733         126         179         139         180
  0.666666666666667       0.666666666666667        1.66666666666667     
  0.333333333333333       0.666666666666667        1.66666666666667     
  0.333333333333333       0.666666666666667        2.00000000000000     
  0.333333333333333       0.333333333333333        1.66666666666667     
           1
         734         181         180         127         126
  0.333333333333333       0.333333333333333        2.00000000000000     
  0.333333333333333       0.333333333333333        1.66666666666667     
  0.666666666666667       0.333333333333333        1.66666666666667     
  0.666666666666667       0.666666666666667        1.66666666666667     
           1
         735         139         180         181         126
  0.333333333333333       0.666666666666667        2.00000000000000     
  0.333333333333333       0.333333333333333        1.66666666666667     
  0.333333333333333       0.333333333333333        2.00000000000000     
  0.666666666666667       0.666666666666667        1.66666666666667     
           1
         736          83         126         139         128
  0.666666666666667       0.666666666666667        2.00000000000000     
  0.666666666666667       0.666666666666667        1.66666666666667     
  0.333333333333333       0.666666666666667        2.00000000000000     
  0.666666666666667       0.333333333333333        2.00000000000000     
           1
         737         128         181         127         126
  0.666666666666667       0.333333333333333        2.00000000000000     
  0.333333333333333       0.333333333333333        2.00000000000000     
  0.666666666666667       0.333333333333333        1.66666666666667     
  0.666666666666667       0.666666666666667        1.66666666666667     
           1
         738         128         139         181         126
  0.666666666666667       0.333333333333333        2.00000000000000     
  0.333333333333333       0.666666666666667        2.00000000000000     
  0.333333333333333       0.333333333333333        2.00000000000000     
  0.666666666666667       0.666666666666667        1.66666666666667     
           1
         739         214         261         225         260
  0.666666666666667        1.00000000000000        1.00000000000000     
  0.333333333333333        1.00000000000000        1.00000000000000     
  0.333333333333333        1.00000000000000        1.33333333333333     
  0.333333333333333       0.666666666666667        1.00000000000000     
           1
         740         223         260         213         214
  0.333333333333333       0.666666666666667        1.33333333333333     
  0.333333333333333       0.666666666666667        1.00000000000000     
  0.666666666666667       0.666666666666667        1.00000000000000     
  0.666666666666667        1.00000000000000        1.00000000000000     
           1
         741         225         260         223         214
  0.333333333333333        1.00000000000000        1.33333333333333     
  0.333333333333333       0.666666666666667        1.00000000000000     
  0.333333333333333       0.666666666666667        1.33333333333333     
  0.666666666666667        1.00000000000000        1.00000000000000     
           1
         742         170         214         225         168
  0.666666666666667        1.00000000000000        1.33333333333333     
  0.666666666666667        1.00000000000000        1.00000000000000     
  0.333333333333333        1.00000000000000        1.33333333333333     
  0.666666666666667       0.666666666666667        1.33333333333333     
           1
         743         168         223         213         214
  0.666666666666667       0.666666666666667        1.33333333333333     
  0.333333333333333       0.666666666666667        1.33333333333333     
  0.666666666666667       0.666666666666667        1.00000000000000     
  0.666666666666667        1.00000000000000        1.00000000000000     
           1
         744         168         225         223         214
  0.666666666666667       0.666666666666667        1.33333333333333     
  0.333333333333333        1.00000000000000        1.33333333333333     
  0.333333333333333       0.666666666666667        1.33333333333333     
  0.666666666666667        1.00000000000000        1.00000000000000     
           1
         745         170         225         182         223
  0.666666666666667        1.00000000000000        1.33333333333333     
  0.333333333333333        1.00000000000000        1.33333333333333     
  0.333333333333333        1.00000000000000        1.66666666666667     
  0.333333333333333       0.666666666666667        1.33333333333333     
           1
         746         179         223         168         170
  0.333333333333333       0.666666666666667        1.66666666666667     
  0.333333333333333       0.666666666666667        1.33333333333333     
  0.666666666666667       0.666666666666667        1.33333333333333     
  0.666666666666667        1.00000000000000        1.33333333333333     
           1
         747         182         223         179         170
  0.333333333333333        1.00000000000000        1.66666666666667     
  0.333333333333333       0.666666666666667        1.33333333333333     
  0.333333333333333       0.666666666666667        1.66666666666667     
  0.666666666666667        1.00000000000000        1.33333333333333     
           1
         748         129         170         182         126
  0.666666666666667        1.00000000000000        1.66666666666667     
  0.666666666666667        1.00000000000000        1.33333333333333     
  0.333333333333333        1.00000000000000        1.66666666666667     
  0.666666666666667       0.666666666666667        1.66666666666667     
           1
         749         126         179         168         170
  0.666666666666667       0.666666666666667        1.66666666666667     
  0.333333333333333       0.666666666666667        1.66666666666667     
  0.666666666666667       0.666666666666667        1.33333333333333     
  0.666666666666667        1.00000000000000        1.33333333333333     
           1
         750         126         182         179         170
  0.666666666666667       0.666666666666667        1.66666666666667     
  0.333333333333333        1.00000000000000        1.66666666666667     
  0.333333333333333       0.666666666666667        1.66666666666667     
  0.666666666666667        1.00000000000000        1.33333333333333     
           1
         751         129         182         140         179
  0.666666666666667        1.00000000000000        1.66666666666667     
  0.333333333333333        1.00000000000000        1.66666666666667     
  0.333333333333333        1.00000000000000        2.00000000000000     
  0.333333333333333       0.666666666666667        1.66666666666667     
           1
         752         139         179         126         129
  0.333333333333333       0.666666666666667        2.00000000000000     
  0.333333333333333       0.666666666666667        1.66666666666667     
  0.666666666666667       0.666666666666667        1.66666666666667     
  0.666666666666667        1.00000000000000        1.66666666666667     
           1
         753         140         179         139         129
  0.333333333333333        1.00000000000000        2.00000000000000     
  0.333333333333333       0.666666666666667        1.66666666666667     
  0.333333333333333       0.666666666666667        2.00000000000000     
  0.666666666666667        1.00000000000000        1.66666666666667     
           1
         754          84         129         140          83
  0.666666666666667        1.00000000000000        2.00000000000000     
  0.666666666666667        1.00000000000000        1.66666666666667     
  0.333333333333333        1.00000000000000        2.00000000000000     
  0.666666666666667       0.666666666666667        2.00000000000000     
           1
         755          83         139         126         129
  0.666666666666667       0.666666666666667        2.00000000000000     
  0.333333333333333       0.666666666666667        2.00000000000000     
  0.666666666666667       0.666666666666667        1.66666666666667     
  0.666666666666667        1.00000000000000        1.66666666666667     
           1
         756          83         140         139         129
  0.666666666666667       0.666666666666667        2.00000000000000     
  0.333333333333333        1.00000000000000        2.00000000000000     
  0.333333333333333       0.666666666666667        2.00000000000000     
  0.666666666666667        1.00000000000000        1.66666666666667     
           1
         757         160         215         169         217
   1.00000000000000       0.333333333333333        1.00000000000000     
  0.666666666666667       0.333333333333333        1.00000000000000     
  0.666666666666667       0.333333333333333        1.33333333333333     
  0.666666666666667       0.000000000000000E+000   1.00000000000000     
           1
         758         171         217         162         160
  0.666666666666667       0.000000000000000E+000   1.33333333333333     
  0.666666666666667       0.000000000000000E+000   1.00000000000000     
   1.00000000000000       0.000000000000000E+000   1.00000000000000     
   1.00000000000000       0.333333333333333        1.00000000000000     
           1
         759         169         217         171         160
  0.666666666666667       0.333333333333333        1.33333333333333     
  0.666666666666667       0.000000000000000E+000   1.00000000000000     
  0.666666666666667       0.000000000000000E+000   1.33333333333333     
   1.00000000000000       0.333333333333333        1.00000000000000     
           1
         760         117         160         169         119
   1.00000000000000       0.333333333333333        1.33333333333333     
   1.00000000000000       0.333333333333333        1.00000000000000     
  0.666666666666667       0.333333333333333        1.33333333333333     
   1.00000000000000       0.000000000000000E+000   1.33333333333333     
           1
         761         119         171         162         160
   1.00000000000000       0.000000000000000E+000   1.33333333333333     
  0.666666666666667       0.000000000000000E+000   1.33333333333333     
   1.00000000000000       0.000000000000000E+000   1.00000000000000     
   1.00000000000000       0.333333333333333        1.00000000000000     
           1
         762         119         169         171         160
   1.00000000000000       0.000000000000000E+000   1.33333333333333     
  0.666666666666667       0.333333333333333        1.33333333333333     
  0.666666666666667       0.000000000000000E+000   1.33333333333333     
   1.00000000000000       0.333333333333333        1.00000000000000     
           1
         763         117         169         127         171
   1.00000000000000       0.333333333333333        1.33333333333333     
  0.666666666666667       0.333333333333333        1.33333333333333     
  0.666666666666667       0.333333333333333        1.66666666666667     
  0.666666666666667       0.000000000000000E+000   1.33333333333333     
           1
         764         130         171         119         117
  0.666666666666667       0.000000000000000E+000   1.66666666666667     
  0.666666666666667       0.000000000000000E+000   1.33333333333333     
   1.00000000000000       0.000000000000000E+000   1.33333333333333     
   1.00000000000000       0.333333333333333        1.33333333333333     
           1
         765         127         171         130         117
  0.666666666666667       0.333333333333333        1.66666666666667     
  0.666666666666667       0.000000000000000E+000   1.33333333333333     
  0.666666666666667       0.000000000000000E+000   1.66666666666667     
   1.00000000000000       0.333333333333333        1.33333333333333     
           1
         766          72         117         127          75
   1.00000000000000       0.333333333333333        1.66666666666667     
   1.00000000000000       0.333333333333333        1.33333333333333     
  0.666666666666667       0.333333333333333        1.66666666666667     
   1.00000000000000       0.000000000000000E+000   1.66666666666667     
           1
         767          75         130         119         117
   1.00000000000000       0.000000000000000E+000   1.66666666666667     
  0.666666666666667       0.000000000000000E+000   1.66666666666667     
   1.00000000000000       0.000000000000000E+000   1.33333333333333     
   1.00000000000000       0.333333333333333        1.33333333333333     
           1
         768          75         127         130         117
   1.00000000000000       0.000000000000000E+000   1.66666666666667     
  0.666666666666667       0.333333333333333        1.66666666666667     
  0.666666666666667       0.000000000000000E+000   1.66666666666667     
   1.00000000000000       0.333333333333333        1.33333333333333     
           1
         769          72         127         128         130
   1.00000000000000       0.333333333333333        1.66666666666667     
  0.666666666666667       0.333333333333333        1.66666666666667     
  0.666666666666667       0.333333333333333        2.00000000000000     
  0.666666666666667       0.000000000000000E+000   1.66666666666667     
           1
         770         131         130          75          72
  0.666666666666667       0.000000000000000E+000   2.00000000000000     
  0.666666666666667       0.000000000000000E+000   1.66666666666667     
   1.00000000000000       0.000000000000000E+000   1.66666666666667     
   1.00000000000000       0.333333333333333        1.66666666666667     
           1
         771         128         130         131          72
  0.666666666666667       0.333333333333333        2.00000000000000     
  0.666666666666667       0.000000000000000E+000   1.66666666666667     
  0.666666666666667       0.000000000000000E+000   2.00000000000000     
   1.00000000000000       0.333333333333333        1.66666666666667     
           1
         772          73          72         128          76
   1.00000000000000       0.333333333333333        2.00000000000000     
   1.00000000000000       0.333333333333333        1.66666666666667     
  0.666666666666667       0.333333333333333        2.00000000000000     
   1.00000000000000       0.000000000000000E+000   2.00000000000000     
           1
         773          76         131          75          72
   1.00000000000000       0.000000000000000E+000   2.00000000000000     
  0.666666666666667       0.000000000000000E+000   2.00000000000000     
   1.00000000000000       0.000000000000000E+000   1.66666666666667     
   1.00000000000000       0.333333333333333        1.66666666666667     
           1
         774          76         128         131          72
   1.00000000000000       0.000000000000000E+000   2.00000000000000     
  0.666666666666667       0.333333333333333        2.00000000000000     
  0.666666666666667       0.000000000000000E+000   2.00000000000000     
   1.00000000000000       0.333333333333333        1.66666666666667     
           1
         775         158         213         168         215
   1.00000000000000       0.666666666666667        1.00000000000000     
  0.666666666666667       0.666666666666667        1.00000000000000     
  0.666666666666667       0.666666666666667        1.33333333333333     
  0.666666666666667       0.333333333333333        1.00000000000000     
           1
         776         169         215         160         158
  0.666666666666667       0.333333333333333        1.33333333333333     
  0.666666666666667       0.333333333333333        1.00000000000000     
   1.00000000000000       0.333333333333333        1.00000000000000     
   1.00000000000000       0.666666666666667        1.00000000000000     
           1
         777         168         215         169         158
  0.666666666666667       0.666666666666667        1.33333333333333     
  0.666666666666667       0.333333333333333        1.00000000000000     
  0.666666666666667       0.333333333333333        1.33333333333333     
   1.00000000000000       0.666666666666667        1.00000000000000     
           1
         778         116         158         168         117
   1.00000000000000       0.666666666666667        1.33333333333333     
   1.00000000000000       0.666666666666667        1.00000000000000     
  0.666666666666667       0.666666666666667        1.33333333333333     
   1.00000000000000       0.333333333333333        1.33333333333333     
           1
         779         117         169         160         158
   1.00000000000000       0.333333333333333        1.33333333333333     
  0.666666666666667       0.333333333333333        1.33333333333333     
   1.00000000000000       0.333333333333333        1.00000000000000     
   1.00000000000000       0.666666666666667        1.00000000000000     
           1
         780         117         168         169         158
   1.00000000000000       0.333333333333333        1.33333333333333     
  0.666666666666667       0.666666666666667        1.33333333333333     
  0.666666666666667       0.333333333333333        1.33333333333333     
   1.00000000000000       0.666666666666667        1.00000000000000     
           1
         781         116         168         126         169
   1.00000000000000       0.666666666666667        1.33333333333333     
  0.666666666666667       0.666666666666667        1.33333333333333     
  0.666666666666667       0.666666666666667        1.66666666666667     
  0.666666666666667       0.333333333333333        1.33333333333333     
           1
         782         127         169         117         116
  0.666666666666667       0.333333333333333        1.66666666666667     
  0.666666666666667       0.333333333333333        1.33333333333333     
   1.00000000000000       0.333333333333333        1.33333333333333     
   1.00000000000000       0.666666666666667        1.33333333333333     
           1
         783         126         169         127         116
  0.666666666666667       0.666666666666667        1.66666666666667     
  0.666666666666667       0.333333333333333        1.33333333333333     
  0.666666666666667       0.333333333333333        1.66666666666667     
   1.00000000000000       0.666666666666667        1.33333333333333     
           1
         784          71         116         126          72
   1.00000000000000       0.666666666666667        1.66666666666667     
   1.00000000000000       0.666666666666667        1.33333333333333     
  0.666666666666667       0.666666666666667        1.66666666666667     
   1.00000000000000       0.333333333333333        1.66666666666667     
           1
         785          72         127         117         116
   1.00000000000000       0.333333333333333        1.66666666666667     
  0.666666666666667       0.333333333333333        1.66666666666667     
   1.00000000000000       0.333333333333333        1.33333333333333     
   1.00000000000000       0.666666666666667        1.33333333333333     
           1
         786          72         126         127         116
   1.00000000000000       0.333333333333333        1.66666666666667     
  0.666666666666667       0.666666666666667        1.66666666666667     
  0.666666666666667       0.333333333333333        1.66666666666667     
   1.00000000000000       0.666666666666667        1.33333333333333     
           1
         787          71         126          83         127
   1.00000000000000       0.666666666666667        1.66666666666667     
  0.666666666666667       0.666666666666667        1.66666666666667     
  0.666666666666667       0.666666666666667        2.00000000000000     
  0.666666666666667       0.333333333333333        1.66666666666667     
           1
         788         128         127          72          71
  0.666666666666667       0.333333333333333        2.00000000000000     
  0.666666666666667       0.333333333333333        1.66666666666667     
   1.00000000000000       0.333333333333333        1.66666666666667     
   1.00000000000000       0.666666666666667        1.66666666666667     
           1
         789          83         127         128          71
  0.666666666666667       0.666666666666667        2.00000000000000     
  0.666666666666667       0.333333333333333        1.66666666666667     
  0.666666666666667       0.333333333333333        2.00000000000000     
   1.00000000000000       0.666666666666667        1.66666666666667     
           1
         790          43          71          83          73
   1.00000000000000       0.666666666666667        2.00000000000000     
   1.00000000000000       0.666666666666667        1.66666666666667     
  0.666666666666667       0.666666666666667        2.00000000000000     
   1.00000000000000       0.333333333333333        2.00000000000000     
           1
         791          73         128          72          71
   1.00000000000000       0.333333333333333        2.00000000000000     
  0.666666666666667       0.333333333333333        2.00000000000000     
   1.00000000000000       0.333333333333333        1.66666666666667     
   1.00000000000000       0.666666666666667        1.66666666666667     
           1
         792          73          83         128          71
   1.00000000000000       0.333333333333333        2.00000000000000     
  0.666666666666667       0.666666666666667        2.00000000000000     
  0.666666666666667       0.333333333333333        2.00000000000000     
   1.00000000000000       0.666666666666667        1.66666666666667     
           1
         793         159         214         170         213
   1.00000000000000        1.00000000000000        1.00000000000000     
  0.666666666666667        1.00000000000000        1.00000000000000     
  0.666666666666667        1.00000000000000        1.33333333333333     
  0.666666666666667       0.666666666666667        1.00000000000000     
           1
         794         168         213         158         159
  0.666666666666667       0.666666666666667        1.33333333333333     
  0.666666666666667       0.666666666666667        1.00000000000000     
   1.00000000000000       0.666666666666667        1.00000000000000     
   1.00000000000000        1.00000000000000        1.00000000000000     
           1
         795         170         213         168         159
  0.666666666666667        1.00000000000000        1.33333333333333     
  0.666666666666667       0.666666666666667        1.00000000000000     
  0.666666666666667       0.666666666666667        1.33333333333333     
   1.00000000000000        1.00000000000000        1.00000000000000     
           1
         796         118         159         170         116
   1.00000000000000        1.00000000000000        1.33333333333333     
   1.00000000000000        1.00000000000000        1.00000000000000     
  0.666666666666667        1.00000000000000        1.33333333333333     
   1.00000000000000       0.666666666666667        1.33333333333333     
           1
         797         116         168         158         159
   1.00000000000000       0.666666666666667        1.33333333333333     
  0.666666666666667       0.666666666666667        1.33333333333333     
   1.00000000000000       0.666666666666667        1.00000000000000     
   1.00000000000000        1.00000000000000        1.00000000000000     
           1
         798         116         170         168         159
   1.00000000000000       0.666666666666667        1.33333333333333     
  0.666666666666667        1.00000000000000        1.33333333333333     
  0.666666666666667       0.666666666666667        1.33333333333333     
   1.00000000000000        1.00000000000000        1.00000000000000     
           1
         799         118         170         129         168
   1.00000000000000        1.00000000000000        1.33333333333333     
  0.666666666666667        1.00000000000000        1.33333333333333     
  0.666666666666667        1.00000000000000        1.66666666666667     
  0.666666666666667       0.666666666666667        1.33333333333333     
           1
         800         126         168         116         118
  0.666666666666667       0.666666666666667        1.66666666666667     
  0.666666666666667       0.666666666666667        1.33333333333333     
   1.00000000000000       0.666666666666667        1.33333333333333     
   1.00000000000000        1.00000000000000        1.33333333333333     
           1
         801         129         168         126         118
  0.666666666666667        1.00000000000000        1.66666666666667     
  0.666666666666667       0.666666666666667        1.33333333333333     
  0.666666666666667       0.666666666666667        1.66666666666667     
   1.00000000000000        1.00000000000000        1.33333333333333     
           1
         802          74         118         129          71
   1.00000000000000        1.00000000000000        1.66666666666667     
   1.00000000000000        1.00000000000000        1.33333333333333     
  0.666666666666667        1.00000000000000        1.66666666666667     
   1.00000000000000       0.666666666666667        1.66666666666667     
           1
         803          71         126         116         118
   1.00000000000000       0.666666666666667        1.66666666666667     
  0.666666666666667       0.666666666666667        1.66666666666667     
   1.00000000000000       0.666666666666667        1.33333333333333     
   1.00000000000000        1.00000000000000        1.33333333333333     
           1
         804          71         129         126         118
   1.00000000000000       0.666666666666667        1.66666666666667     
  0.666666666666667        1.00000000000000        1.66666666666667     
  0.666666666666667       0.666666666666667        1.66666666666667     
   1.00000000000000        1.00000000000000        1.33333333333333     
           1
         805          74         129          84         126
   1.00000000000000        1.00000000000000        1.66666666666667     
  0.666666666666667        1.00000000000000        1.66666666666667     
  0.666666666666667        1.00000000000000        2.00000000000000     
  0.666666666666667       0.666666666666667        1.66666666666667     
           1
         806          83         126          71          74
  0.666666666666667       0.666666666666667        2.00000000000000     
  0.666666666666667       0.666666666666667        1.66666666666667     
   1.00000000000000       0.666666666666667        1.66666666666667     
   1.00000000000000        1.00000000000000        1.66666666666667     
           1
         807          84         126          83          74
  0.666666666666667        1.00000000000000        2.00000000000000     
  0.666666666666667       0.666666666666667        1.66666666666667     
  0.666666666666667       0.666666666666667        2.00000000000000     
   1.00000000000000        1.00000000000000        1.66666666666667     
           1
         808          44          74          84          43
   1.00000000000000        1.00000000000000        2.00000000000000     
   1.00000000000000        1.00000000000000        1.66666666666667     
  0.666666666666667        1.00000000000000        2.00000000000000     
   1.00000000000000       0.666666666666667        2.00000000000000     
           1
         809          43          83          71          74
   1.00000000000000       0.666666666666667        2.00000000000000     
  0.666666666666667       0.666666666666667        2.00000000000000     
   1.00000000000000       0.666666666666667        1.66666666666667     
   1.00000000000000        1.00000000000000        1.66666666666667     
           1
         810          43          84          83          74
   1.00000000000000       0.666666666666667        2.00000000000000     
  0.666666666666667        1.00000000000000        2.00000000000000     
  0.666666666666667       0.666666666666667        2.00000000000000     
   1.00000000000000        1.00000000000000        1.66666666666667     
           1
         811         110         160         117         162
   1.33333333333333       0.333333333333333        1.00000000000000     
   1.00000000000000       0.333333333333333        1.00000000000000     
   1.00000000000000       0.333333333333333        1.33333333333333     
   1.00000000000000       0.000000000000000E+000   1.00000000000000     
           1
         812         119         162         115         110
   1.00000000000000       0.000000000000000E+000   1.33333333333333     
   1.00000000000000       0.000000000000000E+000   1.00000000000000     
   1.33333333333333       0.000000000000000E+000   1.00000000000000     
   1.33333333333333       0.333333333333333        1.00000000000000     
           1
         813         117         162         119         110
   1.00000000000000       0.333333333333333        1.33333333333333     
   1.00000000000000       0.000000000000000E+000   1.00000000000000     
   1.00000000000000       0.000000000000000E+000   1.33333333333333     
   1.33333333333333       0.333333333333333        1.00000000000000     
           1
         814          63         110         117          66
   1.33333333333333       0.333333333333333        1.33333333333333     
   1.33333333333333       0.333333333333333        1.00000000000000     
   1.00000000000000       0.333333333333333        1.33333333333333     
   1.33333333333333       0.000000000000000E+000   1.33333333333333     
           1
         815          66         119         115         110
   1.33333333333333       0.000000000000000E+000   1.33333333333333     
   1.00000000000000       0.000000000000000E+000   1.33333333333333     
   1.33333333333333       0.000000000000000E+000   1.00000000000000     
   1.33333333333333       0.333333333333333        1.00000000000000     
           1
         816          66         117         119         110
   1.33333333333333       0.000000000000000E+000   1.33333333333333     
   1.00000000000000       0.333333333333333        1.33333333333333     
   1.00000000000000       0.000000000000000E+000   1.33333333333333     
   1.33333333333333       0.333333333333333        1.00000000000000     
           1
         817          63         117          72         119
   1.33333333333333       0.333333333333333        1.33333333333333     
   1.00000000000000       0.333333333333333        1.33333333333333     
   1.00000000000000       0.333333333333333        1.66666666666667     
   1.00000000000000       0.000000000000000E+000   1.33333333333333     
           1
         818          75         119          66          63
   1.00000000000000       0.000000000000000E+000   1.66666666666667     
   1.00000000000000       0.000000000000000E+000   1.33333333333333     
   1.33333333333333       0.000000000000000E+000   1.33333333333333     
   1.33333333333333       0.333333333333333        1.33333333333333     
           1
         819          72         119          75          63
   1.00000000000000       0.333333333333333        1.66666666666667     
   1.00000000000000       0.000000000000000E+000   1.33333333333333     
   1.00000000000000       0.000000000000000E+000   1.66666666666667     
   1.33333333333333       0.333333333333333        1.33333333333333     
           1
         820          31          63          72          37
   1.33333333333333       0.333333333333333        1.66666666666667     
   1.33333333333333       0.333333333333333        1.33333333333333     
   1.00000000000000       0.333333333333333        1.66666666666667     
   1.33333333333333       0.000000000000000E+000   1.66666666666667     
           1
         821          37          75          66          63
   1.33333333333333       0.000000000000000E+000   1.66666666666667     
   1.00000000000000       0.000000000000000E+000   1.66666666666667     
   1.33333333333333       0.000000000000000E+000   1.33333333333333     
   1.33333333333333       0.333333333333333        1.33333333333333     
           1
         822          37          72          75          63
   1.33333333333333       0.000000000000000E+000   1.66666666666667     
   1.00000000000000       0.333333333333333        1.66666666666667     
   1.00000000000000       0.000000000000000E+000   1.66666666666667     
   1.33333333333333       0.333333333333333        1.33333333333333     
           1
         823          31          72          73          75
   1.33333333333333       0.333333333333333        1.66666666666667     
   1.00000000000000       0.333333333333333        1.66666666666667     
   1.00000000000000       0.333333333333333        2.00000000000000     
   1.00000000000000       0.000000000000000E+000   1.66666666666667     
           1
         824          76          75          37          31
   1.00000000000000       0.000000000000000E+000   2.00000000000000     
   1.00000000000000       0.000000000000000E+000   1.66666666666667     
   1.33333333333333       0.000000000000000E+000   1.66666666666667     
   1.33333333333333       0.333333333333333        1.66666666666667     
           1
         825          73          75          76          31
   1.00000000000000       0.333333333333333        2.00000000000000     
   1.00000000000000       0.000000000000000E+000   1.66666666666667     
   1.00000000000000       0.000000000000000E+000   2.00000000000000     
   1.33333333333333       0.333333333333333        1.66666666666667     
           1
         826          32          31          73          38
   1.33333333333333       0.333333333333333        2.00000000000000     
   1.33333333333333       0.333333333333333        1.66666666666667     
   1.00000000000000       0.333333333333333        2.00000000000000     
   1.33333333333333       0.000000000000000E+000   2.00000000000000     
           1
         827          38          76          37          31
   1.33333333333333       0.000000000000000E+000   2.00000000000000     
   1.00000000000000       0.000000000000000E+000   2.00000000000000     
   1.33333333333333       0.000000000000000E+000   1.66666666666667     
   1.33333333333333       0.333333333333333        1.66666666666667     
           1
         828          38          73          76          31
   1.33333333333333       0.000000000000000E+000   2.00000000000000     
   1.00000000000000       0.333333333333333        2.00000000000000     
   1.00000000000000       0.000000000000000E+000   2.00000000000000     
   1.33333333333333       0.333333333333333        1.66666666666667     
           1
         829         108         158         116         160
   1.33333333333333       0.666666666666667        1.00000000000000     
   1.00000000000000       0.666666666666667        1.00000000000000     
   1.00000000000000       0.666666666666667        1.33333333333333     
   1.00000000000000       0.333333333333333        1.00000000000000     
           1
         830         117         160         110         108
   1.00000000000000       0.333333333333333        1.33333333333333     
   1.00000000000000       0.333333333333333        1.00000000000000     
   1.33333333333333       0.333333333333333        1.00000000000000     
   1.33333333333333       0.666666666666667        1.00000000000000     
           1
         831         116         160         117         108
   1.00000000000000       0.666666666666667        1.33333333333333     
   1.00000000000000       0.333333333333333        1.00000000000000     
   1.00000000000000       0.333333333333333        1.33333333333333     
   1.33333333333333       0.666666666666667        1.00000000000000     
           1
         832          62         108         116          63
   1.33333333333333       0.666666666666667        1.33333333333333     
   1.33333333333333       0.666666666666667        1.00000000000000     
   1.00000000000000       0.666666666666667        1.33333333333333     
   1.33333333333333       0.333333333333333        1.33333333333333     
           1
         833          63         117         110         108
   1.33333333333333       0.333333333333333        1.33333333333333     
   1.00000000000000       0.333333333333333        1.33333333333333     
   1.33333333333333       0.333333333333333        1.00000000000000     
   1.33333333333333       0.666666666666667        1.00000000000000     
           1
         834          63         116         117         108
   1.33333333333333       0.333333333333333        1.33333333333333     
   1.00000000000000       0.666666666666667        1.33333333333333     
   1.00000000000000       0.333333333333333        1.33333333333333     
   1.33333333333333       0.666666666666667        1.00000000000000     
           1
         835          62         116          71         117
   1.33333333333333       0.666666666666667        1.33333333333333     
   1.00000000000000       0.666666666666667        1.33333333333333     
   1.00000000000000       0.666666666666667        1.66666666666667     
   1.00000000000000       0.333333333333333        1.33333333333333     
           1
         836          72         117          63          62
   1.00000000000000       0.333333333333333        1.66666666666667     
   1.00000000000000       0.333333333333333        1.33333333333333     
   1.33333333333333       0.333333333333333        1.33333333333333     
   1.33333333333333       0.666666666666667        1.33333333333333     
           1
         837          71         117          72          62
   1.00000000000000       0.666666666666667        1.66666666666667     
   1.00000000000000       0.333333333333333        1.33333333333333     
   1.00000000000000       0.333333333333333        1.66666666666667     
   1.33333333333333       0.666666666666667        1.33333333333333     
           1
         838          30          62          71          31
   1.33333333333333       0.666666666666667        1.66666666666667     
   1.33333333333333       0.666666666666667        1.33333333333333     
   1.00000000000000       0.666666666666667        1.66666666666667     
   1.33333333333333       0.333333333333333        1.66666666666667     
           1
         839          31          72          63          62
   1.33333333333333       0.333333333333333        1.66666666666667     
   1.00000000000000       0.333333333333333        1.66666666666667     
   1.33333333333333       0.333333333333333        1.33333333333333     
   1.33333333333333       0.666666666666667        1.33333333333333     
           1
         840          31          71          72          62
   1.33333333333333       0.333333333333333        1.66666666666667     
   1.00000000000000       0.666666666666667        1.66666666666667     
   1.00000000000000       0.333333333333333        1.66666666666667     
   1.33333333333333       0.666666666666667        1.33333333333333     
           1
         841          30          71          43          72
   1.33333333333333       0.666666666666667        1.66666666666667     
   1.00000000000000       0.666666666666667        1.66666666666667     
   1.00000000000000       0.666666666666667        2.00000000000000     
   1.00000000000000       0.333333333333333        1.66666666666667     
           1
         842          73          72          31          30
   1.00000000000000       0.333333333333333        2.00000000000000     
   1.00000000000000       0.333333333333333        1.66666666666667     
   1.33333333333333       0.333333333333333        1.66666666666667     
   1.33333333333333       0.666666666666667        1.66666666666667     
           1
         843          43          72          73          30
   1.00000000000000       0.666666666666667        2.00000000000000     
   1.00000000000000       0.333333333333333        1.66666666666667     
   1.00000000000000       0.333333333333333        2.00000000000000     
   1.33333333333333       0.666666666666667        1.66666666666667     
           1
         844          15          30          43          32
   1.33333333333333       0.666666666666667        2.00000000000000     
   1.33333333333333       0.666666666666667        1.66666666666667     
   1.00000000000000       0.666666666666667        2.00000000000000     
   1.33333333333333       0.333333333333333        2.00000000000000     
           1
         845          32          73          31          30
   1.33333333333333       0.333333333333333        2.00000000000000     
   1.00000000000000       0.333333333333333        2.00000000000000     
   1.33333333333333       0.333333333333333        1.66666666666667     
   1.33333333333333       0.666666666666667        1.66666666666667     
           1
         846          32          43          73          30
   1.33333333333333       0.333333333333333        2.00000000000000     
   1.00000000000000       0.666666666666667        2.00000000000000     
   1.00000000000000       0.333333333333333        2.00000000000000     
   1.33333333333333       0.666666666666667        1.66666666666667     
           1
         847         109         159         118         158
   1.33333333333333        1.00000000000000        1.00000000000000     
   1.00000000000000        1.00000000000000        1.00000000000000     
   1.00000000000000        1.00000000000000        1.33333333333333     
   1.00000000000000       0.666666666666667        1.00000000000000     
           1
         848         116         158         108         109
   1.00000000000000       0.666666666666667        1.33333333333333     
   1.00000000000000       0.666666666666667        1.00000000000000     
   1.33333333333333       0.666666666666667        1.00000000000000     
   1.33333333333333        1.00000000000000        1.00000000000000     
           1
         849         118         158         116         109
   1.00000000000000        1.00000000000000        1.33333333333333     
   1.00000000000000       0.666666666666667        1.00000000000000     
   1.00000000000000       0.666666666666667        1.33333333333333     
   1.33333333333333        1.00000000000000        1.00000000000000     
           1
         850          64         109         118          62
   1.33333333333333        1.00000000000000        1.33333333333333     
   1.33333333333333        1.00000000000000        1.00000000000000     
   1.00000000000000        1.00000000000000        1.33333333333333     
   1.33333333333333       0.666666666666667        1.33333333333333     
           1
         851          62         116         108         109
   1.33333333333333       0.666666666666667        1.33333333333333     
   1.00000000000000       0.666666666666667        1.33333333333333     
   1.33333333333333       0.666666666666667        1.00000000000000     
   1.33333333333333        1.00000000000000        1.00000000000000     
           1
         852          62         118         116         109
   1.33333333333333       0.666666666666667        1.33333333333333     
   1.00000000000000        1.00000000000000        1.33333333333333     
   1.00000000000000       0.666666666666667        1.33333333333333     
   1.33333333333333        1.00000000000000        1.00000000000000     
           1
         853          64         118          74         116
   1.33333333333333        1.00000000000000        1.33333333333333     
   1.00000000000000        1.00000000000000        1.33333333333333     
   1.00000000000000        1.00000000000000        1.66666666666667     
   1.00000000000000       0.666666666666667        1.33333333333333     
           1
         854          71         116          62          64
   1.00000000000000       0.666666666666667        1.66666666666667     
   1.00000000000000       0.666666666666667        1.33333333333333     
   1.33333333333333       0.666666666666667        1.33333333333333     
   1.33333333333333        1.00000000000000        1.33333333333333     
           1
         855          74         116          71          64
   1.00000000000000        1.00000000000000        1.66666666666667     
   1.00000000000000       0.666666666666667        1.33333333333333     
   1.00000000000000       0.666666666666667        1.66666666666667     
   1.33333333333333        1.00000000000000        1.33333333333333     
           1
         856          33          64          74          30
   1.33333333333333        1.00000000000000        1.66666666666667     
   1.33333333333333        1.00000000000000        1.33333333333333     
   1.00000000000000        1.00000000000000        1.66666666666667     
   1.33333333333333       0.666666666666667        1.66666666666667     
           1
         857          30          71          62          64
   1.33333333333333       0.666666666666667        1.66666666666667     
   1.00000000000000       0.666666666666667        1.66666666666667     
   1.33333333333333       0.666666666666667        1.33333333333333     
   1.33333333333333        1.00000000000000        1.33333333333333     
           1
         858          30          74          71          64
   1.33333333333333       0.666666666666667        1.66666666666667     
   1.00000000000000        1.00000000000000        1.66666666666667     
   1.00000000000000       0.666666666666667        1.66666666666667     
   1.33333333333333        1.00000000000000        1.33333333333333     
           1
         859          33          74          44          71
   1.33333333333333        1.00000000000000        1.66666666666667     
   1.00000000000000        1.00000000000000        1.66666666666667     
   1.00000000000000        1.00000000000000        2.00000000000000     
   1.00000000000000       0.666666666666667        1.66666666666667     
           1
         860          43          71          30          33
   1.00000000000000       0.666666666666667        2.00000000000000     
   1.00000000000000       0.666666666666667        1.66666666666667     
   1.33333333333333       0.666666666666667        1.66666666666667     
   1.33333333333333        1.00000000000000        1.66666666666667     
           1
         861          44          71          43          33
   1.00000000000000        1.00000000000000        2.00000000000000     
   1.00000000000000       0.666666666666667        1.66666666666667     
   1.00000000000000       0.666666666666667        2.00000000000000     
   1.33333333333333        1.00000000000000        1.66666666666667     
           1
         862          16          33          44          15
   1.33333333333333        1.00000000000000        2.00000000000000     
   1.33333333333333        1.00000000000000        1.66666666666667     
   1.00000000000000        1.00000000000000        2.00000000000000     
   1.33333333333333       0.666666666666667        2.00000000000000     
           1
         863          15          43          30          33
   1.33333333333333       0.666666666666667        2.00000000000000     
   1.00000000000000       0.666666666666667        2.00000000000000     
   1.33333333333333       0.666666666666667        1.66666666666667     
   1.33333333333333        1.00000000000000        1.66666666666667     
           1
         864          15          44          43          33
   1.33333333333333       0.666666666666667        2.00000000000000     
   1.00000000000000        1.00000000000000        2.00000000000000     
   1.00000000000000       0.666666666666667        2.00000000000000     
   1.33333333333333        1.00000000000000        1.66666666666667     
           1
         865          61         110          63         115
   1.66666666666667       0.333333333333333        1.00000000000000     
   1.33333333333333       0.333333333333333        1.00000000000000     
   1.33333333333333       0.333333333333333        1.33333333333333     
   1.33333333333333       0.000000000000000E+000   1.00000000000000     
           1
         866          66         115          67          61
   1.33333333333333       0.000000000000000E+000   1.33333333333333     
   1.33333333333333       0.000000000000000E+000   1.00000000000000     
   1.66666666666667       0.000000000000000E+000   1.00000000000000     
   1.66666666666667       0.333333333333333        1.00000000000000     
           1
         867          63         115          66          61
   1.33333333333333       0.333333333333333        1.33333333333333     
   1.33333333333333       0.000000000000000E+000   1.00000000000000     
   1.33333333333333       0.000000000000000E+000   1.33333333333333     
   1.66666666666667       0.333333333333333        1.00000000000000     
           1
         868          27          61          63          39
   1.66666666666667       0.333333333333333        1.33333333333333     
   1.66666666666667       0.333333333333333        1.00000000000000     
   1.33333333333333       0.333333333333333        1.33333333333333     
   1.66666666666667       0.000000000000000E+000   1.33333333333333     
           1
         869          39          66          67          61
   1.66666666666667       0.000000000000000E+000   1.33333333333333     
   1.33333333333333       0.000000000000000E+000   1.33333333333333     
   1.66666666666667       0.000000000000000E+000   1.00000000000000     
   1.66666666666667       0.333333333333333        1.00000000000000     
           1
         870          39          63          66          61
   1.66666666666667       0.000000000000000E+000   1.33333333333333     
   1.33333333333333       0.333333333333333        1.33333333333333     
   1.33333333333333       0.000000000000000E+000   1.33333333333333     
   1.66666666666667       0.333333333333333        1.00000000000000     
           1
         871          27          63          31          66
   1.66666666666667       0.333333333333333        1.33333333333333     
   1.33333333333333       0.333333333333333        1.33333333333333     
   1.33333333333333       0.333333333333333        1.66666666666667     
   1.33333333333333       0.000000000000000E+000   1.33333333333333     
           1
         872          37          66          39          27
   1.33333333333333       0.000000000000000E+000   1.66666666666667     
   1.33333333333333       0.000000000000000E+000   1.33333333333333     
   1.66666666666667       0.000000000000000E+000   1.33333333333333     
   1.66666666666667       0.333333333333333        1.33333333333333     
           1
         873          31          66          37          27
   1.33333333333333       0.333333333333333        1.66666666666667     
   1.33333333333333       0.000000000000000E+000   1.33333333333333     
   1.33333333333333       0.000000000000000E+000   1.66666666666667     
   1.66666666666667       0.333333333333333        1.33333333333333     
           1
         874          11          27          31          35
   1.66666666666667       0.333333333333333        1.66666666666667     
   1.66666666666667       0.333333333333333        1.33333333333333     
   1.33333333333333       0.333333333333333        1.66666666666667     
   1.66666666666667       0.000000000000000E+000   1.66666666666667     
           1
         875          35          37          39          27
   1.66666666666667       0.000000000000000E+000   1.66666666666667     
   1.33333333333333       0.000000000000000E+000   1.66666666666667     
   1.66666666666667       0.000000000000000E+000   1.33333333333333     
   1.66666666666667       0.333333333333333        1.33333333333333     
           1
         876          35          31          37          27
   1.66666666666667       0.000000000000000E+000   1.66666666666667     
   1.33333333333333       0.333333333333333        1.66666666666667     
   1.33333333333333       0.000000000000000E+000   1.66666666666667     
   1.66666666666667       0.333333333333333        1.33333333333333     
           1
         877          11          31          32          37
   1.66666666666667       0.333333333333333        1.66666666666667     
   1.33333333333333       0.333333333333333        1.66666666666667     
   1.33333333333333       0.333333333333333        2.00000000000000     
   1.33333333333333       0.000000000000000E+000   1.66666666666667     
           1
         878          38          37          35          11
   1.33333333333333       0.000000000000000E+000   2.00000000000000     
   1.33333333333333       0.000000000000000E+000   1.66666666666667     
   1.66666666666667       0.000000000000000E+000   1.66666666666667     
   1.66666666666667       0.333333333333333        1.66666666666667     
           1
         879          32          37          38          11
   1.33333333333333       0.333333333333333        2.00000000000000     
   1.33333333333333       0.000000000000000E+000   1.66666666666667     
   1.33333333333333       0.000000000000000E+000   2.00000000000000     
   1.66666666666667       0.333333333333333        1.66666666666667     
           1
         880          12          11          32          36
   1.66666666666667       0.333333333333333        2.00000000000000     
   1.66666666666667       0.333333333333333        1.66666666666667     
   1.33333333333333       0.333333333333333        2.00000000000000     
   1.66666666666667       0.000000000000000E+000   2.00000000000000     
           1
         881          36          38          35          11
   1.66666666666667       0.000000000000000E+000   2.00000000000000     
   1.33333333333333       0.000000000000000E+000   2.00000000000000     
   1.66666666666667       0.000000000000000E+000   1.66666666666667     
   1.66666666666667       0.333333333333333        1.66666666666667     
           1
         882          36          32          38          11
   1.66666666666667       0.000000000000000E+000   2.00000000000000     
   1.33333333333333       0.333333333333333        2.00000000000000     
   1.33333333333333       0.000000000000000E+000   2.00000000000000     
   1.66666666666667       0.333333333333333        1.66666666666667     
           1
         883          57         108          62         110
   1.66666666666667       0.666666666666667        1.00000000000000     
   1.33333333333333       0.666666666666667        1.00000000000000     
   1.33333333333333       0.666666666666667        1.33333333333333     
   1.33333333333333       0.333333333333333        1.00000000000000     
           1
         884          63         110          61          57
   1.33333333333333       0.333333333333333        1.33333333333333     
   1.33333333333333       0.333333333333333        1.00000000000000     
   1.66666666666667       0.333333333333333        1.00000000000000     
   1.66666666666667       0.666666666666667        1.00000000000000     
           1
         885          62         110          63          57
   1.33333333333333       0.666666666666667        1.33333333333333     
   1.33333333333333       0.333333333333333        1.00000000000000     
   1.33333333333333       0.333333333333333        1.33333333333333     
   1.66666666666667       0.666666666666667        1.00000000000000     
           1
         886          25          57          62          27
   1.66666666666667       0.666666666666667        1.33333333333333     
   1.66666666666667       0.666666666666667        1.00000000000000     
   1.33333333333333       0.666666666666667        1.33333333333333     
   1.66666666666667       0.333333333333333        1.33333333333333     
           1
         887          27          63          61          57
   1.66666666666667       0.333333333333333        1.33333333333333     
   1.33333333333333       0.333333333333333        1.33333333333333     
   1.66666666666667       0.333333333333333        1.00000000000000     
   1.66666666666667       0.666666666666667        1.00000000000000     
           1
         888          27          62          63          57
   1.66666666666667       0.333333333333333        1.33333333333333     
   1.33333333333333       0.666666666666667        1.33333333333333     
   1.33333333333333       0.333333333333333        1.33333333333333     
   1.66666666666667       0.666666666666667        1.00000000000000     
           1
         889          25          62          30          63
   1.66666666666667       0.666666666666667        1.33333333333333     
   1.33333333333333       0.666666666666667        1.33333333333333     
   1.33333333333333       0.666666666666667        1.66666666666667     
   1.33333333333333       0.333333333333333        1.33333333333333     
           1
         890          31          63          27          25
   1.33333333333333       0.333333333333333        1.66666666666667     
   1.33333333333333       0.333333333333333        1.33333333333333     
   1.66666666666667       0.333333333333333        1.33333333333333     
   1.66666666666667       0.666666666666667        1.33333333333333     
           1
         891          30          63          31          25
   1.33333333333333       0.666666666666667        1.66666666666667     
   1.33333333333333       0.333333333333333        1.33333333333333     
   1.33333333333333       0.333333333333333        1.66666666666667     
   1.66666666666667       0.666666666666667        1.33333333333333     
           1
         892           9          25          30          11
   1.66666666666667       0.666666666666667        1.66666666666667     
   1.66666666666667       0.666666666666667        1.33333333333333     
   1.33333333333333       0.666666666666667        1.66666666666667     
   1.66666666666667       0.333333333333333        1.66666666666667     
           1
         893          11          31          27          25
   1.66666666666667       0.333333333333333        1.66666666666667     
   1.33333333333333       0.333333333333333        1.66666666666667     
   1.66666666666667       0.333333333333333        1.33333333333333     
   1.66666666666667       0.666666666666667        1.33333333333333     
           1
         894          11          30          31          25
   1.66666666666667       0.333333333333333        1.66666666666667     
   1.33333333333333       0.666666666666667        1.66666666666667     
   1.33333333333333       0.333333333333333        1.66666666666667     
   1.66666666666667       0.666666666666667        1.33333333333333     
           1
         895           9          30          15          31
   1.66666666666667       0.666666666666667        1.66666666666667     
   1.33333333333333       0.666666666666667        1.66666666666667     
   1.33333333333333       0.666666666666667        2.00000000000000     
   1.33333333333333       0.333333333333333        1.66666666666667     
           1
         896          32          31          11           9
   1.33333333333333       0.333333333333333        2.00000000000000     
   1.33333333333333       0.333333333333333        1.66666666666667     
   1.66666666666667       0.333333333333333        1.66666666666667     
   1.66666666666667       0.666666666666667        1.66666666666667     
           1
         897          15          31          32           9
   1.33333333333333       0.666666666666667        2.00000000000000     
   1.33333333333333       0.333333333333333        1.66666666666667     
   1.33333333333333       0.333333333333333        2.00000000000000     
   1.66666666666667       0.666666666666667        1.66666666666667     
           1
         898           3           9          15          12
   1.66666666666667       0.666666666666667        2.00000000000000     
   1.66666666666667       0.666666666666667        1.66666666666667     
   1.33333333333333       0.666666666666667        2.00000000000000     
   1.66666666666667       0.333333333333333        2.00000000000000     
           1
         899          12          32          11           9
   1.66666666666667       0.333333333333333        2.00000000000000     
   1.33333333333333       0.333333333333333        2.00000000000000     
   1.66666666666667       0.333333333333333        1.66666666666667     
   1.66666666666667       0.666666666666667        1.66666666666667     
           1
         900          12          15          32           9
   1.66666666666667       0.333333333333333        2.00000000000000     
   1.33333333333333       0.666666666666667        2.00000000000000     
   1.33333333333333       0.333333333333333        2.00000000000000     
   1.66666666666667       0.666666666666667        1.66666666666667     
           1
         901          60         109          64         108
   1.66666666666667        1.00000000000000        1.00000000000000     
   1.33333333333333        1.00000000000000        1.00000000000000     
   1.33333333333333        1.00000000000000        1.33333333333333     
   1.33333333333333       0.666666666666667        1.00000000000000     
           1
         902          62         108          57          60
   1.33333333333333       0.666666666666667        1.33333333333333     
   1.33333333333333       0.666666666666667        1.00000000000000     
   1.66666666666667       0.666666666666667        1.00000000000000     
   1.66666666666667        1.00000000000000        1.00000000000000     
           1
         903          64         108          62          60
   1.33333333333333        1.00000000000000        1.33333333333333     
   1.33333333333333       0.666666666666667        1.00000000000000     
   1.33333333333333       0.666666666666667        1.33333333333333     
   1.66666666666667        1.00000000000000        1.00000000000000     
           1
         904          29          60          64          25
   1.66666666666667        1.00000000000000        1.33333333333333     
   1.66666666666667        1.00000000000000        1.00000000000000     
   1.33333333333333        1.00000000000000        1.33333333333333     
   1.66666666666667       0.666666666666667        1.33333333333333     
           1
         905          25          62          57          60
   1.66666666666667       0.666666666666667        1.33333333333333     
   1.33333333333333       0.666666666666667        1.33333333333333     
   1.66666666666667       0.666666666666667        1.00000000000000     
   1.66666666666667        1.00000000000000        1.00000000000000     
           1
         906          25          64          62          60
   1.66666666666667       0.666666666666667        1.33333333333333     
   1.33333333333333        1.00000000000000        1.33333333333333     
   1.33333333333333       0.666666666666667        1.33333333333333     
   1.66666666666667        1.00000000000000        1.00000000000000     
           1
         907          29          64          33          62
   1.66666666666667        1.00000000000000        1.33333333333333     
   1.33333333333333        1.00000000000000        1.33333333333333     
   1.33333333333333        1.00000000000000        1.66666666666667     
   1.33333333333333       0.666666666666667        1.33333333333333     
           1
         908          30          62          25          29
   1.33333333333333       0.666666666666667        1.66666666666667     
   1.33333333333333       0.666666666666667        1.33333333333333     
   1.66666666666667       0.666666666666667        1.33333333333333     
   1.66666666666667        1.00000000000000        1.33333333333333     
           1
         909          33          62          30          29
   1.33333333333333        1.00000000000000        1.66666666666667     
   1.33333333333333       0.666666666666667        1.33333333333333     
   1.33333333333333       0.666666666666667        1.66666666666667     
   1.66666666666667        1.00000000000000        1.33333333333333     
           1
         910          14          29          33           9
   1.66666666666667        1.00000000000000        1.66666666666667     
   1.66666666666667        1.00000000000000        1.33333333333333     
   1.33333333333333        1.00000000000000        1.66666666666667     
   1.66666666666667       0.666666666666667        1.66666666666667     
           1
         911           9          30          25          29
   1.66666666666667       0.666666666666667        1.66666666666667     
   1.33333333333333       0.666666666666667        1.66666666666667     
   1.66666666666667       0.666666666666667        1.33333333333333     
   1.66666666666667        1.00000000000000        1.33333333333333     
           1
         912           9          33          30          29
   1.66666666666667       0.666666666666667        1.66666666666667     
   1.33333333333333        1.00000000000000        1.66666666666667     
   1.33333333333333       0.666666666666667        1.66666666666667     
   1.66666666666667        1.00000000000000        1.33333333333333     
           1
         913          14          33          16          30
   1.66666666666667        1.00000000000000        1.66666666666667     
   1.33333333333333        1.00000000000000        1.66666666666667     
   1.33333333333333        1.00000000000000        2.00000000000000     
   1.33333333333333       0.666666666666667        1.66666666666667     
           1
         914          15          30           9          14
   1.33333333333333       0.666666666666667        2.00000000000000     
   1.33333333333333       0.666666666666667        1.66666666666667     
   1.66666666666667       0.666666666666667        1.66666666666667     
   1.66666666666667        1.00000000000000        1.66666666666667     
           1
         915          16          30          15          14
   1.33333333333333        1.00000000000000        2.00000000000000     
   1.33333333333333       0.666666666666667        1.66666666666667     
   1.33333333333333       0.666666666666667        2.00000000000000     
   1.66666666666667        1.00000000000000        1.66666666666667     
           1
         916           7          14          16           3
   1.66666666666667        1.00000000000000        2.00000000000000     
   1.66666666666667        1.00000000000000        1.66666666666667     
   1.33333333333333        1.00000000000000        2.00000000000000     
   1.66666666666667       0.666666666666667        2.00000000000000     
           1
         917           3          15           9          14
   1.66666666666667       0.666666666666667        2.00000000000000     
   1.33333333333333       0.666666666666667        2.00000000000000     
   1.66666666666667       0.666666666666667        1.66666666666667     
   1.66666666666667        1.00000000000000        1.66666666666667     
           1
         918           3          16          15          14
   1.66666666666667       0.666666666666667        2.00000000000000     
   1.33333333333333        1.00000000000000        2.00000000000000     
   1.33333333333333       0.666666666666667        2.00000000000000     
   1.66666666666667        1.00000000000000        1.66666666666667     
           1
         919          58          61          27          67
   2.00000000000000       0.333333333333333        1.00000000000000     
   1.66666666666667       0.333333333333333        1.00000000000000     
   1.66666666666667       0.333333333333333        1.33333333333333     
   1.66666666666667       0.000000000000000E+000   1.00000000000000     
           1
         920          39          67          78          58
   1.66666666666667       0.000000000000000E+000   1.33333333333333     
   1.66666666666667       0.000000000000000E+000   1.00000000000000     
   2.00000000000000       0.000000000000000E+000   1.00000000000000     
   2.00000000000000       0.333333333333333        1.00000000000000     
           1
         921          27          67          39          58
   1.66666666666667       0.333333333333333        1.33333333333333     
   1.66666666666667       0.000000000000000E+000   1.00000000000000     
   1.66666666666667       0.000000000000000E+000   1.33333333333333     
   2.00000000000000       0.333333333333333        1.00000000000000     
           1
         922          26          58          27          65
   2.00000000000000       0.333333333333333        1.33333333333333     
   2.00000000000000       0.333333333333333        1.00000000000000     
   1.66666666666667       0.333333333333333        1.33333333333333     
   2.00000000000000       0.000000000000000E+000   1.33333333333333     
           1
         923          65          39          78          58
   2.00000000000000       0.000000000000000E+000   1.33333333333333     
   1.66666666666667       0.000000000000000E+000   1.33333333333333     
   2.00000000000000       0.000000000000000E+000   1.00000000000000     
   2.00000000000000       0.333333333333333        1.00000000000000     
           1
         924          65          27          39          58
   2.00000000000000       0.000000000000000E+000   1.33333333333333     
   1.66666666666667       0.333333333333333        1.33333333333333     
   1.66666666666667       0.000000000000000E+000   1.33333333333333     
   2.00000000000000       0.333333333333333        1.00000000000000     
           1
         925          26          27          11          39
   2.00000000000000       0.333333333333333        1.33333333333333     
   1.66666666666667       0.333333333333333        1.33333333333333     
   1.66666666666667       0.333333333333333        1.66666666666667     
   1.66666666666667       0.000000000000000E+000   1.33333333333333     
           1
         926          35          39          65          26
   1.66666666666667       0.000000000000000E+000   1.66666666666667     
   1.66666666666667       0.000000000000000E+000   1.33333333333333     
   2.00000000000000       0.000000000000000E+000   1.33333333333333     
   2.00000000000000       0.333333333333333        1.33333333333333     
           1
         927          11          39          35          26
   1.66666666666667       0.333333333333333        1.66666666666667     
   1.66666666666667       0.000000000000000E+000   1.33333333333333     
   1.66666666666667       0.000000000000000E+000   1.66666666666667     
   2.00000000000000       0.333333333333333        1.33333333333333     
           1
         928          10          26          11          34
   2.00000000000000       0.333333333333333        1.66666666666667     
   2.00000000000000       0.333333333333333        1.33333333333333     
   1.66666666666667       0.333333333333333        1.66666666666667     
   2.00000000000000       0.000000000000000E+000   1.66666666666667     
           1
         929          34          35          65          26
   2.00000000000000       0.000000000000000E+000   1.66666666666667     
   1.66666666666667       0.000000000000000E+000   1.66666666666667     
   2.00000000000000       0.000000000000000E+000   1.33333333333333     
   2.00000000000000       0.333333333333333        1.33333333333333     
           1
         930          34          11          35          26
   2.00000000000000       0.000000000000000E+000   1.66666666666667     
   1.66666666666667       0.333333333333333        1.66666666666667     
   1.66666666666667       0.000000000000000E+000   1.66666666666667     
   2.00000000000000       0.333333333333333        1.33333333333333     
           1
         931          10          11          12          35
   2.00000000000000       0.333333333333333        1.66666666666667     
   1.66666666666667       0.333333333333333        1.66666666666667     
   1.66666666666667       0.333333333333333        2.00000000000000     
   1.66666666666667       0.000000000000000E+000   1.66666666666667     
           1
         932          36          35          34          10
   1.66666666666667       0.000000000000000E+000   2.00000000000000     
   1.66666666666667       0.000000000000000E+000   1.66666666666667     
   2.00000000000000       0.000000000000000E+000   1.66666666666667     
   2.00000000000000       0.333333333333333        1.66666666666667     
           1
         933          12          35          36          10
   1.66666666666667       0.333333333333333        2.00000000000000     
   1.66666666666667       0.000000000000000E+000   1.66666666666667     
   1.66666666666667       0.000000000000000E+000   2.00000000000000     
   2.00000000000000       0.333333333333333        1.66666666666667     
           1
         934           4          10          12          17
   2.00000000000000       0.333333333333333        2.00000000000000     
   2.00000000000000       0.333333333333333        1.66666666666667     
   1.66666666666667       0.333333333333333        2.00000000000000     
   2.00000000000000       0.000000000000000E+000   2.00000000000000     
           1
         935          17          36          34          10
   2.00000000000000       0.000000000000000E+000   2.00000000000000     
   1.66666666666667       0.000000000000000E+000   2.00000000000000     
   2.00000000000000       0.000000000000000E+000   1.66666666666667     
   2.00000000000000       0.333333333333333        1.66666666666667     
           1
         936          17          12          36          10
   2.00000000000000       0.000000000000000E+000   2.00000000000000     
   1.66666666666667       0.333333333333333        2.00000000000000     
   1.66666666666667       0.000000000000000E+000   2.00000000000000     
   2.00000000000000       0.333333333333333        1.66666666666667     
           1
         937          24          57          25          61
   2.00000000000000       0.666666666666667        1.00000000000000     
   1.66666666666667       0.666666666666667        1.00000000000000     
   1.66666666666667       0.666666666666667        1.33333333333333     
   1.66666666666667       0.333333333333333        1.00000000000000     
           1
         938          27          61          58          24
   1.66666666666667       0.333333333333333        1.33333333333333     
   1.66666666666667       0.333333333333333        1.00000000000000     
   2.00000000000000       0.333333333333333        1.00000000000000     
   2.00000000000000       0.666666666666667        1.00000000000000     
           1
         939          25          61          27          24
   1.66666666666667       0.666666666666667        1.33333333333333     
   1.66666666666667       0.333333333333333        1.00000000000000     
   1.66666666666667       0.333333333333333        1.33333333333333     
   2.00000000000000       0.666666666666667        1.00000000000000     
           1
         940           8          24          25          26
   2.00000000000000       0.666666666666667        1.33333333333333     
   2.00000000000000       0.666666666666667        1.00000000000000     
   1.66666666666667       0.666666666666667        1.33333333333333     
   2.00000000000000       0.333333333333333        1.33333333333333     
           1
         941          26          27          58          24
   2.00000000000000       0.333333333333333        1.33333333333333     
   1.66666666666667       0.333333333333333        1.33333333333333     
   2.00000000000000       0.333333333333333        1.00000000000000     
   2.00000000000000       0.666666666666667        1.00000000000000     
           1
         942          26          25          27          24
   2.00000000000000       0.333333333333333        1.33333333333333     
   1.66666666666667       0.666666666666667        1.33333333333333     
   1.66666666666667       0.333333333333333        1.33333333333333     
   2.00000000000000       0.666666666666667        1.00000000000000     
           1
         943           8          25           9          27
   2.00000000000000       0.666666666666667        1.33333333333333     
   1.66666666666667       0.666666666666667        1.33333333333333     
   1.66666666666667       0.666666666666667        1.66666666666667     
   1.66666666666667       0.333333333333333        1.33333333333333     
           1
         944          11          27          26           8
   1.66666666666667       0.333333333333333        1.66666666666667     
   1.66666666666667       0.333333333333333        1.33333333333333     
   2.00000000000000       0.333333333333333        1.33333333333333     
   2.00000000000000       0.666666666666667        1.33333333333333     
           1
         945           9          27          11           8
   1.66666666666667       0.666666666666667        1.66666666666667     
   1.66666666666667       0.333333333333333        1.33333333333333     
   1.66666666666667       0.333333333333333        1.66666666666667     
   2.00000000000000       0.666666666666667        1.33333333333333     
           1
         946           2           8           9          10
   2.00000000000000       0.666666666666667        1.66666666666667     
   2.00000000000000       0.666666666666667        1.33333333333333     
   1.66666666666667       0.666666666666667        1.66666666666667     
   2.00000000000000       0.333333333333333        1.66666666666667     
           1
         947          10          11          26           8
   2.00000000000000       0.333333333333333        1.66666666666667     
   1.66666666666667       0.333333333333333        1.66666666666667     
   2.00000000000000       0.333333333333333        1.33333333333333     
   2.00000000000000       0.666666666666667        1.33333333333333     
           1
         948          10           9          11           8
   2.00000000000000       0.333333333333333        1.66666666666667     
   1.66666666666667       0.666666666666667        1.66666666666667     
   1.66666666666667       0.333333333333333        1.66666666666667     
   2.00000000000000       0.666666666666667        1.33333333333333     
           1
         949           2           9           3          11
   2.00000000000000       0.666666666666667        1.66666666666667     
   1.66666666666667       0.666666666666667        1.66666666666667     
   1.66666666666667       0.666666666666667        2.00000000000000     
   1.66666666666667       0.333333333333333        1.66666666666667     
           1
         950          12          11          10           2
   1.66666666666667       0.333333333333333        2.00000000000000     
   1.66666666666667       0.333333333333333        1.66666666666667     
   2.00000000000000       0.333333333333333        1.66666666666667     
   2.00000000000000       0.666666666666667        1.66666666666667     
           1
         951           3          11          12           2
   1.66666666666667       0.666666666666667        2.00000000000000     
   1.66666666666667       0.333333333333333        1.66666666666667     
   1.66666666666667       0.333333333333333        2.00000000000000     
   2.00000000000000       0.666666666666667        1.66666666666667     
           1
         952           1           2           3           4
   2.00000000000000       0.666666666666667        2.00000000000000     
   2.00000000000000       0.666666666666667        1.66666666666667     
   1.66666666666667       0.666666666666667        2.00000000000000     
   2.00000000000000       0.333333333333333        2.00000000000000     
           1
         953           4          12          10           2
   2.00000000000000       0.333333333333333        2.00000000000000     
   1.66666666666667       0.333333333333333        2.00000000000000     
   2.00000000000000       0.333333333333333        1.66666666666667     
   2.00000000000000       0.666666666666667        1.66666666666667     
           1
         954           4           3          12           2
   2.00000000000000       0.333333333333333        2.00000000000000     
   1.66666666666667       0.666666666666667        2.00000000000000     
   1.66666666666667       0.333333333333333        2.00000000000000     
   2.00000000000000       0.666666666666667        1.66666666666667     
           1
         955          28          60          29          57
   2.00000000000000        1.00000000000000        1.00000000000000     
   1.66666666666667        1.00000000000000        1.00000000000000     
   1.66666666666667        1.00000000000000        1.33333333333333     
   1.66666666666667       0.666666666666667        1.00000000000000     
           1
         956          25          57          24          28
   1.66666666666667       0.666666666666667        1.33333333333333     
   1.66666666666667       0.666666666666667        1.00000000000000     
   2.00000000000000       0.666666666666667        1.00000000000000     
   2.00000000000000        1.00000000000000        1.00000000000000     
           1
         957          29          57          25          28
   1.66666666666667        1.00000000000000        1.33333333333333     
   1.66666666666667       0.666666666666667        1.00000000000000     
   1.66666666666667       0.666666666666667        1.33333333333333     
   2.00000000000000        1.00000000000000        1.00000000000000     
           1
         958          13          28          29           8
   2.00000000000000        1.00000000000000        1.33333333333333     
   2.00000000000000        1.00000000000000        1.00000000000000     
   1.66666666666667        1.00000000000000        1.33333333333333     
   2.00000000000000       0.666666666666667        1.33333333333333     
           1
         959           8          25          24          28
   2.00000000000000       0.666666666666667        1.33333333333333     
   1.66666666666667       0.666666666666667        1.33333333333333     
   2.00000000000000       0.666666666666667        1.00000000000000     
   2.00000000000000        1.00000000000000        1.00000000000000     
           1
         960           8          29          25          28
   2.00000000000000       0.666666666666667        1.33333333333333     
   1.66666666666667        1.00000000000000        1.33333333333333     
   1.66666666666667       0.666666666666667        1.33333333333333     
   2.00000000000000        1.00000000000000        1.00000000000000     
           1
         961          13          29          14          25
   2.00000000000000        1.00000000000000        1.33333333333333     
   1.66666666666667        1.00000000000000        1.33333333333333     
   1.66666666666667        1.00000000000000        1.66666666666667     
   1.66666666666667       0.666666666666667        1.33333333333333     
           1
         962           9          25           8          13
   1.66666666666667       0.666666666666667        1.66666666666667     
   1.66666666666667       0.666666666666667        1.33333333333333     
   2.00000000000000       0.666666666666667        1.33333333333333     
   2.00000000000000        1.00000000000000        1.33333333333333     
           1
         963          14          25           9          13
   1.66666666666667        1.00000000000000        1.66666666666667     
   1.66666666666667       0.666666666666667        1.33333333333333     
   1.66666666666667       0.666666666666667        1.66666666666667     
   2.00000000000000        1.00000000000000        1.33333333333333     
           1
         964           6          13          14           2
   2.00000000000000        1.00000000000000        1.66666666666667     
   2.00000000000000        1.00000000000000        1.33333333333333     
   1.66666666666667        1.00000000000000        1.66666666666667     
   2.00000000000000       0.666666666666667        1.66666666666667     
           1
         965           2           9           8          13
   2.00000000000000       0.666666666666667        1.66666666666667     
   1.66666666666667       0.666666666666667        1.66666666666667     
   2.00000000000000       0.666666666666667        1.33333333333333     
   2.00000000000000        1.00000000000000        1.33333333333333     
           1
         966           2          14           9          13
   2.00000000000000       0.666666666666667        1.66666666666667     
   1.66666666666667        1.00000000000000        1.66666666666667     
   1.66666666666667       0.666666666666667        1.66666666666667     
   2.00000000000000        1.00000000000000        1.33333333333333     
           1
         967           6          14           7           9
   2.00000000000000        1.00000000000000        1.66666666666667     
   1.66666666666667        1.00000000000000        1.66666666666667     
   1.66666666666667        1.00000000000000        2.00000000000000     
   1.66666666666667       0.666666666666667        1.66666666666667     
           1
         968           3           9           2           6
   1.66666666666667       0.666666666666667        2.00000000000000     
   1.66666666666667       0.666666666666667        1.66666666666667     
   2.00000000000000       0.666666666666667        1.66666666666667     
   2.00000000000000        1.00000000000000        1.66666666666667     
           1
         969           7           9           3           6
   1.66666666666667        1.00000000000000        2.00000000000000     
   1.66666666666667       0.666666666666667        1.66666666666667     
   1.66666666666667       0.666666666666667        2.00000000000000     
   2.00000000000000        1.00000000000000        1.66666666666667     
           1
         970           5           6           7           1
   2.00000000000000        1.00000000000000        2.00000000000000     
   2.00000000000000        1.00000000000000        1.66666666666667     
   1.66666666666667        1.00000000000000        2.00000000000000     
   2.00000000000000       0.666666666666667        2.00000000000000     
           1
         971           1           3           2           6
   2.00000000000000       0.666666666666667        2.00000000000000     
   1.66666666666667       0.666666666666667        2.00000000000000     
   2.00000000000000       0.666666666666667        1.66666666666667     
   2.00000000000000        1.00000000000000        1.66666666666667     
           1
         972           1           7           3           6
   2.00000000000000       0.666666666666667        2.00000000000000     
   1.66666666666667        1.00000000000000        2.00000000000000     
   1.66666666666667       0.666666666666667        2.00000000000000     
   2.00000000000000        1.00000000000000        1.66666666666667     
           1
         973         113         161         120         159
   1.33333333333333        1.33333333333333        1.00000000000000     
   1.00000000000000        1.33333333333333        1.00000000000000     
   1.00000000000000        1.33333333333333        1.33333333333333     
   1.00000000000000        1.00000000000000        1.00000000000000     
           1
         974         118         159         109         113
   1.00000000000000        1.00000000000000        1.33333333333333     
   1.00000000000000        1.00000000000000        1.00000000000000     
   1.33333333333333        1.00000000000000        1.00000000000000     
   1.33333333333333        1.33333333333333        1.00000000000000     
           1
         975         120         159         118         113
   1.00000000000000        1.33333333333333        1.33333333333333     
   1.00000000000000        1.00000000000000        1.00000000000000     
   1.00000000000000        1.00000000000000        1.33333333333333     
   1.33333333333333        1.33333333333333        1.00000000000000     
           1
         976          70         113         120          64
   1.33333333333333        1.33333333333333        1.33333333333333     
   1.33333333333333        1.33333333333333        1.00000000000000     
   1.00000000000000        1.33333333333333        1.33333333333333     
   1.33333333333333        1.00000000000000        1.33333333333333     
           1
         977          64         118         109         113
   1.33333333333333        1.00000000000000        1.33333333333333     
   1.00000000000000        1.00000000000000        1.33333333333333     
   1.33333333333333        1.00000000000000        1.00000000000000     
   1.33333333333333        1.33333333333333        1.00000000000000     
           1
         978          64         120         118         113
   1.33333333333333        1.00000000000000        1.33333333333333     
   1.00000000000000        1.33333333333333        1.33333333333333     
   1.00000000000000        1.00000000000000        1.33333333333333     
   1.33333333333333        1.33333333333333        1.00000000000000     
           1
         979          70         120          77         118
   1.33333333333333        1.33333333333333        1.33333333333333     
   1.00000000000000        1.33333333333333        1.33333333333333     
   1.00000000000000        1.33333333333333        1.66666666666667     
   1.00000000000000        1.00000000000000        1.33333333333333     
           1
         980          74         118          64          70
   1.00000000000000        1.00000000000000        1.66666666666667     
   1.00000000000000        1.00000000000000        1.33333333333333     
   1.33333333333333        1.00000000000000        1.33333333333333     
   1.33333333333333        1.33333333333333        1.33333333333333     
           1
         981          77         118          74          70
   1.00000000000000        1.33333333333333        1.66666666666667     
   1.00000000000000        1.00000000000000        1.33333333333333     
   1.00000000000000        1.00000000000000        1.66666666666667     
   1.33333333333333        1.33333333333333        1.33333333333333     
           1
         982          42          70          77          33
   1.33333333333333        1.33333333333333        1.66666666666667     
   1.33333333333333        1.33333333333333        1.33333333333333     
   1.00000000000000        1.33333333333333        1.66666666666667     
   1.33333333333333        1.00000000000000        1.66666666666667     
           1
         983          33          74          64          70
   1.33333333333333        1.00000000000000        1.66666666666667     
   1.00000000000000        1.00000000000000        1.66666666666667     
   1.33333333333333        1.00000000000000        1.33333333333333     
   1.33333333333333        1.33333333333333        1.33333333333333     
           1
         984          33          77          74          70
   1.33333333333333        1.00000000000000        1.66666666666667     
   1.00000000000000        1.33333333333333        1.66666666666667     
   1.00000000000000        1.00000000000000        1.66666666666667     
   1.33333333333333        1.33333333333333        1.33333333333333     
           1
         985          42          77          45          74
   1.33333333333333        1.33333333333333        1.66666666666667     
   1.00000000000000        1.33333333333333        1.66666666666667     
   1.00000000000000        1.33333333333333        2.00000000000000     
   1.00000000000000        1.00000000000000        1.66666666666667     
           1
         986          44          74          33          42
   1.00000000000000        1.00000000000000        2.00000000000000     
   1.00000000000000        1.00000000000000        1.66666666666667     
   1.33333333333333        1.00000000000000        1.66666666666667     
   1.33333333333333        1.33333333333333        1.66666666666667     
           1
         987          45          74          44          42
   1.00000000000000        1.33333333333333        2.00000000000000     
   1.00000000000000        1.00000000000000        1.66666666666667     
   1.00000000000000        1.00000000000000        2.00000000000000     
   1.33333333333333        1.33333333333333        1.66666666666667     
           1
         988          23          42          45          16
   1.33333333333333        1.33333333333333        2.00000000000000     
   1.33333333333333        1.33333333333333        1.66666666666667     
   1.00000000000000        1.33333333333333        2.00000000000000     
   1.33333333333333        1.00000000000000        2.00000000000000     
           1
         989          16          44          33          42
   1.33333333333333        1.00000000000000        2.00000000000000     
   1.00000000000000        1.00000000000000        2.00000000000000     
   1.33333333333333        1.00000000000000        1.66666666666667     
   1.33333333333333        1.33333333333333        1.66666666666667     
           1
         990          16          45          44          42
   1.33333333333333        1.00000000000000        2.00000000000000     
   1.00000000000000        1.33333333333333        2.00000000000000     
   1.00000000000000        1.00000000000000        2.00000000000000     
   1.33333333333333        1.33333333333333        1.66666666666667     
           1
         991         124         166         125         161
   1.33333333333333        1.66666666666667        1.00000000000000     
   1.00000000000000        1.66666666666667        1.00000000000000     
   1.00000000000000        1.66666666666667        1.33333333333333     
   1.00000000000000        1.33333333333333        1.00000000000000     
           1
         992         120         161         113         124
   1.00000000000000        1.33333333333333        1.33333333333333     
   1.00000000000000        1.33333333333333        1.00000000000000     
   1.33333333333333        1.33333333333333        1.00000000000000     
   1.33333333333333        1.66666666666667        1.00000000000000     
           1
         993         125         161         120         124
   1.00000000000000        1.66666666666667        1.33333333333333     
   1.00000000000000        1.33333333333333        1.00000000000000     
   1.00000000000000        1.33333333333333        1.33333333333333     
   1.33333333333333        1.66666666666667        1.00000000000000     
           1
         994          81         124         125          70
   1.33333333333333        1.66666666666667        1.33333333333333     
   1.33333333333333        1.66666666666667        1.00000000000000     
   1.00000000000000        1.66666666666667        1.33333333333333     
   1.33333333333333        1.33333333333333        1.33333333333333     
           1
         995          70         120         113         124
   1.33333333333333        1.33333333333333        1.33333333333333     
   1.00000000000000        1.33333333333333        1.33333333333333     
   1.33333333333333        1.33333333333333        1.00000000000000     
   1.33333333333333        1.66666666666667        1.00000000000000     
           1
         996          70         125         120         124
   1.33333333333333        1.33333333333333        1.33333333333333     
   1.00000000000000        1.66666666666667        1.33333333333333     
   1.00000000000000        1.33333333333333        1.33333333333333     
   1.33333333333333        1.66666666666667        1.00000000000000     
           1
         997          81         125          82         120
   1.33333333333333        1.66666666666667        1.33333333333333     
   1.00000000000000        1.66666666666667        1.33333333333333     
   1.00000000000000        1.66666666666667        1.66666666666667     
   1.00000000000000        1.33333333333333        1.33333333333333     
           1
         998          77         120          70          81
   1.00000000000000        1.33333333333333        1.66666666666667     
   1.00000000000000        1.33333333333333        1.33333333333333     
   1.33333333333333        1.33333333333333        1.33333333333333     
   1.33333333333333        1.66666666666667        1.33333333333333     
           1
         999          82         120          77          81
   1.00000000000000        1.66666666666667        1.66666666666667     
   1.00000000000000        1.33333333333333        1.33333333333333     
   1.00000000000000        1.33333333333333        1.66666666666667     
   1.33333333333333        1.66666666666667        1.33333333333333     
           1
        1000          54          81          82          42
   1.33333333333333        1.66666666666667        1.66666666666667     
   1.33333333333333        1.66666666666667        1.33333333333333     
   1.00000000000000        1.66666666666667        1.66666666666667     
   1.33333333333333        1.33333333333333        1.66666666666667     
           1
        1001          42          77          70          81
   1.33333333333333        1.33333333333333        1.66666666666667     
   1.00000000000000        1.33333333333333        1.66666666666667     
   1.33333333333333        1.33333333333333        1.33333333333333     
   1.33333333333333        1.66666666666667        1.33333333333333     
           1
        1002          42          82          77          81
   1.33333333333333        1.33333333333333        1.66666666666667     
   1.00000000000000        1.66666666666667        1.66666666666667     
   1.00000000000000        1.33333333333333        1.66666666666667     
   1.33333333333333        1.66666666666667        1.33333333333333     
           1
        1003          54          82          55          77
   1.33333333333333        1.66666666666667        1.66666666666667     
   1.00000000000000        1.66666666666667        1.66666666666667     
   1.00000000000000        1.66666666666667        2.00000000000000     
   1.00000000000000        1.33333333333333        1.66666666666667     
           1
        1004          45          77          42          54
   1.00000000000000        1.33333333333333        2.00000000000000     
   1.00000000000000        1.33333333333333        1.66666666666667     
   1.33333333333333        1.33333333333333        1.66666666666667     
   1.33333333333333        1.66666666666667        1.66666666666667     
           1
        1005          55          77          45          54
   1.00000000000000        1.66666666666667        2.00000000000000     
   1.00000000000000        1.33333333333333        1.66666666666667     
   1.00000000000000        1.33333333333333        2.00000000000000     
   1.33333333333333        1.66666666666667        1.66666666666667     
           1
        1006          51          54          55          23
   1.33333333333333        1.66666666666667        2.00000000000000     
   1.33333333333333        1.66666666666667        1.66666666666667     
   1.00000000000000        1.66666666666667        2.00000000000000     
   1.33333333333333        1.33333333333333        2.00000000000000     
           1
        1007          23          45          42          54
   1.33333333333333        1.33333333333333        2.00000000000000     
   1.00000000000000        1.33333333333333        2.00000000000000     
   1.33333333333333        1.33333333333333        1.66666666666667     
   1.33333333333333        1.66666666666667        1.66666666666667     
           1
        1008          23          55          45          54
   1.33333333333333        1.33333333333333        2.00000000000000     
   1.00000000000000        1.66666666666667        2.00000000000000     
   1.00000000000000        1.33333333333333        2.00000000000000     
   1.33333333333333        1.66666666666667        1.66666666666667     
           1
        1009         136         177         137         166
   1.33333333333333        2.00000000000000        1.00000000000000     
   1.00000000000000        2.00000000000000        1.00000000000000     
   1.00000000000000        2.00000000000000        1.33333333333333     
   1.00000000000000        1.66666666666667        1.00000000000000     
           1
        1010         125         166         124         136
   1.00000000000000        1.66666666666667        1.33333333333333     
   1.00000000000000        1.66666666666667        1.00000000000000     
   1.33333333333333        1.66666666666667        1.00000000000000     
   1.33333333333333        2.00000000000000        1.00000000000000     
           1
        1011         137         166         125         136
   1.00000000000000        2.00000000000000        1.33333333333333     
   1.00000000000000        1.66666666666667        1.00000000000000     
   1.00000000000000        1.66666666666667        1.33333333333333     
   1.33333333333333        2.00000000000000        1.00000000000000     
           1
        1012          99         136         137          81
   1.33333333333333        2.00000000000000        1.33333333333333     
   1.33333333333333        2.00000000000000        1.00000000000000     
   1.00000000000000        2.00000000000000        1.33333333333333     
   1.33333333333333        1.66666666666667        1.33333333333333     
           1
        1013          81         125         124         136
   1.33333333333333        1.66666666666667        1.33333333333333     
   1.00000000000000        1.66666666666667        1.33333333333333     
   1.33333333333333        1.66666666666667        1.00000000000000     
   1.33333333333333        2.00000000000000        1.00000000000000     
           1
        1014          81         137         125         136
   1.33333333333333        1.66666666666667        1.33333333333333     
   1.00000000000000        2.00000000000000        1.33333333333333     
   1.00000000000000        1.66666666666667        1.33333333333333     
   1.33333333333333        2.00000000000000        1.00000000000000     
           1
        1015          99         137         100         125
   1.33333333333333        2.00000000000000        1.33333333333333     
   1.00000000000000        2.00000000000000        1.33333333333333     
   1.00000000000000        2.00000000000000        1.66666666666667     
   1.00000000000000        1.66666666666667        1.33333333333333     
           1
        1016          82         125          81          99
   1.00000000000000        1.66666666666667        1.66666666666667     
   1.00000000000000        1.66666666666667        1.33333333333333     
   1.33333333333333        1.66666666666667        1.33333333333333     
   1.33333333333333        2.00000000000000        1.33333333333333     
           1
        1017         100         125          82          99
   1.00000000000000        2.00000000000000        1.66666666666667     
   1.00000000000000        1.66666666666667        1.33333333333333     
   1.00000000000000        1.66666666666667        1.66666666666667     
   1.33333333333333        2.00000000000000        1.33333333333333     
           1
        1018          95          99         100          54
   1.33333333333333        2.00000000000000        1.66666666666667     
   1.33333333333333        2.00000000000000        1.33333333333333     
   1.00000000000000        2.00000000000000        1.66666666666667     
   1.33333333333333        1.66666666666667        1.66666666666667     
           1
        1019          54          82          81          99
   1.33333333333333        1.66666666666667        1.66666666666667     
   1.00000000000000        1.66666666666667        1.66666666666667     
   1.33333333333333        1.66666666666667        1.33333333333333     
   1.33333333333333        2.00000000000000        1.33333333333333     
           1
        1020          54         100          82          99
   1.33333333333333        1.66666666666667        1.66666666666667     
   1.00000000000000        2.00000000000000        1.66666666666667     
   1.00000000000000        1.66666666666667        1.66666666666667     
   1.33333333333333        2.00000000000000        1.33333333333333     
           1
        1021          95         100          96          82
   1.33333333333333        2.00000000000000        1.66666666666667     
   1.00000000000000        2.00000000000000        1.66666666666667     
   1.00000000000000        2.00000000000000        2.00000000000000     
   1.00000000000000        1.66666666666667        1.66666666666667     
           1
        1022          55          82          54          95
   1.00000000000000        1.66666666666667        2.00000000000000     
   1.00000000000000        1.66666666666667        1.66666666666667     
   1.33333333333333        1.66666666666667        1.66666666666667     
   1.33333333333333        2.00000000000000        1.66666666666667     
           1
        1023          96          82          55          95
   1.00000000000000        2.00000000000000        2.00000000000000     
   1.00000000000000        1.66666666666667        1.66666666666667     
   1.00000000000000        1.66666666666667        2.00000000000000     
   1.33333333333333        2.00000000000000        1.66666666666667     
           1
        1024          92          95          96          51
   1.33333333333333        2.00000000000000        2.00000000000000     
   1.33333333333333        2.00000000000000        1.66666666666667     
   1.00000000000000        2.00000000000000        2.00000000000000     
   1.33333333333333        1.66666666666667        2.00000000000000     
           1
        1025          51          55          54          95
   1.33333333333333        1.66666666666667        2.00000000000000     
   1.00000000000000        1.66666666666667        2.00000000000000     
   1.33333333333333        1.66666666666667        1.66666666666667     
   1.33333333333333        2.00000000000000        1.66666666666667     
           1
        1026          51          96          55          95
   1.33333333333333        1.66666666666667        2.00000000000000     
   1.00000000000000        2.00000000000000        2.00000000000000     
   1.00000000000000        1.66666666666667        2.00000000000000     
   1.33333333333333        2.00000000000000        1.66666666666667     
           1
        1027          69         113          70         109
   1.66666666666667        1.33333333333333        1.00000000000000     
   1.33333333333333        1.33333333333333        1.00000000000000     
   1.33333333333333        1.33333333333333        1.33333333333333     
   1.33333333333333        1.00000000000000        1.00000000000000     
           1
        1028          64         109          60          69
   1.33333333333333        1.00000000000000        1.33333333333333     
   1.33333333333333        1.00000000000000        1.00000000000000     
   1.66666666666667        1.00000000000000        1.00000000000000     
   1.66666666666667        1.33333333333333        1.00000000000000     
           1
        1029          70         109          64          69
   1.33333333333333        1.33333333333333        1.33333333333333     
   1.33333333333333        1.00000000000000        1.00000000000000     
   1.33333333333333        1.00000000000000        1.33333333333333     
   1.66666666666667        1.33333333333333        1.00000000000000     
           1
        1030          41          69          70          29
   1.66666666666667        1.33333333333333        1.33333333333333     
   1.66666666666667        1.33333333333333        1.00000000000000     
   1.33333333333333        1.33333333333333        1.33333333333333     
   1.66666666666667        1.00000000000000        1.33333333333333     
           1
        1031          29          64          60          69
   1.66666666666667        1.00000000000000        1.33333333333333     
   1.33333333333333        1.00000000000000        1.33333333333333     
   1.66666666666667        1.00000000000000        1.00000000000000     
   1.66666666666667        1.33333333333333        1.00000000000000     
           1
        1032          29          70          64          69
   1.66666666666667        1.00000000000000        1.33333333333333     
   1.33333333333333        1.33333333333333        1.33333333333333     
   1.33333333333333        1.00000000000000        1.33333333333333     
   1.66666666666667        1.33333333333333        1.00000000000000     
           1
        1033          41          70          42          64
   1.66666666666667        1.33333333333333        1.33333333333333     
   1.33333333333333        1.33333333333333        1.33333333333333     
   1.33333333333333        1.33333333333333        1.66666666666667     
   1.33333333333333        1.00000000000000        1.33333333333333     
           1
        1034          33          64          29          41
   1.33333333333333        1.00000000000000        1.66666666666667     
   1.33333333333333        1.00000000000000        1.33333333333333     
   1.66666666666667        1.00000000000000        1.33333333333333     
   1.66666666666667        1.33333333333333        1.33333333333333     
           1
        1035          42          64          33          41
   1.33333333333333        1.33333333333333        1.66666666666667     
   1.33333333333333        1.00000000000000        1.33333333333333     
   1.33333333333333        1.00000000000000        1.66666666666667     
   1.66666666666667        1.33333333333333        1.33333333333333     
           1
        1036          22          41          42          14
   1.66666666666667        1.33333333333333        1.66666666666667     
   1.66666666666667        1.33333333333333        1.33333333333333     
   1.33333333333333        1.33333333333333        1.66666666666667     
   1.66666666666667        1.00000000000000        1.66666666666667     
           1
        1037          14          33          29          41
   1.66666666666667        1.00000000000000        1.66666666666667     
   1.33333333333333        1.00000000000000        1.66666666666667     
   1.66666666666667        1.00000000000000        1.33333333333333     
   1.66666666666667        1.33333333333333        1.33333333333333     
           1
        1038          14          42          33          41
   1.66666666666667        1.00000000000000        1.66666666666667     
   1.33333333333333        1.33333333333333        1.66666666666667     
   1.33333333333333        1.00000000000000        1.66666666666667     
   1.66666666666667        1.33333333333333        1.33333333333333     
           1
        1039          22          42          23          33
   1.66666666666667        1.33333333333333        1.66666666666667     
   1.33333333333333        1.33333333333333        1.66666666666667     
   1.33333333333333        1.33333333333333        2.00000000000000     
   1.33333333333333        1.00000000000000        1.66666666666667     
           1
        1040          16          33          14          22
   1.33333333333333        1.00000000000000        2.00000000000000     
   1.33333333333333        1.00000000000000        1.66666666666667     
   1.66666666666667        1.00000000000000        1.66666666666667     
   1.66666666666667        1.33333333333333        1.66666666666667     
           1
        1041          23          33          16          22
   1.33333333333333        1.33333333333333        2.00000000000000     
   1.33333333333333        1.00000000000000        1.66666666666667     
   1.33333333333333        1.00000000000000        2.00000000000000     
   1.66666666666667        1.33333333333333        1.66666666666667     
           1
        1042          20          22          23           7
   1.66666666666667        1.33333333333333        2.00000000000000     
   1.66666666666667        1.33333333333333        1.66666666666667     
   1.33333333333333        1.33333333333333        2.00000000000000     
   1.66666666666667        1.00000000000000        2.00000000000000     
           1
        1043           7          16          14          22
   1.66666666666667        1.00000000000000        2.00000000000000     
   1.33333333333333        1.00000000000000        2.00000000000000     
   1.66666666666667        1.00000000000000        1.66666666666667     
   1.66666666666667        1.33333333333333        1.66666666666667     
           1
        1044           7          23          16          22
   1.66666666666667        1.00000000000000        2.00000000000000     
   1.33333333333333        1.33333333333333        2.00000000000000     
   1.33333333333333        1.00000000000000        2.00000000000000     
   1.66666666666667        1.33333333333333        1.66666666666667     
           1
        1045          80         124          81         113
   1.66666666666667        1.66666666666667        1.00000000000000     
   1.33333333333333        1.66666666666667        1.00000000000000     
   1.33333333333333        1.66666666666667        1.33333333333333     
   1.33333333333333        1.33333333333333        1.00000000000000     
           1
        1046          70         113          69          80
   1.33333333333333        1.33333333333333        1.33333333333333     
   1.33333333333333        1.33333333333333        1.00000000000000     
   1.66666666666667        1.33333333333333        1.00000000000000     
   1.66666666666667        1.66666666666667        1.00000000000000     
           1
        1047          81         113          70          80
   1.33333333333333        1.66666666666667        1.33333333333333     
   1.33333333333333        1.33333333333333        1.00000000000000     
   1.33333333333333        1.33333333333333        1.33333333333333     
   1.66666666666667        1.66666666666667        1.00000000000000     
           1
        1048          53          80          81          41
   1.66666666666667        1.66666666666667        1.33333333333333     
   1.66666666666667        1.66666666666667        1.00000000000000     
   1.33333333333333        1.66666666666667        1.33333333333333     
   1.66666666666667        1.33333333333333        1.33333333333333     
           1
        1049          41          70          69          80
   1.66666666666667        1.33333333333333        1.33333333333333     
   1.33333333333333        1.33333333333333        1.33333333333333     
   1.66666666666667        1.33333333333333        1.00000000000000     
   1.66666666666667        1.66666666666667        1.00000000000000     
           1
        1050          41          81          70          80
   1.66666666666667        1.33333333333333        1.33333333333333     
   1.33333333333333        1.66666666666667        1.33333333333333     
   1.33333333333333        1.33333333333333        1.33333333333333     
   1.66666666666667        1.66666666666667        1.00000000000000     
           1
        1051          53          81          54          70
   1.66666666666667        1.66666666666667        1.33333333333333     
   1.33333333333333        1.66666666666667        1.33333333333333     
   1.33333333333333        1.66666666666667        1.66666666666667     
   1.33333333333333        1.33333333333333        1.33333333333333     
           1
        1052          42          70          41          53
   1.33333333333333        1.33333333333333        1.66666666666667     
   1.33333333333333        1.33333333333333        1.33333333333333     
   1.66666666666667        1.33333333333333        1.33333333333333     
   1.66666666666667        1.66666666666667        1.33333333333333     
           1
        1053          54          70          42          53
   1.33333333333333        1.66666666666667        1.66666666666667     
   1.33333333333333        1.33333333333333        1.33333333333333     
   1.33333333333333        1.33333333333333        1.66666666666667     
   1.66666666666667        1.66666666666667        1.33333333333333     
           1
        1054          50          53          54          22
   1.66666666666667        1.66666666666667        1.66666666666667     
   1.66666666666667        1.66666666666667        1.33333333333333     
   1.33333333333333        1.66666666666667        1.66666666666667     
   1.66666666666667        1.33333333333333        1.66666666666667     
           1
        1055          22          42          41          53
   1.66666666666667        1.33333333333333        1.66666666666667     
   1.33333333333333        1.33333333333333        1.66666666666667     
   1.66666666666667        1.33333333333333        1.33333333333333     
   1.66666666666667        1.66666666666667        1.33333333333333     
           1
        1056          22          54          42          53
   1.66666666666667        1.33333333333333        1.66666666666667     
   1.33333333333333        1.66666666666667        1.66666666666667     
   1.33333333333333        1.33333333333333        1.66666666666667     
   1.66666666666667        1.66666666666667        1.33333333333333     
           1
        1057          50          54          51          42
   1.66666666666667        1.66666666666667        1.66666666666667     
   1.33333333333333        1.66666666666667        1.66666666666667     
   1.33333333333333        1.66666666666667        2.00000000000000     
   1.33333333333333        1.33333333333333        1.66666666666667     
           1
        1058          23          42          22          50
   1.33333333333333        1.33333333333333        2.00000000000000     
   1.33333333333333        1.33333333333333        1.66666666666667     
   1.66666666666667        1.33333333333333        1.66666666666667     
   1.66666666666667        1.66666666666667        1.66666666666667     
           1
        1059          51          42          23          50
   1.33333333333333        1.66666666666667        2.00000000000000     
   1.33333333333333        1.33333333333333        1.66666666666667     
   1.33333333333333        1.33333333333333        2.00000000000000     
   1.66666666666667        1.66666666666667        1.66666666666667     
           1
        1060          48          50          51          20
   1.66666666666667        1.66666666666667        2.00000000000000     
   1.66666666666667        1.66666666666667        1.66666666666667     
   1.33333333333333        1.66666666666667        2.00000000000000     
   1.66666666666667        1.33333333333333        2.00000000000000     
           1
        1061          20          23          22          50
   1.66666666666667        1.33333333333333        2.00000000000000     
   1.33333333333333        1.33333333333333        2.00000000000000     
   1.66666666666667        1.33333333333333        1.66666666666667     
   1.66666666666667        1.66666666666667        1.66666666666667     
           1
        1062          20          51          23          50
   1.66666666666667        1.33333333333333        2.00000000000000     
   1.33333333333333        1.66666666666667        2.00000000000000     
   1.33333333333333        1.33333333333333        2.00000000000000     
   1.66666666666667        1.66666666666667        1.66666666666667     
           1
        1063          98         136          99         124
   1.66666666666667        2.00000000000000        1.00000000000000     
   1.33333333333333        2.00000000000000        1.00000000000000     
   1.33333333333333        2.00000000000000        1.33333333333333     
   1.33333333333333        1.66666666666667        1.00000000000000     
           1
        1064          81         124          80          98
   1.33333333333333        1.66666666666667        1.33333333333333     
   1.33333333333333        1.66666666666667        1.00000000000000     
   1.66666666666667        1.66666666666667        1.00000000000000     
   1.66666666666667        2.00000000000000        1.00000000000000     
           1
        1065          99         124          81          98
   1.33333333333333        2.00000000000000        1.33333333333333     
   1.33333333333333        1.66666666666667        1.00000000000000     
   1.33333333333333        1.66666666666667        1.33333333333333     
   1.66666666666667        2.00000000000000        1.00000000000000     
           1
        1066          94          98          99          53
   1.66666666666667        2.00000000000000        1.33333333333333     
   1.66666666666667        2.00000000000000        1.00000000000000     
   1.33333333333333        2.00000000000000        1.33333333333333     
   1.66666666666667        1.66666666666667        1.33333333333333     
           1
        1067          53          81          80          98
   1.66666666666667        1.66666666666667        1.33333333333333     
   1.33333333333333        1.66666666666667        1.33333333333333     
   1.66666666666667        1.66666666666667        1.00000000000000     
   1.66666666666667        2.00000000000000        1.00000000000000     
           1
        1068          53          99          81          98
   1.66666666666667        1.66666666666667        1.33333333333333     
   1.33333333333333        2.00000000000000        1.33333333333333     
   1.33333333333333        1.66666666666667        1.33333333333333     
   1.66666666666667        2.00000000000000        1.00000000000000     
           1
        1069          94          99          95          81
   1.66666666666667        2.00000000000000        1.33333333333333     
   1.33333333333333        2.00000000000000        1.33333333333333     
   1.33333333333333        2.00000000000000        1.66666666666667     
   1.33333333333333        1.66666666666667        1.33333333333333     
           1
        1070          54          81          53          94
   1.33333333333333        1.66666666666667        1.66666666666667     
   1.33333333333333        1.66666666666667        1.33333333333333     
   1.66666666666667        1.66666666666667        1.33333333333333     
   1.66666666666667        2.00000000000000        1.33333333333333     
           1
        1071          95          81          54          94
   1.33333333333333        2.00000000000000        1.66666666666667     
   1.33333333333333        1.66666666666667        1.33333333333333     
   1.33333333333333        1.66666666666667        1.66666666666667     
   1.66666666666667        2.00000000000000        1.33333333333333     
           1
        1072          91          94          95          50
   1.66666666666667        2.00000000000000        1.66666666666667     
   1.66666666666667        2.00000000000000        1.33333333333333     
   1.33333333333333        2.00000000000000        1.66666666666667     
   1.66666666666667        1.66666666666667        1.66666666666667     
           1
        1073          50          54          53          94
   1.66666666666667        1.66666666666667        1.66666666666667     
   1.33333333333333        1.66666666666667        1.66666666666667     
   1.66666666666667        1.66666666666667        1.33333333333333     
   1.66666666666667        2.00000000000000        1.33333333333333     
           1
        1074          50          95          54          94
   1.66666666666667        1.66666666666667        1.66666666666667     
   1.33333333333333        2.00000000000000        1.66666666666667     
   1.33333333333333        1.66666666666667        1.66666666666667     
   1.66666666666667        2.00000000000000        1.33333333333333     
           1
        1075          91          95          92          54
   1.66666666666667        2.00000000000000        1.66666666666667     
   1.33333333333333        2.00000000000000        1.66666666666667     
   1.33333333333333        2.00000000000000        2.00000000000000     
   1.33333333333333        1.66666666666667        1.66666666666667     
           1
        1076          51          54          50          91
   1.33333333333333        1.66666666666667        2.00000000000000     
   1.33333333333333        1.66666666666667        1.66666666666667     
   1.66666666666667        1.66666666666667        1.66666666666667     
   1.66666666666667        2.00000000000000        1.66666666666667     
           1
        1077          92          54          51          91
   1.33333333333333        2.00000000000000        2.00000000000000     
   1.33333333333333        1.66666666666667        1.66666666666667     
   1.33333333333333        1.66666666666667        2.00000000000000     
   1.66666666666667        2.00000000000000        1.66666666666667     
           1
        1078          89          91          92          48
   1.66666666666667        2.00000000000000        2.00000000000000     
   1.66666666666667        2.00000000000000        1.66666666666667     
   1.33333333333333        2.00000000000000        2.00000000000000     
   1.66666666666667        1.66666666666667        2.00000000000000     
           1
        1079          48          51          50          91
   1.66666666666667        1.66666666666667        2.00000000000000     
   1.33333333333333        1.66666666666667        2.00000000000000     
   1.66666666666667        1.66666666666667        1.66666666666667     
   1.66666666666667        2.00000000000000        1.66666666666667     
           1
        1080          48          92          51          91
   1.66666666666667        1.66666666666667        2.00000000000000     
   1.33333333333333        2.00000000000000        2.00000000000000     
   1.33333333333333        1.66666666666667        2.00000000000000     
   1.66666666666667        2.00000000000000        1.66666666666667     
           1
        1081          40          69          41          60
   2.00000000000000        1.33333333333333        1.00000000000000     
   1.66666666666667        1.33333333333333        1.00000000000000     
   1.66666666666667        1.33333333333333        1.33333333333333     
   1.66666666666667        1.00000000000000        1.00000000000000     
           1
        1082          29          60          28          40
   1.66666666666667        1.00000000000000        1.33333333333333     
   1.66666666666667        1.00000000000000        1.00000000000000     
   2.00000000000000        1.00000000000000        1.00000000000000     
   2.00000000000000        1.33333333333333        1.00000000000000     
           1
        1083          41          60          29          40
   1.66666666666667        1.33333333333333        1.33333333333333     
   1.66666666666667        1.00000000000000        1.00000000000000     
   1.66666666666667        1.00000000000000        1.33333333333333     
   2.00000000000000        1.33333333333333        1.00000000000000     
           1
        1084          21          40          41          13
   2.00000000000000        1.33333333333333        1.33333333333333     
   2.00000000000000        1.33333333333333        1.00000000000000     
   1.66666666666667        1.33333333333333        1.33333333333333     
   2.00000000000000        1.00000000000000        1.33333333333333     
           1
        1085          13          29          28          40
   2.00000000000000        1.00000000000000        1.33333333333333     
   1.66666666666667        1.00000000000000        1.33333333333333     
   2.00000000000000        1.00000000000000        1.00000000000000     
   2.00000000000000        1.33333333333333        1.00000000000000     
           1
        1086          13          41          29          40
   2.00000000000000        1.00000000000000        1.33333333333333     
   1.66666666666667        1.33333333333333        1.33333333333333     
   1.66666666666667        1.00000000000000        1.33333333333333     
   2.00000000000000        1.33333333333333        1.00000000000000     
           1
        1087          21          41          22          29
   2.00000000000000        1.33333333333333        1.33333333333333     
   1.66666666666667        1.33333333333333        1.33333333333333     
   1.66666666666667        1.33333333333333        1.66666666666667     
   1.66666666666667        1.00000000000000        1.33333333333333     
           1
        1088          14          29          13          21
   1.66666666666667        1.00000000000000        1.66666666666667     
   1.66666666666667        1.00000000000000        1.33333333333333     
   2.00000000000000        1.00000000000000        1.33333333333333     
   2.00000000000000        1.33333333333333        1.33333333333333     
           1
        1089          22          29          14          21
   1.66666666666667        1.33333333333333        1.66666666666667     
   1.66666666666667        1.00000000000000        1.33333333333333     
   1.66666666666667        1.00000000000000        1.66666666666667     
   2.00000000000000        1.33333333333333        1.33333333333333     
           1
        1090          19          21          22           6
   2.00000000000000        1.33333333333333        1.66666666666667     
   2.00000000000000        1.33333333333333        1.33333333333333     
   1.66666666666667        1.33333333333333        1.66666666666667     
   2.00000000000000        1.00000000000000        1.66666666666667     
           1
        1091           6          14          13          21
   2.00000000000000        1.00000000000000        1.66666666666667     
   1.66666666666667        1.00000000000000        1.66666666666667     
   2.00000000000000        1.00000000000000        1.33333333333333     
   2.00000000000000        1.33333333333333        1.33333333333333     
           1
        1092           6          22          14          21
   2.00000000000000        1.00000000000000        1.66666666666667     
   1.66666666666667        1.33333333333333        1.66666666666667     
   1.66666666666667        1.00000000000000        1.66666666666667     
   2.00000000000000        1.33333333333333        1.33333333333333     
           1
        1093          19          22          20          14
   2.00000000000000        1.33333333333333        1.66666666666667     
   1.66666666666667        1.33333333333333        1.66666666666667     
   1.66666666666667        1.33333333333333        2.00000000000000     
   1.66666666666667        1.00000000000000        1.66666666666667     
           1
        1094           7          14           6          19
   1.66666666666667        1.00000000000000        2.00000000000000     
   1.66666666666667        1.00000000000000        1.66666666666667     
   2.00000000000000        1.00000000000000        1.66666666666667     
   2.00000000000000        1.33333333333333        1.66666666666667     
           1
        1095          20          14           7          19
   1.66666666666667        1.33333333333333        2.00000000000000     
   1.66666666666667        1.00000000000000        1.66666666666667     
   1.66666666666667        1.00000000000000        2.00000000000000     
   2.00000000000000        1.33333333333333        1.66666666666667     
           1
        1096          18          19          20           5
   2.00000000000000        1.33333333333333        2.00000000000000     
   2.00000000000000        1.33333333333333        1.66666666666667     
   1.66666666666667        1.33333333333333        2.00000000000000     
   2.00000000000000        1.00000000000000        2.00000000000000     
           1
        1097           5           7           6          19
   2.00000000000000        1.00000000000000        2.00000000000000     
   1.66666666666667        1.00000000000000        2.00000000000000     
   2.00000000000000        1.00000000000000        1.66666666666667     
   2.00000000000000        1.33333333333333        1.66666666666667     
           1
        1098           5          20           7          19
   2.00000000000000        1.00000000000000        2.00000000000000     
   1.66666666666667        1.33333333333333        2.00000000000000     
   1.66666666666667        1.00000000000000        2.00000000000000     
   2.00000000000000        1.33333333333333        1.66666666666667     
           1
        1099          52          80          53          69
   2.00000000000000        1.66666666666667        1.00000000000000     
   1.66666666666667        1.66666666666667        1.00000000000000     
   1.66666666666667        1.66666666666667        1.33333333333333     
   1.66666666666667        1.33333333333333        1.00000000000000     
           1
        1100          41          69          40          52
   1.66666666666667        1.33333333333333        1.33333333333333     
   1.66666666666667        1.33333333333333        1.00000000000000     
   2.00000000000000        1.33333333333333        1.00000000000000     
   2.00000000000000        1.66666666666667        1.00000000000000     
           1
        1101          53          69          41          52
   1.66666666666667        1.66666666666667        1.33333333333333     
   1.66666666666667        1.33333333333333        1.00000000000000     
   1.66666666666667        1.33333333333333        1.33333333333333     
   2.00000000000000        1.66666666666667        1.00000000000000     
           1
        1102          49          52          53          21
   2.00000000000000        1.66666666666667        1.33333333333333     
   2.00000000000000        1.66666666666667        1.00000000000000     
   1.66666666666667        1.66666666666667        1.33333333333333     
   2.00000000000000        1.33333333333333        1.33333333333333     
           1
        1103          21          41          40          52
   2.00000000000000        1.33333333333333        1.33333333333333     
   1.66666666666667        1.33333333333333        1.33333333333333     
   2.00000000000000        1.33333333333333        1.00000000000000     
   2.00000000000000        1.66666666666667        1.00000000000000     
           1
        1104          21          53          41          52
   2.00000000000000        1.33333333333333        1.33333333333333     
   1.66666666666667        1.66666666666667        1.33333333333333     
   1.66666666666667        1.33333333333333        1.33333333333333     
   2.00000000000000        1.66666666666667        1.00000000000000     
           1
        1105          49          53          50          41
   2.00000000000000        1.66666666666667        1.33333333333333     
   1.66666666666667        1.66666666666667        1.33333333333333     
   1.66666666666667        1.66666666666667        1.66666666666667     
   1.66666666666667        1.33333333333333        1.33333333333333     
           1
        1106          22          41          21          49
   1.66666666666667        1.33333333333333        1.66666666666667     
   1.66666666666667        1.33333333333333        1.33333333333333     
   2.00000000000000        1.33333333333333        1.33333333333333     
   2.00000000000000        1.66666666666667        1.33333333333333     
           1
        1107          50          41          22          49
   1.66666666666667        1.66666666666667        1.66666666666667     
   1.66666666666667        1.33333333333333        1.33333333333333     
   1.66666666666667        1.33333333333333        1.66666666666667     
   2.00000000000000        1.66666666666667        1.33333333333333     
           1
        1108          47          49          50          19
   2.00000000000000        1.66666666666667        1.66666666666667     
   2.00000000000000        1.66666666666667        1.33333333333333     
   1.66666666666667        1.66666666666667        1.66666666666667     
   2.00000000000000        1.33333333333333        1.66666666666667     
           1
        1109          19          22          21          49
   2.00000000000000        1.33333333333333        1.66666666666667     
   1.66666666666667        1.33333333333333        1.66666666666667     
   2.00000000000000        1.33333333333333        1.33333333333333     
   2.00000000000000        1.66666666666667        1.33333333333333     
           1
        1110          19          50          22          49
   2.00000000000000        1.33333333333333        1.66666666666667     
   1.66666666666667        1.66666666666667        1.66666666666667     
   1.66666666666667        1.33333333333333        1.66666666666667     
   2.00000000000000        1.66666666666667        1.33333333333333     
           1
        1111          47          50          48          22
   2.00000000000000        1.66666666666667        1.66666666666667     
   1.66666666666667        1.66666666666667        1.66666666666667     
   1.66666666666667        1.66666666666667        2.00000000000000     
   1.66666666666667        1.33333333333333        1.66666666666667     
           1
        1112          20          22          19          47
   1.66666666666667        1.33333333333333        2.00000000000000     
   1.66666666666667        1.33333333333333        1.66666666666667     
   2.00000000000000        1.33333333333333        1.66666666666667     
   2.00000000000000        1.66666666666667        1.66666666666667     
           1
        1113          48          22          20          47
   1.66666666666667        1.66666666666667        2.00000000000000     
   1.66666666666667        1.33333333333333        1.66666666666667     
   1.66666666666667        1.33333333333333        2.00000000000000     
   2.00000000000000        1.66666666666667        1.66666666666667     
           1
        1114          46          47          48          18
   2.00000000000000        1.66666666666667        2.00000000000000     
   2.00000000000000        1.66666666666667        1.66666666666667     
   1.66666666666667        1.66666666666667        2.00000000000000     
   2.00000000000000        1.33333333333333        2.00000000000000     
           1
        1115          18          20          19          47
   2.00000000000000        1.33333333333333        2.00000000000000     
   1.66666666666667        1.33333333333333        2.00000000000000     
   2.00000000000000        1.33333333333333        1.66666666666667     
   2.00000000000000        1.66666666666667        1.66666666666667     
           1
        1116          18          48          20          47
   2.00000000000000        1.33333333333333        2.00000000000000     
   1.66666666666667        1.66666666666667        2.00000000000000     
   1.66666666666667        1.33333333333333        2.00000000000000     
   2.00000000000000        1.66666666666667        1.66666666666667     
           1
        1117          93          98          94          80
   2.00000000000000        2.00000000000000        1.00000000000000     
   1.66666666666667        2.00000000000000        1.00000000000000     
   1.66666666666667        2.00000000000000        1.33333333333333     
   1.66666666666667        1.66666666666667        1.00000000000000     
           1
        1118          53          80          52          93
   1.66666666666667        1.66666666666667        1.33333333333333     
   1.66666666666667        1.66666666666667        1.00000000000000     
   2.00000000000000        1.66666666666667        1.00000000000000     
   2.00000000000000        2.00000000000000        1.00000000000000     
           1
        1119          94          80          53          93
   1.66666666666667        2.00000000000000        1.33333333333333     
   1.66666666666667        1.66666666666667        1.00000000000000     
   1.66666666666667        1.66666666666667        1.33333333333333     
   2.00000000000000        2.00000000000000        1.00000000000000     
           1
        1120          90          93          94          49
   2.00000000000000        2.00000000000000        1.33333333333333     
   2.00000000000000        2.00000000000000        1.00000000000000     
   1.66666666666667        2.00000000000000        1.33333333333333     
   2.00000000000000        1.66666666666667        1.33333333333333     
           1
        1121          49          53          52          93
   2.00000000000000        1.66666666666667        1.33333333333333     
   1.66666666666667        1.66666666666667        1.33333333333333     
   2.00000000000000        1.66666666666667        1.00000000000000     
   2.00000000000000        2.00000000000000        1.00000000000000     
           1
        1122          49          94          53          93
   2.00000000000000        1.66666666666667        1.33333333333333     
   1.66666666666667        2.00000000000000        1.33333333333333     
   1.66666666666667        1.66666666666667        1.33333333333333     
   2.00000000000000        2.00000000000000        1.00000000000000     
           1
        1123          90          94          91          53
   2.00000000000000        2.00000000000000        1.33333333333333     
   1.66666666666667        2.00000000000000        1.33333333333333     
   1.66666666666667        2.00000000000000        1.66666666666667     
   1.66666666666667        1.66666666666667        1.33333333333333     
           1
        1124          50          53          49          90
   1.66666666666667        1.66666666666667        1.66666666666667     
   1.66666666666667        1.66666666666667        1.33333333333333     
   2.00000000000000        1.66666666666667        1.33333333333333     
   2.00000000000000        2.00000000000000        1.33333333333333     
           1
        1125          91          53          50          90
   1.66666666666667        2.00000000000000        1.66666666666667     
   1.66666666666667        1.66666666666667        1.33333333333333     
   1.66666666666667        1.66666666666667        1.66666666666667     
   2.00000000000000        2.00000000000000        1.33333333333333     
           1
        1126          88          90          91          47
   2.00000000000000        2.00000000000000        1.66666666666667     
   2.00000000000000        2.00000000000000        1.33333333333333     
   1.66666666666667        2.00000000000000        1.66666666666667     
   2.00000000000000        1.66666666666667        1.66666666666667     
           1
        1127          47          50          49          90
   2.00000000000000        1.66666666666667        1.66666666666667     
   1.66666666666667        1.66666666666667        1.66666666666667     
   2.00000000000000        1.66666666666667        1.33333333333333     
   2.00000000000000        2.00000000000000        1.33333333333333     
           1
        1128          47          91          50          90
   2.00000000000000        1.66666666666667        1.66666666666667     
   1.66666666666667        2.00000000000000        1.66666666666667     
   1.66666666666667        1.66666666666667        1.66666666666667     
   2.00000000000000        2.00000000000000        1.33333333333333     
           1
        1129          88          91          89          50
   2.00000000000000        2.00000000000000        1.66666666666667     
   1.66666666666667        2.00000000000000        1.66666666666667     
   1.66666666666667        2.00000000000000        2.00000000000000     
   1.66666666666667        1.66666666666667        1.66666666666667     
           1
        1130          48          50          47          88
   1.66666666666667        1.66666666666667        2.00000000000000     
   1.66666666666667        1.66666666666667        1.66666666666667     
   2.00000000000000        1.66666666666667        1.66666666666667     
   2.00000000000000        2.00000000000000        1.66666666666667     
           1
        1131          89          50          48          88
   1.66666666666667        2.00000000000000        2.00000000000000     
   1.66666666666667        1.66666666666667        1.66666666666667     
   1.66666666666667        1.66666666666667        2.00000000000000     
   2.00000000000000        2.00000000000000        1.66666666666667     
           1
        1132          87          88          89          46
   2.00000000000000        2.00000000000000        2.00000000000000     
   2.00000000000000        2.00000000000000        1.66666666666667     
   1.66666666666667        2.00000000000000        2.00000000000000     
   2.00000000000000        1.66666666666667        2.00000000000000     
           1
        1133          46          48          47          88
   2.00000000000000        1.66666666666667        2.00000000000000     
   1.66666666666667        1.66666666666667        2.00000000000000     
   2.00000000000000        1.66666666666667        1.66666666666667     
   2.00000000000000        2.00000000000000        1.66666666666667     
           1
        1134          46          89          48          88
   2.00000000000000        1.66666666666667        2.00000000000000     
   1.66666666666667        2.00000000000000        2.00000000000000     
   1.66666666666667        1.66666666666667        2.00000000000000     
   2.00000000000000        2.00000000000000        1.66666666666667     
           1
        1135         263         298         271         296
  0.333333333333333        1.33333333333333        1.00000000000000     
  0.000000000000000E+000   1.33333333333333        1.00000000000000     
  0.000000000000000E+000   1.33333333333333        1.33333333333333     
  0.000000000000000E+000   1.00000000000000        1.00000000000000     
           1
        1136         269         296         261         263
  0.000000000000000E+000   1.00000000000000        1.33333333333333     
  0.000000000000000E+000   1.00000000000000        1.00000000000000     
  0.333333333333333        1.00000000000000        1.00000000000000     
  0.333333333333333        1.33333333333333        1.00000000000000     
           1
        1137         271         296         269         263
  0.000000000000000E+000   1.33333333333333        1.33333333333333     
  0.000000000000000E+000   1.00000000000000        1.00000000000000     
  0.000000000000000E+000   1.00000000000000        1.33333333333333     
  0.333333333333333        1.33333333333333        1.00000000000000     
           1
        1138         227         263         271         225
  0.333333333333333        1.33333333333333        1.33333333333333     
  0.333333333333333        1.33333333333333        1.00000000000000     
  0.000000000000000E+000   1.33333333333333        1.33333333333333     
  0.333333333333333        1.00000000000000        1.33333333333333     
           1
        1139         225         269         261         263
  0.333333333333333        1.00000000000000        1.33333333333333     
  0.000000000000000E+000   1.00000000000000        1.33333333333333     
  0.333333333333333        1.00000000000000        1.00000000000000     
  0.333333333333333        1.33333333333333        1.00000000000000     
           1
        1140         225         271         269         263
  0.333333333333333        1.00000000000000        1.33333333333333     
  0.000000000000000E+000   1.33333333333333        1.33333333333333     
  0.000000000000000E+000   1.00000000000000        1.33333333333333     
  0.333333333333333        1.33333333333333        1.00000000000000     
           1
        1141         227         271         236         269
  0.333333333333333        1.33333333333333        1.33333333333333     
  0.000000000000000E+000   1.33333333333333        1.33333333333333     
  0.000000000000000E+000   1.33333333333333        1.66666666666667     
  0.000000000000000E+000   1.00000000000000        1.33333333333333     
           1
        1142         233         269         225         227
  0.000000000000000E+000   1.00000000000000        1.66666666666667     
  0.000000000000000E+000   1.00000000000000        1.33333333333333     
  0.333333333333333        1.00000000000000        1.33333333333333     
  0.333333333333333        1.33333333333333        1.33333333333333     
           1
        1143         236         269         233         227
  0.000000000000000E+000   1.33333333333333        1.66666666666667     
  0.000000000000000E+000   1.00000000000000        1.33333333333333     
  0.000000000000000E+000   1.00000000000000        1.66666666666667     
  0.333333333333333        1.33333333333333        1.33333333333333     
           1
        1144         185         227         236         182
  0.333333333333333        1.33333333333333        1.66666666666667     
  0.333333333333333        1.33333333333333        1.33333333333333     
  0.000000000000000E+000   1.33333333333333        1.66666666666667     
  0.333333333333333        1.00000000000000        1.66666666666667     
           1
        1145         182         233         225         227
  0.333333333333333        1.00000000000000        1.66666666666667     
  0.000000000000000E+000   1.00000000000000        1.66666666666667     
  0.333333333333333        1.00000000000000        1.33333333333333     
  0.333333333333333        1.33333333333333        1.33333333333333     
           1
        1146         182         236         233         227
  0.333333333333333        1.00000000000000        1.66666666666667     
  0.000000000000000E+000   1.33333333333333        1.66666666666667     
  0.000000000000000E+000   1.00000000000000        1.66666666666667     
  0.333333333333333        1.33333333333333        1.33333333333333     
           1
        1147         185         236         190         233
  0.333333333333333        1.33333333333333        1.66666666666667     
  0.000000000000000E+000   1.33333333333333        1.66666666666667     
  0.000000000000000E+000   1.33333333333333        2.00000000000000     
  0.000000000000000E+000   1.00000000000000        1.66666666666667     
           1
        1148         189         233         182         185
  0.000000000000000E+000   1.00000000000000        2.00000000000000     
  0.000000000000000E+000   1.00000000000000        1.66666666666667     
  0.333333333333333        1.00000000000000        1.66666666666667     
  0.333333333333333        1.33333333333333        1.66666666666667     
           1
        1149         190         233         189         185
  0.000000000000000E+000   1.33333333333333        2.00000000000000     
  0.000000000000000E+000   1.00000000000000        1.66666666666667     
  0.000000000000000E+000   1.00000000000000        2.00000000000000     
  0.333333333333333        1.33333333333333        1.66666666666667     
           1
        1150         141         185         190         140
  0.333333333333333        1.33333333333333        2.00000000000000     
  0.333333333333333        1.33333333333333        1.66666666666667     
  0.000000000000000E+000   1.33333333333333        2.00000000000000     
  0.333333333333333        1.00000000000000        2.00000000000000     
           1
        1151         140         189         182         185
  0.333333333333333        1.00000000000000        2.00000000000000     
  0.000000000000000E+000   1.00000000000000        2.00000000000000     
  0.333333333333333        1.00000000000000        1.66666666666667     
  0.333333333333333        1.33333333333333        1.66666666666667     
           1
        1152         140         190         189         185
  0.333333333333333        1.00000000000000        2.00000000000000     
  0.000000000000000E+000   1.33333333333333        2.00000000000000     
  0.000000000000000E+000   1.00000000000000        2.00000000000000     
  0.333333333333333        1.33333333333333        1.66666666666667     
           1
        1153         265         300         272         298
  0.333333333333333        1.66666666666667        1.00000000000000     
  0.000000000000000E+000   1.66666666666667        1.00000000000000     
  0.000000000000000E+000   1.66666666666667        1.33333333333333     
  0.000000000000000E+000   1.33333333333333        1.00000000000000     
           1
        1154         271         298         263         265
  0.000000000000000E+000   1.33333333333333        1.33333333333333     
  0.000000000000000E+000   1.33333333333333        1.00000000000000     
  0.333333333333333        1.33333333333333        1.00000000000000     
  0.333333333333333        1.66666666666667        1.00000000000000     
           1
        1155         272         298         271         265
  0.000000000000000E+000   1.66666666666667        1.33333333333333     
  0.000000000000000E+000   1.33333333333333        1.00000000000000     
  0.000000000000000E+000   1.33333333333333        1.33333333333333     
  0.333333333333333        1.66666666666667        1.00000000000000     
           1
        1156         228         265         272         227
  0.333333333333333        1.66666666666667        1.33333333333333     
  0.333333333333333        1.66666666666667        1.00000000000000     
  0.000000000000000E+000   1.66666666666667        1.33333333333333     
  0.333333333333333        1.33333333333333        1.33333333333333     
           1
        1157         227         271         263         265
  0.333333333333333        1.33333333333333        1.33333333333333     
  0.000000000000000E+000   1.33333333333333        1.33333333333333     
  0.333333333333333        1.33333333333333        1.00000000000000     
  0.333333333333333        1.66666666666667        1.00000000000000     
           1
        1158         227         272         271         265
  0.333333333333333        1.33333333333333        1.33333333333333     
  0.000000000000000E+000   1.66666666666667        1.33333333333333     
  0.000000000000000E+000   1.33333333333333        1.33333333333333     
  0.333333333333333        1.66666666666667        1.00000000000000     
           1
        1159         228         272         237         271
  0.333333333333333        1.66666666666667        1.33333333333333     
  0.000000000000000E+000   1.66666666666667        1.33333333333333     
  0.000000000000000E+000   1.66666666666667        1.66666666666667     
  0.000000000000000E+000   1.33333333333333        1.33333333333333     
           1
        1160         236         271         227         228
  0.000000000000000E+000   1.33333333333333        1.66666666666667     
  0.000000000000000E+000   1.33333333333333        1.33333333333333     
  0.333333333333333        1.33333333333333        1.33333333333333     
  0.333333333333333        1.66666666666667        1.33333333333333     
           1
        1161         237         271         236         228
  0.000000000000000E+000   1.66666666666667        1.66666666666667     
  0.000000000000000E+000   1.33333333333333        1.33333333333333     
  0.000000000000000E+000   1.33333333333333        1.66666666666667     
  0.333333333333333        1.66666666666667        1.33333333333333     
           1
        1162         186         228         237         185
  0.333333333333333        1.66666666666667        1.66666666666667     
  0.333333333333333        1.66666666666667        1.33333333333333     
  0.000000000000000E+000   1.66666666666667        1.66666666666667     
  0.333333333333333        1.33333333333333        1.66666666666667     
           1
        1163         185         236         227         228
  0.333333333333333        1.33333333333333        1.66666666666667     
  0.000000000000000E+000   1.33333333333333        1.66666666666667     
  0.333333333333333        1.33333333333333        1.33333333333333     
  0.333333333333333        1.66666666666667        1.33333333333333     
           1
        1164         185         237         236         228
  0.333333333333333        1.33333333333333        1.66666666666667     
  0.000000000000000E+000   1.66666666666667        1.66666666666667     
  0.000000000000000E+000   1.33333333333333        1.66666666666667     
  0.333333333333333        1.66666666666667        1.33333333333333     
           1
        1165         186         237         191         236
  0.333333333333333        1.66666666666667        1.66666666666667     
  0.000000000000000E+000   1.66666666666667        1.66666666666667     
  0.000000000000000E+000   1.66666666666667        2.00000000000000     
  0.000000000000000E+000   1.33333333333333        1.66666666666667     
           1
        1166         190         236         185         186
  0.000000000000000E+000   1.33333333333333        2.00000000000000     
  0.000000000000000E+000   1.33333333333333        1.66666666666667     
  0.333333333333333        1.33333333333333        1.66666666666667     
  0.333333333333333        1.66666666666667        1.66666666666667     
           1
        1167         191         236         190         186
  0.000000000000000E+000   1.66666666666667        2.00000000000000     
  0.000000000000000E+000   1.33333333333333        1.66666666666667     
  0.000000000000000E+000   1.33333333333333        2.00000000000000     
  0.333333333333333        1.66666666666667        1.66666666666667     
           1
        1168         142         186         191         141
  0.333333333333333        1.66666666666667        2.00000000000000     
  0.333333333333333        1.66666666666667        1.66666666666667     
  0.000000000000000E+000   1.66666666666667        2.00000000000000     
  0.333333333333333        1.33333333333333        2.00000000000000     
           1
        1169         141         190         185         186
  0.333333333333333        1.33333333333333        2.00000000000000     
  0.000000000000000E+000   1.33333333333333        2.00000000000000     
  0.333333333333333        1.33333333333333        1.66666666666667     
  0.333333333333333        1.66666666666667        1.66666666666667     
           1
        1170         141         191         190         186
  0.333333333333333        1.33333333333333        2.00000000000000     
  0.000000000000000E+000   1.66666666666667        2.00000000000000     
  0.000000000000000E+000   1.33333333333333        2.00000000000000     
  0.333333333333333        1.66666666666667        1.66666666666667     
           1
        1171         266         301         273         300
  0.333333333333333        2.00000000000000        1.00000000000000     
  0.000000000000000E+000   2.00000000000000        1.00000000000000     
  0.000000000000000E+000   2.00000000000000        1.33333333333333     
  0.000000000000000E+000   1.66666666666667        1.00000000000000     
           1
        1172         272         300         265         266
  0.000000000000000E+000   1.66666666666667        1.33333333333333     
  0.000000000000000E+000   1.66666666666667        1.00000000000000     
  0.333333333333333        1.66666666666667        1.00000000000000     
  0.333333333333333        2.00000000000000        1.00000000000000     
           1
        1173         273         300         272         266
  0.000000000000000E+000   2.00000000000000        1.33333333333333     
  0.000000000000000E+000   1.66666666666667        1.00000000000000     
  0.000000000000000E+000   1.66666666666667        1.33333333333333     
  0.333333333333333        2.00000000000000        1.00000000000000     
           1
        1174         229         266         273         228
  0.333333333333333        2.00000000000000        1.33333333333333     
  0.333333333333333        2.00000000000000        1.00000000000000     
  0.000000000000000E+000   2.00000000000000        1.33333333333333     
  0.333333333333333        1.66666666666667        1.33333333333333     
           1
        1175         228         272         265         266
  0.333333333333333        1.66666666666667        1.33333333333333     
  0.000000000000000E+000   1.66666666666667        1.33333333333333     
  0.333333333333333        1.66666666666667        1.00000000000000     
  0.333333333333333        2.00000000000000        1.00000000000000     
           1
        1176         228         273         272         266
  0.333333333333333        1.66666666666667        1.33333333333333     
  0.000000000000000E+000   2.00000000000000        1.33333333333333     
  0.000000000000000E+000   1.66666666666667        1.33333333333333     
  0.333333333333333        2.00000000000000        1.00000000000000     
           1
        1177         229         273         238         272
  0.333333333333333        2.00000000000000        1.33333333333333     
  0.000000000000000E+000   2.00000000000000        1.33333333333333     
  0.000000000000000E+000   2.00000000000000        1.66666666666667     
  0.000000000000000E+000   1.66666666666667        1.33333333333333     
           1
        1178         237         272         228         229
  0.000000000000000E+000   1.66666666666667        1.66666666666667     
  0.000000000000000E+000   1.66666666666667        1.33333333333333     
  0.333333333333333        1.66666666666667        1.33333333333333     
  0.333333333333333        2.00000000000000        1.33333333333333     
           1
        1179         238         272         237         229
  0.000000000000000E+000   2.00000000000000        1.66666666666667     
  0.000000000000000E+000   1.66666666666667        1.33333333333333     
  0.000000000000000E+000   1.66666666666667        1.66666666666667     
  0.333333333333333        2.00000000000000        1.33333333333333     
           1
        1180         187         229         238         186
  0.333333333333333        2.00000000000000        1.66666666666667     
  0.333333333333333        2.00000000000000        1.33333333333333     
  0.000000000000000E+000   2.00000000000000        1.66666666666667     
  0.333333333333333        1.66666666666667        1.66666666666667     
           1
        1181         186         237         228         229
  0.333333333333333        1.66666666666667        1.66666666666667     
  0.000000000000000E+000   1.66666666666667        1.66666666666667     
  0.333333333333333        1.66666666666667        1.33333333333333     
  0.333333333333333        2.00000000000000        1.33333333333333     
           1
        1182         186         238         237         229
  0.333333333333333        1.66666666666667        1.66666666666667     
  0.000000000000000E+000   2.00000000000000        1.66666666666667     
  0.000000000000000E+000   1.66666666666667        1.66666666666667     
  0.333333333333333        2.00000000000000        1.33333333333333     
           1
        1183         187         238         192         237
  0.333333333333333        2.00000000000000        1.66666666666667     
  0.000000000000000E+000   2.00000000000000        1.66666666666667     
  0.000000000000000E+000   2.00000000000000        2.00000000000000     
  0.000000000000000E+000   1.66666666666667        1.66666666666667     
           1
        1184         191         237         186         187
  0.000000000000000E+000   1.66666666666667        2.00000000000000     
  0.000000000000000E+000   1.66666666666667        1.66666666666667     
  0.333333333333333        1.66666666666667        1.66666666666667     
  0.333333333333333        2.00000000000000        1.66666666666667     
           1
        1185         192         237         191         187
  0.000000000000000E+000   2.00000000000000        2.00000000000000     
  0.000000000000000E+000   1.66666666666667        1.66666666666667     
  0.000000000000000E+000   1.66666666666667        2.00000000000000     
  0.333333333333333        2.00000000000000        1.66666666666667     
           1
        1186         143         187         192         142
  0.333333333333333        2.00000000000000        2.00000000000000     
  0.333333333333333        2.00000000000000        1.66666666666667     
  0.000000000000000E+000   2.00000000000000        2.00000000000000     
  0.333333333333333        1.66666666666667        2.00000000000000     
           1
        1187         142         191         186         187
  0.333333333333333        1.66666666666667        2.00000000000000     
  0.000000000000000E+000   1.66666666666667        2.00000000000000     
  0.333333333333333        1.66666666666667        1.66666666666667     
  0.333333333333333        2.00000000000000        1.66666666666667     
           1
        1188         142         192         191         187
  0.333333333333333        1.66666666666667        2.00000000000000     
  0.000000000000000E+000   2.00000000000000        2.00000000000000     
  0.000000000000000E+000   1.66666666666667        2.00000000000000     
  0.333333333333333        2.00000000000000        1.66666666666667     
           1
        1189         216         263         227         261
  0.666666666666667        1.33333333333333        1.00000000000000     
  0.333333333333333        1.33333333333333        1.00000000000000     
  0.333333333333333        1.33333333333333        1.33333333333333     
  0.333333333333333        1.00000000000000        1.00000000000000     
           1
        1190         225         261         214         216
  0.333333333333333        1.00000000000000        1.33333333333333     
  0.333333333333333        1.00000000000000        1.00000000000000     
  0.666666666666667        1.00000000000000        1.00000000000000     
  0.666666666666667        1.33333333333333        1.00000000000000     
           1
        1191         227         261         225         216
  0.333333333333333        1.33333333333333        1.33333333333333     
  0.333333333333333        1.00000000000000        1.00000000000000     
  0.333333333333333        1.00000000000000        1.33333333333333     
  0.666666666666667        1.33333333333333        1.00000000000000     
           1
        1192         172         216         227         170
  0.666666666666667        1.33333333333333        1.33333333333333     
  0.666666666666667        1.33333333333333        1.00000000000000     
  0.333333333333333        1.33333333333333        1.33333333333333     
  0.666666666666667        1.00000000000000        1.33333333333333     
           1
        1193         170         225         214         216
  0.666666666666667        1.00000000000000        1.33333333333333     
  0.333333333333333        1.00000000000000        1.33333333333333     
  0.666666666666667        1.00000000000000        1.00000000000000     
  0.666666666666667        1.33333333333333        1.00000000000000     
           1
        1194         170         227         225         216
  0.666666666666667        1.00000000000000        1.33333333333333     
  0.333333333333333        1.33333333333333        1.33333333333333     
  0.333333333333333        1.00000000000000        1.33333333333333     
  0.666666666666667        1.33333333333333        1.00000000000000     
           1
        1195         172         227         185         225
  0.666666666666667        1.33333333333333        1.33333333333333     
  0.333333333333333        1.33333333333333        1.33333333333333     
  0.333333333333333        1.33333333333333        1.66666666666667     
  0.333333333333333        1.00000000000000        1.33333333333333     
           1
        1196         182         225         170         172
  0.333333333333333        1.00000000000000        1.66666666666667     
  0.333333333333333        1.00000000000000        1.33333333333333     
  0.666666666666667        1.00000000000000        1.33333333333333     
  0.666666666666667        1.33333333333333        1.33333333333333     
           1
        1197         185         225         182         172
  0.333333333333333        1.33333333333333        1.66666666666667     
  0.333333333333333        1.00000000000000        1.33333333333333     
  0.333333333333333        1.00000000000000        1.66666666666667     
  0.666666666666667        1.33333333333333        1.33333333333333     
           1
        1198         132         172         185         129
  0.666666666666667        1.33333333333333        1.66666666666667     
  0.666666666666667        1.33333333333333        1.33333333333333     
  0.333333333333333        1.33333333333333        1.66666666666667     
  0.666666666666667        1.00000000000000        1.66666666666667     
           1
        1199         129         182         170         172
  0.666666666666667        1.00000000000000        1.66666666666667     
  0.333333333333333        1.00000000000000        1.66666666666667     
  0.666666666666667        1.00000000000000        1.33333333333333     
  0.666666666666667        1.33333333333333        1.33333333333333     
           1
        1200         129         185         182         172
  0.666666666666667        1.00000000000000        1.66666666666667     
  0.333333333333333        1.33333333333333        1.66666666666667     
  0.333333333333333        1.00000000000000        1.66666666666667     
  0.666666666666667        1.33333333333333        1.33333333333333     
           1
        1201         132         185         141         182
  0.666666666666667        1.33333333333333        1.66666666666667     
  0.333333333333333        1.33333333333333        1.66666666666667     
  0.333333333333333        1.33333333333333        2.00000000000000     
  0.333333333333333        1.00000000000000        1.66666666666667     
           1
        1202         140         182         129         132
  0.333333333333333        1.00000000000000        2.00000000000000     
  0.333333333333333        1.00000000000000        1.66666666666667     
  0.666666666666667        1.00000000000000        1.66666666666667     
  0.666666666666667        1.33333333333333        1.66666666666667     
           1
        1203         141         182         140         132
  0.333333333333333        1.33333333333333        2.00000000000000     
  0.333333333333333        1.00000000000000        1.66666666666667     
  0.333333333333333        1.00000000000000        2.00000000000000     
  0.666666666666667        1.33333333333333        1.66666666666667     
           1
        1204          85         132         141          84
  0.666666666666667        1.33333333333333        2.00000000000000     
  0.666666666666667        1.33333333333333        1.66666666666667     
  0.333333333333333        1.33333333333333        2.00000000000000     
  0.666666666666667        1.00000000000000        2.00000000000000     
           1
        1205          84         140         129         132
  0.666666666666667        1.00000000000000        2.00000000000000     
  0.333333333333333        1.00000000000000        2.00000000000000     
  0.666666666666667        1.00000000000000        1.66666666666667     
  0.666666666666667        1.33333333333333        1.66666666666667     
           1
        1206          84         141         140         132
  0.666666666666667        1.00000000000000        2.00000000000000     
  0.333333333333333        1.33333333333333        2.00000000000000     
  0.333333333333333        1.00000000000000        2.00000000000000     
  0.666666666666667        1.33333333333333        1.66666666666667     
           1
        1207         218         265         228         263
  0.666666666666667        1.66666666666667        1.00000000000000     
  0.333333333333333        1.66666666666667        1.00000000000000     
  0.333333333333333        1.66666666666667        1.33333333333333     
  0.333333333333333        1.33333333333333        1.00000000000000     
           1
        1208         227         263         216         218
  0.333333333333333        1.33333333333333        1.33333333333333     
  0.333333333333333        1.33333333333333        1.00000000000000     
  0.666666666666667        1.33333333333333        1.00000000000000     
  0.666666666666667        1.66666666666667        1.00000000000000     
           1
        1209         228         263         227         218
  0.333333333333333        1.66666666666667        1.33333333333333     
  0.333333333333333        1.33333333333333        1.00000000000000     
  0.333333333333333        1.33333333333333        1.33333333333333     
  0.666666666666667        1.66666666666667        1.00000000000000     
           1
        1210         173         218         228         172
  0.666666666666667        1.66666666666667        1.33333333333333     
  0.666666666666667        1.66666666666667        1.00000000000000     
  0.333333333333333        1.66666666666667        1.33333333333333     
  0.666666666666667        1.33333333333333        1.33333333333333     
           1
        1211         172         227         216         218
  0.666666666666667        1.33333333333333        1.33333333333333     
  0.333333333333333        1.33333333333333        1.33333333333333     
  0.666666666666667        1.33333333333333        1.00000000000000     
  0.666666666666667        1.66666666666667        1.00000000000000     
           1
        1212         172         228         227         218
  0.666666666666667        1.33333333333333        1.33333333333333     
  0.333333333333333        1.66666666666667        1.33333333333333     
  0.333333333333333        1.33333333333333        1.33333333333333     
  0.666666666666667        1.66666666666667        1.00000000000000     
           1
        1213         173         228         186         227
  0.666666666666667        1.66666666666667        1.33333333333333     
  0.333333333333333        1.66666666666667        1.33333333333333     
  0.333333333333333        1.66666666666667        1.66666666666667     
  0.333333333333333        1.33333333333333        1.33333333333333     
           1
        1214         185         227         172         173
  0.333333333333333        1.33333333333333        1.66666666666667     
  0.333333333333333        1.33333333333333        1.33333333333333     
  0.666666666666667        1.33333333333333        1.33333333333333     
  0.666666666666667        1.66666666666667        1.33333333333333     
           1
        1215         186         227         185         173
  0.333333333333333        1.66666666666667        1.66666666666667     
  0.333333333333333        1.33333333333333        1.33333333333333     
  0.333333333333333        1.33333333333333        1.66666666666667     
  0.666666666666667        1.66666666666667        1.33333333333333     
           1
        1216         133         173         186         132
  0.666666666666667        1.66666666666667        1.66666666666667     
  0.666666666666667        1.66666666666667        1.33333333333333     
  0.333333333333333        1.66666666666667        1.66666666666667     
  0.666666666666667        1.33333333333333        1.66666666666667     
           1
        1217         132         185         172         173
  0.666666666666667        1.33333333333333        1.66666666666667     
  0.333333333333333        1.33333333333333        1.66666666666667     
  0.666666666666667        1.33333333333333        1.33333333333333     
  0.666666666666667        1.66666666666667        1.33333333333333     
           1
        1218         132         186         185         173
  0.666666666666667        1.33333333333333        1.66666666666667     
  0.333333333333333        1.66666666666667        1.66666666666667     
  0.333333333333333        1.33333333333333        1.66666666666667     
  0.666666666666667        1.66666666666667        1.33333333333333     
           1
        1219         133         186         142         185
  0.666666666666667        1.66666666666667        1.66666666666667     
  0.333333333333333        1.66666666666667        1.66666666666667     
  0.333333333333333        1.66666666666667        2.00000000000000     
  0.333333333333333        1.33333333333333        1.66666666666667     
           1
        1220         141         185         132         133
  0.333333333333333        1.33333333333333        2.00000000000000     
  0.333333333333333        1.33333333333333        1.66666666666667     
  0.666666666666667        1.33333333333333        1.66666666666667     
  0.666666666666667        1.66666666666667        1.66666666666667     
           1
        1221         142         185         141         133
  0.333333333333333        1.66666666666667        2.00000000000000     
  0.333333333333333        1.33333333333333        1.66666666666667     
  0.333333333333333        1.33333333333333        2.00000000000000     
  0.666666666666667        1.66666666666667        1.66666666666667     
           1
        1222          86         133         142          85
  0.666666666666667        1.66666666666667        2.00000000000000     
  0.666666666666667        1.66666666666667        1.66666666666667     
  0.333333333333333        1.66666666666667        2.00000000000000     
  0.666666666666667        1.33333333333333        2.00000000000000     
           1
        1223          85         141         132         133
  0.666666666666667        1.33333333333333        2.00000000000000     
  0.333333333333333        1.33333333333333        2.00000000000000     
  0.666666666666667        1.33333333333333        1.66666666666667     
  0.666666666666667        1.66666666666667        1.66666666666667     
           1
        1224          85         142         141         133
  0.666666666666667        1.33333333333333        2.00000000000000     
  0.333333333333333        1.66666666666667        2.00000000000000     
  0.333333333333333        1.33333333333333        2.00000000000000     
  0.666666666666667        1.66666666666667        1.66666666666667     
           1
        1225         222         266         229         265
  0.666666666666667        2.00000000000000        1.00000000000000     
  0.333333333333333        2.00000000000000        1.00000000000000     
  0.333333333333333        2.00000000000000        1.33333333333333     
  0.333333333333333        1.66666666666667        1.00000000000000     
           1
        1226         228         265         218         222
  0.333333333333333        1.66666666666667        1.33333333333333     
  0.333333333333333        1.66666666666667        1.00000000000000     
  0.666666666666667        1.66666666666667        1.00000000000000     
  0.666666666666667        2.00000000000000        1.00000000000000     
           1
        1227         229         265         228         222
  0.333333333333333        2.00000000000000        1.33333333333333     
  0.333333333333333        1.66666666666667        1.00000000000000     
  0.333333333333333        1.66666666666667        1.33333333333333     
  0.666666666666667        2.00000000000000        1.00000000000000     
           1
        1228         178         222         229         173
  0.666666666666667        2.00000000000000        1.33333333333333     
  0.666666666666667        2.00000000000000        1.00000000000000     
  0.333333333333333        2.00000000000000        1.33333333333333     
  0.666666666666667        1.66666666666667        1.33333333333333     
           1
        1229         173         228         218         222
  0.666666666666667        1.66666666666667        1.33333333333333     
  0.333333333333333        1.66666666666667        1.33333333333333     
  0.666666666666667        1.66666666666667        1.00000000000000     
  0.666666666666667        2.00000000000000        1.00000000000000     
           1
        1230         173         229         228         222
  0.666666666666667        1.66666666666667        1.33333333333333     
  0.333333333333333        2.00000000000000        1.33333333333333     
  0.333333333333333        1.66666666666667        1.33333333333333     
  0.666666666666667        2.00000000000000        1.00000000000000     
           1
        1231         178         229         187         228
  0.666666666666667        2.00000000000000        1.33333333333333     
  0.333333333333333        2.00000000000000        1.33333333333333     
  0.333333333333333        2.00000000000000        1.66666666666667     
  0.333333333333333        1.66666666666667        1.33333333333333     
           1
        1232         186         228         173         178
  0.333333333333333        1.66666666666667        1.66666666666667     
  0.333333333333333        1.66666666666667        1.33333333333333     
  0.666666666666667        1.66666666666667        1.33333333333333     
  0.666666666666667        2.00000000000000        1.33333333333333     
           1
        1233         187         228         186         178
  0.333333333333333        2.00000000000000        1.66666666666667     
  0.333333333333333        1.66666666666667        1.33333333333333     
  0.333333333333333        1.66666666666667        1.66666666666667     
  0.666666666666667        2.00000000000000        1.33333333333333     
           1
        1234         138         178         187         133
  0.666666666666667        2.00000000000000        1.66666666666667     
  0.666666666666667        2.00000000000000        1.33333333333333     
  0.333333333333333        2.00000000000000        1.66666666666667     
  0.666666666666667        1.66666666666667        1.66666666666667     
           1
        1235         133         186         173         178
  0.666666666666667        1.66666666666667        1.66666666666667     
  0.333333333333333        1.66666666666667        1.66666666666667     
  0.666666666666667        1.66666666666667        1.33333333333333     
  0.666666666666667        2.00000000000000        1.33333333333333     
           1
        1236         133         187         186         178
  0.666666666666667        1.66666666666667        1.66666666666667     
  0.333333333333333        2.00000000000000        1.66666666666667     
  0.333333333333333        1.66666666666667        1.66666666666667     
  0.666666666666667        2.00000000000000        1.33333333333333     
           1
        1237         138         187         143         186
  0.666666666666667        2.00000000000000        1.66666666666667     
  0.333333333333333        2.00000000000000        1.66666666666667     
  0.333333333333333        2.00000000000000        2.00000000000000     
  0.333333333333333        1.66666666666667        1.66666666666667     
           1
        1238         142         186         133         138
  0.333333333333333        1.66666666666667        2.00000000000000     
  0.333333333333333        1.66666666666667        1.66666666666667     
  0.666666666666667        1.66666666666667        1.66666666666667     
  0.666666666666667        2.00000000000000        1.66666666666667     
           1
        1239         143         186         142         138
  0.333333333333333        2.00000000000000        2.00000000000000     
  0.333333333333333        1.66666666666667        1.66666666666667     
  0.333333333333333        1.66666666666667        2.00000000000000     
  0.666666666666667        2.00000000000000        1.66666666666667     
           1
        1240         101         138         143          86
  0.666666666666667        2.00000000000000        2.00000000000000     
  0.666666666666667        2.00000000000000        1.66666666666667     
  0.333333333333333        2.00000000000000        2.00000000000000     
  0.666666666666667        1.66666666666667        2.00000000000000     
           1
        1241          86         142         133         138
  0.666666666666667        1.66666666666667        2.00000000000000     
  0.333333333333333        1.66666666666667        2.00000000000000     
  0.666666666666667        1.66666666666667        1.66666666666667     
  0.666666666666667        2.00000000000000        1.66666666666667     
           1
        1242          86         143         142         138
  0.666666666666667        1.66666666666667        2.00000000000000     
  0.333333333333333        2.00000000000000        2.00000000000000     
  0.333333333333333        1.66666666666667        2.00000000000000     
  0.666666666666667        2.00000000000000        1.66666666666667     
           1
        1243         161         216         172         214
   1.00000000000000        1.33333333333333        1.00000000000000     
  0.666666666666667        1.33333333333333        1.00000000000000     
  0.666666666666667        1.33333333333333        1.33333333333333     
  0.666666666666667        1.00000000000000        1.00000000000000     
           1
        1244         170         214         159         161
  0.666666666666667        1.00000000000000        1.33333333333333     
  0.666666666666667        1.00000000000000        1.00000000000000     
   1.00000000000000        1.00000000000000        1.00000000000000     
   1.00000000000000        1.33333333333333        1.00000000000000     
           1
        1245         172         214         170         161
  0.666666666666667        1.33333333333333        1.33333333333333     
  0.666666666666667        1.00000000000000        1.00000000000000     
  0.666666666666667        1.00000000000000        1.33333333333333     
   1.00000000000000        1.33333333333333        1.00000000000000     
           1
        1246         120         161         172         118
   1.00000000000000        1.33333333333333        1.33333333333333     
   1.00000000000000        1.33333333333333        1.00000000000000     
  0.666666666666667        1.33333333333333        1.33333333333333     
   1.00000000000000        1.00000000000000        1.33333333333333     
           1
        1247         118         170         159         161
   1.00000000000000        1.00000000000000        1.33333333333333     
  0.666666666666667        1.00000000000000        1.33333333333333     
   1.00000000000000        1.00000000000000        1.00000000000000     
   1.00000000000000        1.33333333333333        1.00000000000000     
           1
        1248         118         172         170         161
   1.00000000000000        1.00000000000000        1.33333333333333     
  0.666666666666667        1.33333333333333        1.33333333333333     
  0.666666666666667        1.00000000000000        1.33333333333333     
   1.00000000000000        1.33333333333333        1.00000000000000     
           1
        1249         120         172         132         170
   1.00000000000000        1.33333333333333        1.33333333333333     
  0.666666666666667        1.33333333333333        1.33333333333333     
  0.666666666666667        1.33333333333333        1.66666666666667     
  0.666666666666667        1.00000000000000        1.33333333333333     
           1
        1250         129         170         118         120
  0.666666666666667        1.00000000000000        1.66666666666667     
  0.666666666666667        1.00000000000000        1.33333333333333     
   1.00000000000000        1.00000000000000        1.33333333333333     
   1.00000000000000        1.33333333333333        1.33333333333333     
           1
        1251         132         170         129         120
  0.666666666666667        1.33333333333333        1.66666666666667     
  0.666666666666667        1.00000000000000        1.33333333333333     
  0.666666666666667        1.00000000000000        1.66666666666667     
   1.00000000000000        1.33333333333333        1.33333333333333     
           1
        1252          77         120         132          74
   1.00000000000000        1.33333333333333        1.66666666666667     
   1.00000000000000        1.33333333333333        1.33333333333333     
  0.666666666666667        1.33333333333333        1.66666666666667     
   1.00000000000000        1.00000000000000        1.66666666666667     
           1
        1253          74         129         118         120
   1.00000000000000        1.00000000000000        1.66666666666667     
  0.666666666666667        1.00000000000000        1.66666666666667     
   1.00000000000000        1.00000000000000        1.33333333333333     
   1.00000000000000        1.33333333333333        1.33333333333333     
           1
        1254          74         132         129         120
   1.00000000000000        1.00000000000000        1.66666666666667     
  0.666666666666667        1.33333333333333        1.66666666666667     
  0.666666666666667        1.00000000000000        1.66666666666667     
   1.00000000000000        1.33333333333333        1.33333333333333     
           1
        1255          77         132          85         129
   1.00000000000000        1.33333333333333        1.66666666666667     
  0.666666666666667        1.33333333333333        1.66666666666667     
  0.666666666666667        1.33333333333333        2.00000000000000     
  0.666666666666667        1.00000000000000        1.66666666666667     
           1
        1256          84         129          74          77
  0.666666666666667        1.00000000000000        2.00000000000000     
  0.666666666666667        1.00000000000000        1.66666666666667     
   1.00000000000000        1.00000000000000        1.66666666666667     
   1.00000000000000        1.33333333333333        1.66666666666667     
           1
        1257          85         129          84          77
  0.666666666666667        1.33333333333333        2.00000000000000     
  0.666666666666667        1.00000000000000        1.66666666666667     
  0.666666666666667        1.00000000000000        2.00000000000000     
   1.00000000000000        1.33333333333333        1.66666666666667     
           1
        1258          45          77          85          44
   1.00000000000000        1.33333333333333        2.00000000000000     
   1.00000000000000        1.33333333333333        1.66666666666667     
  0.666666666666667        1.33333333333333        2.00000000000000     
   1.00000000000000        1.00000000000000        2.00000000000000     
           1
        1259          44          84          74          77
   1.00000000000000        1.00000000000000        2.00000000000000     
  0.666666666666667        1.00000000000000        2.00000000000000     
   1.00000000000000        1.00000000000000        1.66666666666667     
   1.00000000000000        1.33333333333333        1.66666666666667     
           1
        1260          44          85          84          77
   1.00000000000000        1.00000000000000        2.00000000000000     
  0.666666666666667        1.33333333333333        2.00000000000000     
  0.666666666666667        1.00000000000000        2.00000000000000     
   1.00000000000000        1.33333333333333        1.66666666666667     
           1
        1261         166         218         173         216
   1.00000000000000        1.66666666666667        1.00000000000000     
  0.666666666666667        1.66666666666667        1.00000000000000     
  0.666666666666667        1.66666666666667        1.33333333333333     
  0.666666666666667        1.33333333333333        1.00000000000000     
           1
        1262         172         216         161         166
  0.666666666666667        1.33333333333333        1.33333333333333     
  0.666666666666667        1.33333333333333        1.00000000000000     
   1.00000000000000        1.33333333333333        1.00000000000000     
   1.00000000000000        1.66666666666667        1.00000000000000     
           1
        1263         173         216         172         166
  0.666666666666667        1.66666666666667        1.33333333333333     
  0.666666666666667        1.33333333333333        1.00000000000000     
  0.666666666666667        1.33333333333333        1.33333333333333     
   1.00000000000000        1.66666666666667        1.00000000000000     
           1
        1264         125         166         173         120
   1.00000000000000        1.66666666666667        1.33333333333333     
   1.00000000000000        1.66666666666667        1.00000000000000     
  0.666666666666667        1.66666666666667        1.33333333333333     
   1.00000000000000        1.33333333333333        1.33333333333333     
           1
        1265         120         172         161         166
   1.00000000000000        1.33333333333333        1.33333333333333     
  0.666666666666667        1.33333333333333        1.33333333333333     
   1.00000000000000        1.33333333333333        1.00000000000000     
   1.00000000000000        1.66666666666667        1.00000000000000     
           1
        1266         120         173         172         166
   1.00000000000000        1.33333333333333        1.33333333333333     
  0.666666666666667        1.66666666666667        1.33333333333333     
  0.666666666666667        1.33333333333333        1.33333333333333     
   1.00000000000000        1.66666666666667        1.00000000000000     
           1
        1267         125         173         133         172
   1.00000000000000        1.66666666666667        1.33333333333333     
  0.666666666666667        1.66666666666667        1.33333333333333     
  0.666666666666667        1.66666666666667        1.66666666666667     
  0.666666666666667        1.33333333333333        1.33333333333333     
           1
        1268         132         172         120         125
  0.666666666666667        1.33333333333333        1.66666666666667     
  0.666666666666667        1.33333333333333        1.33333333333333     
   1.00000000000000        1.33333333333333        1.33333333333333     
   1.00000000000000        1.66666666666667        1.33333333333333     
           1
        1269         133         172         132         125
  0.666666666666667        1.66666666666667        1.66666666666667     
  0.666666666666667        1.33333333333333        1.33333333333333     
  0.666666666666667        1.33333333333333        1.66666666666667     
   1.00000000000000        1.66666666666667        1.33333333333333     
           1
        1270          82         125         133          77
   1.00000000000000        1.66666666666667        1.66666666666667     
   1.00000000000000        1.66666666666667        1.33333333333333     
  0.666666666666667        1.66666666666667        1.66666666666667     
   1.00000000000000        1.33333333333333        1.66666666666667     
           1
        1271          77         132         120         125
   1.00000000000000        1.33333333333333        1.66666666666667     
  0.666666666666667        1.33333333333333        1.66666666666667     
   1.00000000000000        1.33333333333333        1.33333333333333     
   1.00000000000000        1.66666666666667        1.33333333333333     
           1
        1272          77         133         132         125
   1.00000000000000        1.33333333333333        1.66666666666667     
  0.666666666666667        1.66666666666667        1.66666666666667     
  0.666666666666667        1.33333333333333        1.66666666666667     
   1.00000000000000        1.66666666666667        1.33333333333333     
           1
        1273          82         133          86         132
   1.00000000000000        1.66666666666667        1.66666666666667     
  0.666666666666667        1.66666666666667        1.66666666666667     
  0.666666666666667        1.66666666666667        2.00000000000000     
  0.666666666666667        1.33333333333333        1.66666666666667     
           1
        1274          85         132          77          82
  0.666666666666667        1.33333333333333        2.00000000000000     
  0.666666666666667        1.33333333333333        1.66666666666667     
   1.00000000000000        1.33333333333333        1.66666666666667     
   1.00000000000000        1.66666666666667        1.66666666666667     
           1
        1275          86         132          85          82
  0.666666666666667        1.66666666666667        2.00000000000000     
  0.666666666666667        1.33333333333333        1.66666666666667     
  0.666666666666667        1.33333333333333        2.00000000000000     
   1.00000000000000        1.66666666666667        1.66666666666667     
           1
        1276          55          82          86          45
   1.00000000000000        1.66666666666667        2.00000000000000     
   1.00000000000000        1.66666666666667        1.66666666666667     
  0.666666666666667        1.66666666666667        2.00000000000000     
   1.00000000000000        1.33333333333333        2.00000000000000     
           1
        1277          45          85          77          82
   1.00000000000000        1.33333333333333        2.00000000000000     
  0.666666666666667        1.33333333333333        2.00000000000000     
   1.00000000000000        1.33333333333333        1.66666666666667     
   1.00000000000000        1.66666666666667        1.66666666666667     
           1
        1278          45          86          85          82
   1.00000000000000        1.33333333333333        2.00000000000000     
  0.666666666666667        1.66666666666667        2.00000000000000     
  0.666666666666667        1.33333333333333        2.00000000000000     
   1.00000000000000        1.66666666666667        1.66666666666667     
           1
        1279         177         222         178         218
   1.00000000000000        2.00000000000000        1.00000000000000     
  0.666666666666667        2.00000000000000        1.00000000000000     
  0.666666666666667        2.00000000000000        1.33333333333333     
  0.666666666666667        1.66666666666667        1.00000000000000     
           1
        1280         173         218         166         177
  0.666666666666667        1.66666666666667        1.33333333333333     
  0.666666666666667        1.66666666666667        1.00000000000000     
   1.00000000000000        1.66666666666667        1.00000000000000     
   1.00000000000000        2.00000000000000        1.00000000000000     
           1
        1281         178         218         173         177
  0.666666666666667        2.00000000000000        1.33333333333333     
  0.666666666666667        1.66666666666667        1.00000000000000     
  0.666666666666667        1.66666666666667        1.33333333333333     
   1.00000000000000        2.00000000000000        1.00000000000000     
           1
        1282         137         177         178         125
   1.00000000000000        2.00000000000000        1.33333333333333     
   1.00000000000000        2.00000000000000        1.00000000000000     
  0.666666666666667        2.00000000000000        1.33333333333333     
   1.00000000000000        1.66666666666667        1.33333333333333     
           1
        1283         125         173         166         177
   1.00000000000000        1.66666666666667        1.33333333333333     
  0.666666666666667        1.66666666666667        1.33333333333333     
   1.00000000000000        1.66666666666667        1.00000000000000     
   1.00000000000000        2.00000000000000        1.00000000000000     
           1
        1284         125         178         173         177
   1.00000000000000        1.66666666666667        1.33333333333333     
  0.666666666666667        2.00000000000000        1.33333333333333     
  0.666666666666667        1.66666666666667        1.33333333333333     
   1.00000000000000        2.00000000000000        1.00000000000000     
           1
        1285         137         178         138         173
   1.00000000000000        2.00000000000000        1.33333333333333     
  0.666666666666667        2.00000000000000        1.33333333333333     
  0.666666666666667        2.00000000000000        1.66666666666667     
  0.666666666666667        1.66666666666667        1.33333333333333     
           1
        1286         133         173         125         137
  0.666666666666667        1.66666666666667        1.66666666666667     
  0.666666666666667        1.66666666666667        1.33333333333333     
   1.00000000000000        1.66666666666667        1.33333333333333     
   1.00000000000000        2.00000000000000        1.33333333333333     
           1
        1287         138         173         133         137
  0.666666666666667        2.00000000000000        1.66666666666667     
  0.666666666666667        1.66666666666667        1.33333333333333     
  0.666666666666667        1.66666666666667        1.66666666666667     
   1.00000000000000        2.00000000000000        1.33333333333333     
           1
        1288         100         137         138          82
   1.00000000000000        2.00000000000000        1.66666666666667     
   1.00000000000000        2.00000000000000        1.33333333333333     
  0.666666666666667        2.00000000000000        1.66666666666667     
   1.00000000000000        1.66666666666667        1.66666666666667     
           1
        1289          82         133         125         137
   1.00000000000000        1.66666666666667        1.66666666666667     
  0.666666666666667        1.66666666666667        1.66666666666667     
   1.00000000000000        1.66666666666667        1.33333333333333     
   1.00000000000000        2.00000000000000        1.33333333333333     
           1
        1290          82         138         133         137
   1.00000000000000        1.66666666666667        1.66666666666667     
  0.666666666666667        2.00000000000000        1.66666666666667     
  0.666666666666667        1.66666666666667        1.66666666666667     
   1.00000000000000        2.00000000000000        1.33333333333333     
           1
        1291         100         138         101         133
   1.00000000000000        2.00000000000000        1.66666666666667     
  0.666666666666667        2.00000000000000        1.66666666666667     
  0.666666666666667        2.00000000000000        2.00000000000000     
  0.666666666666667        1.66666666666667        1.66666666666667     
           1
        1292          86         133          82         100
  0.666666666666667        1.66666666666667        2.00000000000000     
  0.666666666666667        1.66666666666667        1.66666666666667     
   1.00000000000000        1.66666666666667        1.66666666666667     
   1.00000000000000        2.00000000000000        1.66666666666667     
           1
        1293         101         133          86         100
  0.666666666666667        2.00000000000000        2.00000000000000     
  0.666666666666667        1.66666666666667        1.66666666666667     
  0.666666666666667        1.66666666666667        2.00000000000000     
   1.00000000000000        2.00000000000000        1.66666666666667     
           1
        1294          96         100         101          55
   1.00000000000000        2.00000000000000        2.00000000000000     
   1.00000000000000        2.00000000000000        1.66666666666667     
  0.666666666666667        2.00000000000000        2.00000000000000     
   1.00000000000000        1.66666666666667        2.00000000000000     
           1
        1295          55          86          82         100
   1.00000000000000        1.66666666666667        2.00000000000000     
  0.666666666666667        1.66666666666667        2.00000000000000     
   1.00000000000000        1.66666666666667        1.66666666666667     
   1.00000000000000        2.00000000000000        1.66666666666667     
           1
        1296          55         101          86         100
   1.00000000000000        1.66666666666667        2.00000000000000     
  0.666666666666667        2.00000000000000        2.00000000000000     
  0.666666666666667        1.66666666666667        2.00000000000000     
   1.00000000000000        2.00000000000000        1.66666666666667     
           1
