 1296 712 20
     1  546  557  558   4.315600E-02   4.437630E-01   4.315600E-02   4.992340E-01   0.000000E+00   4.444440E-01         1
     2  568  558  557   0.000000E+00   5.000000E-01   0.000000E+00   4.444440E-01   4.315600E-02   4.992340E-01         1
     3  533  545  546   8.608550E-02   4.417900E-01   8.608550E-02   4.970130E-01   4.315600E-02   4.437630E-01         1
     4  557  546  545   4.315600E-02   4.992340E-01   4.315600E-02   4.437630E-01   8.608550E-02   4.970130E-01         1
     5  519  532  533   1.287890E-01   4.385240E-01   1.287890E-01   4.933390E-01   8.608550E-02   4.417900E-01         1
     6  545  533  532   8.608550E-02   4.970130E-01   8.608550E-02   4.417900E-01   1.287890E-01   4.933390E-01         1
     7  504  518  519   1.712650E-01   4.339650E-01   1.712650E-01   4.882110E-01   1.287890E-01   4.385240E-01         1
     8  532  519  518   1.287890E-01   4.933390E-01   1.287890E-01   4.385240E-01   1.712650E-01   4.882110E-01         1
     9  488  503  504   2.135150E-01   4.281140E-01   2.135150E-01   4.816280E-01   1.712650E-01   4.339650E-01         1
    10  518  504  503   1.712650E-01   4.882110E-01   1.712650E-01   4.339650E-01   2.135150E-01   4.816280E-01         1
    11  471  487  488   2.555390E-01   4.209710E-01   2.555390E-01   4.735920E-01   2.135150E-01   4.281140E-01         1
    12  503  488  487   2.135150E-01   4.816280E-01   2.135150E-01   4.281140E-01   2.555390E-01   4.735920E-01         1
    13  453  470  471   2.973350E-01   4.125350E-01   2.973350E-01   4.641020E-01   2.555390E-01   4.209710E-01         1
    14  487  471  470   2.555390E-01   4.735920E-01   2.555390E-01   4.209710E-01   2.973350E-01   4.641020E-01         1
    15  434  452  453   3.389060E-01   4.028070E-01   3.389060E-01   4.531580E-01   2.973350E-01   4.125350E-01         1
    16  470  453  452   2.973350E-01   4.641020E-01   2.973350E-01   4.125350E-01   3.389060E-01   4.531580E-01         1
    17  415  433  434   3.802500E-01   3.917870E-01   3.802500E-01   4.407600E-01   3.389060E-01   4.028070E-01         1
    18  452  434  433   3.389060E-01   4.531580E-01   3.389060E-01   4.028070E-01   3.802500E-01   4.407600E-01         1
    19  534  546  547   4.315600E-02   3.882930E-01   4.315600E-02   4.437630E-01   0.000000E+00   3.888890E-01         1
    20  558  547  546   0.000000E+00   4.444440E-01   0.000000E+00   3.888890E-01   4.315600E-02   4.437630E-01         1
    21  520  533  534   8.608550E-02   3.865660E-01   8.608550E-02   4.417900E-01   4.315600E-02   3.882930E-01         1
    22  546  534  533   4.315600E-02   4.437630E-01   4.315600E-02   3.882930E-01   8.608550E-02   4.417900E-01         1
    23  505  519  520   1.287890E-01   3.837080E-01   1.287890E-01   4.385240E-01   8.608550E-02   3.865660E-01         1
    24  533  520  519   8.608550E-02   4.417900E-01   8.608550E-02   3.865660E-01   1.287890E-01   4.385240E-01         1
    25  489  504  505   1.712650E-01   3.797190E-01   1.712650E-01   4.339650E-01   1.287890E-01   3.837080E-01         1
    26  519  505  504   1.287890E-01   4.385240E-01   1.287890E-01   3.837080E-01   1.712650E-01   4.339650E-01         1
    27  472  488  489   2.135150E-01   3.746000E-01   2.135150E-01   4.281140E-01   1.712650E-01   3.797190E-01         1
    28  504  489  488   1.712650E-01   4.339650E-01   1.712650E-01   3.797190E-01   2.135150E-01   4.281140E-01         1
    29  454  471  472   2.555390E-01   3.683500E-01   2.555390E-01   4.209710E-01   2.135150E-01   3.746000E-01         1
    30  488  472  471   2.135150E-01   4.281140E-01   2.135150E-01   3.746000E-01   2.555390E-01   4.209710E-01         1
    31  435  453  454   2.973350E-01   3.609680E-01   2.973350E-01   4.125350E-01   2.555390E-01   3.683500E-01         1
    32  471  454  453   2.555390E-01   4.209710E-01   2.555390E-01   3.683500E-01   2.973350E-01   4.125350E-01         1
    33  416  434  435   3.389060E-01   3.524560E-01   3.389060E-01   4.028070E-01   2.973350E-01   3.609680E-01         1
    34  453  435  434   2.973350E-01   4.125350E-01   2.973350E-01   3.609680E-01   3.389060E-01   4.028070E-01         1
    35  397  415  416   3.802500E-01   3.428140E-01   3.802500E-01   3.917870E-01   3.389060E-01   3.524560E-01         1
    36  434  416  415   3.389060E-01   4.028070E-01   3.389060E-01   3.524560E-01   3.802500E-01   3.917870E-01         1
    37  521  534  535   4.315600E-02   3.328220E-01   4.315600E-02   3.882930E-01   0.000000E+00   3.333330E-01         1
    38  547  535  534   0.000000E+00   3.888890E-01   0.000000E+00   3.333330E-01   4.315600E-02   3.882930E-01         1
    39  506  520  521   8.608550E-02   3.313420E-01   8.608550E-02   3.865660E-01   4.315600E-02   3.328220E-01         1
    40  534  521  520   4.315600E-02   3.882930E-01   4.315600E-02   3.328220E-01   8.608550E-02   3.865660E-01         1
    41  490  505  506   1.287890E-01   3.288930E-01   1.287890E-01   3.837080E-01   8.608550E-02   3.313420E-01         1
    42  520  506  505   8.608550E-02   3.865660E-01   8.608550E-02   3.313420E-01   1.287890E-01   3.837080E-01         1
    43  473  489  490   1.712650E-01   3.254740E-01   1.712650E-01   3.797190E-01   1.287890E-01   3.288930E-01         1
    44  505  490  489   1.287890E-01   3.837080E-01   1.287890E-01   3.288930E-01   1.712650E-01   3.797190E-01         1
    45  455  472  473   2.135150E-01   3.210860E-01   2.135150E-01   3.746000E-01   1.712650E-01   3.254740E-01         1
    46  489  473  472   1.712650E-01   3.797190E-01   1.712650E-01   3.254740E-01   2.135150E-01   3.746000E-01         1
    47  436  454  455   2.555390E-01   3.157280E-01   2.555390E-01   3.683500E-01   2.135150E-01   3.210860E-01         1
    48  472  455  454   2.135150E-01   3.746000E-01   2.135150E-01   3.210860E-01   2.555390E-01   3.683500E-01         1
    49  417  435  436   2.973350E-01   3.094020E-01   2.973350E-01   3.609680E-01   2.555390E-01   3.157280E-01         1
    50  454  436  435   2.555390E-01   3.683500E-01   2.555390E-01   3.157280E-01   2.973350E-01   3.609680E-01         1
    51  398  416  417   3.389060E-01   3.021060E-01   3.389060E-01   3.524560E-01   2.973350E-01   3.094020E-01         1
    52  435  417  416   2.973350E-01   3.609680E-01   2.973350E-01   3.094020E-01   3.389060E-01   3.524560E-01         1
    53  379  397  398   3.802500E-01   2.938400E-01   3.802500E-01   3.428140E-01   3.389060E-01   3.021060E-01         1
    54  416  398  397   3.389060E-01   3.524560E-01   3.389060E-01   3.021060E-01   3.802500E-01   3.428140E-01         1
    55  507  521  522   4.315600E-02   2.773520E-01   4.315600E-02   3.328220E-01   0.000000E+00   2.777780E-01         1
    56  535  522  521   0.000000E+00   3.333330E-01   0.000000E+00   2.777780E-01   4.315600E-02   3.328220E-01         1
    57  491  506  507   8.608550E-02   2.761190E-01   8.608550E-02   3.313420E-01   4.315600E-02   2.773520E-01         1
    58  521  507  506   4.315600E-02   3.328220E-01   4.315600E-02   2.773520E-01   8.608550E-02   3.313420E-01         1
    59  474  490  491   1.287890E-01   2.740770E-01   1.287890E-01   3.288930E-01   8.608550E-02   2.761190E-01         1
    60  506  491  490   8.608550E-02   3.313420E-01   8.608550E-02   2.761190E-01   1.287890E-01   3.288930E-01         1
    61  456  473  474   1.712650E-01   2.712280E-01   1.712650E-01   3.254740E-01   1.287890E-01   2.740770E-01         1
    62  490  474  473   1.287890E-01   3.288930E-01   1.287890E-01   2.740770E-01   1.712650E-01   3.254740E-01         1
    63  437  455  456   2.135150E-01   2.675710E-01   2.135150E-01   3.210860E-01   1.712650E-01   2.712280E-01         1
    64  473  456  455   1.712650E-01   3.254740E-01   1.712650E-01   2.712280E-01   2.135150E-01   3.210860E-01         1
    65  418  436  437   2.555390E-01   2.631070E-01   2.555390E-01   3.157280E-01   2.135150E-01   2.675710E-01         1
    66  455  437  436   2.135150E-01   3.210860E-01   2.135150E-01   2.675710E-01   2.555390E-01   3.157280E-01         1
    67  399  417  418   2.973350E-01   2.578350E-01   2.973350E-01   3.094020E-01   2.555390E-01   2.631070E-01         1
    68  436  418  417   2.555390E-01   3.157280E-01   2.555390E-01   2.631070E-01   2.973350E-01   3.094020E-01         1
    69  380  398  399   3.389060E-01   2.517550E-01   3.389060E-01   3.021060E-01   2.973350E-01   2.578350E-01         1
    70  417  399  398   2.973350E-01   3.094020E-01   2.973350E-01   2.578350E-01   3.389060E-01   3.021060E-01         1
    71  361  379  380   3.802500E-01   2.448670E-01   3.802500E-01   2.938400E-01   3.389060E-01   2.517550E-01         1
    72  398  380  379   3.389060E-01   3.021060E-01   3.389060E-01   2.517550E-01   3.802500E-01   2.938400E-01         1
    73  492  507  508   4.315600E-02   2.218820E-01   4.315600E-02   2.773520E-01   0.000000E+00   2.222220E-01         1
    74  522  508  507   0.000000E+00   2.777780E-01   0.000000E+00   2.222220E-01   4.315600E-02   2.773520E-01         1
    75  475  491  492   8.608550E-02   2.208950E-01   8.608550E-02   2.761190E-01   4.315600E-02   2.218820E-01         1
    76  507  492  491   4.315600E-02   2.773520E-01   4.315600E-02   2.218820E-01   8.608550E-02   2.761190E-01         1
    77  457  474  475   1.287890E-01   2.192620E-01   1.287890E-01   2.740770E-01   8.608550E-02   2.208950E-01         1
    78  491  475  474   8.608550E-02   2.761190E-01   8.608550E-02   2.208950E-01   1.287890E-01   2.740770E-01         1
    79  438  456  457   1.712650E-01   2.169830E-01   1.712650E-01   2.712280E-01   1.287890E-01   2.192620E-01         1
    80  474  457  456   1.287890E-01   2.740770E-01   1.287890E-01   2.192620E-01   1.712650E-01   2.712280E-01         1
    81  419  437  438   2.135150E-01   2.140570E-01   2.135150E-01   2.675710E-01   1.712650E-01   2.169830E-01         1
    82  456  438  437   1.712650E-01   2.712280E-01   1.712650E-01   2.169830E-01   2.135150E-01   2.675710E-01         1
    83  400  418  419   2.555390E-01   2.104860E-01   2.555390E-01   2.631070E-01   2.135150E-01   2.140570E-01         1
    84  437  419  418   2.135150E-01   2.675710E-01   2.135150E-01   2.140570E-01   2.555390E-01   2.631070E-01         1
    85  381  399  400   2.973350E-01   2.062680E-01   2.973350E-01   2.578350E-01   2.555390E-01   2.104860E-01         1
    86  418  400  399   2.555390E-01   2.631070E-01   2.555390E-01   2.104860E-01   2.973350E-01   2.578350E-01         1
    87  362  380  381   3.389060E-01   2.014040E-01   3.389060E-01   2.517550E-01   2.973350E-01   2.062680E-01         1
    88  399  381  380   2.973350E-01   2.578350E-01   2.973350E-01   2.062680E-01   3.389060E-01   2.517550E-01         1
    89  343  361  362   3.802500E-01   1.958940E-01   3.802500E-01   2.448670E-01   3.389060E-01   2.014040E-01         1
    90  380  362  361   3.389060E-01   2.517550E-01   3.389060E-01   2.014040E-01   3.802500E-01   2.448670E-01         1
    91  476  492  493   4.315600E-02   1.664110E-01   4.315600E-02   2.218820E-01   0.000000E+00   1.666670E-01         1
    92  508  493  492   0.000000E+00   2.222220E-01   0.000000E+00   1.666670E-01   4.315600E-02   2.218820E-01         1
    93  458  475  476   8.608550E-02   1.656710E-01   8.608550E-02   2.208950E-01   4.315600E-02   1.664110E-01         1
    94  492  476  475   4.315600E-02   2.218820E-01   4.315600E-02   1.664110E-01   8.608550E-02   2.208950E-01         1
    95  439  457  458   1.287890E-01   1.644460E-01   1.287890E-01   2.192620E-01   8.608550E-02   1.656710E-01         1
    96  475  458  457   8.608550E-02   2.208950E-01   8.608550E-02   1.656710E-01   1.287890E-01   2.192620E-01         1
    97  420  438  439   1.712650E-01   1.627370E-01   1.712650E-01   2.169830E-01   1.287890E-01   1.644460E-01         1
    98  457  439  438   1.287890E-01   2.192620E-01   1.287890E-01   1.644460E-01   1.712650E-01   2.169830E-01         1
    99  401  419  420   2.135150E-01   1.605430E-01   2.135150E-01   2.140570E-01   1.712650E-01   1.627370E-01         1
   100  438  420  419   1.712650E-01   2.169830E-01   1.712650E-01   1.627370E-01   2.135150E-01   2.140570E-01         1
   101  382  400  401   2.555390E-01   1.578640E-01   2.555390E-01   2.104860E-01   2.135150E-01   1.605430E-01         1
   102  419  401  400   2.135150E-01   2.140570E-01   2.135150E-01   1.605430E-01   2.555390E-01   2.104860E-01         1
   103  363  381  382   2.973350E-01   1.547010E-01   2.973350E-01   2.062680E-01   2.555390E-01   1.578640E-01         1
   104  400  382  381   2.555390E-01   2.104860E-01   2.555390E-01   1.578640E-01   2.973350E-01   2.062680E-01         1
   105  344  362  363   3.389060E-01   1.510530E-01   3.389060E-01   2.014040E-01   2.973350E-01   1.547010E-01         1
   106  381  363  362   2.973350E-01   2.062680E-01   2.973350E-01   1.547010E-01   3.389060E-01   2.014040E-01         1
   107  325  343  344   3.802500E-01   1.469200E-01   3.802500E-01   1.958940E-01   3.389060E-01   1.510530E-01         1
   108  362  344  343   3.389060E-01   2.014040E-01   3.389060E-01   1.510530E-01   3.802500E-01   1.958940E-01         1
   109  459  476  477   4.315600E-02   1.109410E-01   4.315600E-02   1.664110E-01   0.000000E+00   1.111110E-01         1
   110  493  477  476   0.000000E+00   1.666670E-01   0.000000E+00   1.111110E-01   4.315600E-02   1.664110E-01         1
   111  440  458  459   8.608550E-02   1.104470E-01   8.608550E-02   1.656710E-01   4.315600E-02   1.109410E-01         1
   112  476  459  458   4.315600E-02   1.664110E-01   4.315600E-02   1.109410E-01   8.608550E-02   1.656710E-01         1
   113  421  439  440   1.287890E-01   1.096310E-01   1.287890E-01   1.644460E-01   8.608550E-02   1.104470E-01         1
   114  458  440  439   8.608550E-02   1.656710E-01   8.608550E-02   1.104470E-01   1.287890E-01   1.644460E-01         1
   115  402  420  421   1.712650E-01   1.084910E-01   1.712650E-01   1.627370E-01   1.287890E-01   1.096310E-01         1
   116  439  421  420   1.287890E-01   1.644460E-01   1.287890E-01   1.096310E-01   1.712650E-01   1.627370E-01         1
   117  383  401  402   2.135150E-01   1.070290E-01   2.135150E-01   1.605430E-01   1.712650E-01   1.084910E-01         1
   118  420  402  401   1.712650E-01   1.627370E-01   1.712650E-01   1.084910E-01   2.135150E-01   1.605430E-01         1
   119  364  382  383   2.555390E-01   1.052430E-01   2.555390E-01   1.578640E-01   2.135150E-01   1.070290E-01         1
   120  401  383  382   2.135150E-01   1.605430E-01   2.135150E-01   1.070290E-01   2.555390E-01   1.578640E-01         1
   121  345  363  364   2.973350E-01   1.031340E-01   2.973350E-01   1.547010E-01   2.555390E-01   1.052430E-01         1
   122  382  364  363   2.555390E-01   1.578640E-01   2.555390E-01   1.052430E-01   2.973350E-01   1.547010E-01         1
   123  326  344  345   3.389060E-01   1.007020E-01   3.389060E-01   1.510530E-01   2.973350E-01   1.031340E-01         1
   124  363  345  344   2.973350E-01   1.547010E-01   2.973350E-01   1.031340E-01   3.389060E-01   1.510530E-01         1
   125  307  325  326   3.802500E-01   9.794670E-02   3.802500E-01   1.469200E-01   3.389060E-01   1.007020E-01         1
   126  344  326  325   3.389060E-01   1.510530E-01   3.389060E-01   1.007020E-01   3.802500E-01   1.469200E-01         1
   127  441  459  460   4.315600E-02   5.547040E-02   4.315600E-02   1.109410E-01   0.000000E+00   5.555560E-02         1
   128  477  460  459   0.000000E+00   1.111110E-01   0.000000E+00   5.555560E-02   4.315600E-02   1.109410E-01         1
   129  422  440  441   8.608550E-02   5.522370E-02   8.608550E-02   1.104470E-01   4.315600E-02   5.547040E-02         1
   130  459  441  440   4.315600E-02   1.109410E-01   4.315600E-02   5.547040E-02   8.608550E-02   1.104470E-01         1
   131  403  421  422   1.287890E-01   5.481540E-02   1.287890E-01   1.096310E-01   8.608550E-02   5.522370E-02         1
   132  440  422  421   8.608550E-02   1.104470E-01   8.608550E-02   5.522370E-02   1.287890E-01   1.096310E-01         1
   133  384  402  403   1.712650E-01   5.424560E-02   1.712650E-01   1.084910E-01   1.287890E-01   5.481540E-02         1
   134  421  403  402   1.287890E-01   1.096310E-01   1.287890E-01   5.481540E-02   1.712650E-01   1.084910E-01         1
   135  365  383  384   2.135150E-01   5.351430E-02   2.135150E-01   1.070290E-01   1.712650E-01   5.424560E-02         1
   136  402  384  383   1.712650E-01   1.084910E-01   1.712650E-01   5.424560E-02   2.135150E-01   1.070290E-01         1
   137  346  364  365   2.555390E-01   5.262140E-02   2.555390E-01   1.052430E-01   2.135150E-01   5.351430E-02         1
   138  383  365  364   2.135150E-01   1.070290E-01   2.135150E-01   5.351430E-02   2.555390E-01   1.052430E-01         1
   139  327  345  346   2.973350E-01   5.156690E-02   2.973350E-01   1.031340E-01   2.555390E-01   5.262140E-02         1
   140  364  346  345   2.555390E-01   1.052430E-01   2.555390E-01   5.262140E-02   2.973350E-01   1.031340E-01         1
   141  308  326  327   3.389060E-01   5.035090E-02   3.389060E-01   1.007020E-01   2.973350E-01   5.156690E-02         1
   142  345  327  326   2.973350E-01   1.031340E-01   2.973350E-01   5.156690E-02   3.389060E-01   1.007020E-01         1
   143  289  307  308   3.802500E-01   4.897340E-02   3.802500E-01   9.794670E-02   3.389060E-01   5.035090E-02         1
   144  326  308  307   3.389060E-01   1.007020E-01   3.389060E-01   5.035090E-02   3.802500E-01   9.794670E-02         1
   145  423  441  442   4.315600E-02   0.000000E+00   4.315600E-02   5.547040E-02   0.000000E+00   0.000000E+00         1
   146  460  442  441   0.000000E+00   5.555560E-02   0.000000E+00   0.000000E+00   4.315600E-02   5.547040E-02         1
   147  404  422  423   8.608550E-02   0.000000E+00   8.608550E-02   5.522370E-02   4.315600E-02   0.000000E+00         1
   148  441  423  422   4.315600E-02   5.547040E-02   4.315600E-02   0.000000E+00   8.608550E-02   5.522370E-02         1
   149  385  403  404   1.287890E-01   0.000000E+00   1.287890E-01   5.481540E-02   8.608550E-02   0.000000E+00         1
   150  422  404  403   8.608550E-02   5.522370E-02   8.608550E-02   0.000000E+00   1.287890E-01   5.481540E-02         1
   151  366  384  385   1.712650E-01   0.000000E+00   1.712650E-01   5.424560E-02   1.287890E-01   0.000000E+00         1
   152  403  385  384   1.287890E-01   5.481540E-02   1.287890E-01   0.000000E+00   1.712650E-01   5.424560E-02         1
   153  347  365  366   2.135150E-01   0.000000E+00   2.135150E-01   5.351430E-02   1.712650E-01   0.000000E+00         1
   154  384  366  365   1.712650E-01   5.424560E-02   1.712650E-01   0.000000E+00   2.135150E-01   5.351430E-02         1
   155  328  346  347   2.555390E-01   0.000000E+00   2.555390E-01   5.262140E-02   2.135150E-01   0.000000E+00         1
   156  365  347  346   2.135150E-01   5.351430E-02   2.135150E-01   0.000000E+00   2.555390E-01   5.262140E-02         1
   157  309  327  328   2.973350E-01   0.000000E+00   2.973350E-01   5.156690E-02   2.555390E-01   0.000000E+00         1
   158  346  328  327   2.555390E-01   5.262140E-02   2.555390E-01   0.000000E+00   2.973350E-01   5.156690E-02         1
   159  290  308  309   3.389060E-01   0.000000E+00   3.389060E-01   5.035090E-02   2.973350E-01   0.000000E+00         1
   160  327  309  308   2.973350E-01   5.156690E-02   2.973350E-01   0.000000E+00   3.389060E-01   5.035090E-02         1
   161  271  289  290   3.802500E-01   0.000000E+00   3.802500E-01   4.897340E-02   3.389060E-01   0.000000E+00         1
   162  308  290  289   3.389060E-01   5.035090E-02   3.389060E-01   0.000000E+00   3.802500E-01   4.897340E-02         1
   163  396  414  415   4.262000E-01   3.799370E-01   4.211270E-01   4.269020E-01   3.802500E-01   3.917870E-01         1
   164  433  415  414   3.802500E-01   4.407600E-01   3.802500E-01   3.917870E-01   4.211270E-01   4.269020E-01         1
   165  377  395  396   4.711890E-01   3.669170E-01   4.613470E-01   4.117280E-01   4.262000E-01   3.799370E-01         1
   166  414  396  395   4.211270E-01   4.269020E-01   4.262000E-01   3.799370E-01   4.613470E-01   4.117280E-01         1
   167  358  376  377   5.152160E-01   3.527270E-01   5.009090E-01   3.952370E-01   4.711890E-01   3.669170E-01         1
   168  395  377  376   4.613470E-01   4.117280E-01   4.711890E-01   3.669170E-01   5.009090E-01   3.952370E-01         1
   169  339  357  358   5.582820E-01   3.373670E-01   5.398120E-01   3.774310E-01   5.152160E-01   3.527270E-01         1
   170  376  358  357   5.009090E-01   3.952370E-01   5.152160E-01   3.527270E-01   5.398120E-01   3.774310E-01         1
   171  320  338  339   6.003850E-01   3.208370E-01   5.780570E-01   3.583080E-01   5.582820E-01   3.373670E-01         1
   172  357  339  338   5.398120E-01   3.774310E-01   5.582820E-01   3.373670E-01   5.780570E-01   3.583080E-01         1
   173  301  319  320   6.415270E-01   3.031380E-01   6.156450E-01   3.378690E-01   6.003850E-01   3.208370E-01         1
   174  338  320  319   5.780570E-01   3.583080E-01   6.003850E-01   3.208370E-01   6.156450E-01   3.378690E-01         1
   175  282  300  301   6.817080E-01   2.842680E-01   6.525740E-01   3.161140E-01   6.415270E-01   3.031380E-01         1
   176  319  301  300   6.156450E-01   3.378690E-01   6.415270E-01   3.031380E-01   6.525740E-01   3.161140E-01         1
   177  263  281  282   7.209260E-01   2.642290E-01   6.888450E-01   2.930430E-01   6.817080E-01   2.842680E-01         1
   178  300  282  281   6.525740E-01   3.161140E-01   6.817080E-01   2.842680E-01   6.888450E-01   2.930430E-01         1
   179  244  262  263   7.591830E-01   2.430200E-01   7.244580E-01   2.686560E-01   7.209260E-01   2.642290E-01         1
   180  281  263  262   6.888450E-01   2.930430E-01   7.209260E-01   2.642290E-01   7.244580E-01   2.686560E-01         1
   181  378  396  397   4.311590E-01   3.328540E-01   4.262000E-01   3.799370E-01   3.802500E-01   3.428140E-01         1
   182  415  397  396   3.802500E-01   3.917870E-01   3.802500E-01   3.428140E-01   4.262000E-01   3.799370E-01         1
   183  359  377  378   4.808030E-01   3.218720E-01   4.711890E-01   3.669170E-01   4.311590E-01   3.328540E-01         1
   184  396  378  377   4.262000E-01   3.799370E-01   4.311590E-01   3.328540E-01   4.711890E-01   3.669170E-01         1
   185  340  358  359   5.291820E-01   3.098650E-01   5.152160E-01   3.527270E-01   4.808030E-01   3.218720E-01         1
   186  377  359  358   4.711890E-01   3.669170E-01   4.808030E-01   3.218720E-01   5.152160E-01   3.527270E-01         1
   187  321  339  340   5.762950E-01   2.968350E-01   5.582820E-01   3.373670E-01   5.291820E-01   3.098650E-01         1
   188  358  340  339   5.152160E-01   3.527270E-01   5.291820E-01   3.098650E-01   5.582820E-01   3.373670E-01         1
   189  302  320  321   6.221430E-01   2.827810E-01   6.003850E-01   3.208370E-01   5.762950E-01   2.968350E-01         1
   190  339  321  320   5.582820E-01   3.373670E-01   5.762950E-01   2.968350E-01   6.003850E-01   3.208370E-01         1
   191  283  301  302   6.667250E-01   2.677040E-01   6.415270E-01   3.031380E-01   6.221430E-01   2.827810E-01         1
   192  320  302  301   6.003850E-01   3.208370E-01   6.221430E-01   2.827810E-01   6.415270E-01   3.031380E-01         1
   193  264  282  283   7.100420E-01   2.516030E-01   6.817080E-01   2.842680E-01   6.667250E-01   2.677040E-01         1
   194  301  283  282   6.415270E-01   3.031380E-01   6.667250E-01   2.677040E-01   6.817080E-01   2.842680E-01         1
   195  245  263  264   7.520940E-01   2.344780E-01   7.209260E-01   2.642290E-01   7.100420E-01   2.516030E-01         1
   196  282  264  263   6.817080E-01   2.842680E-01   7.100420E-01   2.516030E-01   7.209260E-01   2.642290E-01         1
   197  227  244  245   7.928800E-01   2.163300E-01   7.591830E-01   2.430200E-01   7.520940E-01   2.344780E-01         1
   198  263  245  244   7.209260E-01   2.642290E-01   7.520940E-01   2.344780E-01   7.591830E-01   2.430200E-01         1
   199  360  378  379   4.360040E-01   2.856550E-01   4.311590E-01   3.328540E-01   3.802500E-01   2.938400E-01         1
   200  397  379  378   3.802500E-01   3.428140E-01   3.802500E-01   2.938400E-01   4.311590E-01   3.328540E-01         1
   201  341  359  360   4.901890E-01   2.765920E-01   4.808030E-01   3.218720E-01   4.360040E-01   2.856550E-01         1
   202  378  360  359   4.311590E-01   3.328540E-01   4.360040E-01   2.856550E-01   4.808030E-01   3.218720E-01         1
   203  322  340  341   5.428050E-01   2.666520E-01   5.291820E-01   3.098650E-01   4.901890E-01   2.765920E-01         1
   204  359  341  340   4.808030E-01   3.218720E-01   4.901890E-01   2.765920E-01   5.291820E-01   3.098650E-01         1
   205  303  321  322   5.938520E-01   2.558350E-01   5.762950E-01   2.968350E-01   5.428050E-01   2.666520E-01         1
   206  340  322  321   5.291820E-01   3.098650E-01   5.428050E-01   2.666520E-01   5.762950E-01   2.968350E-01         1
   207  284  302  303   6.433300E-01   2.441400E-01   6.221430E-01   2.827810E-01   5.938520E-01   2.558350E-01         1
   208  321  303  302   5.762950E-01   2.968350E-01   5.938520E-01   2.558350E-01   6.221430E-01   2.827810E-01         1
   209  265  283  284   6.912380E-01   2.315680E-01   6.667250E-01   2.677040E-01   6.433300E-01   2.441400E-01         1
   210  302  284  283   6.221430E-01   2.827810E-01   6.433300E-01   2.441400E-01   6.667250E-01   2.677040E-01         1
   211  246  264  265   7.375780E-01   2.181180E-01   7.100420E-01   2.516030E-01   6.912380E-01   2.315680E-01         1
   212  283  265  264   6.667250E-01   2.677040E-01   6.912380E-01   2.315680E-01   7.100420E-01   2.516030E-01         1
   213  228  245  246   7.823490E-01   2.037910E-01   7.520940E-01   2.344780E-01   7.375780E-01   2.181180E-01         1
   214  264  246  245   7.100420E-01   2.516030E-01   7.375780E-01   2.181180E-01   7.520940E-01   2.344780E-01         1
   215  211  227  228   8.255510E-01   1.885860E-01   7.928800E-01   2.163300E-01   7.823490E-01   2.037910E-01         1
   216  245  228  227   7.520940E-01   2.344780E-01   7.823490E-01   2.037910E-01   7.928800E-01   2.163300E-01         1
   217  342  360  361   4.407340E-01   2.383390E-01   4.360040E-01   2.856550E-01   3.802500E-01   2.448670E-01         1
   218  379  361  360   3.802500E-01   2.938400E-01   3.802500E-01   2.448670E-01   4.360040E-01   2.856550E-01         1
   219  323  341  342   4.993460E-01   2.310790E-01   4.901890E-01   2.765920E-01   4.407340E-01   2.383390E-01         1
   220  360  342  341   4.360040E-01   2.856550E-01   4.407340E-01   2.383390E-01   4.901890E-01   2.765920E-01         1
   221  304  322  323   5.560850E-01   2.230880E-01   5.428050E-01   2.666520E-01   4.993460E-01   2.310790E-01         1
   222  341  323  322   4.901890E-01   2.765920E-01   4.993460E-01   2.310790E-01   5.428050E-01   2.666520E-01         1
   223  285  303  304   6.109520E-01   2.143660E-01   5.938520E-01   2.558350E-01   5.560850E-01   2.230880E-01         1
   224  322  304  303   5.428050E-01   2.666520E-01   5.560850E-01   2.230880E-01   5.938520E-01   2.558350E-01         1
   225  266  284  285   6.639460E-01   2.049130E-01   6.433300E-01   2.441400E-01   6.109520E-01   2.143660E-01         1
   226  303  285  284   5.938520E-01   2.558350E-01   6.109520E-01   2.143660E-01   6.433300E-01   2.441400E-01         1
   227  247  265  266   7.150670E-01   1.947290E-01   6.912380E-01   2.315680E-01   6.639460E-01   2.049130E-01         1
   228  284  266  265   6.433300E-01   2.441400E-01   6.639460E-01   2.049130E-01   6.912380E-01   2.315680E-01         1
   229  229  246  247   7.643150E-01   1.838140E-01   7.375780E-01   2.181180E-01   7.150670E-01   1.947290E-01         1
   230  265  247  246   6.912380E-01   2.315680E-01   7.150670E-01   1.947290E-01   7.375780E-01   2.181180E-01         1
   231  212  228  229   8.116910E-01   1.721670E-01   7.823490E-01   2.037910E-01   7.643150E-01   1.838140E-01         1
   232  246  229  228   7.375780E-01   2.181180E-01   7.643150E-01   1.838140E-01   7.823490E-01   2.037910E-01         1
   233  196  211  212   8.571940E-01   1.597890E-01   8.255510E-01   1.885860E-01   8.116910E-01   1.721670E-01         1
   234  228  212  211   7.823490E-01   2.037910E-01   8.116910E-01   1.721670E-01   8.255510E-01   1.885860E-01         1
   235  324  342  343   4.453510E-01   1.909050E-01   4.407340E-01   2.383390E-01   3.802500E-01   1.958940E-01         1
   236  361  343  342   3.802500E-01   2.448670E-01   3.802500E-01   1.958940E-01   4.407340E-01   2.383390E-01         1
   237  305  323  324   5.082750E-01   1.853310E-01   4.993460E-01   2.310790E-01   4.453510E-01   1.909050E-01         1
   238  342  324  323   4.407340E-01   2.383390E-01   4.453510E-01   1.909050E-01   4.993460E-01   2.310790E-01         1
   239  286  304  305   5.690230E-01   1.791730E-01   5.560850E-01   2.230880E-01   5.082750E-01   1.853310E-01         1
   240  323  305  304   4.993460E-01   2.310790E-01   5.082750E-01   1.853310E-01   5.560850E-01   2.230880E-01         1
   241  267  285  286   6.275950E-01   1.724300E-01   6.109520E-01   2.143660E-01   5.690230E-01   1.791730E-01         1
   242  304  286  285   5.560850E-01   2.230880E-01   5.690230E-01   1.791730E-01   6.109520E-01   2.143660E-01         1
   243  248  266  267   6.839910E-01   1.651010E-01   6.639460E-01   2.049130E-01   6.275950E-01   1.724300E-01         1
   244  285  267  266   6.109520E-01   2.143660E-01   6.275950E-01   1.724300E-01   6.639460E-01   2.049130E-01         1
   245  230  247  248   7.382100E-01   1.571880E-01   7.150670E-01   1.947290E-01   6.839910E-01   1.651010E-01         1
   246  266  248  247   6.639460E-01   2.049130E-01   6.839910E-01   1.651010E-01   7.150670E-01   1.947290E-01         1
   247  213  229  230   7.902530E-01   1.486900E-01   7.643150E-01   1.838140E-01   7.382100E-01   1.571880E-01         1
   248  247  230  229   7.150670E-01   1.947290E-01   7.382100E-01   1.571880E-01   7.643150E-01   1.838140E-01         1
   249  197  212  213   8.401190E-01   1.396070E-01   8.116910E-01   1.721670E-01   7.902530E-01   1.486900E-01         1
   250  229  213  212   7.643150E-01   1.838140E-01   7.902530E-01   1.486900E-01   8.116910E-01   1.721670E-01         1
   251  182  196  197   8.878100E-01   1.299380E-01   8.571940E-01   1.597890E-01   8.401190E-01   1.396070E-01         1
   252  212  197  196   8.116910E-01   1.721670E-01   8.401190E-01   1.396070E-01   8.571940E-01   1.597890E-01         1
   253  306  324  325   4.498530E-01   1.433540E-01   4.453510E-01   1.909050E-01   3.802500E-01   1.469200E-01         1
   254  343  325  324   3.802500E-01   1.958940E-01   3.802500E-01   1.469200E-01   4.453510E-01   1.909050E-01         1
   255  287  305  306   5.169760E-01   1.393500E-01   5.082750E-01   1.853310E-01   4.498530E-01   1.433540E-01         1
   256  324  306  305   4.453510E-01   1.909050E-01   4.498530E-01   1.433540E-01   5.082750E-01   1.853310E-01         1
   257  268  286  287   5.816190E-01   1.349070E-01   5.690230E-01   1.791730E-01   5.169760E-01   1.393500E-01         1
   258  305  287  286   5.082750E-01   1.853310E-01   5.169760E-01   1.393500E-01   5.690230E-01   1.791730E-01         1
   259  249  267  268   6.437820E-01   1.300250E-01   6.275950E-01   1.724300E-01   5.816190E-01   1.349070E-01         1
   260  286  268  267   5.690230E-01   1.791730E-01   5.816190E-01   1.349070E-01   6.275950E-01   1.724300E-01         1
   261  231  248  249   7.034650E-01   1.247040E-01   6.839910E-01   1.651010E-01   6.437820E-01   1.300250E-01         1
   262  267  249  248   6.275950E-01   1.724300E-01   6.437820E-01   1.300250E-01   6.839910E-01   1.651010E-01         1
   263  214  230  231   7.606690E-01   1.189450E-01   7.382100E-01   1.571880E-01   7.034650E-01   1.247040E-01         1
   264  248  231  230   6.839910E-01   1.651010E-01   7.034650E-01   1.247040E-01   7.382100E-01   1.571880E-01         1
   265  198  213  214   8.153920E-01   1.127470E-01   7.902530E-01   1.486900E-01   7.606690E-01   1.189450E-01         1
   266  230  214  213   7.382100E-01   1.571880E-01   7.606690E-01   1.189450E-01   7.902530E-01   1.486900E-01         1
   267  183  197  198   8.676350E-01   1.061100E-01   8.401190E-01   1.396070E-01   8.153920E-01   1.127470E-01         1
   268  213  198  197   7.902530E-01   1.486900E-01   8.153920E-01   1.127470E-01   8.401190E-01   1.396070E-01         1
   269  169  182  183   9.173980E-01   9.903420E-02   8.878100E-01   1.299380E-01   8.676350E-01   1.061100E-01         1
   270  197  183  182   8.401190E-01   1.396070E-01   8.676350E-01   1.061100E-01   8.878100E-01   1.299380E-01         1
   271  288  306  307   4.542410E-01   9.568660E-02   4.498530E-01   1.433540E-01   3.802500E-01   9.794670E-02         1
   272  325  307  306   3.802500E-01   1.469200E-01   3.802500E-01   9.794670E-02   4.498530E-01   1.433540E-01         1
   273  269  287  288   5.254490E-01   9.313400E-02   5.169760E-01   1.393500E-01   4.542410E-01   9.568660E-02         1
   274  306  288  287   4.498530E-01   1.433540E-01   4.542410E-01   9.568660E-02   5.169760E-01   1.393500E-01         1
   275  250  268  269   5.938720E-01   9.028890E-02   5.816190E-01   1.349070E-01   5.254490E-01   9.313400E-02         1
   276  287  269  268   5.169760E-01   1.393500E-01   5.254490E-01   9.313400E-02   5.816190E-01   1.349070E-01         1
   277  232  249  250   6.595130E-01   8.715130E-02   6.437820E-01   1.300250E-01   5.938720E-01   9.028890E-02         1
   278  268  250  249   5.816190E-01   1.349070E-01   5.938720E-01   9.028890E-02   6.437820E-01   1.300250E-01         1
   279  215  231  232   7.223690E-01   8.372130E-02   7.034650E-01   1.247040E-01   6.595130E-01   8.715130E-02         1
   280  249  232  231   6.437820E-01   1.300250E-01   6.595130E-01   8.715130E-02   7.034650E-01   1.247040E-01         1
   281  199  214  215   7.824420E-01   7.999870E-02   7.606690E-01   1.189450E-01   7.223690E-01   8.372130E-02         1
   282  231  215  214   7.034650E-01   1.247040E-01   7.223690E-01   8.372130E-02   7.606690E-01   1.189450E-01         1
   283  184  198  199   8.397320E-01   7.598380E-02   8.153920E-01   1.127470E-01   7.824420E-01   7.999870E-02         1
   284  214  199  198   7.606690E-01   1.189450E-01   7.824420E-01   7.999870E-02   8.153920E-01   1.127470E-01         1
   285  170  183  184   8.942370E-01   7.167630E-02   8.676350E-01   1.061100E-01   8.397320E-01   7.598380E-02         1
   286  198  184  183   8.153920E-01   1.127470E-01   8.397320E-01   7.598380E-02   8.676350E-01   1.061100E-01         1
   287  157  169  170   9.459590E-01   6.707640E-02   9.173980E-01   9.903420E-02   8.942370E-01   7.167630E-02         1
   288  183  170  169   8.676350E-01   1.061100E-01   8.942370E-01   7.167630E-02   9.173980E-01   9.903420E-02         1
   289  270  288  289   4.585150E-01   4.790180E-02   4.542410E-01   9.568660E-02   3.802500E-01   4.897340E-02         1
   290  307  289  288   3.802500E-01   9.794670E-02   3.802500E-01   4.897340E-02   4.542410E-01   9.568660E-02         1
   291  251  269  270   5.336930E-01   4.668400E-02   5.254490E-01   9.313400E-02   4.585150E-01   4.790180E-02         1
   292  288  270  269   4.542410E-01   9.568660E-02   4.585150E-01   4.790180E-02   5.254490E-01   9.313400E-02         1
   293  233  250  251   6.057830E-01   4.532000E-02   5.938720E-01   9.028890E-02   5.336930E-01   4.668400E-02         1
   294  269  251  250   5.254490E-01   9.313400E-02   5.336930E-01   4.668400E-02   5.938720E-01   9.028890E-02         1
   295  216  232  233   6.747870E-01   4.380980E-02   6.595130E-01   8.715130E-02   6.057830E-01   4.532000E-02         1
   296  250  233  232   5.938720E-01   9.028890E-02   6.057830E-01   4.532000E-02   6.595130E-01   8.715130E-02         1
   297  200  215  216   7.407030E-01   4.215330E-02   7.223690E-01   8.372130E-02   6.747870E-01   4.380980E-02         1
   298  232  216  215   6.595130E-01   8.715130E-02   6.747870E-01   4.380980E-02   7.223690E-01   8.372130E-02         1
   299  185  199  200   8.035310E-01   4.035060E-02   7.824420E-01   7.999870E-02   7.407030E-01   4.215330E-02         1
   300  215  200  199   7.223690E-01   8.372130E-02   7.407030E-01   4.215330E-02   7.824420E-01   7.999870E-02         1
   301  171  184  185   8.632720E-01   3.840160E-02   8.397320E-01   7.598380E-02   8.035310E-01   4.035060E-02         1
   302  199  185  184   7.824420E-01   7.999870E-02   8.035310E-01   4.035060E-02   8.397320E-01   7.598380E-02         1
   303  158  170  171   9.199270E-01   3.630640E-02   8.942370E-01   7.167630E-02   8.632720E-01   3.840160E-02         1
   304  184  171  170   8.397320E-01   7.598380E-02   8.632720E-01   3.840160E-02   8.942370E-01   7.167630E-02         1
   305  146  157  158   9.734930E-01   3.406500E-02   9.459590E-01   6.707640E-02   9.199270E-01   3.630640E-02         1
   306  170  158  157   8.942370E-01   7.167630E-02   9.199270E-01   3.630640E-02   9.459590E-01   6.707640E-02         1
   307  252  270  271   4.626750E-01   0.000000E+00   4.585150E-01   4.790180E-02   3.802500E-01   0.000000E+00         1
   308  289  271  270   3.802500E-01   4.897340E-02   3.802500E-01   0.000000E+00   4.585150E-01   4.790180E-02         1
   309  234  251  252   5.417090E-01   0.000000E+00   5.336930E-01   4.668400E-02   4.626750E-01   0.000000E+00         1
   310  270  252  251   4.585150E-01   4.790180E-02   4.626750E-01   0.000000E+00   5.336930E-01   4.668400E-02         1
   311  217  233  234   6.173520E-01   0.000000E+00   6.057830E-01   4.532000E-02   5.417090E-01   0.000000E+00         1
   312  251  234  233   5.336930E-01   4.668400E-02   5.417090E-01   0.000000E+00   6.057830E-01   4.532000E-02         1
   313  201  216  217   6.896040E-01   0.000000E+00   6.747870E-01   4.380980E-02   6.173520E-01   0.000000E+00         1
   314  233  217  216   6.057830E-01   4.532000E-02   6.173520E-01   0.000000E+00   6.747870E-01   4.380980E-02         1
   315  186  200  201   7.584650E-01   0.000000E+00   7.407030E-01   4.215330E-02   6.896040E-01   0.000000E+00         1
   316  216  201  200   6.747870E-01   4.380980E-02   6.896040E-01   0.000000E+00   7.407030E-01   4.215330E-02         1
   317  172  185  186   8.239350E-01   0.000000E+00   8.035310E-01   4.035060E-02   7.584650E-01   0.000000E+00         1
   318  200  186  185   7.407030E-01   4.215330E-02   7.584650E-01   0.000000E+00   8.035310E-01   4.035060E-02         1
   319  159  171  172   8.860140E-01   0.000000E+00   8.632720E-01   3.840160E-02   8.239350E-01   0.000000E+00         1
   320  185  172  171   8.035310E-01   4.035060E-02   8.239350E-01   0.000000E+00   8.632720E-01   3.840160E-02         1
   321  147  158  159   9.447030E-01   0.000000E+00   9.199270E-01   3.630640E-02   8.860140E-01   0.000000E+00         1
   322  171  159  158   8.632720E-01   3.840160E-02   8.860140E-01   0.000000E+00   9.199270E-01   3.630640E-02         1
   323  136  146  147   1.000000E+00   0.000000E+00   9.734930E-01   3.406500E-02   9.447030E-01   0.000000E+00         1
   324  158  147  146   9.199270E-01   3.630640E-02   9.447030E-01   0.000000E+00   9.734930E-01   3.406500E-02         1
   325  405  423  424   4.315600E-02  -1.111110E-02   4.315600E-02   0.000000E+00   0.000000E+00  -1.111110E-02        -1
   326  442  424  423   0.000000E+00   0.000000E+00   0.000000E+00  -1.111110E-02   4.315600E-02   0.000000E+00        -1
   327  386  404  405   8.608550E-02  -1.111110E-02   8.608550E-02   0.000000E+00   4.315600E-02  -1.111110E-02        -1
   328  423  405  404   4.315600E-02   0.000000E+00   4.315600E-02  -1.111110E-02   8.608550E-02   0.000000E+00        -1
   329  367  385  386   1.287890E-01  -1.111110E-02   1.287890E-01   0.000000E+00   8.608550E-02  -1.111110E-02        -1
   330  404  386  385   8.608550E-02   0.000000E+00   8.608550E-02  -1.111110E-02   1.287890E-01   0.000000E+00        -1
   331  348  366  367   1.712650E-01  -1.111110E-02   1.712650E-01   0.000000E+00   1.287890E-01  -1.111110E-02        -1
   332  385  367  366   1.287890E-01   0.000000E+00   1.287890E-01  -1.111110E-02   1.712650E-01   0.000000E+00        -1
   333  329  347  348   2.135150E-01  -1.111110E-02   2.135150E-01   0.000000E+00   1.712650E-01  -1.111110E-02        -1
   334  366  348  347   1.712650E-01   0.000000E+00   1.712650E-01  -1.111110E-02   2.135150E-01   0.000000E+00        -1
   335  310  328  329   2.555390E-01  -1.111110E-02   2.555390E-01   0.000000E+00   2.135150E-01  -1.111110E-02        -1
   336  347  329  328   2.135150E-01   0.000000E+00   2.135150E-01  -1.111110E-02   2.555390E-01   0.000000E+00        -1
   337  291  309  310   2.973350E-01  -1.111110E-02   2.973350E-01   0.000000E+00   2.555390E-01  -1.111110E-02        -1
   338  328  310  309   2.555390E-01   0.000000E+00   2.555390E-01  -1.111110E-02   2.973350E-01   0.000000E+00        -1
   339  272  290  291   3.389060E-01  -1.111110E-02   3.389060E-01   0.000000E+00   2.973350E-01  -1.111110E-02        -1
   340  309  291  290   2.973350E-01   0.000000E+00   2.973350E-01  -1.111110E-02   3.389060E-01   0.000000E+00        -1
   341  253  271  272   3.802500E-01  -1.111110E-02   3.802500E-01   0.000000E+00   3.389060E-01  -1.111110E-02        -1
   342  290  272  271   3.389060E-01   0.000000E+00   3.389060E-01  -1.111110E-02   3.802500E-01   0.000000E+00        -1
   343  387  405  406   4.315600E-02  -2.222220E-02   4.315600E-02  -1.111110E-02   0.000000E+00  -2.222220E-02        -1
   344  424  406  405   0.000000E+00  -1.111110E-02   0.000000E+00  -2.222220E-02   4.315600E-02  -1.111110E-02        -1
   345  368  386  387   8.608550E-02  -2.222220E-02   8.608550E-02  -1.111110E-02   4.315600E-02  -2.222220E-02        -1
   346  405  387  386   4.315600E-02  -1.111110E-02   4.315600E-02  -2.222220E-02   8.608550E-02  -1.111110E-02        -1
   347  349  367  368   1.287890E-01  -2.222220E-02   1.287890E-01  -1.111110E-02   8.608550E-02  -2.222220E-02        -1
   348  386  368  367   8.608550E-02  -1.111110E-02   8.608550E-02  -2.222220E-02   1.287890E-01  -1.111110E-02        -1
   349  330  348  349   1.712650E-01  -2.222220E-02   1.712650E-01  -1.111110E-02   1.287890E-01  -2.222220E-02        -1
   350  367  349  348   1.287890E-01  -1.111110E-02   1.287890E-01  -2.222220E-02   1.712650E-01  -1.111110E-02        -1
   351  311  329  330   2.135150E-01  -2.222220E-02   2.135150E-01  -1.111110E-02   1.712650E-01  -2.222220E-02        -1
   352  348  330  329   1.712650E-01  -1.111110E-02   1.712650E-01  -2.222220E-02   2.135150E-01  -1.111110E-02        -1
   353  292  310  311   2.555390E-01  -2.222220E-02   2.555390E-01  -1.111110E-02   2.135150E-01  -2.222220E-02        -1
   354  329  311  310   2.135150E-01  -1.111110E-02   2.135150E-01  -2.222220E-02   2.555390E-01  -1.111110E-02        -1
   355  273  291  292   2.973350E-01  -2.222220E-02   2.973350E-01  -1.111110E-02   2.555390E-01  -2.222220E-02        -1
   356  310  292  291   2.555390E-01  -1.111110E-02   2.555390E-01  -2.222220E-02   2.973350E-01  -1.111110E-02        -1
   357  254  272  273   3.389060E-01  -2.222220E-02   3.389060E-01  -1.111110E-02   2.973350E-01  -2.222220E-02        -1
   358  291  273  272   2.973350E-01  -1.111110E-02   2.973350E-01  -2.222220E-02   3.389060E-01  -1.111110E-02        -1
   359  236  253  254   3.802500E-01  -2.222220E-02   3.802500E-01  -1.111110E-02   3.389060E-01  -2.222220E-02        -1
   360  272  254  253   3.389060E-01  -1.111110E-02   3.389060E-01  -2.222220E-02   3.802500E-01  -1.111110E-02        -1
   361  369  387  388   4.315600E-02  -3.333330E-02   4.315600E-02  -2.222220E-02   0.000000E+00  -3.333330E-02        -1
   362  406  388  387   0.000000E+00  -2.222220E-02   0.000000E+00  -3.333330E-02   4.315600E-02  -2.222220E-02        -1
   363  350  368  369   8.608550E-02  -3.333330E-02   8.608550E-02  -2.222220E-02   4.315600E-02  -3.333330E-02        -1
   364  387  369  368   4.315600E-02  -2.222220E-02   4.315600E-02  -3.333330E-02   8.608550E-02  -2.222220E-02        -1
   365  331  349  350   1.287890E-01  -3.333330E-02   1.287890E-01  -2.222220E-02   8.608550E-02  -3.333330E-02        -1
   366  368  350  349   8.608550E-02  -2.222220E-02   8.608550E-02  -3.333330E-02   1.287890E-01  -2.222220E-02        -1
   367  312  330  331   1.712650E-01  -3.333330E-02   1.712650E-01  -2.222220E-02   1.287890E-01  -3.333330E-02        -1
   368  349  331  330   1.287890E-01  -2.222220E-02   1.287890E-01  -3.333330E-02   1.712650E-01  -2.222220E-02        -1
   369  293  311  312   2.135150E-01  -3.333330E-02   2.135150E-01  -2.222220E-02   1.712650E-01  -3.333330E-02        -1
   370  330  312  311   1.712650E-01  -2.222220E-02   1.712650E-01  -3.333330E-02   2.135150E-01  -2.222220E-02        -1
   371  274  292  293   2.555390E-01  -3.333330E-02   2.555390E-01  -2.222220E-02   2.135150E-01  -3.333330E-02        -1
   372  311  293  292   2.135150E-01  -2.222220E-02   2.135150E-01  -3.333330E-02   2.555390E-01  -2.222220E-02        -1
   373  255  273  274   2.973350E-01  -3.333330E-02   2.973350E-01  -2.222220E-02   2.555390E-01  -3.333330E-02        -1
   374  292  274  273   2.555390E-01  -2.222220E-02   2.555390E-01  -3.333330E-02   2.973350E-01  -2.222220E-02        -1
   375  237  254  255   3.389060E-01  -3.333330E-02   3.389060E-01  -2.222220E-02   2.973350E-01  -3.333330E-02        -1
   376  273  255  254   2.973350E-01  -2.222220E-02   2.973350E-01  -3.333330E-02   3.389060E-01  -2.222220E-02        -1
   377  220  236  237   3.802500E-01  -3.333330E-02   3.802500E-01  -2.222220E-02   3.389060E-01  -3.333330E-02        -1
   378  254  237  236   3.389060E-01  -2.222220E-02   3.389060E-01  -3.333330E-02   3.802500E-01  -2.222220E-02        -1
   379  351  369  370   4.315600E-02  -4.444440E-02   4.315600E-02  -3.333330E-02   0.000000E+00  -4.444440E-02        -1
   380  388  370  369   0.000000E+00  -3.333330E-02   0.000000E+00  -4.444440E-02   4.315600E-02  -3.333330E-02        -1
   381  332  350  351   8.608550E-02  -4.444450E-02   8.608550E-02  -3.333330E-02   4.315600E-02  -4.444440E-02        -1
   382  369  351  350   4.315600E-02  -3.333330E-02   4.315600E-02  -4.444440E-02   8.608550E-02  -3.333330E-02        -1
   383  313  331  332   1.287890E-01  -4.444440E-02   1.287890E-01  -3.333330E-02   8.608550E-02  -4.444450E-02        -1
   384  350  332  331   8.608550E-02  -3.333330E-02   8.608550E-02  -4.444450E-02   1.287890E-01  -3.333330E-02        -1
   385  294  312  313   1.712650E-01  -4.444450E-02   1.712650E-01  -3.333330E-02   1.287890E-01  -4.444440E-02        -1
   386  331  313  312   1.287890E-01  -3.333330E-02   1.287890E-01  -4.444440E-02   1.712650E-01  -3.333330E-02        -1
   387  275  293  294   2.135150E-01  -4.444450E-02   2.135150E-01  -3.333330E-02   1.712650E-01  -4.444450E-02        -1
   388  312  294  293   1.712650E-01  -3.333330E-02   1.712650E-01  -4.444450E-02   2.135150E-01  -3.333330E-02        -1
   389  256  274  275   2.555390E-01  -4.444440E-02   2.555390E-01  -3.333330E-02   2.135150E-01  -4.444450E-02        -1
   390  293  275  274   2.135150E-01  -3.333330E-02   2.135150E-01  -4.444450E-02   2.555390E-01  -3.333330E-02        -1
   391  238  255  256   2.973350E-01  -4.444450E-02   2.973350E-01  -3.333330E-02   2.555390E-01  -4.444440E-02        -1
   392  274  256  255   2.555390E-01  -3.333330E-02   2.555390E-01  -4.444440E-02   2.973350E-01  -3.333330E-02        -1
   393  221  237  238   3.389060E-01  -4.444440E-02   3.389060E-01  -3.333330E-02   2.973350E-01  -4.444450E-02        -1
   394  255  238  237   2.973350E-01  -3.333330E-02   2.973350E-01  -4.444450E-02   3.389060E-01  -3.333330E-02        -1
   395  205  220  221   3.802500E-01  -4.444440E-02   3.802500E-01  -3.333330E-02   3.389060E-01  -4.444440E-02        -1
   396  237  221  220   3.389060E-01  -3.333330E-02   3.389060E-01  -4.444440E-02   3.802500E-01  -3.333330E-02        -1
   397  333  351  352   4.315600E-02  -5.555560E-02   4.315600E-02  -4.444440E-02   0.000000E+00  -5.555560E-02        -1
   398  370  352  351   0.000000E+00  -4.444440E-02   0.000000E+00  -5.555560E-02   4.315600E-02  -4.444440E-02        -1
   399  314  332  333   8.608550E-02  -5.555560E-02   8.608550E-02  -4.444450E-02   4.315600E-02  -5.555560E-02        -1
   400  351  333  332   4.315600E-02  -4.444440E-02   4.315600E-02  -5.555560E-02   8.608550E-02  -4.444450E-02        -1
   401  295  313  314   1.287890E-01  -5.555560E-02   1.287890E-01  -4.444440E-02   8.608550E-02  -5.555560E-02        -1
   402  332  314  313   8.608550E-02  -4.444450E-02   8.608550E-02  -5.555560E-02   1.287890E-01  -4.444440E-02        -1
   403  276  294  295   1.712650E-01  -5.555560E-02   1.712650E-01  -4.444450E-02   1.287890E-01  -5.555560E-02        -1
   404  313  295  294   1.287890E-01  -4.444440E-02   1.287890E-01  -5.555560E-02   1.712650E-01  -4.444450E-02        -1
   405  257  275  276   2.135150E-01  -5.555560E-02   2.135150E-01  -4.444450E-02   1.712650E-01  -5.555560E-02        -1
   406  294  276  275   1.712650E-01  -4.444450E-02   1.712650E-01  -5.555560E-02   2.135150E-01  -4.444450E-02        -1
   407  239  256  257   2.555390E-01  -5.555560E-02   2.555390E-01  -4.444440E-02   2.135150E-01  -5.555560E-02        -1
   408  275  257  256   2.135150E-01  -4.444450E-02   2.135150E-01  -5.555560E-02   2.555390E-01  -4.444440E-02        -1
   409  222  238  239   2.973350E-01  -5.555560E-02   2.973350E-01  -4.444450E-02   2.555390E-01  -5.555560E-02        -1
   410  256  239  238   2.555390E-01  -4.444440E-02   2.555390E-01  -5.555560E-02   2.973350E-01  -4.444450E-02        -1
   411  206  221  222   3.389060E-01  -5.555560E-02   3.389060E-01  -4.444440E-02   2.973350E-01  -5.555560E-02        -1
   412  238  222  221   2.973350E-01  -4.444450E-02   2.973350E-01  -5.555560E-02   3.389060E-01  -4.444440E-02        -1
   413  191  205  206   3.802500E-01  -5.555560E-02   3.802500E-01  -4.444440E-02   3.389060E-01  -5.555560E-02        -1
   414  221  206  205   3.389060E-01  -4.444440E-02   3.389060E-01  -5.555560E-02   3.802500E-01  -4.444440E-02        -1
   415  315  333  334   4.315600E-02  -6.666670E-02   4.315600E-02  -5.555560E-02   0.000000E+00  -6.666670E-02        -1
   416  352  334  333   0.000000E+00  -5.555560E-02   0.000000E+00  -6.666670E-02   4.315600E-02  -5.555560E-02        -1
   417  296  314  315   8.608550E-02  -6.666670E-02   8.608550E-02  -5.555560E-02   4.315600E-02  -6.666670E-02        -1
   418  333  315  314   4.315600E-02  -5.555560E-02   4.315600E-02  -6.666670E-02   8.608550E-02  -5.555560E-02        -1
   419  277  295  296   1.287890E-01  -6.666670E-02   1.287890E-01  -5.555560E-02   8.608550E-02  -6.666670E-02        -1
   420  314  296  295   8.608550E-02  -5.555560E-02   8.608550E-02  -6.666670E-02   1.287890E-01  -5.555560E-02        -1
   421  258  276  277   1.712650E-01  -6.666670E-02   1.712650E-01  -5.555560E-02   1.287890E-01  -6.666670E-02        -1
   422  295  277  276   1.287890E-01  -5.555560E-02   1.287890E-01  -6.666670E-02   1.712650E-01  -5.555560E-02        -1
   423  240  257  258   2.135150E-01  -6.666670E-02   2.135150E-01  -5.555560E-02   1.712650E-01  -6.666670E-02        -1
   424  276  258  257   1.712650E-01  -5.555560E-02   1.712650E-01  -6.666670E-02   2.135150E-01  -5.555560E-02        -1
   425  223  239  240   2.555390E-01  -6.666670E-02   2.555390E-01  -5.555560E-02   2.135150E-01  -6.666670E-02        -1
   426  257  240  239   2.135150E-01  -5.555560E-02   2.135150E-01  -6.666670E-02   2.555390E-01  -5.555560E-02        -1
   427  207  222  223   2.973350E-01  -6.666670E-02   2.973350E-01  -5.555560E-02   2.555390E-01  -6.666670E-02        -1
   428  239  223  222   2.555390E-01  -5.555560E-02   2.555390E-01  -6.666670E-02   2.973350E-01  -5.555560E-02        -1
   429  192  206  207   3.389060E-01  -6.666670E-02   3.389060E-01  -5.555560E-02   2.973350E-01  -6.666670E-02        -1
   430  222  207  206   2.973350E-01  -5.555560E-02   2.973350E-01  -6.666670E-02   3.389060E-01  -5.555560E-02        -1
   431  178  191  192   3.802500E-01  -6.666670E-02   3.802500E-01  -5.555560E-02   3.389060E-01  -6.666670E-02        -1
   432  206  192  191   3.389060E-01  -5.555560E-02   3.389060E-01  -6.666670E-02   3.802500E-01  -5.555560E-02        -1
   433  297  315  316   4.315600E-02  -7.777780E-02   4.315600E-02  -6.666670E-02   0.000000E+00  -7.777780E-02        -1
   434  334  316  315   0.000000E+00  -6.666670E-02   0.000000E+00  -7.777780E-02   4.315600E-02  -6.666670E-02        -1
   435  278  296  297   8.608550E-02  -7.777780E-02   8.608550E-02  -6.666670E-02   4.315600E-02  -7.777780E-02        -1
   436  315  297  296   4.315600E-02  -6.666670E-02   4.315600E-02  -7.777780E-02   8.608550E-02  -6.666670E-02        -1
   437  259  277  278   1.287890E-01  -7.777780E-02   1.287890E-01  -6.666670E-02   8.608550E-02  -7.777780E-02        -1
   438  296  278  277   8.608550E-02  -6.666670E-02   8.608550E-02  -7.777780E-02   1.287890E-01  -6.666670E-02        -1
   439  241  258  259   1.712650E-01  -7.777780E-02   1.712650E-01  -6.666670E-02   1.287890E-01  -7.777780E-02        -1
   440  277  259  258   1.287890E-01  -6.666670E-02   1.287890E-01  -7.777780E-02   1.712650E-01  -6.666670E-02        -1
   441  224  240  241   2.135150E-01  -7.777780E-02   2.135150E-01  -6.666670E-02   1.712650E-01  -7.777780E-02        -1
   442  258  241  240   1.712650E-01  -6.666670E-02   1.712650E-01  -7.777780E-02   2.135150E-01  -6.666670E-02        -1
   443  208  223  224   2.555390E-01  -7.777780E-02   2.555390E-01  -6.666670E-02   2.135150E-01  -7.777780E-02        -1
   444  240  224  223   2.135150E-01  -6.666670E-02   2.135150E-01  -7.777780E-02   2.555390E-01  -6.666670E-02        -1
   445  193  207  208   2.973350E-01  -7.777780E-02   2.973350E-01  -6.666670E-02   2.555390E-01  -7.777780E-02        -1
   446  223  208  207   2.555390E-01  -6.666670E-02   2.555390E-01  -7.777780E-02   2.973350E-01  -6.666670E-02        -1
   447  179  192  193   3.389060E-01  -7.777780E-02   3.389060E-01  -6.666670E-02   2.973350E-01  -7.777780E-02        -1
   448  207  193  192   2.973350E-01  -6.666670E-02   2.973350E-01  -7.777780E-02   3.389060E-01  -6.666670E-02        -1
   449  166  178  179   3.802500E-01  -7.777780E-02   3.802500E-01  -6.666670E-02   3.389060E-01  -7.777780E-02        -1
   450  192  179  178   3.389060E-01  -6.666670E-02   3.389060E-01  -7.777780E-02   3.802500E-01  -6.666670E-02        -1
   451  279  297  298   4.315600E-02  -8.888890E-02   4.315600E-02  -7.777780E-02   0.000000E+00  -8.888890E-02        -1
   452  316  298  297   0.000000E+00  -7.777780E-02   0.000000E+00  -8.888890E-02   4.315600E-02  -7.777780E-02        -1
   453  260  278  279   8.608550E-02  -8.888890E-02   8.608550E-02  -7.777780E-02   4.315600E-02  -8.888890E-02        -1
   454  297  279  278   4.315600E-02  -7.777780E-02   4.315600E-02  -8.888890E-02   8.608550E-02  -7.777780E-02        -1
   455  242  259  260   1.287890E-01  -8.888890E-02   1.287890E-01  -7.777780E-02   8.608550E-02  -8.888890E-02        -1
   456  278  260  259   8.608550E-02  -7.777780E-02   8.608550E-02  -8.888890E-02   1.287890E-01  -7.777780E-02        -1
   457  225  241  242   1.712650E-01  -8.888890E-02   1.712650E-01  -7.777780E-02   1.287890E-01  -8.888890E-02        -1
   458  259  242  241   1.287890E-01  -7.777780E-02   1.287890E-01  -8.888890E-02   1.712650E-01  -7.777780E-02        -1
   459  209  224  225   2.135150E-01  -8.888890E-02   2.135150E-01  -7.777780E-02   1.712650E-01  -8.888890E-02        -1
   460  241  225  224   1.712650E-01  -7.777780E-02   1.712650E-01  -8.888890E-02   2.135150E-01  -7.777780E-02        -1
   461  194  208  209   2.555390E-01  -8.888890E-02   2.555390E-01  -7.777780E-02   2.135150E-01  -8.888890E-02        -1
   462  224  209  208   2.135150E-01  -7.777780E-02   2.135150E-01  -8.888890E-02   2.555390E-01  -7.777780E-02        -1
   463  180  193  194   2.973350E-01  -8.888890E-02   2.973350E-01  -7.777780E-02   2.555390E-01  -8.888890E-02        -1
   464  208  194  193   2.555390E-01  -7.777780E-02   2.555390E-01  -8.888890E-02   2.973350E-01  -7.777780E-02        -1
   465  167  179  180   3.389060E-01  -8.888890E-02   3.389060E-01  -7.777780E-02   2.973350E-01  -8.888890E-02        -1
   466  193  180  179   2.973350E-01  -7.777780E-02   2.973350E-01  -8.888890E-02   3.389060E-01  -7.777780E-02        -1
   467  155  166  167   3.802500E-01  -8.888890E-02   3.802500E-01  -7.777780E-02   3.389060E-01  -8.888890E-02        -1
   468  179  167  166   3.389060E-01  -7.777780E-02   3.389060E-01  -8.888890E-02   3.802500E-01  -7.777780E-02        -1
   469  261  279  280   4.315600E-02  -1.000000E-01   4.315600E-02  -8.888890E-02   0.000000E+00  -1.000000E-01        -1
   470  298  280  279   0.000000E+00  -8.888890E-02   0.000000E+00  -1.000000E-01   4.315600E-02  -8.888890E-02        -1
   471  243  260  261   8.608550E-02  -1.000000E-01   8.608550E-02  -8.888890E-02   4.315600E-02  -1.000000E-01        -1
   472  279  261  260   4.315600E-02  -8.888890E-02   4.315600E-02  -1.000000E-01   8.608550E-02  -8.888890E-02        -1
   473  226  242  243   1.287890E-01  -1.000000E-01   1.287890E-01  -8.888890E-02   8.608550E-02  -1.000000E-01        -1
   474  260  243  242   8.608550E-02  -8.888890E-02   8.608550E-02  -1.000000E-01   1.287890E-01  -8.888890E-02        -1
   475  210  225  226   1.712650E-01  -1.000000E-01   1.712650E-01  -8.888890E-02   1.287890E-01  -1.000000E-01        -1
   476  242  226  225   1.287890E-01  -8.888890E-02   1.287890E-01  -1.000000E-01   1.712650E-01  -8.888890E-02        -1
   477  195  209  210   2.135150E-01  -1.000000E-01   2.135150E-01  -8.888890E-02   1.712650E-01  -1.000000E-01        -1
   478  225  210  209   1.712650E-01  -8.888890E-02   1.712650E-01  -1.000000E-01   2.135150E-01  -8.888890E-02        -1
   479  181  194  195   2.555390E-01  -1.000000E-01   2.555390E-01  -8.888890E-02   2.135150E-01  -1.000000E-01        -1
   480  209  195  194   2.135150E-01  -8.888890E-02   2.135150E-01  -1.000000E-01   2.555390E-01  -8.888890E-02        -1
   481  168  180  181   2.973350E-01  -1.000000E-01   2.973350E-01  -8.888890E-02   2.555390E-01  -1.000000E-01        -1
   482  194  181  180   2.555390E-01  -8.888890E-02   2.555390E-01  -1.000000E-01   2.973350E-01  -8.888890E-02        -1
   483  156  167  168   3.389060E-01  -1.000000E-01   3.389060E-01  -8.888890E-02   2.973350E-01  -1.000000E-01        -1
   484  180  168  167   2.973350E-01  -8.888890E-02   2.973350E-01  -1.000000E-01   3.389060E-01  -8.888890E-02        -1
   485  145  155  156   3.802500E-01  -1.000000E-01   3.802500E-01  -8.888890E-02   3.389060E-01  -1.000000E-01        -1
   486  167  156  155   3.389060E-01  -8.888890E-02   3.389060E-01  -1.000000E-01   3.802500E-01  -8.888890E-02        -1
   487  235  252  253   4.626750E-01  -1.111110E-02   4.626750E-01   0.000000E+00   3.802500E-01  -1.111110E-02        -1
   488  271  253  252   3.802500E-01   0.000000E+00   3.802500E-01  -1.111110E-02   4.626750E-01   0.000000E+00        -1
   489  218  234  235   5.417090E-01  -1.111110E-02   5.417090E-01   0.000000E+00   4.626750E-01  -1.111110E-02        -1
   490  252  235  234   4.626750E-01   0.000000E+00   4.626750E-01  -1.111110E-02   5.417090E-01   0.000000E+00        -1
   491  202  217  218   6.173520E-01  -1.111110E-02   6.173520E-01   0.000000E+00   5.417090E-01  -1.111110E-02        -1
   492  234  218  217   5.417090E-01   0.000000E+00   5.417090E-01  -1.111110E-02   6.173520E-01   0.000000E+00        -1
   493  187  201  202   6.896040E-01  -1.111110E-02   6.896040E-01   0.000000E+00   6.173520E-01  -1.111110E-02        -1
   494  217  202  201   6.173520E-01   0.000000E+00   6.173520E-01  -1.111110E-02   6.896040E-01   0.000000E+00        -1
   495  173  186  187   7.584650E-01  -1.111110E-02   7.584650E-01   0.000000E+00   6.896040E-01  -1.111110E-02        -1
   496  201  187  186   6.896040E-01   0.000000E+00   6.896040E-01  -1.111110E-02   7.584650E-01   0.000000E+00        -1
   497  160  172  173   8.239350E-01  -1.111110E-02   8.239350E-01   0.000000E+00   7.584650E-01  -1.111110E-02        -1
   498  186  173  172   7.584650E-01   0.000000E+00   7.584650E-01  -1.111110E-02   8.239350E-01   0.000000E+00        -1
   499  148  159  160   8.860140E-01  -1.111110E-02   8.860140E-01   0.000000E+00   8.239350E-01  -1.111110E-02        -1
   500  172  160  159   8.239350E-01   0.000000E+00   8.239350E-01  -1.111110E-02   8.860140E-01   0.000000E+00        -1
   501  137  147  148   9.447030E-01  -1.111110E-02   9.447030E-01   0.000000E+00   8.860140E-01  -1.111110E-02        -1
   502  159  148  147   8.860140E-01   0.000000E+00   8.860140E-01  -1.111110E-02   9.447030E-01   0.000000E+00        -1
   503  127  136  137   1.000000E+00  -1.111110E-02   1.000000E+00   0.000000E+00   9.447030E-01  -1.111110E-02        -1
   504  147  137  136   9.447030E-01   0.000000E+00   9.447030E-01  -1.111110E-02   1.000000E+00   0.000000E+00        -1
   505  219  235  236   4.626750E-01  -2.222220E-02   4.626750E-01  -1.111110E-02   3.802500E-01  -2.222220E-02        -1
   506  253  236  235   3.802500E-01  -1.111110E-02   3.802500E-01  -2.222220E-02   4.626750E-01  -1.111110E-02        -1
   507  203  218  219   5.417090E-01  -2.222220E-02   5.417090E-01  -1.111110E-02   4.626750E-01  -2.222220E-02        -1
   508  235  219  218   4.626750E-01  -1.111110E-02   4.626750E-01  -2.222220E-02   5.417090E-01  -1.111110E-02        -1
   509  188  202  203   6.173520E-01  -2.222220E-02   6.173520E-01  -1.111110E-02   5.417090E-01  -2.222220E-02        -1
   510  218  203  202   5.417090E-01  -1.111110E-02   5.417090E-01  -2.222220E-02   6.173520E-01  -1.111110E-02        -1
   511  174  187  188   6.896040E-01  -2.222220E-02   6.896040E-01  -1.111110E-02   6.173520E-01  -2.222220E-02        -1
   512  202  188  187   6.173520E-01  -1.111110E-02   6.173520E-01  -2.222220E-02   6.896040E-01  -1.111110E-02        -1
   513  161  173  174   7.584650E-01  -2.222220E-02   7.584650E-01  -1.111110E-02   6.896040E-01  -2.222220E-02        -1
   514  187  174  173   6.896040E-01  -1.111110E-02   6.896040E-01  -2.222220E-02   7.584650E-01  -1.111110E-02        -1
   515  149  160  161   8.239350E-01  -2.222220E-02   8.239350E-01  -1.111110E-02   7.584650E-01  -2.222220E-02        -1
   516  173  161  160   7.584650E-01  -1.111110E-02   7.584650E-01  -2.222220E-02   8.239350E-01  -1.111110E-02        -1
   517  138  148  149   8.860140E-01  -2.222220E-02   8.860140E-01  -1.111110E-02   8.239350E-01  -2.222220E-02        -1
   518  160  149  148   8.239350E-01  -1.111110E-02   8.239350E-01  -2.222220E-02   8.860140E-01  -1.111110E-02        -1
   519  128  137  138   9.447030E-01  -2.222220E-02   9.447030E-01  -1.111110E-02   8.860140E-01  -2.222220E-02        -1
   520  148  138  137   8.860140E-01  -1.111110E-02   8.860140E-01  -2.222220E-02   9.447030E-01  -1.111110E-02        -1
   521  118  127  128   1.000000E+00  -2.222220E-02   1.000000E+00  -1.111110E-02   9.447030E-01  -2.222220E-02        -1
   522  137  128  127   9.447030E-01  -1.111110E-02   9.447030E-01  -2.222220E-02   1.000000E+00  -1.111110E-02        -1
   523  204  219  220   4.626750E-01  -3.333330E-02   4.626750E-01  -2.222220E-02   3.802500E-01  -3.333330E-02        -1
   524  236  220  219   3.802500E-01  -2.222220E-02   3.802500E-01  -3.333330E-02   4.626750E-01  -2.222220E-02        -1
   525  189  203  204   5.417090E-01  -3.333330E-02   5.417090E-01  -2.222220E-02   4.626750E-01  -3.333330E-02        -1
   526  219  204  203   4.626750E-01  -2.222220E-02   4.626750E-01  -3.333330E-02   5.417090E-01  -2.222220E-02        -1
   527  175  188  189   6.173520E-01  -3.333330E-02   6.173520E-01  -2.222220E-02   5.417090E-01  -3.333330E-02        -1
   528  203  189  188   5.417090E-01  -2.222220E-02   5.417090E-01  -3.333330E-02   6.173520E-01  -2.222220E-02        -1
   529  162  174  175   6.896040E-01  -3.333330E-02   6.896040E-01  -2.222220E-02   6.173520E-01  -3.333330E-02        -1
   530  188  175  174   6.173520E-01  -2.222220E-02   6.173520E-01  -3.333330E-02   6.896040E-01  -2.222220E-02        -1
   531  150  161  162   7.584650E-01  -3.333330E-02   7.584650E-01  -2.222220E-02   6.896040E-01  -3.333330E-02        -1
   532  174  162  161   6.896040E-01  -2.222220E-02   6.896040E-01  -3.333330E-02   7.584650E-01  -2.222220E-02        -1
   533  139  149  150   8.239350E-01  -3.333330E-02   8.239350E-01  -2.222220E-02   7.584650E-01  -3.333330E-02        -1
   534  161  150  149   7.584650E-01  -2.222220E-02   7.584650E-01  -3.333330E-02   8.239350E-01  -2.222220E-02        -1
   535  129  138  139   8.860140E-01  -3.333330E-02   8.860140E-01  -2.222220E-02   8.239350E-01  -3.333330E-02        -1
   536  149  139  138   8.239350E-01  -2.222220E-02   8.239350E-01  -3.333330E-02   8.860140E-01  -2.222220E-02        -1
   537  119  128  129   9.447030E-01  -3.333330E-02   9.447030E-01  -2.222220E-02   8.860140E-01  -3.333330E-02        -1
   538  138  129  128   8.860140E-01  -2.222220E-02   8.860140E-01  -3.333330E-02   9.447030E-01  -2.222220E-02        -1
   539  109  118  119   1.000000E+00  -3.333330E-02   1.000000E+00  -2.222220E-02   9.447030E-01  -3.333330E-02        -1
   540  128  119  118   9.447030E-01  -2.222220E-02   9.447030E-01  -3.333330E-02   1.000000E+00  -2.222220E-02        -1
   541  190  204  205   4.626750E-01  -4.444440E-02   4.626750E-01  -3.333330E-02   3.802500E-01  -4.444440E-02        -1
   542  220  205  204   3.802500E-01  -3.333330E-02   3.802500E-01  -4.444440E-02   4.626750E-01  -3.333330E-02        -1
   543  176  189  190   5.417090E-01  -4.444450E-02   5.417090E-01  -3.333330E-02   4.626750E-01  -4.444440E-02        -1
   544  204  190  189   4.626750E-01  -3.333330E-02   4.626750E-01  -4.444440E-02   5.417090E-01  -3.333330E-02        -1
   545  163  175  176   6.173520E-01  -4.444440E-02   6.173520E-01  -3.333330E-02   5.417090E-01  -4.444450E-02        -1
   546  189  176  175   5.417090E-01  -3.333330E-02   5.417090E-01  -4.444450E-02   6.173520E-01  -3.333330E-02        -1
   547  151  162  163   6.896040E-01  -4.444450E-02   6.896040E-01  -3.333330E-02   6.173520E-01  -4.444440E-02        -1
   548  175  163  162   6.173520E-01  -3.333330E-02   6.173520E-01  -4.444440E-02   6.896040E-01  -3.333330E-02        -1
   549  140  150  151   7.584650E-01  -4.444450E-02   7.584650E-01  -3.333330E-02   6.896040E-01  -4.444450E-02        -1
   550  162  151  150   6.896040E-01  -3.333330E-02   6.896040E-01  -4.444450E-02   7.584650E-01  -3.333330E-02        -1
   551  130  139  140   8.239350E-01  -4.444440E-02   8.239350E-01  -3.333330E-02   7.584650E-01  -4.444450E-02        -1
   552  150  140  139   7.584650E-01  -3.333330E-02   7.584650E-01  -4.444450E-02   8.239350E-01  -3.333330E-02        -1
   553  120  129  130   8.860140E-01  -4.444450E-02   8.860140E-01  -3.333330E-02   8.239350E-01  -4.444440E-02        -1
   554  139  130  129   8.239350E-01  -3.333330E-02   8.239350E-01  -4.444440E-02   8.860140E-01  -3.333330E-02        -1
   555  110  119  120   9.447030E-01  -4.444440E-02   9.447030E-01  -3.333330E-02   8.860140E-01  -4.444450E-02        -1
   556  129  120  119   8.860140E-01  -3.333330E-02   8.860140E-01  -4.444450E-02   9.447030E-01  -3.333330E-02        -1
   557   98  109  110   1.000000E+00  -4.444440E-02   1.000000E+00  -3.333330E-02   9.447030E-01  -4.444440E-02        -1
   558  119  110  109   9.447030E-01  -3.333330E-02   9.447030E-01  -4.444440E-02   1.000000E+00  -3.333330E-02        -1
   559  177  190  191   4.626750E-01  -5.555560E-02   4.626750E-01  -4.444440E-02   3.802500E-01  -5.555560E-02        -1
   560  205  191  190   3.802500E-01  -4.444440E-02   3.802500E-01  -5.555560E-02   4.626750E-01  -4.444440E-02        -1
   561  164  176  177   5.417090E-01  -5.555560E-02   5.417090E-01  -4.444450E-02   4.626750E-01  -5.555560E-02        -1
   562  190  177  176   4.626750E-01  -4.444440E-02   4.626750E-01  -5.555560E-02   5.417090E-01  -4.444450E-02        -1
   563  152  163  164   6.173520E-01  -5.555560E-02   6.173520E-01  -4.444440E-02   5.417090E-01  -5.555560E-02        -1
   564  176  164  163   5.417090E-01  -4.444450E-02   5.417090E-01  -5.555560E-02   6.173520E-01  -4.444440E-02        -1
   565  141  151  152   6.896040E-01  -5.555560E-02   6.896040E-01  -4.444450E-02   6.173520E-01  -5.555560E-02        -1
   566  163  152  151   6.173520E-01  -4.444440E-02   6.173520E-01  -5.555560E-02   6.896040E-01  -4.444450E-02        -1
   567  131  140  141   7.584650E-01  -5.555560E-02   7.584650E-01  -4.444450E-02   6.896040E-01  -5.555560E-02        -1
   568  151  141  140   6.896040E-01  -4.444450E-02   6.896040E-01  -5.555560E-02   7.584650E-01  -4.444450E-02        -1
   569  121  130  131   8.239350E-01  -5.555560E-02   8.239350E-01  -4.444440E-02   7.584650E-01  -5.555560E-02        -1
   570  140  131  130   7.584650E-01  -4.444450E-02   7.584650E-01  -5.555560E-02   8.239350E-01  -4.444440E-02        -1
   571  111  120  121   8.860140E-01  -5.555560E-02   8.860140E-01  -4.444450E-02   8.239350E-01  -5.555560E-02        -1
   572  130  121  120   8.239350E-01  -4.444440E-02   8.239350E-01  -5.555560E-02   8.860140E-01  -4.444450E-02        -1
   573  100  110  111   9.447030E-01  -5.555560E-02   9.447030E-01  -4.444440E-02   8.860140E-01  -5.555560E-02        -1
   574  120  111  110   8.860140E-01  -4.444450E-02   8.860140E-01  -5.555560E-02   9.447030E-01  -4.444440E-02        -1
   575   84   98  100   1.000000E+00  -5.555560E-02   1.000000E+00  -4.444440E-02   9.447030E-01  -5.555560E-02        -1
   576  110  100   98   9.447030E-01  -4.444440E-02   9.447030E-01  -5.555560E-02   1.000000E+00  -4.444440E-02        -1
   577  165  177  178   4.626750E-01  -6.666670E-02   4.626750E-01  -5.555560E-02   3.802500E-01  -6.666670E-02        -1
   578  191  178  177   3.802500E-01  -5.555560E-02   3.802500E-01  -6.666670E-02   4.626750E-01  -5.555560E-02        -1
   579  153  164  165   5.417090E-01  -6.666670E-02   5.417090E-01  -5.555560E-02   4.626750E-01  -6.666670E-02        -1
   580  177  165  164   4.626750E-01  -5.555560E-02   4.626750E-01  -6.666670E-02   5.417090E-01  -5.555560E-02        -1
   581  142  152  153   6.173520E-01  -6.666670E-02   6.173520E-01  -5.555560E-02   5.417090E-01  -6.666670E-02        -1
   582  164  153  152   5.417090E-01  -5.555560E-02   5.417090E-01  -6.666670E-02   6.173520E-01  -5.555560E-02        -1
   583  132  141  142   6.896040E-01  -6.666670E-02   6.896040E-01  -5.555560E-02   6.173520E-01  -6.666670E-02        -1
   584  152  142  141   6.173520E-01  -5.555560E-02   6.173520E-01  -6.666670E-02   6.896040E-01  -5.555560E-02        -1
   585  122  131  132   7.584650E-01  -6.666670E-02   7.584650E-01  -5.555560E-02   6.896040E-01  -6.666670E-02        -1
   586  141  132  131   6.896040E-01  -5.555560E-02   6.896040E-01  -6.666670E-02   7.584650E-01  -5.555560E-02        -1
   587  112  121  122   8.239350E-01  -6.666670E-02   8.239350E-01  -5.555560E-02   7.584650E-01  -6.666670E-02        -1
   588  131  122  121   7.584650E-01  -5.555560E-02   7.584650E-01  -6.666670E-02   8.239350E-01  -5.555560E-02        -1
   589  102  111  112   8.860140E-01  -6.666670E-02   8.860140E-01  -5.555560E-02   8.239350E-01  -6.666670E-02        -1
   590  121  112  111   8.239350E-01  -5.555560E-02   8.239350E-01  -6.666670E-02   8.860140E-01  -5.555560E-02        -1
   591   86  100  102   9.447030E-01  -6.666670E-02   9.447030E-01  -5.555560E-02   8.860140E-01  -6.666670E-02        -1
   592  111  102  100   8.860140E-01  -5.555560E-02   8.860140E-01  -6.666670E-02   9.447030E-01  -5.555560E-02        -1
   593   71   84   86   1.000000E+00  -6.666670E-02   1.000000E+00  -5.555560E-02   9.447030E-01  -6.666670E-02        -1
   594  100   86   84   9.447030E-01  -5.555560E-02   9.447030E-01  -6.666670E-02   1.000000E+00  -5.555560E-02        -1
   595  154  165  166   4.626750E-01  -7.777780E-02   4.626750E-01  -6.666670E-02   3.802500E-01  -7.777780E-02        -1
   596  178  166  165   3.802500E-01  -6.666670E-02   3.802500E-01  -7.777780E-02   4.626750E-01  -6.666670E-02        -1
   597  143  153  154   5.417090E-01  -7.777780E-02   5.417090E-01  -6.666670E-02   4.626750E-01  -7.777780E-02        -1
   598  165  154  153   4.626750E-01  -6.666670E-02   4.626750E-01  -7.777780E-02   5.417090E-01  -6.666670E-02        -1
   599  133  142  143   6.173520E-01  -7.777780E-02   6.173520E-01  -6.666670E-02   5.417090E-01  -7.777780E-02        -1
   600  153  143  142   5.417090E-01  -6.666670E-02   5.417090E-01  -7.777780E-02   6.173520E-01  -6.666670E-02        -1
   601  123  132  133   6.896040E-01  -7.777780E-02   6.896040E-01  -6.666670E-02   6.173520E-01  -7.777780E-02        -1
   602  142  133  132   6.173520E-01  -6.666670E-02   6.173520E-01  -7.777780E-02   6.896040E-01  -6.666670E-02        -1
   603  113  122  123   7.584650E-01  -7.777780E-02   7.584650E-01  -6.666670E-02   6.896040E-01  -7.777780E-02        -1
   604  132  123  122   6.896040E-01  -6.666670E-02   6.896040E-01  -7.777780E-02   7.584650E-01  -6.666670E-02        -1
   605  103  112  113   8.239350E-01  -7.777780E-02   8.239350E-01  -6.666670E-02   7.584650E-01  -7.777780E-02        -1
   606  122  113  112   7.584650E-01  -6.666670E-02   7.584650E-01  -7.777780E-02   8.239350E-01  -6.666670E-02        -1
   607   88  102  103   8.860140E-01  -7.777780E-02   8.860140E-01  -6.666670E-02   8.239350E-01  -7.777780E-02        -1
   608  112  103  102   8.239350E-01  -6.666670E-02   8.239350E-01  -7.777780E-02   8.860140E-01  -6.666670E-02        -1
   609   73   86   88   9.447030E-01  -7.777780E-02   9.447030E-01  -6.666670E-02   8.860140E-01  -7.777780E-02        -1
   610  102   88   86   8.860140E-01  -6.666670E-02   8.860140E-01  -7.777780E-02   9.447030E-01  -6.666670E-02        -1
   611   59   71   73   1.000000E+00  -7.777780E-02   1.000000E+00  -6.666670E-02   9.447030E-01  -7.777780E-02        -1
   612   86   73   71   9.447030E-01  -6.666670E-02   9.447030E-01  -7.777780E-02   1.000000E+00  -6.666670E-02        -1
   613  144  154  155   4.626750E-01  -8.888890E-02   4.626750E-01  -7.777780E-02   3.802500E-01  -8.888890E-02        -1
   614  166  155  154   3.802500E-01  -7.777780E-02   3.802500E-01  -8.888890E-02   4.626750E-01  -7.777780E-02        -1
   615  134  143  144   5.417090E-01  -8.888890E-02   5.417090E-01  -7.777780E-02   4.626750E-01  -8.888890E-02        -1
   616  154  144  143   4.626750E-01  -7.777780E-02   4.626750E-01  -8.888890E-02   5.417090E-01  -7.777780E-02        -1
   617  124  133  134   6.173520E-01  -8.888890E-02   6.173520E-01  -7.777780E-02   5.417090E-01  -8.888890E-02        -1
   618  143  134  133   5.417090E-01  -7.777780E-02   5.417090E-01  -8.888890E-02   6.173520E-01  -7.777780E-02        -1
   619  114  123  124   6.896040E-01  -8.888890E-02   6.896040E-01  -7.777780E-02   6.173520E-01  -8.888890E-02        -1
   620  133  124  123   6.173520E-01  -7.777780E-02   6.173520E-01  -8.888890E-02   6.896040E-01  -7.777780E-02        -1
   621  104  113  114   7.584650E-01  -8.888890E-02   7.584650E-01  -7.777780E-02   6.896040E-01  -8.888890E-02        -1
   622  123  114  113   6.896040E-01  -7.777780E-02   6.896040E-01  -8.888890E-02   7.584650E-01  -7.777780E-02        -1
   623   89  103  104   8.239350E-01  -8.888890E-02   8.239350E-01  -7.777780E-02   7.584650E-01  -8.888890E-02        -1
   624  113  104  103   7.584650E-01  -7.777780E-02   7.584650E-01  -8.888890E-02   8.239350E-01  -7.777780E-02        -1
   625   75   88   89   8.860140E-01  -8.888890E-02   8.860140E-01  -7.777780E-02   8.239350E-01  -8.888890E-02        -1
   626  103   89   88   8.239350E-01  -7.777780E-02   8.239350E-01  -8.888890E-02   8.860140E-01  -7.777780E-02        -1
   627   61   73   75   9.447030E-01  -8.888890E-02   9.447030E-01  -7.777780E-02   8.860140E-01  -8.888890E-02        -1
   628   88   75   73   8.860140E-01  -7.777780E-02   8.860140E-01  -8.888890E-02   9.447030E-01  -7.777780E-02        -1
   629   43   59   61   1.000000E+00  -8.888890E-02   1.000000E+00  -7.777780E-02   9.447030E-01  -8.888890E-02        -1
   630   73   61   59   9.447030E-01  -7.777780E-02   9.447030E-01  -8.888890E-02   1.000000E+00  -7.777780E-02        -1
   631  135  144  145   4.626750E-01  -1.000000E-01   4.626750E-01  -8.888890E-02   3.802500E-01  -1.000000E-01        -1
   632  155  145  144   3.802500E-01  -8.888890E-02   3.802500E-01  -1.000000E-01   4.626750E-01  -8.888890E-02        -1
   633  125  134  135   5.417090E-01  -1.000000E-01   5.417090E-01  -8.888890E-02   4.626750E-01  -1.000000E-01        -1
   634  144  135  134   4.626750E-01  -8.888890E-02   4.626750E-01  -1.000000E-01   5.417090E-01  -8.888890E-02        -1
   635  115  124  125   6.173520E-01  -1.000000E-01   6.173520E-01  -8.888890E-02   5.417090E-01  -1.000000E-01        -1
   636  134  125  124   5.417090E-01  -8.888890E-02   5.417090E-01  -1.000000E-01   6.173520E-01  -8.888890E-02        -1
   637  105  114  115   6.896040E-01  -1.000000E-01   6.896040E-01  -8.888890E-02   6.173520E-01  -1.000000E-01        -1
   638  124  115  114   6.173520E-01  -8.888890E-02   6.173520E-01  -1.000000E-01   6.896040E-01  -8.888890E-02        -1
   639   90  104  105   7.584650E-01  -1.000000E-01   7.584650E-01  -8.888890E-02   6.896040E-01  -1.000000E-01        -1
   640  114  105  104   6.896040E-01  -8.888890E-02   6.896040E-01  -1.000000E-01   7.584650E-01  -8.888890E-02        -1
   641   76   89   90   8.239350E-01  -1.000000E-01   8.239350E-01  -8.888890E-02   7.584650E-01  -1.000000E-01        -1
   642  104   90   89   7.584650E-01  -8.888890E-02   7.584650E-01  -1.000000E-01   8.239350E-01  -8.888890E-02        -1
   643   63   75   76   8.860140E-01  -1.000000E-01   8.860140E-01  -8.888890E-02   8.239350E-01  -1.000000E-01        -1
   644   89   76   75   8.239350E-01  -8.888890E-02   8.239350E-01  -1.000000E-01   8.860140E-01  -8.888890E-02        -1
   645   45   61   63   9.447030E-01  -1.000000E-01   9.447030E-01  -8.888890E-02   8.860140E-01  -1.000000E-01        -1
   646   75   63   61   8.860140E-01  -8.888890E-02   8.860140E-01  -1.000000E-01   9.447030E-01  -8.888890E-02        -1
   647   30   43   45   1.000000E+00  -1.000000E-01   1.000000E+00  -8.888890E-02   9.447030E-01  -1.000000E-01        -1
   648   61   45   43   9.447030E-01  -8.888890E-02   9.447030E-01  -1.000000E-01   1.000000E+00  -8.888890E-02        -1
   649  117  126  127   1.055560E+00  -1.111110E-02   1.055560E+00   0.000000E+00   1.000000E+00  -1.111110E-02        -1
   650  136  127  126   1.000000E+00   0.000000E+00   1.000000E+00  -1.111110E-02   1.055560E+00   0.000000E+00        -1
   651  107  116  117   1.111110E+00  -1.111110E-02   1.111110E+00   0.000000E+00   1.055560E+00  -1.111110E-02        -1
   652  126  117  116   1.055560E+00   0.000000E+00   1.055560E+00  -1.111110E-02   1.111110E+00   0.000000E+00        -1
   653   92  106  107   1.166670E+00  -1.111110E-02   1.166670E+00   0.000000E+00   1.111110E+00  -1.111110E-02        -1
   654  116  107  106   1.111110E+00   0.000000E+00   1.111110E+00  -1.111110E-02   1.166670E+00   0.000000E+00        -1
   655   77   91   92   1.222220E+00  -1.111110E-02   1.222220E+00   0.000000E+00   1.166670E+00  -1.111110E-02        -1
   656  106   92   91   1.166670E+00   0.000000E+00   1.166670E+00  -1.111110E-02   1.222220E+00   0.000000E+00        -1
   657   79   93   77   1.277780E+00  -1.111110E-02   1.277780E+00   0.000000E+00   1.222220E+00  -1.111110E-02        -1
   658   91   77   93   1.222220E+00   0.000000E+00   1.222220E+00  -1.111110E-02   1.277780E+00   0.000000E+00        -1
   659   81   95   79   1.333330E+00  -1.111110E-02   1.333330E+00   0.000000E+00   1.277780E+00  -1.111110E-02        -1
   660   93   79   95   1.277780E+00   0.000000E+00   1.277780E+00  -1.111110E-02   1.333330E+00   0.000000E+00        -1
   661   83   97   81   1.388890E+00  -1.111110E-02   1.388890E+00   0.000000E+00   1.333330E+00  -1.111110E-02        -1
   662   95   81   97   1.333330E+00   0.000000E+00   1.333330E+00  -1.111110E-02   1.388890E+00   0.000000E+00        -1
   663   85   99   83   1.444440E+00  -1.111110E-02   1.444440E+00   0.000000E+00   1.388890E+00  -1.111110E-02        -1
   664   97   83   99   1.388890E+00   0.000000E+00   1.388890E+00  -1.111110E-02   1.444440E+00   0.000000E+00        -1
   665   87  101   85   1.500000E+00  -1.111110E-02   1.500000E+00   0.000000E+00   1.444440E+00  -1.111110E-02        -1
   666   99   85  101   1.444440E+00   0.000000E+00   1.444440E+00  -1.111110E-02   1.500000E+00   0.000000E+00        -1
   667  108  117  118   1.055560E+00  -2.222220E-02   1.055560E+00  -1.111110E-02   1.000000E+00  -2.222220E-02        -1
   668  127  118  117   1.000000E+00  -1.111110E-02   1.000000E+00  -2.222220E-02   1.055560E+00  -1.111110E-02        -1
   669   94  107  108   1.111110E+00  -2.222220E-02   1.111110E+00  -1.111110E-02   1.055560E+00  -2.222220E-02        -1
   670  117  108  107   1.055560E+00  -1.111110E-02   1.055560E+00  -2.222220E-02   1.111110E+00  -1.111110E-02        -1
   671   78   92   94   1.166670E+00  -2.222220E-02   1.166670E+00  -1.111110E-02   1.111110E+00  -2.222220E-02        -1
   672  107   94   92   1.111110E+00  -1.111110E-02   1.111110E+00  -2.222220E-02   1.166670E+00  -1.111110E-02        -1
   673   64   77   78   1.222220E+00  -2.222220E-02   1.222220E+00  -1.111110E-02   1.166670E+00  -2.222220E-02        -1
   674   92   78   77   1.166670E+00  -1.111110E-02   1.166670E+00  -2.222220E-02   1.222220E+00  -1.111110E-02        -1
   675   66   79   64   1.277780E+00  -2.222220E-02   1.277780E+00  -1.111110E-02   1.222220E+00  -2.222220E-02        -1
   676   77   64   79   1.222220E+00  -1.111110E-02   1.222220E+00  -2.222220E-02   1.277780E+00  -1.111110E-02        -1
   677   68   81   66   1.333330E+00  -2.222220E-02   1.333330E+00  -1.111110E-02   1.277780E+00  -2.222220E-02        -1
   678   79   66   81   1.277780E+00  -1.111110E-02   1.277780E+00  -2.222220E-02   1.333330E+00  -1.111110E-02        -1
   679   70   83   68   1.388890E+00  -2.222220E-02   1.388890E+00  -1.111110E-02   1.333330E+00  -2.222220E-02        -1
   680   81   68   83   1.333330E+00  -1.111110E-02   1.333330E+00  -2.222220E-02   1.388890E+00  -1.111110E-02        -1
   681   72   85   70   1.444440E+00  -2.222220E-02   1.444440E+00  -1.111110E-02   1.388890E+00  -2.222220E-02        -1
   682   83   70   85   1.388890E+00  -1.111110E-02   1.388890E+00  -2.222220E-02   1.444440E+00  -1.111110E-02        -1
   683   74   87   72   1.500000E+00  -2.222220E-02   1.500000E+00  -1.111110E-02   1.444440E+00  -2.222220E-02        -1
   684   85   72   87   1.444440E+00  -1.111110E-02   1.444440E+00  -2.222220E-02   1.500000E+00  -1.111110E-02        -1
   685   96  108  109   1.055560E+00  -3.333330E-02   1.055560E+00  -2.222220E-02   1.000000E+00  -3.333330E-02        -1
   686  118  109  108   1.000000E+00  -2.222220E-02   1.000000E+00  -3.333330E-02   1.055560E+00  -2.222220E-02        -1
   687   80   94   96   1.111110E+00  -3.333330E-02   1.111110E+00  -2.222220E-02   1.055560E+00  -3.333330E-02        -1
   688  108   96   94   1.055560E+00  -2.222220E-02   1.055560E+00  -3.333330E-02   1.111110E+00  -2.222220E-02        -1
   689   65   78   80   1.166670E+00  -3.333330E-02   1.166670E+00  -2.222220E-02   1.111110E+00  -3.333330E-02        -1
   690   94   80   78   1.111110E+00  -2.222220E-02   1.111110E+00  -3.333330E-02   1.166670E+00  -2.222220E-02        -1
   691   52   64   65   1.222220E+00  -3.333330E-02   1.222220E+00  -2.222220E-02   1.166670E+00  -3.333330E-02        -1
   692   78   65   64   1.166670E+00  -2.222220E-02   1.166670E+00  -3.333330E-02   1.222220E+00  -2.222220E-02        -1
   693   54   66   52   1.277780E+00  -3.333330E-02   1.277780E+00  -2.222220E-02   1.222220E+00  -3.333330E-02        -1
   694   64   52   66   1.222220E+00  -2.222220E-02   1.222220E+00  -3.333330E-02   1.277780E+00  -2.222220E-02        -1
   695   56   68   54   1.333330E+00  -3.333330E-02   1.333330E+00  -2.222220E-02   1.277780E+00  -3.333330E-02        -1
   696   66   54   68   1.277780E+00  -2.222220E-02   1.277780E+00  -3.333330E-02   1.333330E+00  -2.222220E-02        -1
   697   58   70   56   1.388890E+00  -3.333330E-02   1.388890E+00  -2.222220E-02   1.333330E+00  -3.333330E-02        -1
   698   68   56   70   1.333330E+00  -2.222220E-02   1.333330E+00  -3.333330E-02   1.388890E+00  -2.222220E-02        -1
   699   60   72   58   1.444440E+00  -3.333330E-02   1.444440E+00  -2.222220E-02   1.388890E+00  -3.333330E-02        -1
   700   70   58   72   1.388890E+00  -2.222220E-02   1.388890E+00  -3.333330E-02   1.444440E+00  -2.222220E-02        -1
   701   62   74   60   1.500000E+00  -3.333330E-02   1.500000E+00  -2.222220E-02   1.444440E+00  -3.333330E-02        -1
   702   72   60   74   1.444440E+00  -2.222220E-02   1.444440E+00  -3.333330E-02   1.500000E+00  -2.222220E-02        -1
   703   82   96   98   1.055560E+00  -4.444440E-02   1.055560E+00  -3.333330E-02   1.000000E+00  -4.444440E-02        -1
   704  109   98   96   1.000000E+00  -3.333330E-02   1.000000E+00  -4.444440E-02   1.055560E+00  -3.333330E-02        -1
   705   67   80   82   1.111110E+00  -4.444450E-02   1.111110E+00  -3.333330E-02   1.055560E+00  -4.444440E-02        -1
   706   96   82   80   1.055560E+00  -3.333330E-02   1.055560E+00  -4.444440E-02   1.111110E+00  -3.333330E-02        -1
   707   53   65   67   1.166670E+00  -4.444440E-02   1.166670E+00  -3.333330E-02   1.111110E+00  -4.444450E-02        -1
   708   80   67   65   1.111110E+00  -3.333330E-02   1.111110E+00  -4.444450E-02   1.166670E+00  -3.333330E-02        -1
   709   36   52   53   1.222220E+00  -4.444450E-02   1.222220E+00  -3.333330E-02   1.166670E+00  -4.444440E-02        -1
   710   65   53   52   1.166670E+00  -3.333330E-02   1.166670E+00  -4.444440E-02   1.222220E+00  -3.333330E-02        -1
   711   38   54   36   1.277780E+00  -4.444450E-02   1.277780E+00  -3.333330E-02   1.222220E+00  -4.444450E-02        -1
   712   52   36   54   1.222220E+00  -3.333330E-02   1.222220E+00  -4.444450E-02   1.277780E+00  -3.333330E-02        -1
   713   40   56   38   1.333330E+00  -4.444440E-02   1.333330E+00  -3.333330E-02   1.277780E+00  -4.444450E-02        -1
   714   54   38   56   1.277780E+00  -3.333330E-02   1.277780E+00  -4.444450E-02   1.333330E+00  -3.333330E-02        -1
   715   42   58   40   1.388890E+00  -4.444450E-02   1.388890E+00  -3.333330E-02   1.333330E+00  -4.444440E-02        -1
   716   56   40   58   1.333330E+00  -3.333330E-02   1.333330E+00  -4.444440E-02   1.388890E+00  -3.333330E-02        -1
   717   44   60   42   1.444450E+00  -4.444440E-02   1.444440E+00  -3.333330E-02   1.388890E+00  -4.444450E-02        -1
   718   58   42   60   1.388890E+00  -3.333330E-02   1.388890E+00  -4.444450E-02   1.444440E+00  -3.333330E-02        -1
   719   51   62   44   1.500000E+00  -4.444440E-02   1.500000E+00  -3.333330E-02   1.444450E+00  -4.444440E-02        -1
   720   60   44   62   1.444440E+00  -3.333330E-02   1.444450E+00  -4.444440E-02   1.500000E+00  -3.333330E-02        -1
   721   69   82   84   1.055560E+00  -5.555560E-02   1.055560E+00  -4.444440E-02   1.000000E+00  -5.555560E-02        -1
   722   98   84   82   1.000000E+00  -4.444440E-02   1.000000E+00  -5.555560E-02   1.055560E+00  -4.444440E-02        -1
   723   55   67   69   1.111110E+00  -5.555560E-02   1.111110E+00  -4.444450E-02   1.055560E+00  -5.555560E-02        -1
   724   82   69   67   1.055560E+00  -4.444440E-02   1.055560E+00  -5.555560E-02   1.111110E+00  -4.444450E-02        -1
   725   37   53   55   1.166670E+00  -5.555560E-02   1.166670E+00  -4.444440E-02   1.111110E+00  -5.555560E-02        -1
   726   67   55   53   1.111110E+00  -4.444450E-02   1.111110E+00  -5.555560E-02   1.166670E+00  -4.444440E-02        -1
   727   23   36   37   1.222220E+00  -5.555560E-02   1.222220E+00  -4.444450E-02   1.166670E+00  -5.555560E-02        -1
   728   53   37   36   1.166670E+00  -4.444440E-02   1.166670E+00  -5.555560E-02   1.222220E+00  -4.444450E-02        -1
   729   25   38   23   1.277780E+00  -5.555560E-02   1.277780E+00  -4.444450E-02   1.222220E+00  -5.555560E-02        -1
   730   36   23   38   1.222220E+00  -4.444450E-02   1.222220E+00  -5.555560E-02   1.277780E+00  -4.444450E-02        -1
   731   27   40   25   1.333330E+00  -5.555560E-02   1.333330E+00  -4.444440E-02   1.277780E+00  -5.555560E-02        -1
   732   38   25   40   1.277780E+00  -4.444450E-02   1.277780E+00  -5.555560E-02   1.333330E+00  -4.444440E-02        -1
   733   29   42   27   1.388890E+00  -5.555560E-02   1.388890E+00  -4.444450E-02   1.333330E+00  -5.555560E-02        -1
   734   40   27   42   1.333330E+00  -4.444440E-02   1.333330E+00  -5.555560E-02   1.388890E+00  -4.444450E-02        -1
   735   35   44   29   1.444440E+00  -5.555560E-02   1.444450E+00  -4.444440E-02   1.388890E+00  -5.555560E-02        -1
   736   42   29   44   1.388890E+00  -4.444450E-02   1.388890E+00  -5.555560E-02   1.444450E+00  -4.444440E-02        -1
   737   50   51   35   1.500000E+00  -5.555560E-02   1.500000E+00  -4.444440E-02   1.444440E+00  -5.555560E-02        -1
   738   44   35   51   1.444450E+00  -4.444440E-02   1.444440E+00  -5.555560E-02   1.500000E+00  -4.444440E-02        -1
   739   57   69   71   1.055560E+00  -6.666670E-02   1.055560E+00  -5.555560E-02   1.000000E+00  -6.666670E-02        -1
   740   84   71   69   1.000000E+00  -5.555560E-02   1.000000E+00  -6.666670E-02   1.055560E+00  -5.555560E-02        -1
   741   39   55   57   1.111110E+00  -6.666670E-02   1.111110E+00  -5.555560E-02   1.055560E+00  -6.666670E-02        -1
   742   69   57   55   1.055560E+00  -5.555560E-02   1.055560E+00  -6.666670E-02   1.111110E+00  -5.555560E-02        -1
   743   24   37   39   1.166670E+00  -6.666670E-02   1.166670E+00  -5.555560E-02   1.111110E+00  -6.666670E-02        -1
   744   55   39   37   1.111110E+00  -5.555560E-02   1.111110E+00  -6.666670E-02   1.166670E+00  -5.555560E-02        -1
   745   13   23   24   1.222220E+00  -6.666670E-02   1.222220E+00  -5.555560E-02   1.166670E+00  -6.666670E-02        -1
   746   37   24   23   1.166670E+00  -5.555560E-02   1.166670E+00  -6.666670E-02   1.222220E+00  -5.555560E-02        -1
   747   15   25   13   1.277780E+00  -6.666670E-02   1.277780E+00  -5.555560E-02   1.222220E+00  -6.666670E-02        -1
   748   23   13   25   1.222220E+00  -5.555560E-02   1.222220E+00  -6.666670E-02   1.277780E+00  -5.555560E-02        -1
   749   17   27   15   1.333330E+00  -6.666670E-02   1.333330E+00  -5.555560E-02   1.277780E+00  -6.666670E-02        -1
   750   25   15   27   1.277780E+00  -5.555560E-02   1.277780E+00  -6.666670E-02   1.333330E+00  -5.555560E-02        -1
   751   22   29   17   1.388890E+00  -6.666670E-02   1.388890E+00  -5.555560E-02   1.333330E+00  -6.666670E-02        -1
   752   27   17   29   1.333330E+00  -5.555560E-02   1.333330E+00  -6.666670E-02   1.388890E+00  -5.555560E-02        -1
   753   34   35   22   1.444440E+00  -6.666670E-02   1.444440E+00  -5.555560E-02   1.388890E+00  -6.666670E-02        -1
   754   29   22   35   1.388890E+00  -5.555560E-02   1.388890E+00  -6.666670E-02   1.444440E+00  -5.555560E-02        -1
   755   49   50   34   1.500000E+00  -6.666670E-02   1.500000E+00  -5.555560E-02   1.444440E+00  -6.666670E-02        -1
   756   35   34   50   1.444440E+00  -5.555560E-02   1.444440E+00  -6.666670E-02   1.500000E+00  -5.555560E-02        -1
   757   41   57   59   1.055560E+00  -7.777780E-02   1.055560E+00  -6.666670E-02   1.000000E+00  -7.777780E-02        -1
   758   71   59   57   1.000000E+00  -6.666670E-02   1.000000E+00  -7.777780E-02   1.055560E+00  -6.666670E-02        -1
   759   26   39   41   1.111110E+00  -7.777780E-02   1.111110E+00  -6.666670E-02   1.055560E+00  -7.777780E-02        -1
   760   57   41   39   1.055560E+00  -6.666670E-02   1.055560E+00  -7.777780E-02   1.111110E+00  -6.666670E-02        -1
   761   14   24   26   1.166670E+00  -7.777780E-02   1.166670E+00  -6.666670E-02   1.111110E+00  -7.777780E-02        -1
   762   39   26   24   1.111110E+00  -6.666670E-02   1.111110E+00  -7.777780E-02   1.166670E+00  -6.666670E-02        -1
   763    6   13   14   1.222220E+00  -7.777780E-02   1.222220E+00  -6.666670E-02   1.166670E+00  -7.777780E-02        -1
   764   24   14   13   1.166670E+00  -6.666670E-02   1.166670E+00  -7.777780E-02   1.222220E+00  -6.666670E-02        -1
   765    8   15    6   1.277780E+00  -7.777780E-02   1.277780E+00  -6.666670E-02   1.222220E+00  -7.777780E-02        -1
   766   13    6   15   1.222220E+00  -6.666670E-02   1.222220E+00  -7.777780E-02   1.277780E+00  -6.666670E-02        -1
   767   12   17    8   1.333330E+00  -7.777780E-02   1.333330E+00  -6.666670E-02   1.277780E+00  -7.777780E-02        -1
   768   15    8   17   1.277780E+00  -6.666670E-02   1.277780E+00  -7.777780E-02   1.333330E+00  -6.666670E-02        -1
   769   21   22   12   1.388890E+00  -7.777780E-02   1.388890E+00  -6.666670E-02   1.333330E+00  -7.777780E-02        -1
   770   17   12   22   1.333330E+00  -6.666670E-02   1.333330E+00  -7.777780E-02   1.388890E+00  -6.666670E-02        -1
   771   33   34   21   1.444440E+00  -7.777780E-02   1.444440E+00  -6.666670E-02   1.388890E+00  -7.777780E-02        -1
   772   22   21   34   1.388890E+00  -6.666670E-02   1.388890E+00  -7.777780E-02   1.444440E+00  -6.666670E-02        -1
   773   48   49   33   1.500000E+00  -7.777780E-02   1.500000E+00  -6.666670E-02   1.444440E+00  -7.777780E-02        -1
   774   34   33   49   1.444440E+00  -6.666670E-02   1.444440E+00  -7.777780E-02   1.500000E+00  -6.666670E-02        -1
   775   28   41   43   1.055560E+00  -8.888890E-02   1.055560E+00  -7.777780E-02   1.000000E+00  -8.888890E-02        -1
   776   59   43   41   1.000000E+00  -7.777780E-02   1.000000E+00  -8.888890E-02   1.055560E+00  -7.777780E-02        -1
   777   16   26   28   1.111110E+00  -8.888890E-02   1.111110E+00  -7.777780E-02   1.055560E+00  -8.888890E-02        -1
   778   41   28   26   1.055560E+00  -7.777780E-02   1.055560E+00  -8.888890E-02   1.111110E+00  -7.777780E-02        -1
   779    7   14   16   1.166670E+00  -8.888890E-02   1.166670E+00  -7.777780E-02   1.111110E+00  -8.888890E-02        -1
   780   26   16   14   1.111110E+00  -7.777780E-02   1.111110E+00  -8.888890E-02   1.166670E+00  -7.777780E-02        -1
   781    2    6    7   1.222220E+00  -8.888890E-02   1.222220E+00  -7.777780E-02   1.166670E+00  -8.888890E-02        -1
   782   14    7    6   1.166670E+00  -7.777780E-02   1.166670E+00  -8.888890E-02   1.222220E+00  -7.777780E-02        -1
   783    5    8    2   1.277780E+00  -8.888890E-02   1.277780E+00  -7.777780E-02   1.222220E+00  -8.888890E-02        -1
   784    6    2    8   1.222220E+00  -7.777780E-02   1.222220E+00  -8.888890E-02   1.277780E+00  -7.777780E-02        -1
   785   11   12    5   1.333330E+00  -8.888890E-02   1.333330E+00  -7.777780E-02   1.277780E+00  -8.888890E-02        -1
   786    8    5   12   1.277780E+00  -7.777780E-02   1.277780E+00  -8.888890E-02   1.333330E+00  -7.777780E-02        -1
   787   20   21   11   1.388890E+00  -8.888890E-02   1.388890E+00  -7.777780E-02   1.333330E+00  -8.888890E-02        -1
   788   12   11   21   1.333330E+00  -7.777780E-02   1.333330E+00  -8.888890E-02   1.388890E+00  -7.777780E-02        -1
   789   32   33   20   1.444440E+00  -8.888890E-02   1.444440E+00  -7.777780E-02   1.388890E+00  -8.888890E-02        -1
   790   21   20   33   1.388890E+00  -7.777780E-02   1.388890E+00  -8.888890E-02   1.444440E+00  -7.777780E-02        -1
   791   47   48   32   1.500000E+00  -8.888890E-02   1.500000E+00  -7.777780E-02   1.444440E+00  -8.888890E-02        -1
   792   33   32   48   1.444440E+00  -7.777780E-02   1.444440E+00  -8.888890E-02   1.500000E+00  -7.777780E-02        -1
   793   18   28   30   1.055560E+00  -1.000000E-01   1.055560E+00  -8.888890E-02   1.000000E+00  -1.000000E-01        -1
   794   43   30   28   1.000000E+00  -8.888890E-02   1.000000E+00  -1.000000E-01   1.055560E+00  -8.888890E-02        -1
   795    9   16   18   1.111110E+00  -1.000000E-01   1.111110E+00  -8.888890E-02   1.055560E+00  -1.000000E-01        -1
   796   28   18   16   1.055560E+00  -8.888890E-02   1.055560E+00  -1.000000E-01   1.111110E+00  -8.888890E-02        -1
   797    3    7    9   1.166670E+00  -1.000000E-01   1.166670E+00  -8.888890E-02   1.111110E+00  -1.000000E-01        -1
   798   16    9    7   1.111110E+00  -8.888890E-02   1.111110E+00  -1.000000E-01   1.166670E+00  -8.888890E-02        -1
   799    1    2    3   1.222220E+00  -1.000000E-01   1.222220E+00  -8.888890E-02   1.166670E+00  -1.000000E-01        -1
   800    7    3    2   1.166670E+00  -8.888890E-02   1.166670E+00  -1.000000E-01   1.222220E+00  -8.888890E-02        -1
   801    4    5    1   1.277780E+00  -1.000000E-01   1.277780E+00  -8.888890E-02   1.222220E+00  -1.000000E-01        -1
   802    2    1    5   1.222220E+00  -8.888890E-02   1.222220E+00  -1.000000E-01   1.277780E+00  -8.888890E-02        -1
   803   10   11    4   1.333330E+00  -1.000000E-01   1.333330E+00  -8.888890E-02   1.277780E+00  -1.000000E-01        -1
   804    5    4   11   1.277780E+00  -8.888890E-02   1.277780E+00  -1.000000E-01   1.333330E+00  -8.888890E-02        -1
   805   19   20   10   1.388890E+00  -1.000000E-01   1.388890E+00  -8.888890E-02   1.333330E+00  -1.000000E-01        -1
   806   11   10   20   1.333330E+00  -8.888890E-02   1.333330E+00  -1.000000E-01   1.388890E+00  -8.888890E-02        -1
   807   31   32   19   1.444440E+00  -1.000000E-01   1.444440E+00  -8.888890E-02   1.388890E+00  -1.000000E-01        -1
   808   20   19   32   1.388890E+00  -8.888890E-02   1.388890E+00  -1.000000E-01   1.444440E+00  -8.888890E-02        -1
   809   46   47   31   1.500000E+00  -1.000000E-01   1.500000E+00  -8.888890E-02   1.444440E+00  -1.000000E-01        -1
   810   32   31   47   1.444440E+00  -8.888890E-02   1.444440E+00  -1.000000E-01   1.500000E+00  -8.888890E-02        -1
   811  646  648  657  -8.888890E-02   4.444440E-01  -8.888890E-02   5.000000E-01  -1.000000E-01   4.444440E-01        -1
   812  658  657  648  -1.000000E-01   5.000000E-01  -1.000000E-01   4.444440E-01  -8.888890E-02   5.000000E-01        -1
   813  635  638  646  -7.777780E-02   4.444440E-01  -7.777780E-02   5.000000E-01  -8.888890E-02   4.444440E-01        -1
   814  648  646  638  -8.888890E-02   5.000000E-01  -8.888890E-02   4.444440E-01  -7.777780E-02   5.000000E-01        -1
   815  624  628  635  -6.666670E-02   4.444440E-01  -6.666670E-02   5.000000E-01  -7.777780E-02   4.444440E-01        -1
   816  638  635  628  -7.777780E-02   5.000000E-01  -7.777780E-02   4.444440E-01  -6.666670E-02   5.000000E-01        -1
   817  613  618  624  -5.555560E-02   4.444440E-01  -5.555560E-02   5.000000E-01  -6.666670E-02   4.444440E-01        -1
   818  628  624  618  -6.666670E-02   5.000000E-01  -6.666670E-02   4.444440E-01  -5.555560E-02   5.000000E-01        -1
   819  602  608  613  -4.444440E-02   4.444440E-01  -4.444440E-02   5.000000E-01  -5.555560E-02   4.444440E-01        -1
   820  618  613  608  -5.555560E-02   5.000000E-01  -5.555560E-02   4.444440E-01  -4.444440E-02   5.000000E-01        -1
   821  591  598  602  -3.333330E-02   4.444440E-01  -3.333330E-02   5.000000E-01  -4.444440E-02   4.444440E-01        -1
   822  608  602  598  -4.444440E-02   5.000000E-01  -4.444440E-02   4.444440E-01  -3.333330E-02   5.000000E-01        -1
   823  580  588  591  -2.222220E-02   4.444440E-01  -2.222220E-02   5.000000E-01  -3.333330E-02   4.444440E-01        -1
   824  598  591  588  -3.333330E-02   5.000000E-01  -3.333330E-02   4.444440E-01  -2.222220E-02   5.000000E-01        -1
   825  569  578  580  -1.111110E-02   4.444440E-01  -1.111110E-02   5.000000E-01  -2.222220E-02   4.444440E-01        -1
   826  588  580  578  -2.222220E-02   5.000000E-01  -2.222220E-02   4.444440E-01  -1.111110E-02   5.000000E-01        -1
   827  558  568  569   0.000000E+00   4.444440E-01   0.000000E+00   5.000000E-01  -1.111110E-02   4.444440E-01        -1
   828  578  569  568  -1.111110E-02   5.000000E-01  -1.111110E-02   4.444440E-01   0.000000E+00   5.000000E-01        -1
   829  636  646  647  -8.888890E-02   3.888890E-01  -8.888890E-02   4.444440E-01  -1.000000E-01   3.888890E-01        -1
   830  657  647  646  -1.000000E-01   4.444440E-01  -1.000000E-01   3.888890E-01  -8.888890E-02   4.444440E-01        -1
   831  625  635  636  -7.777780E-02   3.888890E-01  -7.777780E-02   4.444440E-01  -8.888890E-02   3.888890E-01        -1
   832  646  636  635  -8.888890E-02   4.444440E-01  -8.888890E-02   3.888890E-01  -7.777780E-02   4.444440E-01        -1
   833  614  624  625  -6.666670E-02   3.888890E-01  -6.666670E-02   4.444440E-01  -7.777780E-02   3.888890E-01        -1
   834  635  625  624  -7.777780E-02   4.444440E-01  -7.777780E-02   3.888890E-01  -6.666670E-02   4.444440E-01        -1
   835  603  613  614  -5.555560E-02   3.888890E-01  -5.555560E-02   4.444440E-01  -6.666670E-02   3.888890E-01        -1
   836  624  614  613  -6.666670E-02   4.444440E-01  -6.666670E-02   3.888890E-01  -5.555560E-02   4.444440E-01        -1
   837  592  602  603  -4.444450E-02   3.888890E-01  -4.444440E-02   4.444440E-01  -5.555560E-02   3.888890E-01        -1
   838  613  603  602  -5.555560E-02   4.444440E-01  -5.555560E-02   3.888890E-01  -4.444440E-02   4.444440E-01        -1
   839  581  591  592  -3.333330E-02   3.888890E-01  -3.333330E-02   4.444440E-01  -4.444450E-02   3.888890E-01        -1
   840  602  592  591  -4.444440E-02   4.444440E-01  -4.444450E-02   3.888890E-01  -3.333330E-02   4.444440E-01        -1
   841  570  580  581  -2.222220E-02   3.888890E-01  -2.222220E-02   4.444440E-01  -3.333330E-02   3.888890E-01        -1
   842  591  581  580  -3.333330E-02   4.444440E-01  -3.333330E-02   3.888890E-01  -2.222220E-02   4.444440E-01        -1
   843  559  569  570  -1.111110E-02   3.888890E-01  -1.111110E-02   4.444440E-01  -2.222220E-02   3.888890E-01        -1
   844  580  570  569  -2.222220E-02   4.444440E-01  -2.222220E-02   3.888890E-01  -1.111110E-02   4.444440E-01        -1
   845  547  558  559   0.000000E+00   3.888890E-01   0.000000E+00   4.444440E-01  -1.111110E-02   3.888890E-01        -1
   846  569  559  558  -1.111110E-02   4.444440E-01  -1.111110E-02   3.888890E-01   0.000000E+00   4.444440E-01        -1
   847  626  636  637  -8.888890E-02   3.333330E-01  -8.888890E-02   3.888890E-01  -1.000000E-01   3.333330E-01        -1
   848  647  637  636  -1.000000E-01   3.888890E-01  -1.000000E-01   3.333330E-01  -8.888890E-02   3.888890E-01        -1
   849  615  625  626  -7.777780E-02   3.333330E-01  -7.777780E-02   3.888890E-01  -8.888890E-02   3.333330E-01        -1
   850  636  626  625  -8.888890E-02   3.888890E-01  -8.888890E-02   3.333330E-01  -7.777780E-02   3.888890E-01        -1
   851  604  614  615  -6.666670E-02   3.333330E-01  -6.666670E-02   3.888890E-01  -7.777780E-02   3.333330E-01        -1
   852  625  615  614  -7.777780E-02   3.888890E-01  -7.777780E-02   3.333330E-01  -6.666670E-02   3.888890E-01        -1
   853  593  603  604  -5.555560E-02   3.333330E-01  -5.555560E-02   3.888890E-01  -6.666670E-02   3.333330E-01        -1
   854  614  604  603  -6.666670E-02   3.888890E-01  -6.666670E-02   3.333330E-01  -5.555560E-02   3.888890E-01        -1
   855  582  592  593  -4.444440E-02   3.333330E-01  -4.444450E-02   3.888890E-01  -5.555560E-02   3.333330E-01        -1
   856  603  593  592  -5.555560E-02   3.888890E-01  -5.555560E-02   3.333330E-01  -4.444450E-02   3.888890E-01        -1
   857  571  581  582  -3.333330E-02   3.333330E-01  -3.333330E-02   3.888890E-01  -4.444440E-02   3.333330E-01        -1
   858  592  582  581  -4.444450E-02   3.888890E-01  -4.444440E-02   3.333330E-01  -3.333330E-02   3.888890E-01        -1
   859  560  570  571  -2.222220E-02   3.333330E-01  -2.222220E-02   3.888890E-01  -3.333330E-02   3.333330E-01        -1
   860  581  571  570  -3.333330E-02   3.888890E-01  -3.333330E-02   3.333330E-01  -2.222220E-02   3.888890E-01        -1
   861  548  559  560  -1.111110E-02   3.333330E-01  -1.111110E-02   3.888890E-01  -2.222220E-02   3.333330E-01        -1
   862  570  560  559  -2.222220E-02   3.888890E-01  -2.222220E-02   3.333330E-01  -1.111110E-02   3.888890E-01        -1
   863  535  547  548   0.000000E+00   3.333330E-01   0.000000E+00   3.888890E-01  -1.111110E-02   3.333330E-01        -1
   864  559  548  547  -1.111110E-02   3.888890E-01  -1.111110E-02   3.333330E-01   0.000000E+00   3.888890E-01        -1
   865  616  626  627  -8.888890E-02   2.777780E-01  -8.888890E-02   3.333330E-01  -1.000000E-01   2.777780E-01        -1
   866  637  627  626  -1.000000E-01   3.333330E-01  -1.000000E-01   2.777780E-01  -8.888890E-02   3.333330E-01        -1
   867  605  615  616  -7.777780E-02   2.777780E-01  -7.777780E-02   3.333330E-01  -8.888890E-02   2.777780E-01        -1
   868  626  616  615  -8.888890E-02   3.333330E-01  -8.888890E-02   2.777780E-01  -7.777780E-02   3.333330E-01        -1
   869  594  604  605  -6.666670E-02   2.777780E-01  -6.666670E-02   3.333330E-01  -7.777780E-02   2.777780E-01        -1
   870  615  605  604  -7.777780E-02   3.333330E-01  -7.777780E-02   2.777780E-01  -6.666670E-02   3.333330E-01        -1
   871  583  593  594  -5.555560E-02   2.777780E-01  -5.555560E-02   3.333330E-01  -6.666670E-02   2.777780E-01        -1
   872  604  594  593  -6.666670E-02   3.333330E-01  -6.666670E-02   2.777780E-01  -5.555560E-02   3.333330E-01        -1
   873  572  582  583  -4.444450E-02   2.777780E-01  -4.444440E-02   3.333330E-01  -5.555560E-02   2.777780E-01        -1
   874  593  583  582  -5.555560E-02   3.333330E-01  -5.555560E-02   2.777780E-01  -4.444440E-02   3.333330E-01        -1
   875  561  571  572  -3.333330E-02   2.777780E-01  -3.333330E-02   3.333330E-01  -4.444450E-02   2.777780E-01        -1
   876  582  572  571  -4.444440E-02   3.333330E-01  -4.444450E-02   2.777780E-01  -3.333330E-02   3.333330E-01        -1
   877  549  560  561  -2.222220E-02   2.777780E-01  -2.222220E-02   3.333330E-01  -3.333330E-02   2.777780E-01        -1
   878  571  561  560  -3.333330E-02   3.333330E-01  -3.333330E-02   2.777780E-01  -2.222220E-02   3.333330E-01        -1
   879  536  548  549  -1.111110E-02   2.777780E-01  -1.111110E-02   3.333330E-01  -2.222220E-02   2.777780E-01        -1
   880  560  549  548  -2.222220E-02   3.333330E-01  -2.222220E-02   2.777780E-01  -1.111110E-02   3.333330E-01        -1
   881  522  535  536   0.000000E+00   2.777780E-01   0.000000E+00   3.333330E-01  -1.111110E-02   2.777780E-01        -1
   882  548  536  535  -1.111110E-02   3.333330E-01  -1.111110E-02   2.777780E-01   0.000000E+00   3.333330E-01        -1
   883  606  616  617  -8.888890E-02   2.222220E-01  -8.888890E-02   2.777780E-01  -1.000000E-01   2.222220E-01        -1
   884  627  617  616  -1.000000E-01   2.777780E-01  -1.000000E-01   2.222220E-01  -8.888890E-02   2.777780E-01        -1
   885  595  605  606  -7.777780E-02   2.222220E-01  -7.777780E-02   2.777780E-01  -8.888890E-02   2.222220E-01        -1
   886  616  606  605  -8.888890E-02   2.777780E-01  -8.888890E-02   2.222220E-01  -7.777780E-02   2.777780E-01        -1
   887  584  594  595  -6.666670E-02   2.222220E-01  -6.666670E-02   2.777780E-01  -7.777780E-02   2.222220E-01        -1
   888  605  595  594  -7.777780E-02   2.777780E-01  -7.777780E-02   2.222220E-01  -6.666670E-02   2.777780E-01        -1
   889  573  583  584  -5.555560E-02   2.222220E-01  -5.555560E-02   2.777780E-01  -6.666670E-02   2.222220E-01        -1
   890  594  584  583  -6.666670E-02   2.777780E-01  -6.666670E-02   2.222220E-01  -5.555560E-02   2.777780E-01        -1
   891  562  572  573  -4.444450E-02   2.222220E-01  -4.444450E-02   2.777780E-01  -5.555560E-02   2.222220E-01        -1
   892  583  573  572  -5.555560E-02   2.777780E-01  -5.555560E-02   2.222220E-01  -4.444450E-02   2.777780E-01        -1
   893  550  561  562  -3.333330E-02   2.222220E-01  -3.333330E-02   2.777780E-01  -4.444450E-02   2.222220E-01        -1
   894  572  562  561  -4.444450E-02   2.777780E-01  -4.444450E-02   2.222220E-01  -3.333330E-02   2.777780E-01        -1
   895  537  549  550  -2.222220E-02   2.222220E-01  -2.222220E-02   2.777780E-01  -3.333330E-02   2.222220E-01        -1
   896  561  550  549  -3.333330E-02   2.777780E-01  -3.333330E-02   2.222220E-01  -2.222220E-02   2.777780E-01        -1
   897  523  536  537  -1.111110E-02   2.222220E-01  -1.111110E-02   2.777780E-01  -2.222220E-02   2.222220E-01        -1
   898  549  537  536  -2.222220E-02   2.777780E-01  -2.222220E-02   2.222220E-01  -1.111110E-02   2.777780E-01        -1
   899  508  522  523   0.000000E+00   2.222220E-01   0.000000E+00   2.777780E-01  -1.111110E-02   2.222220E-01        -1
   900  536  523  522  -1.111110E-02   2.777780E-01  -1.111110E-02   2.222220E-01   0.000000E+00   2.777780E-01        -1
   901  596  606  607  -8.888890E-02   1.666670E-01  -8.888890E-02   2.222220E-01  -1.000000E-01   1.666670E-01        -1
   902  617  607  606  -1.000000E-01   2.222220E-01  -1.000000E-01   1.666670E-01  -8.888890E-02   2.222220E-01        -1
   903  585  595  596  -7.777780E-02   1.666670E-01  -7.777780E-02   2.222220E-01  -8.888890E-02   1.666670E-01        -1
   904  606  596  595  -8.888890E-02   2.222220E-01  -8.888890E-02   1.666670E-01  -7.777780E-02   2.222220E-01        -1
   905  574  584  585  -6.666670E-02   1.666670E-01  -6.666670E-02   2.222220E-01  -7.777780E-02   1.666670E-01        -1
   906  595  585  584  -7.777780E-02   2.222220E-01  -7.777780E-02   1.666670E-01  -6.666670E-02   2.222220E-01        -1
   907  563  573  574  -5.555560E-02   1.666670E-01  -5.555560E-02   2.222220E-01  -6.666670E-02   1.666670E-01        -1
   908  584  574  573  -6.666670E-02   2.222220E-01  -6.666670E-02   1.666670E-01  -5.555560E-02   2.222220E-01        -1
   909  551  562  563  -4.444440E-02   1.666670E-01  -4.444450E-02   2.222220E-01  -5.555560E-02   1.666670E-01        -1
   910  573  563  562  -5.555560E-02   2.222220E-01  -5.555560E-02   1.666670E-01  -4.444450E-02   2.222220E-01        -1
   911  538  550  551  -3.333330E-02   1.666670E-01  -3.333330E-02   2.222220E-01  -4.444440E-02   1.666670E-01        -1
   912  562  551  550  -4.444450E-02   2.222220E-01  -4.444440E-02   1.666670E-01  -3.333330E-02   2.222220E-01        -1
   913  524  537  538  -2.222220E-02   1.666670E-01  -2.222220E-02   2.222220E-01  -3.333330E-02   1.666670E-01        -1
   914  550  538  537  -3.333330E-02   2.222220E-01  -3.333330E-02   1.666670E-01  -2.222220E-02   2.222220E-01        -1
   915  509  523  524  -1.111110E-02   1.666670E-01  -1.111110E-02   2.222220E-01  -2.222220E-02   1.666670E-01        -1
   916  537  524  523  -2.222220E-02   2.222220E-01  -2.222220E-02   1.666670E-01  -1.111110E-02   2.222220E-01        -1
   917  493  508  509   0.000000E+00   1.666670E-01   0.000000E+00   2.222220E-01  -1.111110E-02   1.666670E-01        -1
   918  523  509  508  -1.111110E-02   2.222220E-01  -1.111110E-02   1.666670E-01   0.000000E+00   2.222220E-01        -1
   919  586  596  597  -8.888890E-02   1.111110E-01  -8.888890E-02   1.666670E-01  -1.000000E-01   1.111110E-01        -1
   920  607  597  596  -1.000000E-01   1.666670E-01  -1.000000E-01   1.111110E-01  -8.888890E-02   1.666670E-01        -1
   921  575  585  586  -7.777780E-02   1.111110E-01  -7.777780E-02   1.666670E-01  -8.888890E-02   1.111110E-01        -1
   922  596  586  585  -8.888890E-02   1.666670E-01  -8.888890E-02   1.111110E-01  -7.777780E-02   1.666670E-01        -1
   923  564  574  575  -6.666670E-02   1.111110E-01  -6.666670E-02   1.666670E-01  -7.777780E-02   1.111110E-01        -1
   924  585  575  574  -7.777780E-02   1.666670E-01  -7.777780E-02   1.111110E-01  -6.666670E-02   1.666670E-01        -1
   925  552  563  564  -5.555560E-02   1.111110E-01  -5.555560E-02   1.666670E-01  -6.666670E-02   1.111110E-01        -1
   926  574  564  563  -6.666670E-02   1.666670E-01  -6.666670E-02   1.111110E-01  -5.555560E-02   1.666670E-01        -1
   927  539  551  552  -4.444450E-02   1.111110E-01  -4.444440E-02   1.666670E-01  -5.555560E-02   1.111110E-01        -1
   928  563  552  551  -5.555560E-02   1.666670E-01  -5.555560E-02   1.111110E-01  -4.444440E-02   1.666670E-01        -1
   929  525  538  539  -3.333330E-02   1.111110E-01  -3.333330E-02   1.666670E-01  -4.444450E-02   1.111110E-01        -1
   930  551  539  538  -4.444440E-02   1.666670E-01  -4.444450E-02   1.111110E-01  -3.333330E-02   1.666670E-01        -1
   931  510  524  525  -2.222220E-02   1.111110E-01  -2.222220E-02   1.666670E-01  -3.333330E-02   1.111110E-01        -1
   932  538  525  524  -3.333330E-02   1.666670E-01  -3.333330E-02   1.111110E-01  -2.222220E-02   1.666670E-01        -1
   933  494  509  510  -1.111110E-02   1.111110E-01  -1.111110E-02   1.666670E-01  -2.222220E-02   1.111110E-01        -1
   934  524  510  509  -2.222220E-02   1.666670E-01  -2.222220E-02   1.111110E-01  -1.111110E-02   1.666670E-01        -1
   935  477  493  494   0.000000E+00   1.111110E-01   0.000000E+00   1.666670E-01  -1.111110E-02   1.111110E-01        -1
   936  509  494  493  -1.111110E-02   1.666670E-01  -1.111110E-02   1.111110E-01   0.000000E+00   1.666670E-01        -1
   937  576  586  587  -8.888890E-02   5.555560E-02  -8.888890E-02   1.111110E-01  -1.000000E-01   5.555560E-02        -1
   938  597  587  586  -1.000000E-01   1.111110E-01  -1.000000E-01   5.555560E-02  -8.888890E-02   1.111110E-01        -1
   939  565  575  576  -7.777780E-02   5.555560E-02  -7.777780E-02   1.111110E-01  -8.888890E-02   5.555560E-02        -1
   940  586  576  575  -8.888890E-02   1.111110E-01  -8.888890E-02   5.555560E-02  -7.777780E-02   1.111110E-01        -1
   941  553  564  565  -6.666670E-02   5.555550E-02  -6.666670E-02   1.111110E-01  -7.777780E-02   5.555560E-02        -1
   942  575  565  564  -7.777780E-02   1.111110E-01  -7.777780E-02   5.555560E-02  -6.666670E-02   1.111110E-01        -1
   943  540  552  553  -5.555560E-02   5.555560E-02  -5.555560E-02   1.111110E-01  -6.666670E-02   5.555550E-02        -1
   944  564  553  552  -6.666670E-02   1.111110E-01  -6.666670E-02   5.555550E-02  -5.555560E-02   1.111110E-01        -1
   945  526  539  540  -4.444440E-02   5.555560E-02  -4.444450E-02   1.111110E-01  -5.555560E-02   5.555560E-02        -1
   946  552  540  539  -5.555560E-02   1.111110E-01  -5.555560E-02   5.555560E-02  -4.444450E-02   1.111110E-01        -1
   947  511  525  526  -3.333330E-02   5.555550E-02  -3.333330E-02   1.111110E-01  -4.444440E-02   5.555560E-02        -1
   948  539  526  525  -4.444450E-02   1.111110E-01  -4.444440E-02   5.555560E-02  -3.333330E-02   1.111110E-01        -1
   949  495  510  511  -2.222220E-02   5.555560E-02  -2.222220E-02   1.111110E-01  -3.333330E-02   5.555550E-02        -1
   950  525  511  510  -3.333330E-02   1.111110E-01  -3.333330E-02   5.555550E-02  -2.222220E-02   1.111110E-01        -1
   951  478  494  495  -1.111110E-02   5.555560E-02  -1.111110E-02   1.111110E-01  -2.222220E-02   5.555560E-02        -1
   952  510  495  494  -2.222220E-02   1.111110E-01  -2.222220E-02   5.555560E-02  -1.111110E-02   1.111110E-01        -1
   953  460  477  478   0.000000E+00   5.555560E-02   0.000000E+00   1.111110E-01  -1.111110E-02   5.555560E-02        -1
   954  494  478  477  -1.111110E-02   1.111110E-01  -1.111110E-02   5.555560E-02   0.000000E+00   1.111110E-01        -1
   955  566  576  577  -8.888890E-02   0.000000E+00  -8.888890E-02   5.555560E-02  -1.000000E-01   0.000000E+00        -1
   956  587  577  576  -1.000000E-01   5.555560E-02  -1.000000E-01   0.000000E+00  -8.888890E-02   5.555560E-02        -1
   957  554  565  566  -7.777780E-02   0.000000E+00  -7.777780E-02   5.555560E-02  -8.888890E-02   0.000000E+00        -1
   958  576  566  565  -8.888890E-02   5.555560E-02  -8.888890E-02   0.000000E+00  -7.777780E-02   5.555560E-02        -1
   959  541  553  554  -6.666670E-02   0.000000E+00  -6.666670E-02   5.555550E-02  -7.777780E-02   0.000000E+00        -1
   960  565  554  553  -7.777780E-02   5.555560E-02  -7.777780E-02   0.000000E+00  -6.666670E-02   5.555550E-02        -1
   961  527  540  541  -5.555560E-02   0.000000E+00  -5.555560E-02   5.555560E-02  -6.666670E-02   0.000000E+00        -1
   962  553  541  540  -6.666670E-02   5.555550E-02  -6.666670E-02   0.000000E+00  -5.555560E-02   5.555560E-02        -1
   963  512  526  527  -4.444440E-02   0.000000E+00  -4.444440E-02   5.555560E-02  -5.555560E-02   0.000000E+00        -1
   964  540  527  526  -5.555560E-02   5.555560E-02  -5.555560E-02   0.000000E+00  -4.444440E-02   5.555560E-02        -1
   965  496  511  512  -3.333330E-02   0.000000E+00  -3.333330E-02   5.555550E-02  -4.444440E-02   0.000000E+00        -1
   966  526  512  511  -4.444440E-02   5.555560E-02  -4.444440E-02   0.000000E+00  -3.333330E-02   5.555550E-02        -1
   967  479  495  496  -2.222220E-02   0.000000E+00  -2.222220E-02   5.555560E-02  -3.333330E-02   0.000000E+00        -1
   968  511  496  495  -3.333330E-02   5.555550E-02  -3.333330E-02   0.000000E+00  -2.222220E-02   5.555560E-02        -1
   969  461  478  479  -1.111110E-02   0.000000E+00  -1.111110E-02   5.555560E-02  -2.222220E-02   0.000000E+00        -1
   970  495  479  478  -2.222220E-02   5.555560E-02  -2.222220E-02   0.000000E+00  -1.111110E-02   5.555560E-02        -1
   971  442  460  461   0.000000E+00   0.000000E+00   0.000000E+00   5.555560E-02  -1.111110E-02   0.000000E+00        -1
   972  478  461  460  -1.111110E-02   5.555560E-02  -1.111110E-02   0.000000E+00   0.000000E+00   5.555560E-02        -1
   973  555  566  567  -8.888890E-02  -1.111110E-02  -8.888890E-02   0.000000E+00  -1.000000E-01  -1.111110E-02        -1
   974  577  567  566  -1.000000E-01   0.000000E+00  -1.000000E-01  -1.111110E-02  -8.888890E-02   0.000000E+00        -1
   975  542  554  555  -7.777780E-02  -1.111110E-02  -7.777780E-02   0.000000E+00  -8.888890E-02  -1.111110E-02        -1
   976  566  555  554  -8.888890E-02   0.000000E+00  -8.888890E-02  -1.111110E-02  -7.777780E-02   0.000000E+00        -1
   977  528  541  542  -6.666670E-02  -1.111110E-02  -6.666670E-02   0.000000E+00  -7.777780E-02  -1.111110E-02        -1
   978  554  542  541  -7.777780E-02   0.000000E+00  -7.777780E-02  -1.111110E-02  -6.666670E-02   0.000000E+00        -1
   979  513  527  528  -5.555560E-02  -1.111110E-02  -5.555560E-02   0.000000E+00  -6.666670E-02  -1.111110E-02        -1
   980  541  528  527  -6.666670E-02   0.000000E+00  -6.666670E-02  -1.111110E-02  -5.555560E-02   0.000000E+00        -1
   981  497  512  513  -4.444440E-02  -1.111110E-02  -4.444440E-02   0.000000E+00  -5.555560E-02  -1.111110E-02        -1
   982  527  513  512  -5.555560E-02   0.000000E+00  -5.555560E-02  -1.111110E-02  -4.444440E-02   0.000000E+00        -1
   983  480  496  497  -3.333330E-02  -1.111110E-02  -3.333330E-02   0.000000E+00  -4.444440E-02  -1.111110E-02        -1
   984  512  497  496  -4.444440E-02   0.000000E+00  -4.444440E-02  -1.111110E-02  -3.333330E-02   0.000000E+00        -1
   985  462  479  480  -2.222220E-02  -1.111110E-02  -2.222220E-02   0.000000E+00  -3.333330E-02  -1.111110E-02        -1
   986  496  480  479  -3.333330E-02   0.000000E+00  -3.333330E-02  -1.111110E-02  -2.222220E-02   0.000000E+00        -1
   987  443  461  462  -1.111110E-02  -1.111110E-02  -1.111110E-02   0.000000E+00  -2.222220E-02  -1.111110E-02        -1
   988  479  462  461  -2.222220E-02   0.000000E+00  -2.222220E-02  -1.111110E-02  -1.111110E-02   0.000000E+00        -1
   989  424  442  443   0.000000E+00  -1.111110E-02   0.000000E+00   0.000000E+00  -1.111110E-02  -1.111110E-02        -1
   990  461  443  442  -1.111110E-02   0.000000E+00  -1.111110E-02  -1.111110E-02   0.000000E+00   0.000000E+00        -1
   991  543  555  556  -8.888890E-02  -2.222220E-02  -8.888890E-02  -1.111110E-02  -1.000000E-01  -2.222220E-02        -1
   992  567  556  555  -1.000000E-01  -1.111110E-02  -1.000000E-01  -2.222220E-02  -8.888890E-02  -1.111110E-02        -1
   993  529  542  543  -7.777780E-02  -2.222220E-02  -7.777780E-02  -1.111110E-02  -8.888890E-02  -2.222220E-02        -1
   994  555  543  542  -8.888890E-02  -1.111110E-02  -8.888890E-02  -2.222220E-02  -7.777780E-02  -1.111110E-02        -1
   995  514  528  529  -6.666670E-02  -2.222220E-02  -6.666670E-02  -1.111110E-02  -7.777780E-02  -2.222220E-02        -1
   996  542  529  528  -7.777780E-02  -1.111110E-02  -7.777780E-02  -2.222220E-02  -6.666670E-02  -1.111110E-02        -1
   997  498  513  514  -5.555560E-02  -2.222220E-02  -5.555560E-02  -1.111110E-02  -6.666670E-02  -2.222220E-02        -1
   998  528  514  513  -6.666670E-02  -1.111110E-02  -6.666670E-02  -2.222220E-02  -5.555560E-02  -1.111110E-02        -1
   999  481  497  498  -4.444450E-02  -2.222220E-02  -4.444440E-02  -1.111110E-02  -5.555560E-02  -2.222220E-02        -1
  1000  513  498  497  -5.555560E-02  -1.111110E-02  -5.555560E-02  -2.222220E-02  -4.444440E-02  -1.111110E-02        -1
  1001  463  480  481  -3.333330E-02  -2.222220E-02  -3.333330E-02  -1.111110E-02  -4.444450E-02  -2.222220E-02        -1
  1002  497  481  480  -4.444440E-02  -1.111110E-02  -4.444450E-02  -2.222220E-02  -3.333330E-02  -1.111110E-02        -1
  1003  444  462  463  -2.222220E-02  -2.222220E-02  -2.222220E-02  -1.111110E-02  -3.333330E-02  -2.222220E-02        -1
  1004  480  463  462  -3.333330E-02  -1.111110E-02  -3.333330E-02  -2.222220E-02  -2.222220E-02  -1.111110E-02        -1
  1005  425  443  444  -1.111110E-02  -2.222220E-02  -1.111110E-02  -1.111110E-02  -2.222220E-02  -2.222220E-02        -1
  1006  462  444  443  -2.222220E-02  -1.111110E-02  -2.222220E-02  -2.222220E-02  -1.111110E-02  -1.111110E-02        -1
  1007  406  424  425   0.000000E+00  -2.222220E-02   0.000000E+00  -1.111110E-02  -1.111110E-02  -2.222220E-02        -1
  1008  443  425  424  -1.111110E-02  -1.111110E-02  -1.111110E-02  -2.222220E-02   0.000000E+00  -1.111110E-02        -1
  1009  530  543  544  -8.888890E-02  -3.333330E-02  -8.888890E-02  -2.222220E-02  -1.000000E-01  -3.333330E-02        -1
  1010  556  544  543  -1.000000E-01  -2.222220E-02  -1.000000E-01  -3.333330E-02  -8.888890E-02  -2.222220E-02        -1
  1011  515  529  530  -7.777780E-02  -3.333330E-02  -7.777780E-02  -2.222220E-02  -8.888890E-02  -3.333330E-02        -1
  1012  543  530  529  -8.888890E-02  -2.222220E-02  -8.888890E-02  -3.333330E-02  -7.777780E-02  -2.222220E-02        -1
  1013  499  514  515  -6.666670E-02  -3.333330E-02  -6.666670E-02  -2.222220E-02  -7.777780E-02  -3.333330E-02        -1
  1014  529  515  514  -7.777780E-02  -2.222220E-02  -7.777780E-02  -3.333330E-02  -6.666670E-02  -2.222220E-02        -1
  1015  482  498  499  -5.555560E-02  -3.333330E-02  -5.555560E-02  -2.222220E-02  -6.666670E-02  -3.333330E-02        -1
  1016  514  499  498  -6.666670E-02  -2.222220E-02  -6.666670E-02  -3.333330E-02  -5.555560E-02  -2.222220E-02        -1
  1017  464  481  482  -4.444440E-02  -3.333330E-02  -4.444450E-02  -2.222220E-02  -5.555560E-02  -3.333330E-02        -1
  1018  498  482  481  -5.555560E-02  -2.222220E-02  -5.555560E-02  -3.333330E-02  -4.444450E-02  -2.222220E-02        -1
  1019  445  463  464  -3.333330E-02  -3.333330E-02  -3.333330E-02  -2.222220E-02  -4.444440E-02  -3.333330E-02        -1
  1020  481  464  463  -4.444450E-02  -2.222220E-02  -4.444440E-02  -3.333330E-02  -3.333330E-02  -2.222220E-02        -1
  1021  426  444  445  -2.222220E-02  -3.333330E-02  -2.222220E-02  -2.222220E-02  -3.333330E-02  -3.333330E-02        -1
  1022  463  445  444  -3.333330E-02  -2.222220E-02  -3.333330E-02  -3.333330E-02  -2.222220E-02  -2.222220E-02        -1
  1023  407  425  426  -1.111110E-02  -3.333330E-02  -1.111110E-02  -2.222220E-02  -2.222220E-02  -3.333330E-02        -1
  1024  444  426  425  -2.222220E-02  -2.222220E-02  -2.222220E-02  -3.333330E-02  -1.111110E-02  -2.222220E-02        -1
  1025  388  406  407   0.000000E+00  -3.333330E-02   0.000000E+00  -2.222220E-02  -1.111110E-02  -3.333330E-02        -1
  1026  425  407  406  -1.111110E-02  -2.222220E-02  -1.111110E-02  -3.333330E-02   0.000000E+00  -2.222220E-02        -1
  1027  516  530  531  -8.888890E-02  -4.444440E-02  -8.888890E-02  -3.333330E-02  -1.000000E-01  -4.444440E-02        -1
  1028  544  531  530  -1.000000E-01  -3.333330E-02  -1.000000E-01  -4.444440E-02  -8.888890E-02  -3.333330E-02        -1
  1029  500  515  516  -7.777780E-02  -4.444450E-02  -7.777780E-02  -3.333330E-02  -8.888890E-02  -4.444440E-02        -1
  1030  530  516  515  -8.888890E-02  -3.333330E-02  -8.888890E-02  -4.444440E-02  -7.777780E-02  -3.333330E-02        -1
  1031  483  499  500  -6.666670E-02  -4.444440E-02  -6.666670E-02  -3.333330E-02  -7.777780E-02  -4.444450E-02        -1
  1032  515  500  499  -7.777780E-02  -3.333330E-02  -7.777780E-02  -4.444450E-02  -6.666670E-02  -3.333330E-02        -1
  1033  465  482  483  -5.555560E-02  -4.444450E-02  -5.555560E-02  -3.333330E-02  -6.666670E-02  -4.444440E-02        -1
  1034  499  483  482  -6.666670E-02  -3.333330E-02  -6.666670E-02  -4.444440E-02  -5.555560E-02  -3.333330E-02        -1
  1035  446  464  465  -4.444450E-02  -4.444450E-02  -4.444440E-02  -3.333330E-02  -5.555560E-02  -4.444450E-02        -1
  1036  482  465  464  -5.555560E-02  -3.333330E-02  -5.555560E-02  -4.444450E-02  -4.444440E-02  -3.333330E-02        -1
  1037  427  445  446  -3.333330E-02  -4.444440E-02  -3.333330E-02  -3.333330E-02  -4.444450E-02  -4.444450E-02        -1
  1038  464  446  445  -4.444440E-02  -3.333330E-02  -4.444450E-02  -4.444450E-02  -3.333330E-02  -3.333330E-02        -1
  1039  408  426  427  -2.222220E-02  -4.444450E-02  -2.222220E-02  -3.333330E-02  -3.333330E-02  -4.444440E-02        -1
  1040  445  427  426  -3.333330E-02  -3.333330E-02  -3.333330E-02  -4.444440E-02  -2.222220E-02  -3.333330E-02        -1
  1041  389  407  408  -1.111110E-02  -4.444440E-02  -1.111110E-02  -3.333330E-02  -2.222220E-02  -4.444450E-02        -1
  1042  426  408  407  -2.222220E-02  -3.333330E-02  -2.222220E-02  -4.444450E-02  -1.111110E-02  -3.333330E-02        -1
  1043  370  388  389   0.000000E+00  -4.444440E-02   0.000000E+00  -3.333330E-02  -1.111110E-02  -4.444440E-02        -1
  1044  407  389  388  -1.111110E-02  -3.333330E-02  -1.111110E-02  -4.444440E-02   0.000000E+00  -3.333330E-02        -1
  1045  501  516  517  -8.888890E-02  -5.555560E-02  -8.888890E-02  -4.444440E-02  -1.000000E-01  -5.555560E-02        -1
  1046  531  517  516  -1.000000E-01  -4.444440E-02  -1.000000E-01  -5.555560E-02  -8.888890E-02  -4.444440E-02        -1
  1047  484  500  501  -7.777780E-02  -5.555560E-02  -7.777780E-02  -4.444450E-02  -8.888890E-02  -5.555560E-02        -1
  1048  516  501  500  -8.888890E-02  -4.444440E-02  -8.888890E-02  -5.555560E-02  -7.777780E-02  -4.444450E-02        -1
  1049  466  483  484  -6.666670E-02  -5.555560E-02  -6.666670E-02  -4.444440E-02  -7.777780E-02  -5.555560E-02        -1
  1050  500  484  483  -7.777780E-02  -4.444450E-02  -7.777780E-02  -5.555560E-02  -6.666670E-02  -4.444440E-02        -1
  1051  447  465  466  -5.555560E-02  -5.555560E-02  -5.555560E-02  -4.444450E-02  -6.666670E-02  -5.555560E-02        -1
  1052  483  466  465  -6.666670E-02  -4.444440E-02  -6.666670E-02  -5.555560E-02  -5.555560E-02  -4.444450E-02        -1
  1053  428  446  447  -4.444450E-02  -5.555560E-02  -4.444450E-02  -4.444450E-02  -5.555560E-02  -5.555560E-02        -1
  1054  465  447  446  -5.555560E-02  -4.444450E-02  -5.555560E-02  -5.555560E-02  -4.444450E-02  -4.444450E-02        -1
  1055  409  427  428  -3.333330E-02  -5.555560E-02  -3.333330E-02  -4.444440E-02  -4.444450E-02  -5.555560E-02        -1
  1056  446  428  427  -4.444450E-02  -4.444450E-02  -4.444450E-02  -5.555560E-02  -3.333330E-02  -4.444440E-02        -1
  1057  390  408  409  -2.222220E-02  -5.555560E-02  -2.222220E-02  -4.444450E-02  -3.333330E-02  -5.555560E-02        -1
  1058  427  409  408  -3.333330E-02  -4.444440E-02  -3.333330E-02  -5.555560E-02  -2.222220E-02  -4.444450E-02        -1
  1059  371  389  390  -1.111110E-02  -5.555560E-02  -1.111110E-02  -4.444440E-02  -2.222220E-02  -5.555560E-02        -1
  1060  408  390  389  -2.222220E-02  -4.444450E-02  -2.222220E-02  -5.555560E-02  -1.111110E-02  -4.444440E-02        -1
  1061  352  370  371   0.000000E+00  -5.555560E-02   0.000000E+00  -4.444440E-02  -1.111110E-02  -5.555560E-02        -1
  1062  389  371  370  -1.111110E-02  -4.444440E-02  -1.111110E-02  -5.555560E-02   0.000000E+00  -4.444440E-02        -1
  1063  485  501  502  -8.888890E-02  -6.666670E-02  -8.888890E-02  -5.555560E-02  -1.000000E-01  -6.666670E-02        -1
  1064  517  502  501  -1.000000E-01  -5.555560E-02  -1.000000E-01  -6.666670E-02  -8.888890E-02  -5.555560E-02        -1
  1065  467  484  485  -7.777780E-02  -6.666670E-02  -7.777780E-02  -5.555560E-02  -8.888890E-02  -6.666670E-02        -1
  1066  501  485  484  -8.888890E-02  -5.555560E-02  -8.888890E-02  -6.666670E-02  -7.777780E-02  -5.555560E-02        -1
  1067  448  466  467  -6.666670E-02  -6.666670E-02  -6.666670E-02  -5.555560E-02  -7.777780E-02  -6.666670E-02        -1
  1068  484  467  466  -7.777780E-02  -5.555560E-02  -7.777780E-02  -6.666670E-02  -6.666670E-02  -5.555560E-02        -1
  1069  429  447  448  -5.555560E-02  -6.666670E-02  -5.555560E-02  -5.555560E-02  -6.666670E-02  -6.666670E-02        -1
  1070  466  448  447  -6.666670E-02  -5.555560E-02  -6.666670E-02  -6.666670E-02  -5.555560E-02  -5.555560E-02        -1
  1071  410  428  429  -4.444440E-02  -6.666670E-02  -4.444450E-02  -5.555560E-02  -5.555560E-02  -6.666670E-02        -1
  1072  447  429  428  -5.555560E-02  -5.555560E-02  -5.555560E-02  -6.666670E-02  -4.444450E-02  -5.555560E-02        -1
  1073  391  409  410  -3.333330E-02  -6.666670E-02  -3.333330E-02  -5.555560E-02  -4.444440E-02  -6.666670E-02        -1
  1074  428  410  409  -4.444450E-02  -5.555560E-02  -4.444440E-02  -6.666670E-02  -3.333330E-02  -5.555560E-02        -1
  1075  372  390  391  -2.222220E-02  -6.666670E-02  -2.222220E-02  -5.555560E-02  -3.333330E-02  -6.666670E-02        -1
  1076  409  391  390  -3.333330E-02  -5.555560E-02  -3.333330E-02  -6.666670E-02  -2.222220E-02  -5.555560E-02        -1
  1077  353  371  372  -1.111110E-02  -6.666670E-02  -1.111110E-02  -5.555560E-02  -2.222220E-02  -6.666670E-02        -1
  1078  390  372  371  -2.222220E-02  -5.555560E-02  -2.222220E-02  -6.666670E-02  -1.111110E-02  -5.555560E-02        -1
  1079  334  352  353   0.000000E+00  -6.666670E-02   0.000000E+00  -5.555560E-02  -1.111110E-02  -6.666670E-02        -1
  1080  371  353  352  -1.111110E-02  -5.555560E-02  -1.111110E-02  -6.666670E-02   0.000000E+00  -5.555560E-02        -1
  1081  468  485  486  -8.888890E-02  -7.777780E-02  -8.888890E-02  -6.666670E-02  -1.000000E-01  -7.777780E-02        -1
  1082  502  486  485  -1.000000E-01  -6.666670E-02  -1.000000E-01  -7.777780E-02  -8.888890E-02  -6.666670E-02        -1
  1083  449  467  468  -7.777780E-02  -7.777780E-02  -7.777780E-02  -6.666670E-02  -8.888890E-02  -7.777780E-02        -1
  1084  485  468  467  -8.888890E-02  -6.666670E-02  -8.888890E-02  -7.777780E-02  -7.777780E-02  -6.666670E-02        -1
  1085  430  448  449  -6.666670E-02  -7.777780E-02  -6.666670E-02  -6.666670E-02  -7.777780E-02  -7.777780E-02        -1
  1086  467  449  448  -7.777780E-02  -6.666670E-02  -7.777780E-02  -7.777780E-02  -6.666670E-02  -6.666670E-02        -1
  1087  411  429  430  -5.555560E-02  -7.777780E-02  -5.555560E-02  -6.666670E-02  -6.666670E-02  -7.777780E-02        -1
  1088  448  430  429  -6.666670E-02  -6.666670E-02  -6.666670E-02  -7.777780E-02  -5.555560E-02  -6.666670E-02        -1
  1089  392  410  411  -4.444450E-02  -7.777780E-02  -4.444440E-02  -6.666670E-02  -5.555560E-02  -7.777780E-02        -1
  1090  429  411  410  -5.555560E-02  -6.666670E-02  -5.555560E-02  -7.777780E-02  -4.444440E-02  -6.666670E-02        -1
  1091  373  391  392  -3.333330E-02  -7.777780E-02  -3.333330E-02  -6.666670E-02  -4.444450E-02  -7.777780E-02        -1
  1092  410  392  391  -4.444440E-02  -6.666670E-02  -4.444450E-02  -7.777780E-02  -3.333330E-02  -6.666670E-02        -1
  1093  354  372  373  -2.222220E-02  -7.777780E-02  -2.222220E-02  -6.666670E-02  -3.333330E-02  -7.777780E-02        -1
  1094  391  373  372  -3.333330E-02  -6.666670E-02  -3.333330E-02  -7.777780E-02  -2.222220E-02  -6.666670E-02        -1
  1095  335  353  354  -1.111110E-02  -7.777780E-02  -1.111110E-02  -6.666670E-02  -2.222220E-02  -7.777780E-02        -1
  1096  372  354  353  -2.222220E-02  -6.666670E-02  -2.222220E-02  -7.777780E-02  -1.111110E-02  -6.666670E-02        -1
  1097  316  334  335   0.000000E+00  -7.777780E-02   0.000000E+00  -6.666670E-02  -1.111110E-02  -7.777780E-02        -1
  1098  353  335  334  -1.111110E-02  -6.666670E-02  -1.111110E-02  -7.777780E-02   0.000000E+00  -6.666670E-02        -1
  1099  450  468  469  -8.888890E-02  -8.888890E-02  -8.888890E-02  -7.777780E-02  -1.000000E-01  -8.888890E-02        -1
  1100  486  469  468  -1.000000E-01  -7.777780E-02  -1.000000E-01  -8.888890E-02  -8.888890E-02  -7.777780E-02        -1
  1101  431  449  450  -7.777780E-02  -8.888890E-02  -7.777780E-02  -7.777780E-02  -8.888890E-02  -8.888890E-02        -1
  1102  468  450  449  -8.888890E-02  -7.777780E-02  -8.888890E-02  -8.888890E-02  -7.777780E-02  -7.777780E-02        -1
  1103  412  430  431  -6.666670E-02  -8.888890E-02  -6.666670E-02  -7.777780E-02  -7.777780E-02  -8.888890E-02        -1
  1104  449  431  430  -7.777780E-02  -7.777780E-02  -7.777780E-02  -8.888890E-02  -6.666670E-02  -7.777780E-02        -1
  1105  393  411  412  -5.555560E-02  -8.888890E-02  -5.555560E-02  -7.777780E-02  -6.666670E-02  -8.888890E-02        -1
  1106  430  412  411  -6.666670E-02  -7.777780E-02  -6.666670E-02  -8.888890E-02  -5.555560E-02  -7.777780E-02        -1
  1107  374  392  393  -4.444440E-02  -8.888890E-02  -4.444450E-02  -7.777780E-02  -5.555560E-02  -8.888890E-02        -1
  1108  411  393  392  -5.555560E-02  -7.777780E-02  -5.555560E-02  -8.888890E-02  -4.444450E-02  -7.777780E-02        -1
  1109  355  373  374  -3.333330E-02  -8.888890E-02  -3.333330E-02  -7.777780E-02  -4.444440E-02  -8.888890E-02        -1
  1110  392  374  373  -4.444450E-02  -7.777780E-02  -4.444440E-02  -8.888890E-02  -3.333330E-02  -7.777780E-02        -1
  1111  336  354  355  -2.222220E-02  -8.888890E-02  -2.222220E-02  -7.777780E-02  -3.333330E-02  -8.888890E-02        -1
  1112  373  355  354  -3.333330E-02  -7.777780E-02  -3.333330E-02  -8.888890E-02  -2.222220E-02  -7.777780E-02        -1
  1113  317  335  336  -1.111110E-02  -8.888890E-02  -1.111110E-02  -7.777780E-02  -2.222220E-02  -8.888890E-02        -1
  1114  354  336  335  -2.222220E-02  -7.777780E-02  -2.222220E-02  -8.888890E-02  -1.111110E-02  -7.777780E-02        -1
  1115  298  316  317   0.000000E+00  -8.888890E-02   0.000000E+00  -7.777780E-02  -1.111110E-02  -8.888890E-02        -1
  1116  335  317  316  -1.111110E-02  -7.777780E-02  -1.111110E-02  -8.888890E-02   0.000000E+00  -7.777780E-02        -1
  1117  432  450  451  -8.888890E-02  -1.000000E-01  -8.888890E-02  -8.888890E-02  -1.000000E-01  -1.000000E-01        -1
  1118  469  451  450  -1.000000E-01  -8.888890E-02  -1.000000E-01  -1.000000E-01  -8.888890E-02  -8.888890E-02        -1
  1119  413  431  432  -7.777780E-02  -1.000000E-01  -7.777780E-02  -8.888890E-02  -8.888890E-02  -1.000000E-01        -1
  1120  450  432  431  -8.888890E-02  -8.888890E-02  -8.888890E-02  -1.000000E-01  -7.777780E-02  -8.888890E-02        -1
  1121  394  412  413  -6.666670E-02  -1.000000E-01  -6.666670E-02  -8.888890E-02  -7.777780E-02  -1.000000E-01        -1
  1122  431  413  412  -7.777780E-02  -8.888890E-02  -7.777780E-02  -1.000000E-01  -6.666670E-02  -8.888890E-02        -1
  1123  375  393  394  -5.555560E-02  -1.000000E-01  -5.555560E-02  -8.888890E-02  -6.666670E-02  -1.000000E-01        -1
  1124  412  394  393  -6.666670E-02  -8.888890E-02  -6.666670E-02  -1.000000E-01  -5.555560E-02  -8.888890E-02        -1
  1125  356  374  375  -4.444440E-02  -1.000000E-01  -4.444440E-02  -8.888890E-02  -5.555560E-02  -1.000000E-01        -1
  1126  393  375  374  -5.555560E-02  -8.888890E-02  -5.555560E-02  -1.000000E-01  -4.444440E-02  -8.888890E-02        -1
  1127  337  355  356  -3.333330E-02  -1.000000E-01  -3.333330E-02  -8.888890E-02  -4.444440E-02  -1.000000E-01        -1
  1128  374  356  355  -4.444440E-02  -8.888890E-02  -4.444440E-02  -1.000000E-01  -3.333330E-02  -8.888890E-02        -1
  1129  318  336  337  -2.222220E-02  -1.000000E-01  -2.222220E-02  -8.888890E-02  -3.333330E-02  -1.000000E-01        -1
  1130  355  337  336  -3.333330E-02  -8.888890E-02  -3.333330E-02  -1.000000E-01  -2.222220E-02  -8.888890E-02        -1
  1131  299  317  318  -1.111110E-02  -1.000000E-01  -1.111110E-02  -8.888890E-02  -2.222220E-02  -1.000000E-01        -1
  1132  336  318  317  -2.222220E-02  -8.888890E-02  -2.222220E-02  -1.000000E-01  -1.111110E-02  -8.888890E-02        -1
  1133  280  298  299   0.000000E+00  -1.000000E-01   0.000000E+00  -8.888890E-02  -1.111110E-02  -1.000000E-01        -1
  1134  317  299  298  -1.111110E-02  -8.888890E-02  -1.111110E-02  -1.000000E-01   0.000000E+00  -8.888890E-02        -1
  1135  708  711  710  -8.888890E-02   9.444440E-01  -8.888890E-02   1.000000E+00  -1.000000E-01   9.444440E-01        -1
  1136  712  710  711  -1.000000E-01   1.000000E+00  -1.000000E-01   9.444440E-01  -8.888890E-02   1.000000E+00        -1
  1137  705  709  708  -7.777780E-02   9.444440E-01  -7.777780E-02   1.000000E+00  -8.888890E-02   9.444440E-01        -1
  1138  711  708  709  -8.888890E-02   1.000000E+00  -8.888890E-02   9.444440E-01  -7.777780E-02   1.000000E+00        -1
  1139  701  706  705  -6.666670E-02   9.444450E-01  -6.666670E-02   1.000000E+00  -7.777780E-02   9.444440E-01        -1
  1140  709  705  706  -7.777780E-02   1.000000E+00  -7.777780E-02   9.444440E-01  -6.666670E-02   1.000000E+00        -1
  1141  696  702  701  -5.555560E-02   9.444440E-01  -5.555560E-02   1.000000E+00  -6.666670E-02   9.444450E-01        -1
  1142  706  701  702  -6.666670E-02   1.000000E+00  -6.666670E-02   9.444450E-01  -5.555560E-02   1.000000E+00        -1
  1143  690  697  696  -4.444440E-02   9.444450E-01  -4.444440E-02   1.000000E+00  -5.555560E-02   9.444440E-01        -1
  1144  702  696  697  -5.555560E-02   1.000000E+00  -5.555560E-02   9.444440E-01  -4.444440E-02   1.000000E+00        -1
  1145  683  691  690  -3.333330E-02   9.444440E-01  -3.333330E-02   1.000000E+00  -4.444440E-02   9.444450E-01        -1
  1146  697  690  691  -4.444440E-02   1.000000E+00  -4.444440E-02   9.444450E-01  -3.333330E-02   1.000000E+00        -1
  1147  675  684  683  -2.222220E-02   9.444440E-01  -2.222220E-02   1.000000E+00  -3.333330E-02   9.444440E-01        -1
  1148  691  683  684  -3.333330E-02   1.000000E+00  -3.333330E-02   9.444440E-01  -2.222220E-02   1.000000E+00        -1
  1149  666  676  675  -1.111110E-02   9.444440E-01  -1.111110E-02   1.000000E+00  -2.222220E-02   9.444440E-01        -1
  1150  684  675  676  -2.222220E-02   1.000000E+00  -2.222220E-02   9.444440E-01  -1.111110E-02   1.000000E+00        -1
  1151  656  667  666   0.000000E+00   9.444440E-01   0.000000E+00   1.000000E+00  -1.111110E-02   9.444440E-01        -1
  1152  676  666  667  -1.111110E-02   1.000000E+00  -1.111110E-02   9.444440E-01   0.000000E+00   1.000000E+00        -1
  1153  704  708  707  -8.888890E-02   8.888890E-01  -8.888890E-02   9.444440E-01  -1.000000E-01   8.888890E-01        -1
  1154  710  707  708  -1.000000E-01   9.444440E-01  -1.000000E-01   8.888890E-01  -8.888890E-02   9.444440E-01        -1
  1155  700  705  704  -7.777780E-02   8.888890E-01  -7.777780E-02   9.444440E-01  -8.888890E-02   8.888890E-01        -1
  1156  708  704  705  -8.888890E-02   9.444440E-01  -8.888890E-02   8.888890E-01  -7.777780E-02   9.444440E-01        -1
  1157  695  701  700  -6.666670E-02   8.888890E-01  -6.666670E-02   9.444450E-01  -7.777780E-02   8.888890E-01        -1
  1158  705  700  701  -7.777780E-02   9.444440E-01  -7.777780E-02   8.888890E-01  -6.666670E-02   9.444450E-01        -1
  1159  689  696  695  -5.555560E-02   8.888890E-01  -5.555560E-02   9.444440E-01  -6.666670E-02   8.888890E-01        -1
  1160  701  695  696  -6.666670E-02   9.444450E-01  -6.666670E-02   8.888890E-01  -5.555560E-02   9.444440E-01        -1
  1161  682  690  689  -4.444450E-02   8.888890E-01  -4.444440E-02   9.444450E-01  -5.555560E-02   8.888890E-01        -1
  1162  696  689  690  -5.555560E-02   9.444440E-01  -5.555560E-02   8.888890E-01  -4.444440E-02   9.444450E-01        -1
  1163  674  683  682  -3.333330E-02   8.888890E-01  -3.333330E-02   9.444440E-01  -4.444450E-02   8.888890E-01        -1
  1164  690  682  683  -4.444440E-02   9.444450E-01  -4.444450E-02   8.888890E-01  -3.333330E-02   9.444440E-01        -1
  1165  665  675  674  -2.222220E-02   8.888890E-01  -2.222220E-02   9.444440E-01  -3.333330E-02   8.888890E-01        -1
  1166  683  674  675  -3.333330E-02   9.444440E-01  -3.333330E-02   8.888890E-01  -2.222220E-02   9.444440E-01        -1
  1167  655  666  665  -1.111110E-02   8.888890E-01  -1.111110E-02   9.444440E-01  -2.222220E-02   8.888890E-01        -1
  1168  675  665  666  -2.222220E-02   9.444440E-01  -2.222220E-02   8.888890E-01  -1.111110E-02   9.444440E-01        -1
  1169  645  656  655   0.000000E+00   8.888890E-01   0.000000E+00   9.444440E-01  -1.111110E-02   8.888890E-01        -1
  1170  666  655  656  -1.111110E-02   9.444440E-01  -1.111110E-02   8.888890E-01   0.000000E+00   9.444440E-01        -1
  1171  699  704  703  -8.888890E-02   8.333330E-01  -8.888890E-02   8.888890E-01  -1.000000E-01   8.333330E-01        -1
  1172  707  703  704  -1.000000E-01   8.888890E-01  -1.000000E-01   8.333330E-01  -8.888890E-02   8.888890E-01        -1
  1173  694  700  699  -7.777780E-02   8.333330E-01  -7.777780E-02   8.888890E-01  -8.888890E-02   8.333330E-01        -1
  1174  704  699  700  -8.888890E-02   8.888890E-01  -8.888890E-02   8.333330E-01  -7.777780E-02   8.888890E-01        -1
  1175  688  695  694  -6.666670E-02   8.333330E-01  -6.666670E-02   8.888890E-01  -7.777780E-02   8.333330E-01        -1
  1176  700  694  695  -7.777780E-02   8.888890E-01  -7.777780E-02   8.333330E-01  -6.666670E-02   8.888890E-01        -1
  1177  681  689  688  -5.555560E-02   8.333330E-01  -5.555560E-02   8.888890E-01  -6.666670E-02   8.333330E-01        -1
  1178  695  688  689  -6.666670E-02   8.888890E-01  -6.666670E-02   8.333330E-01  -5.555560E-02   8.888890E-01        -1
  1179  673  682  681  -4.444440E-02   8.333330E-01  -4.444450E-02   8.888890E-01  -5.555560E-02   8.333330E-01        -1
  1180  689  681  682  -5.555560E-02   8.888890E-01  -5.555560E-02   8.333330E-01  -4.444450E-02   8.888890E-01        -1
  1181  664  674  673  -3.333330E-02   8.333330E-01  -3.333330E-02   8.888890E-01  -4.444440E-02   8.333330E-01        -1
  1182  682  673  674  -4.444450E-02   8.888890E-01  -4.444440E-02   8.333330E-01  -3.333330E-02   8.888890E-01        -1
  1183  654  665  664  -2.222220E-02   8.333330E-01  -2.222220E-02   8.888890E-01  -3.333330E-02   8.333330E-01        -1
  1184  674  664  665  -3.333330E-02   8.888890E-01  -3.333330E-02   8.333330E-01  -2.222220E-02   8.888890E-01        -1
  1185  644  655  654  -1.111110E-02   8.333330E-01  -1.111110E-02   8.888890E-01  -2.222220E-02   8.333330E-01        -1
  1186  665  654  655  -2.222220E-02   8.888890E-01  -2.222220E-02   8.333330E-01  -1.111110E-02   8.888890E-01        -1
  1187  634  645  644   0.000000E+00   8.333330E-01   0.000000E+00   8.888890E-01  -1.111110E-02   8.333330E-01        -1
  1188  655  644  645  -1.111110E-02   8.888890E-01  -1.111110E-02   8.333330E-01   0.000000E+00   8.888890E-01        -1
  1189  693  699  698  -8.888890E-02   7.777780E-01  -8.888890E-02   8.333330E-01  -1.000000E-01   7.777780E-01        -1
  1190  703  698  699  -1.000000E-01   8.333330E-01  -1.000000E-01   7.777780E-01  -8.888890E-02   8.333330E-01        -1
  1191  687  694  693  -7.777780E-02   7.777780E-01  -7.777780E-02   8.333330E-01  -8.888890E-02   7.777780E-01        -1
  1192  699  693  694  -8.888890E-02   8.333330E-01  -8.888890E-02   7.777780E-01  -7.777780E-02   8.333330E-01        -1
  1193  680  688  687  -6.666670E-02   7.777780E-01  -6.666670E-02   8.333330E-01  -7.777780E-02   7.777780E-01        -1
  1194  694  687  688  -7.777780E-02   8.333330E-01  -7.777780E-02   7.777780E-01  -6.666670E-02   8.333330E-01        -1
  1195  672  681  680  -5.555560E-02   7.777780E-01  -5.555560E-02   8.333330E-01  -6.666670E-02   7.777780E-01        -1
  1196  688  680  681  -6.666670E-02   8.333330E-01  -6.666670E-02   7.777780E-01  -5.555560E-02   8.333330E-01        -1
  1197  663  673  672  -4.444450E-02   7.777780E-01  -4.444440E-02   8.333330E-01  -5.555560E-02   7.777780E-01        -1
  1198  681  672  673  -5.555560E-02   8.333330E-01  -5.555560E-02   7.777780E-01  -4.444440E-02   8.333330E-01        -1
  1199  653  664  663  -3.333330E-02   7.777780E-01  -3.333330E-02   8.333330E-01  -4.444450E-02   7.777780E-01        -1
  1200  673  663  664  -4.444440E-02   8.333330E-01  -4.444450E-02   7.777780E-01  -3.333330E-02   8.333330E-01        -1
  1201  643  654  653  -2.222220E-02   7.777780E-01  -2.222220E-02   8.333330E-01  -3.333330E-02   7.777780E-01        -1
  1202  664  653  654  -3.333330E-02   8.333330E-01  -3.333330E-02   7.777780E-01  -2.222220E-02   8.333330E-01        -1
  1203  633  644  643  -1.111110E-02   7.777780E-01  -1.111110E-02   8.333330E-01  -2.222220E-02   7.777780E-01        -1
  1204  654  643  644  -2.222220E-02   8.333330E-01  -2.222220E-02   7.777780E-01  -1.111110E-02   8.333330E-01        -1
  1205  623  634  633   0.000000E+00   7.777780E-01   0.000000E+00   8.333330E-01  -1.111110E-02   7.777780E-01        -1
  1206  644  633  634  -1.111110E-02   8.333330E-01  -1.111110E-02   7.777780E-01   0.000000E+00   8.333330E-01        -1
  1207  686  693  692  -8.888890E-02   7.222220E-01  -8.888890E-02   7.777780E-01  -1.000000E-01   7.222220E-01        -1
  1208  698  692  693  -1.000000E-01   7.777780E-01  -1.000000E-01   7.222220E-01  -8.888890E-02   7.777780E-01        -1
  1209  679  687  686  -7.777780E-02   7.222220E-01  -7.777780E-02   7.777780E-01  -8.888890E-02   7.222220E-01        -1
  1210  693  686  687  -8.888890E-02   7.777780E-01  -8.888890E-02   7.222220E-01  -7.777780E-02   7.777780E-01        -1
  1211  671  680  679  -6.666670E-02   7.222220E-01  -6.666670E-02   7.777780E-01  -7.777780E-02   7.222220E-01        -1
  1212  687  679  680  -7.777780E-02   7.777780E-01  -7.777780E-02   7.222220E-01  -6.666670E-02   7.777780E-01        -1
  1213  662  672  671  -5.555560E-02   7.222220E-01  -5.555560E-02   7.777780E-01  -6.666670E-02   7.222220E-01        -1
  1214  680  671  672  -6.666670E-02   7.777780E-01  -6.666670E-02   7.222220E-01  -5.555560E-02   7.777780E-01        -1
  1215  652  663  662  -4.444450E-02   7.222220E-01  -4.444450E-02   7.777780E-01  -5.555560E-02   7.222220E-01        -1
  1216  672  662  663  -5.555560E-02   7.777780E-01  -5.555560E-02   7.222220E-01  -4.444450E-02   7.777780E-01        -1
  1217  642  653  652  -3.333330E-02   7.222220E-01  -3.333330E-02   7.777780E-01  -4.444450E-02   7.222220E-01        -1
  1218  663  652  653  -4.444450E-02   7.777780E-01  -4.444450E-02   7.222220E-01  -3.333330E-02   7.777780E-01        -1
  1219  632  643  642  -2.222220E-02   7.222220E-01  -2.222220E-02   7.777780E-01  -3.333330E-02   7.222220E-01        -1
  1220  653  642  643  -3.333330E-02   7.777780E-01  -3.333330E-02   7.222220E-01  -2.222220E-02   7.777780E-01        -1
  1221  622  633  632  -1.111110E-02   7.222220E-01  -1.111110E-02   7.777780E-01  -2.222220E-02   7.222220E-01        -1
  1222  643  632  633  -2.222220E-02   7.777780E-01  -2.222220E-02   7.222220E-01  -1.111110E-02   7.777780E-01        -1
  1223  612  623  622   0.000000E+00   7.222220E-01   0.000000E+00   7.777780E-01  -1.111110E-02   7.222220E-01        -1
  1224  633  622  623  -1.111110E-02   7.777780E-01  -1.111110E-02   7.222220E-01   0.000000E+00   7.777780E-01        -1
  1225  678  686  685  -8.888890E-02   6.666670E-01  -8.888890E-02   7.222220E-01  -1.000000E-01   6.666670E-01        -1
  1226  692  685  686  -1.000000E-01   7.222220E-01  -1.000000E-01   6.666670E-01  -8.888890E-02   7.222220E-01        -1
  1227  670  679  678  -7.777780E-02   6.666670E-01  -7.777780E-02   7.222220E-01  -8.888890E-02   6.666670E-01        -1
  1228  686  678  679  -8.888890E-02   7.222220E-01  -8.888890E-02   6.666670E-01  -7.777780E-02   7.222220E-01        -1
  1229  661  671  670  -6.666670E-02   6.666670E-01  -6.666670E-02   7.222220E-01  -7.777780E-02   6.666670E-01        -1
  1230  679  670  671  -7.777780E-02   7.222220E-01  -7.777780E-02   6.666670E-01  -6.666670E-02   7.222220E-01        -1
  1231  651  662  661  -5.555560E-02   6.666670E-01  -5.555560E-02   7.222220E-01  -6.666670E-02   6.666670E-01        -1
  1232  671  661  662  -6.666670E-02   7.222220E-01  -6.666670E-02   6.666670E-01  -5.555560E-02   7.222220E-01        -1
  1233  641  652  651  -4.444440E-02   6.666670E-01  -4.444450E-02   7.222220E-01  -5.555560E-02   6.666670E-01        -1
  1234  662  651  652  -5.555560E-02   7.222220E-01  -5.555560E-02   6.666670E-01  -4.444450E-02   7.222220E-01        -1
  1235  631  642  641  -3.333330E-02   6.666670E-01  -3.333330E-02   7.222220E-01  -4.444440E-02   6.666670E-01        -1
  1236  652  641  642  -4.444450E-02   7.222220E-01  -4.444440E-02   6.666670E-01  -3.333330E-02   7.222220E-01        -1
  1237  621  632  631  -2.222220E-02   6.666670E-01  -2.222220E-02   7.222220E-01  -3.333330E-02   6.666670E-01        -1
  1238  642  631  632  -3.333330E-02   7.222220E-01  -3.333330E-02   6.666670E-01  -2.222220E-02   7.222220E-01        -1
  1239  611  622  621  -1.111110E-02   6.666670E-01  -1.111110E-02   7.222220E-01  -2.222220E-02   6.666670E-01        -1
  1240  632  621  622  -2.222220E-02   7.222220E-01  -2.222220E-02   6.666670E-01  -1.111110E-02   7.222220E-01        -1
  1241  601  612  611   0.000000E+00   6.666670E-01   0.000000E+00   7.222220E-01  -1.111110E-02   6.666670E-01        -1
  1242  622  611  612  -1.111110E-02   7.222220E-01  -1.111110E-02   6.666670E-01   0.000000E+00   7.222220E-01        -1
  1243  669  678  677  -8.888890E-02   6.111110E-01  -8.888890E-02   6.666670E-01  -1.000000E-01   6.111110E-01        -1
  1244  685  677  678  -1.000000E-01   6.666670E-01  -1.000000E-01   6.111110E-01  -8.888890E-02   6.666670E-01        -1
  1245  660  670  669  -7.777780E-02   6.111110E-01  -7.777780E-02   6.666670E-01  -8.888890E-02   6.111110E-01        -1
  1246  678  669  670  -8.888890E-02   6.666670E-01  -8.888890E-02   6.111110E-01  -7.777780E-02   6.666670E-01        -1
  1247  650  661  660  -6.666670E-02   6.111110E-01  -6.666670E-02   6.666670E-01  -7.777780E-02   6.111110E-01        -1
  1248  670  660  661  -7.777780E-02   6.666670E-01  -7.777780E-02   6.111110E-01  -6.666670E-02   6.666670E-01        -1
  1249  640  651  650  -5.555560E-02   6.111110E-01  -5.555560E-02   6.666670E-01  -6.666670E-02   6.111110E-01        -1
  1250  661  650  651  -6.666670E-02   6.666670E-01  -6.666670E-02   6.111110E-01  -5.555560E-02   6.666670E-01        -1
  1251  630  641  640  -4.444450E-02   6.111110E-01  -4.444440E-02   6.666670E-01  -5.555560E-02   6.111110E-01        -1
  1252  651  640  641  -5.555560E-02   6.666670E-01  -5.555560E-02   6.111110E-01  -4.444440E-02   6.666670E-01        -1
  1253  620  631  630  -3.333330E-02   6.111110E-01  -3.333330E-02   6.666670E-01  -4.444450E-02   6.111110E-01        -1
  1254  641  630  631  -4.444440E-02   6.666670E-01  -4.444450E-02   6.111110E-01  -3.333330E-02   6.666670E-01        -1
  1255  610  621  620  -2.222220E-02   6.111110E-01  -2.222220E-02   6.666670E-01  -3.333330E-02   6.111110E-01        -1
  1256  631  620  621  -3.333330E-02   6.666670E-01  -3.333330E-02   6.111110E-01  -2.222220E-02   6.666670E-01        -1
  1257  600  611  610  -1.111110E-02   6.111110E-01  -1.111110E-02   6.666670E-01  -2.222220E-02   6.111110E-01        -1
  1258  621  610  611  -2.222220E-02   6.666670E-01  -2.222220E-02   6.111110E-01  -1.111110E-02   6.666670E-01        -1
  1259  590  601  600   0.000000E+00   6.111110E-01   0.000000E+00   6.666670E-01  -1.111110E-02   6.111110E-01        -1
  1260  611  600  601  -1.111110E-02   6.666670E-01  -1.111110E-02   6.111110E-01   0.000000E+00   6.666670E-01        -1
  1261  659  669  668  -8.888890E-02   5.555560E-01  -8.888890E-02   6.111110E-01  -1.000000E-01   5.555560E-01        -1
  1262  677  668  669  -1.000000E-01   6.111110E-01  -1.000000E-01   5.555560E-01  -8.888890E-02   6.111110E-01        -1
  1263  649  660  659  -7.777780E-02   5.555560E-01  -7.777780E-02   6.111110E-01  -8.888890E-02   5.555560E-01        -1
  1264  669  659  660  -8.888890E-02   6.111110E-01  -8.888890E-02   5.555560E-01  -7.777780E-02   6.111110E-01        -1
  1265  639  650  649  -6.666670E-02   5.555560E-01  -6.666670E-02   6.111110E-01  -7.777780E-02   5.555560E-01        -1
  1266  660  649  650  -7.777780E-02   6.111110E-01  -7.777780E-02   5.555560E-01  -6.666670E-02   6.111110E-01        -1
  1267  629  640  639  -5.555560E-02   5.555560E-01  -5.555560E-02   6.111110E-01  -6.666670E-02   5.555560E-01        -1
  1268  650  639  640  -6.666670E-02   6.111110E-01  -6.666670E-02   5.555560E-01  -5.555560E-02   6.111110E-01        -1
  1269  619  630  629  -4.444440E-02   5.555560E-01  -4.444450E-02   6.111110E-01  -5.555560E-02   5.555560E-01        -1
  1270  640  629  630  -5.555560E-02   6.111110E-01  -5.555560E-02   5.555560E-01  -4.444450E-02   6.111110E-01        -1
  1271  609  620  619  -3.333330E-02   5.555560E-01  -3.333330E-02   6.111110E-01  -4.444440E-02   5.555560E-01        -1
  1272  630  619  620  -4.444450E-02   6.111110E-01  -4.444440E-02   5.555560E-01  -3.333330E-02   6.111110E-01        -1
  1273  599  610  609  -2.222220E-02   5.555560E-01  -2.222220E-02   6.111110E-01  -3.333330E-02   5.555560E-01        -1
  1274  620  609  610  -3.333330E-02   6.111110E-01  -3.333330E-02   5.555560E-01  -2.222220E-02   6.111110E-01        -1
  1275  589  600  599  -1.111110E-02   5.555560E-01  -1.111110E-02   6.111110E-01  -2.222220E-02   5.555560E-01        -1
  1276  610  599  600  -2.222220E-02   6.111110E-01  -2.222220E-02   5.555560E-01  -1.111110E-02   6.111110E-01        -1
  1277  579  590  589   0.000000E+00   5.555560E-01   0.000000E+00   6.111110E-01  -1.111110E-02   5.555560E-01        -1
  1278  600  589  590  -1.111110E-02   6.111110E-01  -1.111110E-02   5.555560E-01   0.000000E+00   6.111110E-01        -1
  1279  648  659  658  -8.888890E-02   5.000000E-01  -8.888890E-02   5.555560E-01  -1.000000E-01   5.000000E-01        -1
  1280  668  658  659  -1.000000E-01   5.555560E-01  -1.000000E-01   5.000000E-01  -8.888890E-02   5.555560E-01        -1
  1281  638  649  648  -7.777780E-02   5.000000E-01  -7.777780E-02   5.555560E-01  -8.888890E-02   5.000000E-01        -1
  1282  659  648  649  -8.888890E-02   5.555560E-01  -8.888890E-02   5.000000E-01  -7.777780E-02   5.555560E-01        -1
  1283  628  639  638  -6.666670E-02   5.000000E-01  -6.666670E-02   5.555560E-01  -7.777780E-02   5.000000E-01        -1
  1284  649  638  639  -7.777780E-02   5.555560E-01  -7.777780E-02   5.000000E-01  -6.666670E-02   5.555560E-01        -1
  1285  618  629  628  -5.555560E-02   5.000000E-01  -5.555560E-02   5.555560E-01  -6.666670E-02   5.000000E-01        -1
  1286  639  628  629  -6.666670E-02   5.555560E-01  -6.666670E-02   5.000000E-01  -5.555560E-02   5.555560E-01        -1
  1287  608  619  618  -4.444440E-02   5.000000E-01  -4.444440E-02   5.555560E-01  -5.555560E-02   5.000000E-01        -1
  1288  629  618  619  -5.555560E-02   5.555560E-01  -5.555560E-02   5.000000E-01  -4.444440E-02   5.555560E-01        -1
  1289  598  609  608  -3.333330E-02   5.000000E-01  -3.333330E-02   5.555560E-01  -4.444440E-02   5.000000E-01        -1
  1290  619  608  609  -4.444440E-02   5.555560E-01  -4.444440E-02   5.000000E-01  -3.333330E-02   5.555560E-01        -1
  1291  588  599  598  -2.222220E-02   5.000000E-01  -2.222220E-02   5.555560E-01  -3.333330E-02   5.000000E-01        -1
  1292  609  598  599  -3.333330E-02   5.555560E-01  -3.333330E-02   5.000000E-01  -2.222220E-02   5.555560E-01        -1
  1293  578  589  588  -1.111110E-02   5.000000E-01  -1.111110E-02   5.555560E-01  -2.222220E-02   5.000000E-01        -1
  1294  599  588  589  -2.222220E-02   5.555560E-01  -2.222220E-02   5.000000E-01  -1.111110E-02   5.555560E-01        -1
  1295  568  579  578   0.000000E+00   5.000000E-01   0.000000E+00   5.555560E-01  -1.111110E-02   5.000000E-01        -1
  1296  589  578  579  -1.111110E-02   5.555560E-01  -1.111110E-02   5.000000E-01   0.000000E+00   5.555560E-01        -1
