                  1288                   335                     0
                     1                     4                     2
                     3                     1  0.333333333333333     
  0.000000000000000E+000  0.000000000000000E+000  0.000000000000000E+000
  0.000000000000000E+000  0.333333333333333       0.000000000000000E+000
  0.333333333333333       0.000000000000000E+000  0.000000000000000E+000
  0.000000000000000E+000  0.000000000000000E+000                     1
                     2                     5                     3
                     2                     1 -0.333333333333333     
  0.000000000000000E+000  0.000000000000000E+000  0.000000000000000E+000
  0.333333333333333       0.000000000000000E+000  0.000000000000000E+000
  0.000000000000000E+000  0.333333333333333       0.000000000000000E+000
  0.000000000000000E+000  0.000000000000000E+000                     1
                     3                     6                     2
                     1                     5  0.000000000000000E+000
 -0.333333333333333       0.000000000000000E+000  0.000000000000000E+000
  0.000000000000000E+000  0.333333333333333       0.000000000000000E+000
  0.000000000000000E+000  0.000000000000000E+000 -0.333333333333333     
  0.000000000000000E+000  0.000000000000000E+000                     1
                     4                     6                     1
                     2                     4  0.000000000000000E+000
 -0.333333333333333       0.000000000000000E+000  0.000000000000000E+000
  0.000000000000000E+000  0.000000000000000E+000  0.000000000000000E+000
  0.000000000000000E+000  0.333333333333333       0.333333333333333     
  0.000000000000000E+000  0.000000000000000E+000                     1
                     5                     7                     3
                     5                     1  0.000000000000000E+000
  0.000000000000000E+000 -0.333333333333333       0.000000000000000E+000
  0.333333333333333       0.000000000000000E+000 -0.333333333333333     
  0.000000000000000E+000  0.000000000000000E+000  0.000000000000000E+000
  0.000000000000000E+000  0.000000000000000E+000                     1
                     6                     7                     6
                     1                     5  0.000000000000000E+000
  0.000000000000000E+000 -0.333333333333333       0.000000000000000E+000
 -0.333333333333333       0.000000000000000E+000  0.000000000000000E+000
  0.000000000000000E+000  0.000000000000000E+000 -0.333333333333333     
  0.000000000000000E+000  0.000000000000000E+000                     1
                     7                     7                     1
                     6                     4  0.000000000000000E+000
  0.000000000000000E+000 -0.333333333333333       0.000000000000000E+000
  0.000000000000000E+000  0.000000000000000E+000  0.000000000000000E+000
 -0.333333333333333       0.000000000000000E+000  0.333333333333333     
  0.000000000000000E+000  0.000000000000000E+000                     1
                     8                     7                     3
                     1                     4  0.000000000000000E+000
  0.000000000000000E+000 -0.333333333333333       0.000000000000000E+000
  0.333333333333333       0.000000000000000E+000  0.000000000000000E+000
  0.000000000000000E+000  0.000000000000000E+000  0.333333333333333     
  0.000000000000000E+000  0.000000000000000E+000                     1
                     9                     8                     3
                     4                     2  0.000000000000000E+000
  0.333333333333333       0.333333333333333       0.000000000000000E+000
  0.333333333333333       0.000000000000000E+000  0.333333333333333     
  0.000000000000000E+000  0.000000000000000E+000  0.000000000000000E+000
  0.000000000000000E+000  0.333333333333333                          1
                    10                     8                     3
                     2                     5  0.000000000000000E+000
  0.333333333333333       0.333333333333333       0.000000000000000E+000
  0.333333333333333       0.000000000000000E+000  0.000000000000000E+000
  0.000000000000000E+000  0.333333333333333      -0.333333333333333     
  0.000000000000000E+000  0.000000000000000E+000                     1
                    11                     9                     6
                     2                     4  0.333333333333333     
  0.000000000000000E+000  0.333333333333333       0.000000000000000E+000
 -0.333333333333333       0.000000000000000E+000  0.000000000000000E+000
  0.000000000000000E+000  0.333333333333333       0.333333333333333     
  0.000000000000000E+000  0.000000000000000E+000                     1
                    12                     9                     2
                     8                     4  0.333333333333333     
  0.000000000000000E+000  0.333333333333333       0.000000000000000E+000
  0.000000000000000E+000  0.333333333333333       0.000000000000000E+000
  0.333333333333333       0.333333333333333       0.333333333333333     
  0.000000000000000E+000  0.000000000000000E+000                     1
                    13                    10                     7
                     4                     3  0.333333333333333     
  0.333333333333333       0.000000000000000E+000  0.000000000000000E+000
  0.000000000000000E+000 -0.333333333333333       0.333333333333333     
  0.000000000000000E+000  0.000000000000000E+000  0.000000000000000E+000
  0.333333333333333       0.000000000000000E+000                     1
                    14                    10                     4
                     8                     3  0.333333333333333     
  0.333333333333333       0.000000000000000E+000  0.333333333333333     
  0.000000000000000E+000  0.000000000000000E+000  0.000000000000000E+000
  0.333333333333333       0.333333333333333       0.000000000000000E+000
  0.333333333333333       0.000000000000000E+000                     1
                    15                    10                     4
                     9                     8  0.333333333333333     
  0.333333333333333       0.000000000000000E+000  0.333333333333333     
  0.000000000000000E+000  0.000000000000000E+000  0.333333333333333     
  0.000000000000000E+000  0.333333333333333       0.000000000000000E+000
  0.333333333333333       0.333333333333333                          1
                    16                    11                     6
                     5                     2 -0.333333333333333     
  0.000000000000000E+000  0.333333333333333       0.000000000000000E+000
 -0.333333333333333       0.000000000000000E+000 -0.333333333333333     
  0.000000000000000E+000  0.000000000000000E+000  0.000000000000000E+000
  0.000000000000000E+000  0.333333333333333                          1
                    17                    11                     8
                     2                     5 -0.333333333333333     
  0.000000000000000E+000  0.333333333333333       0.000000000000000E+000
  0.333333333333333       0.333333333333333       0.000000000000000E+000
  0.000000000000000E+000  0.333333333333333      -0.333333333333333     
  0.000000000000000E+000  0.000000000000000E+000                     1
                    18                    12                     5
                     7                     3 -0.333333333333333     
  0.333333333333333       0.000000000000000E+000 -0.333333333333333     
  0.000000000000000E+000  0.000000000000000E+000  0.000000000000000E+000
  0.000000000000000E+000 -0.333333333333333       0.000000000000000E+000
  0.333333333333333       0.000000000000000E+000                     1
                    19                    12                     8
                     5                     3 -0.333333333333333     
  0.333333333333333       0.000000000000000E+000  0.000000000000000E+000
  0.333333333333333       0.333333333333333      -0.333333333333333     
  0.000000000000000E+000  0.000000000000000E+000  0.000000000000000E+000
  0.333333333333333       0.000000000000000E+000                     1
                    20                    12                     5
                     8                    11 -0.333333333333333     
  0.333333333333333       0.000000000000000E+000 -0.333333333333333     
  0.000000000000000E+000  0.000000000000000E+000  0.000000000000000E+000
  0.333333333333333       0.333333333333333      -0.333333333333333     
  0.000000000000000E+000  0.333333333333333                          1
                    21                    13                     6
                     2                     9  0.000000000000000E+000
 -0.333333333333333       0.333333333333333       0.000000000000000E+000
 -0.333333333333333       0.000000000000000E+000  0.000000000000000E+000
  0.000000000000000E+000  0.333333333333333       0.333333333333333     
  0.000000000000000E+000  0.333333333333333                          1
                    22                    13                     2
                     6                    11  0.000000000000000E+000
 -0.333333333333333       0.333333333333333       0.000000000000000E+000
  0.000000000000000E+000  0.333333333333333       0.000000000000000E+000
 -0.333333333333333       0.000000000000000E+000 -0.333333333333333     
  0.000000000000000E+000  0.333333333333333                          1
                    23                    14                     3
                     7                    10  0.000000000000000E+000
  0.333333333333333      -0.333333333333333       0.000000000000000E+000
  0.333333333333333       0.000000000000000E+000  0.000000000000000E+000
  0.000000000000000E+000 -0.333333333333333       0.333333333333333     
  0.333333333333333       0.000000000000000E+000                     1
                    24                    14                     3
                    12                     7  0.000000000000000E+000
  0.333333333333333      -0.333333333333333       0.000000000000000E+000
  0.333333333333333       0.000000000000000E+000 -0.333333333333333     
  0.333333333333333       0.000000000000000E+000  0.000000000000000E+000
  0.000000000000000E+000 -0.333333333333333                          1
                    25                    15                     4
                     7                     6  0.333333333333333     
 -0.333333333333333       0.000000000000000E+000  0.333333333333333     
  0.000000000000000E+000  0.000000000000000E+000  0.000000000000000E+000
  0.000000000000000E+000 -0.333333333333333       0.000000000000000E+000
 -0.333333333333333       0.000000000000000E+000                     1
                    26                    15                     4
                     6                     9  0.333333333333333     
 -0.333333333333333       0.000000000000000E+000  0.333333333333333     
  0.000000000000000E+000  0.000000000000000E+000  0.000000000000000E+000
 -0.333333333333333       0.000000000000000E+000  0.333333333333333     
  0.000000000000000E+000  0.333333333333333                          1
                    27                    15                    13
                     9                     6  0.333333333333333     
 -0.333333333333333       0.000000000000000E+000  0.000000000000000E+000
 -0.333333333333333       0.333333333333333       0.333333333333333     
  0.000000000000000E+000  0.333333333333333       0.000000000000000E+000
 -0.333333333333333       0.000000000000000E+000                     1
                    28                    16                     7
                     4                    10  0.333333333333333     
  0.000000000000000E+000 -0.333333333333333       0.000000000000000E+000
  0.000000000000000E+000 -0.333333333333333       0.333333333333333     
  0.000000000000000E+000  0.000000000000000E+000  0.333333333333333     
  0.333333333333333       0.000000000000000E+000                     1
                    29                    16                     7
                    15                     4  0.333333333333333     
  0.000000000000000E+000 -0.333333333333333       0.000000000000000E+000
  0.000000000000000E+000 -0.333333333333333       0.333333333333333     
 -0.333333333333333       0.000000000000000E+000  0.333333333333333     
  0.000000000000000E+000  0.000000000000000E+000                     1
                    30                    16                    14
                     7                    10  0.333333333333333     
  0.000000000000000E+000 -0.333333333333333       0.000000000000000E+000
  0.333333333333333      -0.333333333333333       0.000000000000000E+000
  0.000000000000000E+000 -0.333333333333333       0.333333333333333     
  0.333333333333333       0.000000000000000E+000                     1
                    31                    17                     5
                     6                     7 -0.333333333333333     
 -0.333333333333333       0.000000000000000E+000 -0.333333333333333     
  0.000000000000000E+000  0.000000000000000E+000  0.000000000000000E+000
 -0.333333333333333       0.000000000000000E+000  0.000000000000000E+000
  0.000000000000000E+000 -0.333333333333333                          1
                    32                    17                     6
                     5                    11 -0.333333333333333     
 -0.333333333333333       0.000000000000000E+000  0.000000000000000E+000
 -0.333333333333333       0.000000000000000E+000 -0.333333333333333     
  0.000000000000000E+000  0.000000000000000E+000 -0.333333333333333     
  0.000000000000000E+000  0.333333333333333                          1
                    33                    17                    13
                     6                    11 -0.333333333333333     
 -0.333333333333333       0.000000000000000E+000  0.000000000000000E+000
 -0.333333333333333       0.333333333333333       0.000000000000000E+000
 -0.333333333333333       0.000000000000000E+000 -0.333333333333333     
  0.000000000000000E+000  0.333333333333333                          1
                    34                    18                     7
                    12                     5 -0.333333333333333     
  0.000000000000000E+000 -0.333333333333333       0.000000000000000E+000
  0.000000000000000E+000 -0.333333333333333      -0.333333333333333     
  0.333333333333333       0.000000000000000E+000 -0.333333333333333     
  0.000000000000000E+000  0.000000000000000E+000                     1
                    35                    18                    17
                     7                     5 -0.333333333333333     
  0.000000000000000E+000 -0.333333333333333      -0.333333333333333     
 -0.333333333333333       0.000000000000000E+000  0.000000000000000E+000
  0.000000000000000E+000 -0.333333333333333      -0.333333333333333     
  0.000000000000000E+000  0.000000000000000E+000                     1
                    36                    18                     7
                    14                    12 -0.333333333333333     
  0.000000000000000E+000 -0.333333333333333       0.000000000000000E+000
  0.000000000000000E+000 -0.333333333333333       0.000000000000000E+000
  0.333333333333333      -0.333333333333333      -0.333333333333333     
  0.333333333333333       0.000000000000000E+000                     1
                    37                    19                     6
                    15                     7  0.000000000000000E+000
 -0.333333333333333      -0.333333333333333       0.000000000000000E+000
 -0.333333333333333       0.000000000000000E+000  0.333333333333333     
 -0.333333333333333       0.000000000000000E+000  0.000000000000000E+000
  0.000000000000000E+000 -0.333333333333333                          1
                    38                    19                    17
                     6                     7  0.000000000000000E+000
 -0.333333333333333      -0.333333333333333      -0.333333333333333     
 -0.333333333333333       0.000000000000000E+000  0.000000000000000E+000
 -0.333333333333333       0.000000000000000E+000  0.000000000000000E+000
  0.000000000000000E+000 -0.333333333333333                          1
                    39                    19                    15
                    16                     7  0.000000000000000E+000
 -0.333333333333333      -0.333333333333333       0.333333333333333     
 -0.333333333333333       0.000000000000000E+000  0.333333333333333     
  0.000000000000000E+000 -0.333333333333333       0.000000000000000E+000
  0.000000000000000E+000 -0.333333333333333                          1
                    40                    19                    17
                     7                    18  0.000000000000000E+000
 -0.333333333333333      -0.333333333333333      -0.333333333333333     
 -0.333333333333333       0.000000000000000E+000  0.000000000000000E+000
  0.000000000000000E+000 -0.333333333333333      -0.333333333333333     
  0.000000000000000E+000 -0.333333333333333                          1
                    41                    20                     8
                    10                     9  0.333333333333333     
  0.333333333333333       0.333333333333333       0.000000000000000E+000
  0.333333333333333       0.333333333333333       0.333333333333333     
  0.333333333333333       0.000000000000000E+000  0.333333333333333     
  0.000000000000000E+000  0.333333333333333                          1
                    42                    21                    11
                    13                    17 -0.333333333333333     
 -0.333333333333333       0.333333333333333      -0.333333333333333     
  0.000000000000000E+000  0.333333333333333       0.000000000000000E+000
 -0.333333333333333       0.333333333333333      -0.333333333333333     
 -0.333333333333333       0.000000000000000E+000                     1
                    43                    22                    12
                     8                    11 -0.333333333333333     
  0.333333333333333       0.333333333333333      -0.333333333333333     
  0.333333333333333       0.000000000000000E+000  0.000000000000000E+000
  0.333333333333333       0.333333333333333      -0.333333333333333     
  0.000000000000000E+000  0.333333333333333                          1
                    44                    23                    13
                     9                    15  0.333333333333333     
 -0.333333333333333       0.333333333333333       0.000000000000000E+000
 -0.333333333333333       0.333333333333333       0.333333333333333     
  0.000000000000000E+000  0.333333333333333       0.333333333333333     
 -0.333333333333333       0.000000000000000E+000                     1
                    45                    24                    10
                    14                    16  0.333333333333333     
  0.333333333333333      -0.333333333333333       0.333333333333333     
  0.333333333333333       0.000000000000000E+000  0.000000000000000E+000
  0.333333333333333      -0.333333333333333       0.333333333333333     
  0.000000000000000E+000 -0.333333333333333                          1
                    46                    25                    19
                    18                    17 -0.333333333333333     
 -0.333333333333333      -0.333333333333333       0.000000000000000E+000
 -0.333333333333333      -0.333333333333333      -0.333333333333333     
  0.000000000000000E+000 -0.333333333333333      -0.333333333333333     
 -0.333333333333333       0.000000000000000E+000                     1
                    47                    26                    12
                    18                    14 -0.333333333333333     
  0.333333333333333      -0.333333333333333      -0.333333333333333     
  0.333333333333333       0.000000000000000E+000 -0.333333333333333     
  0.000000000000000E+000 -0.333333333333333       0.000000000000000E+000
  0.333333333333333      -0.333333333333333                          1
                    48                    27                    16
                    19                    15  0.333333333333333     
 -0.333333333333333      -0.333333333333333       0.333333333333333     
  0.000000000000000E+000 -0.333333333333333       0.000000000000000E+000
 -0.333333333333333      -0.333333333333333       0.333333333333333     
 -0.333333333333333       0.000000000000000E+000                     1
                    49                    28                    12
                    11                     5 -0.666666666666667     
  0.000000000000000E+000  0.000000000000000E+000 -0.333333333333333     
  0.333333333333333       0.000000000000000E+000 -0.333333333333333     
  0.000000000000000E+000  0.333333333333333      -0.333333333333333     
  0.000000000000000E+000  0.000000000000000E+000                     1
                    50                    28                    17
                     5                    11 -0.666666666666667     
  0.000000000000000E+000  0.000000000000000E+000 -0.333333333333333     
 -0.333333333333333       0.000000000000000E+000 -0.333333333333333     
  0.000000000000000E+000  0.000000000000000E+000 -0.333333333333333     
  0.000000000000000E+000  0.333333333333333                          1
                    51                    28                     5
                    18                    12 -0.666666666666667     
  0.000000000000000E+000  0.000000000000000E+000 -0.333333333333333     
  0.000000000000000E+000  0.000000000000000E+000 -0.333333333333333     
  0.000000000000000E+000 -0.333333333333333      -0.333333333333333     
  0.333333333333333       0.000000000000000E+000                     1
                    52                    28                     5
                    17                    18 -0.666666666666667     
  0.000000000000000E+000  0.000000000000000E+000 -0.333333333333333     
  0.000000000000000E+000  0.000000000000000E+000 -0.333333333333333     
 -0.333333333333333       0.000000000000000E+000 -0.333333333333333     
  0.000000000000000E+000 -0.333333333333333                          1
                    53                    28                    11
                    12                    22 -0.666666666666667     
  0.000000000000000E+000  0.000000000000000E+000 -0.333333333333333     
  0.000000000000000E+000  0.333333333333333      -0.333333333333333     
  0.333333333333333       0.000000000000000E+000 -0.333333333333333     
  0.333333333333333       0.333333333333333                          1
                    54                    28                    21
                    17                    11 -0.666666666666667     
  0.000000000000000E+000  0.000000000000000E+000 -0.333333333333333     
 -0.333333333333333       0.333333333333333      -0.333333333333333     
 -0.333333333333333       0.000000000000000E+000 -0.333333333333333     
  0.000000000000000E+000  0.333333333333333                          1
                    55                    28                    18
                    26                    12 -0.666666666666667     
  0.000000000000000E+000  0.000000000000000E+000 -0.333333333333333     
  0.000000000000000E+000 -0.333333333333333      -0.333333333333333     
  0.333333333333333      -0.333333333333333      -0.333333333333333     
  0.333333333333333       0.000000000000000E+000                     1
                    56                    28                    18
                    17                    25 -0.666666666666667     
  0.000000000000000E+000  0.000000000000000E+000 -0.333333333333333     
  0.000000000000000E+000 -0.333333333333333      -0.333333333333333     
 -0.333333333333333       0.000000000000000E+000 -0.333333333333333     
 -0.333333333333333      -0.333333333333333                          1
                    57                    29                    13
                     6                    17  0.000000000000000E+000
 -0.666666666666667       0.000000000000000E+000  0.000000000000000E+000
 -0.333333333333333       0.333333333333333       0.000000000000000E+000
 -0.333333333333333       0.000000000000000E+000 -0.333333333333333     
 -0.333333333333333       0.000000000000000E+000                     1
                    58                    29                    17
                     6                    19  0.000000000000000E+000
 -0.666666666666667       0.000000000000000E+000 -0.333333333333333     
 -0.333333333333333       0.000000000000000E+000  0.000000000000000E+000
 -0.333333333333333       0.000000000000000E+000  0.000000000000000E+000
 -0.333333333333333      -0.333333333333333                          1
                    59                    29                    15
                    19                     6  0.000000000000000E+000
 -0.666666666666667       0.000000000000000E+000  0.333333333333333     
 -0.333333333333333       0.000000000000000E+000  0.000000000000000E+000
 -0.333333333333333      -0.333333333333333       0.000000000000000E+000
 -0.333333333333333       0.000000000000000E+000                     1
                    60                    29                     6
                    13                    15  0.000000000000000E+000
 -0.666666666666667       0.000000000000000E+000  0.000000000000000E+000
 -0.333333333333333       0.000000000000000E+000  0.000000000000000E+000
 -0.333333333333333       0.333333333333333       0.333333333333333     
 -0.333333333333333       0.000000000000000E+000                     1
                    61                    29                    21
                    13                    17  0.000000000000000E+000
 -0.666666666666667       0.000000000000000E+000 -0.333333333333333     
 -0.333333333333333       0.333333333333333       0.000000000000000E+000
 -0.333333333333333       0.333333333333333      -0.333333333333333     
 -0.333333333333333       0.000000000000000E+000                     1
                    62                    29                    17
                    19                    25  0.000000000000000E+000
 -0.666666666666667       0.000000000000000E+000 -0.333333333333333     
 -0.333333333333333       0.000000000000000E+000  0.000000000000000E+000
 -0.333333333333333      -0.333333333333333      -0.333333333333333     
 -0.333333333333333      -0.333333333333333                          1
                    63                    29                    15
                    27                    19  0.000000000000000E+000
 -0.666666666666667       0.000000000000000E+000  0.333333333333333     
 -0.333333333333333       0.000000000000000E+000  0.333333333333333     
 -0.333333333333333      -0.333333333333333       0.000000000000000E+000
 -0.333333333333333      -0.333333333333333                          1
                    64                    29                    23
                    15                    13  0.000000000000000E+000
 -0.666666666666667       0.000000000000000E+000  0.333333333333333     
 -0.333333333333333       0.333333333333333       0.333333333333333     
 -0.333333333333333       0.000000000000000E+000  0.000000000000000E+000
 -0.333333333333333       0.333333333333333                          1
                    65                    30                    14
                    18                     7  0.000000000000000E+000
  0.000000000000000E+000 -0.666666666666667       0.000000000000000E+000
  0.333333333333333      -0.333333333333333      -0.333333333333333     
  0.000000000000000E+000 -0.333333333333333       0.000000000000000E+000
  0.000000000000000E+000 -0.333333333333333                          1
                    66                    30                    19
                     7                    18  0.000000000000000E+000
  0.000000000000000E+000 -0.666666666666667       0.000000000000000E+000
 -0.333333333333333      -0.333333333333333       0.000000000000000E+000
  0.000000000000000E+000 -0.333333333333333      -0.333333333333333     
  0.000000000000000E+000 -0.333333333333333                          1
                    67                    30                     7
                    19                    16  0.000000000000000E+000
  0.000000000000000E+000 -0.666666666666667       0.000000000000000E+000
  0.000000000000000E+000 -0.333333333333333       0.000000000000000E+000
 -0.333333333333333      -0.333333333333333       0.333333333333333     
  0.000000000000000E+000 -0.333333333333333                          1
                    68                    30                    14
                     7                    16  0.000000000000000E+000
  0.000000000000000E+000 -0.666666666666667       0.000000000000000E+000
  0.333333333333333      -0.333333333333333       0.000000000000000E+000
  0.000000000000000E+000 -0.333333333333333       0.333333333333333     
  0.000000000000000E+000 -0.333333333333333                          1
                    69                    30                    14
                    26                    18  0.000000000000000E+000
  0.000000000000000E+000 -0.666666666666667       0.000000000000000E+000
  0.333333333333333      -0.333333333333333      -0.333333333333333     
  0.333333333333333      -0.333333333333333      -0.333333333333333     
  0.000000000000000E+000 -0.333333333333333                          1
                    70                    30                    19
                    18                    25  0.000000000000000E+000
  0.000000000000000E+000 -0.666666666666667       0.000000000000000E+000
 -0.333333333333333      -0.333333333333333      -0.333333333333333     
  0.000000000000000E+000 -0.333333333333333      -0.333333333333333     
 -0.333333333333333      -0.333333333333333                          1
                    71                    30                    19
                    27                    16  0.000000000000000E+000
  0.000000000000000E+000 -0.666666666666667       0.000000000000000E+000
 -0.333333333333333      -0.333333333333333       0.333333333333333     
 -0.333333333333333      -0.333333333333333       0.333333333333333     
  0.000000000000000E+000 -0.333333333333333                          1
                    72                    30                    24
                    14                    16  0.000000000000000E+000
  0.000000000000000E+000 -0.666666666666667       0.333333333333333     
  0.333333333333333      -0.333333333333333       0.000000000000000E+000
  0.333333333333333      -0.333333333333333       0.333333333333333     
  0.000000000000000E+000 -0.333333333333333                          1
                    73                    31                     8
                     9                     2  0.000000000000000E+000
  0.000000000000000E+000  0.666666666666667       0.000000000000000E+000
  0.333333333333333       0.333333333333333       0.333333333333333     
  0.000000000000000E+000  0.333333333333333       0.000000000000000E+000
  0.000000000000000E+000  0.333333333333333                          1
                    74                    31                     8
                     2                    11  0.000000000000000E+000
  0.000000000000000E+000  0.666666666666667       0.000000000000000E+000
  0.333333333333333       0.333333333333333       0.000000000000000E+000
  0.000000000000000E+000  0.333333333333333      -0.333333333333333     
  0.000000000000000E+000  0.333333333333333                          1
                    75                    31                    13
                    11                     2  0.000000000000000E+000
  0.000000000000000E+000  0.666666666666667       0.000000000000000E+000
 -0.333333333333333       0.333333333333333      -0.333333333333333     
  0.000000000000000E+000  0.333333333333333       0.000000000000000E+000
  0.000000000000000E+000  0.333333333333333                          1
                    76                    31                    13
                     2                     9  0.000000000000000E+000
  0.000000000000000E+000  0.666666666666667       0.000000000000000E+000
 -0.333333333333333       0.333333333333333       0.000000000000000E+000
  0.000000000000000E+000  0.333333333333333       0.333333333333333     
  0.000000000000000E+000  0.333333333333333                          1
                    77                    31                    20
                     9                     8  0.000000000000000E+000
  0.000000000000000E+000  0.666666666666667       0.333333333333333     
  0.333333333333333       0.333333333333333       0.333333333333333     
  0.000000000000000E+000  0.333333333333333       0.000000000000000E+000
  0.333333333333333       0.333333333333333                          1
                    78                    31                     8
                    11                    22  0.000000000000000E+000
  0.000000000000000E+000  0.666666666666667       0.000000000000000E+000
  0.333333333333333       0.333333333333333      -0.333333333333333     
  0.000000000000000E+000  0.333333333333333      -0.333333333333333     
  0.333333333333333       0.333333333333333                          1
                    79                    31                    13
                    21                    11  0.000000000000000E+000
  0.000000000000000E+000  0.666666666666667       0.000000000000000E+000
 -0.333333333333333       0.333333333333333      -0.333333333333333     
 -0.333333333333333       0.333333333333333      -0.333333333333333     
  0.000000000000000E+000  0.333333333333333                          1
                    80                    31                     9
                    23                    13  0.000000000000000E+000
  0.000000000000000E+000  0.666666666666667       0.333333333333333     
  0.000000000000000E+000  0.333333333333333       0.333333333333333     
 -0.333333333333333       0.333333333333333       0.000000000000000E+000
 -0.333333333333333       0.333333333333333                          1
                    81                    32                     3
                     8                    12  0.000000000000000E+000
  0.666666666666667       0.000000000000000E+000  0.000000000000000E+000
  0.333333333333333       0.000000000000000E+000  0.000000000000000E+000
  0.333333333333333       0.333333333333333      -0.333333333333333     
  0.333333333333333       0.000000000000000E+000                     1
                    82                    32                    12
                    14                     3  0.000000000000000E+000
  0.666666666666667       0.000000000000000E+000 -0.333333333333333     
  0.333333333333333       0.000000000000000E+000  0.000000000000000E+000
  0.333333333333333      -0.333333333333333       0.000000000000000E+000
  0.333333333333333       0.000000000000000E+000                     1
                    83                    32                    14
                    10                     3  0.000000000000000E+000
  0.666666666666667       0.000000000000000E+000  0.000000000000000E+000
  0.333333333333333      -0.333333333333333       0.333333333333333     
  0.333333333333333       0.000000000000000E+000  0.000000000000000E+000
  0.333333333333333       0.000000000000000E+000                     1
                    84                    32                     3
                    10                     8  0.000000000000000E+000
  0.666666666666667       0.000000000000000E+000  0.000000000000000E+000
  0.333333333333333       0.000000000000000E+000  0.333333333333333     
  0.333333333333333       0.000000000000000E+000  0.000000000000000E+000
  0.333333333333333       0.333333333333333                          1
                    85                    32                    12
                     8                    22  0.000000000000000E+000
  0.666666666666667       0.000000000000000E+000 -0.333333333333333     
  0.333333333333333       0.000000000000000E+000  0.000000000000000E+000
  0.333333333333333       0.333333333333333      -0.333333333333333     
  0.333333333333333       0.333333333333333                          1
                    86                    32                    26
                    14                    12  0.000000000000000E+000
  0.666666666666667       0.000000000000000E+000 -0.333333333333333     
  0.333333333333333      -0.333333333333333       0.000000000000000E+000
  0.333333333333333      -0.333333333333333      -0.333333333333333     
  0.333333333333333       0.000000000000000E+000                     1
                    87                    32                    14
                    24                    10  0.000000000000000E+000
  0.666666666666667       0.000000000000000E+000  0.000000000000000E+000
  0.333333333333333      -0.333333333333333       0.333333333333333     
  0.333333333333333      -0.333333333333333       0.333333333333333     
  0.333333333333333       0.000000000000000E+000                     1
                    88                    32                    10
                    20                     8  0.000000000000000E+000
  0.666666666666667       0.000000000000000E+000  0.333333333333333     
  0.333333333333333       0.000000000000000E+000  0.333333333333333     
  0.333333333333333       0.333333333333333       0.000000000000000E+000
  0.333333333333333       0.333333333333333                          1
                    89                    33                     9
                    10                     4  0.666666666666667     
  0.000000000000000E+000  0.000000000000000E+000  0.333333333333333     
  0.000000000000000E+000  0.333333333333333       0.333333333333333     
  0.333333333333333       0.000000000000000E+000  0.333333333333333     
  0.000000000000000E+000  0.000000000000000E+000                     1
                    90                    33                    16
                     4                    10  0.666666666666667     
  0.000000000000000E+000  0.000000000000000E+000  0.333333333333333     
  0.000000000000000E+000 -0.333333333333333       0.333333333333333     
  0.000000000000000E+000  0.000000000000000E+000  0.333333333333333     
  0.333333333333333       0.000000000000000E+000                     1
                    91                    33                     4
                    16                    15  0.666666666666667     
  0.000000000000000E+000  0.000000000000000E+000  0.333333333333333     
  0.000000000000000E+000  0.000000000000000E+000  0.333333333333333     
  0.000000000000000E+000 -0.333333333333333       0.333333333333333     
 -0.333333333333333       0.000000000000000E+000                     1
                    92                    33                    15
                     9                     4  0.666666666666667     
  0.000000000000000E+000  0.000000000000000E+000  0.333333333333333     
 -0.333333333333333       0.000000000000000E+000  0.333333333333333     
  0.000000000000000E+000  0.333333333333333       0.333333333333333     
  0.000000000000000E+000  0.000000000000000E+000                     1
                    93                    33                     9
                    20                    10  0.666666666666667     
  0.000000000000000E+000  0.000000000000000E+000  0.333333333333333     
  0.000000000000000E+000  0.333333333333333       0.333333333333333     
  0.333333333333333       0.333333333333333       0.333333333333333     
  0.333333333333333       0.000000000000000E+000                     1
                    94                    33                    24
                    16                    10  0.666666666666667     
  0.000000000000000E+000  0.000000000000000E+000  0.333333333333333     
  0.333333333333333      -0.333333333333333       0.333333333333333     
  0.000000000000000E+000 -0.333333333333333       0.333333333333333     
  0.333333333333333       0.000000000000000E+000                     1
                    95                    33                    27
                    15                    16  0.666666666666667     
  0.000000000000000E+000  0.000000000000000E+000  0.333333333333333     
 -0.333333333333333      -0.333333333333333       0.333333333333333     
 -0.333333333333333       0.000000000000000E+000  0.333333333333333     
  0.000000000000000E+000 -0.333333333333333                          1
                    96                    33                    23
                     9                    15  0.666666666666667     
  0.000000000000000E+000  0.000000000000000E+000  0.333333333333333     
 -0.333333333333333       0.333333333333333       0.333333333333333     
  0.000000000000000E+000  0.333333333333333       0.333333333333333     
 -0.333333333333333       0.000000000000000E+000                     1
                    97                    34                    28
                    22                    11 -0.666666666666667     
  0.000000000000000E+000  0.333333333333333      -0.666666666666667     
  0.000000000000000E+000  0.000000000000000E+000 -0.333333333333333     
  0.333333333333333       0.333333333333333      -0.333333333333333     
  0.000000000000000E+000  0.333333333333333                          1
                    98                    34                    11
                    21                    28 -0.666666666666667     
  0.000000000000000E+000  0.333333333333333      -0.333333333333333     
  0.000000000000000E+000  0.333333333333333      -0.333333333333333     
 -0.333333333333333       0.333333333333333      -0.666666666666667     
  0.000000000000000E+000  0.000000000000000E+000                     1
                    99                    35                    28
                    12                    22 -0.666666666666667     
  0.333333333333333       0.000000000000000E+000 -0.666666666666667     
  0.000000000000000E+000  0.000000000000000E+000 -0.333333333333333     
  0.333333333333333       0.000000000000000E+000 -0.333333333333333     
  0.333333333333333       0.333333333333333                          1
                   100                    35                    12
                    28                    26 -0.666666666666667     
  0.333333333333333       0.000000000000000E+000 -0.333333333333333     
  0.333333333333333       0.000000000000000E+000 -0.666666666666667     
  0.000000000000000E+000  0.000000000000000E+000 -0.333333333333333     
  0.333333333333333      -0.333333333333333                          1
                   101                    35                    28
                    22                    34 -0.666666666666667     
  0.333333333333333       0.000000000000000E+000 -0.666666666666667     
  0.000000000000000E+000  0.000000000000000E+000 -0.333333333333333     
  0.333333333333333       0.333333333333333      -0.666666666666667     
  0.000000000000000E+000  0.333333333333333                          1
                   102                    36                    21
                    13                    29  0.000000000000000E+000
 -0.666666666666667       0.333333333333333      -0.333333333333333     
 -0.333333333333333       0.333333333333333       0.000000000000000E+000
 -0.333333333333333       0.333333333333333       0.000000000000000E+000
 -0.666666666666667       0.000000000000000E+000                     1
                   103                    36                    13
                    23                    29  0.000000000000000E+000
 -0.666666666666667       0.333333333333333       0.000000000000000E+000
 -0.333333333333333       0.333333333333333       0.333333333333333     
 -0.333333333333333       0.333333333333333       0.000000000000000E+000
 -0.666666666666667       0.000000000000000E+000                     1
                   104                    37                    26
                    30                    14  0.000000000000000E+000
  0.333333333333333      -0.666666666666667      -0.333333333333333     
  0.333333333333333      -0.333333333333333       0.000000000000000E+000
  0.000000000000000E+000 -0.666666666666667       0.000000000000000E+000
  0.333333333333333      -0.333333333333333                          1
                   105                    37                    24
                    14                    30  0.000000000000000E+000
  0.333333333333333      -0.666666666666667       0.333333333333333     
  0.333333333333333      -0.333333333333333       0.000000000000000E+000
  0.333333333333333      -0.333333333333333       0.000000000000000E+000
  0.000000000000000E+000 -0.666666666666667                          1
                   106                    38                     8
                    20                    31  0.000000000000000E+000
  0.333333333333333       0.666666666666667       0.000000000000000E+000
  0.333333333333333       0.333333333333333       0.333333333333333     
  0.333333333333333       0.333333333333333       0.000000000000000E+000
  0.000000000000000E+000  0.666666666666667                          1
                   107                    38                    31
                    22                     8  0.000000000000000E+000
  0.333333333333333       0.666666666666667       0.000000000000000E+000
  0.000000000000000E+000  0.666666666666667      -0.333333333333333     
  0.333333333333333       0.333333333333333       0.000000000000000E+000
  0.333333333333333       0.333333333333333                          1
                   108                    39                    20
                     8                    32  0.000000000000000E+000
  0.666666666666667       0.333333333333333       0.333333333333333     
  0.333333333333333       0.333333333333333       0.000000000000000E+000
  0.333333333333333       0.333333333333333       0.000000000000000E+000
  0.666666666666667       0.000000000000000E+000                     1
                   109                    39                    20
                    38                     8  0.000000000000000E+000
  0.666666666666667       0.333333333333333       0.333333333333333     
  0.333333333333333       0.333333333333333       0.000000000000000E+000
  0.333333333333333       0.666666666666667       0.000000000000000E+000
  0.333333333333333       0.333333333333333                          1
                   110                    39                    22
                    32                     8  0.000000000000000E+000
  0.666666666666667       0.333333333333333      -0.333333333333333     
  0.333333333333333       0.333333333333333       0.000000000000000E+000
  0.666666666666667       0.000000000000000E+000  0.000000000000000E+000
  0.333333333333333       0.333333333333333                          1
                   111                    39                    22
                     8                    38  0.000000000000000E+000
  0.666666666666667       0.333333333333333      -0.333333333333333     
  0.333333333333333       0.333333333333333       0.000000000000000E+000
  0.333333333333333       0.333333333333333       0.000000000000000E+000
  0.333333333333333       0.666666666666667                          1
                   112                    40                    27
                    29                    15  0.333333333333333     
 -0.666666666666667       0.000000000000000E+000  0.333333333333333     
 -0.333333333333333      -0.333333333333333       0.000000000000000E+000
 -0.666666666666667       0.000000000000000E+000  0.333333333333333     
 -0.333333333333333       0.000000000000000E+000                     1
                   113                    40                    23
                    15                    29  0.333333333333333     
 -0.666666666666667       0.000000000000000E+000  0.333333333333333     
 -0.333333333333333       0.333333333333333       0.333333333333333     
 -0.333333333333333       0.000000000000000E+000  0.000000000000000E+000
 -0.666666666666667       0.000000000000000E+000                     1
                   114                    40                    36
                    23                    29  0.333333333333333     
 -0.666666666666667       0.000000000000000E+000  0.000000000000000E+000
 -0.666666666666667       0.333333333333333       0.333333333333333     
 -0.333333333333333       0.333333333333333       0.000000000000000E+000
 -0.666666666666667       0.000000000000000E+000                     1
                   115                    41                    16
                    30                    27  0.333333333333333     
  0.000000000000000E+000 -0.666666666666667       0.333333333333333     
  0.000000000000000E+000 -0.333333333333333       0.000000000000000E+000
  0.000000000000000E+000 -0.666666666666667       0.333333333333333     
 -0.333333333333333      -0.333333333333333                          1
                   116                    41                    16
                    24                    30  0.333333333333333     
  0.000000000000000E+000 -0.666666666666667       0.333333333333333     
  0.000000000000000E+000 -0.333333333333333       0.333333333333333     
  0.333333333333333      -0.333333333333333       0.000000000000000E+000
  0.000000000000000E+000 -0.666666666666667                          1
                   117                    41                    37
                    30                    24  0.333333333333333     
  0.000000000000000E+000 -0.666666666666667       0.000000000000000E+000
  0.333333333333333      -0.666666666666667       0.000000000000000E+000
  0.000000000000000E+000 -0.666666666666667       0.333333333333333     
  0.333333333333333      -0.333333333333333                          1
                   118                    42                    20
                     9                    31  0.333333333333333     
  0.000000000000000E+000  0.666666666666667       0.333333333333333     
  0.333333333333333       0.333333333333333       0.333333333333333     
  0.000000000000000E+000  0.333333333333333       0.000000000000000E+000
  0.000000000000000E+000  0.666666666666667                          1
                   119                    42                    23
                    31                     9  0.333333333333333     
  0.000000000000000E+000  0.666666666666667       0.333333333333333     
 -0.333333333333333       0.333333333333333       0.000000000000000E+000
  0.000000000000000E+000  0.666666666666667       0.333333333333333     
  0.000000000000000E+000  0.333333333333333                          1
                   120                    42                    38
                    20                    31  0.333333333333333     
  0.000000000000000E+000  0.666666666666667       0.000000000000000E+000
  0.333333333333333       0.666666666666667       0.333333333333333     
  0.333333333333333       0.333333333333333       0.000000000000000E+000
  0.000000000000000E+000  0.666666666666667                          1
                   121                    43                    10
                    32                    24  0.333333333333333     
  0.666666666666667       0.000000000000000E+000  0.333333333333333     
  0.333333333333333       0.000000000000000E+000  0.000000000000000E+000
  0.666666666666667       0.000000000000000E+000  0.333333333333333     
  0.333333333333333      -0.333333333333333                          1
                   122                    43                    20
                    32                    10  0.333333333333333     
  0.666666666666667       0.000000000000000E+000  0.333333333333333     
  0.333333333333333       0.333333333333333       0.000000000000000E+000
  0.666666666666667       0.000000000000000E+000  0.333333333333333     
  0.333333333333333       0.000000000000000E+000                     1
                   123                    43                    39
                    32                    20  0.333333333333333     
  0.666666666666667       0.000000000000000E+000  0.000000000000000E+000
  0.666666666666667       0.333333333333333       0.000000000000000E+000
  0.666666666666667       0.000000000000000E+000  0.333333333333333     
  0.333333333333333       0.333333333333333                          1
                   124                    44                     9
                    20                    33  0.666666666666667     
  0.000000000000000E+000  0.333333333333333       0.333333333333333     
  0.000000000000000E+000  0.333333333333333       0.333333333333333     
  0.333333333333333       0.333333333333333       0.666666666666667     
  0.000000000000000E+000  0.000000000000000E+000                     1
                   125                    44                     9
                    42                    20  0.666666666666667     
  0.000000000000000E+000  0.333333333333333       0.333333333333333     
  0.000000000000000E+000  0.333333333333333       0.333333333333333     
  0.000000000000000E+000  0.666666666666667       0.333333333333333     
  0.333333333333333       0.333333333333333                          1
                   126                    44                    33
                    23                     9  0.666666666666667     
  0.000000000000000E+000  0.333333333333333       0.666666666666667     
  0.000000000000000E+000  0.000000000000000E+000  0.333333333333333     
 -0.333333333333333       0.333333333333333       0.333333333333333     
  0.000000000000000E+000  0.333333333333333                          1
                   127                    44                    42
                     9                    23  0.666666666666667     
  0.000000000000000E+000  0.333333333333333       0.333333333333333     
  0.000000000000000E+000  0.666666666666667       0.333333333333333     
  0.000000000000000E+000  0.333333333333333       0.333333333333333     
 -0.333333333333333       0.333333333333333                          1
                   128                    45                    33
                    10                    24  0.666666666666667     
  0.333333333333333       0.000000000000000E+000  0.666666666666667     
  0.000000000000000E+000  0.000000000000000E+000  0.333333333333333     
  0.333333333333333       0.000000000000000E+000  0.333333333333333     
  0.333333333333333      -0.333333333333333                          1
                   129                    45                    43
                    24                    10  0.666666666666667     
  0.333333333333333       0.000000000000000E+000  0.333333333333333     
  0.666666666666667       0.000000000000000E+000  0.333333333333333     
  0.333333333333333      -0.333333333333333       0.333333333333333     
  0.333333333333333       0.000000000000000E+000                     1
                   130                    45                    33
                    44                    20  0.666666666666667     
  0.333333333333333       0.000000000000000E+000  0.666666666666667     
  0.000000000000000E+000  0.000000000000000E+000  0.666666666666667     
  0.000000000000000E+000  0.333333333333333       0.333333333333333     
  0.333333333333333       0.333333333333333                          1
                   131                    45                    20
                    10                    33  0.666666666666667     
  0.333333333333333       0.000000000000000E+000  0.333333333333333     
  0.333333333333333       0.333333333333333       0.333333333333333     
  0.333333333333333       0.000000000000000E+000  0.666666666666667     
  0.000000000000000E+000  0.000000000000000E+000                     1
                   132                    45                    20
                    43                    10  0.666666666666667     
  0.333333333333333       0.000000000000000E+000  0.333333333333333     
  0.333333333333333       0.333333333333333       0.333333333333333     
  0.666666666666667       0.000000000000000E+000  0.333333333333333     
  0.333333333333333       0.000000000000000E+000                     1
                   133                    46                    21
                    17                    28 -0.666666666666667     
 -0.333333333333333       0.000000000000000E+000 -0.333333333333333     
 -0.333333333333333       0.333333333333333      -0.333333333333333     
 -0.333333333333333       0.000000000000000E+000 -0.666666666666667     
  0.000000000000000E+000  0.000000000000000E+000                     1
                   134                    46                    28
                    17                    25 -0.666666666666667     
 -0.333333333333333       0.000000000000000E+000 -0.666666666666667     
  0.000000000000000E+000  0.000000000000000E+000 -0.333333333333333     
 -0.333333333333333       0.000000000000000E+000 -0.333333333333333     
 -0.333333333333333      -0.333333333333333                          1
                   135                    46                    34
                    21                    28 -0.666666666666667     
 -0.333333333333333       0.000000000000000E+000 -0.666666666666667     
  0.000000000000000E+000  0.333333333333333      -0.333333333333333     
 -0.333333333333333       0.333333333333333      -0.666666666666667     
  0.000000000000000E+000  0.000000000000000E+000                     1
                   136                    47                    26
                    28                    18 -0.666666666666667     
  0.000000000000000E+000 -0.333333333333333      -0.333333333333333     
  0.333333333333333      -0.333333333333333      -0.666666666666667     
  0.000000000000000E+000  0.000000000000000E+000 -0.333333333333333     
  0.000000000000000E+000 -0.333333333333333                          1
                   137                    47                    28
                    25                    18 -0.666666666666667     
  0.000000000000000E+000 -0.333333333333333      -0.666666666666667     
  0.000000000000000E+000  0.000000000000000E+000 -0.333333333333333     
 -0.333333333333333      -0.333333333333333      -0.333333333333333     
  0.000000000000000E+000 -0.333333333333333                          1
                   138                    47                    26
                    35                    28 -0.666666666666667     
  0.000000000000000E+000 -0.333333333333333      -0.333333333333333     
  0.333333333333333      -0.333333333333333      -0.666666666666667     
  0.333333333333333       0.000000000000000E+000 -0.666666666666667     
  0.000000000000000E+000  0.000000000000000E+000                     1
                   139                    47                    25
                    28                    46 -0.666666666666667     
  0.000000000000000E+000 -0.333333333333333      -0.333333333333333     
 -0.333333333333333      -0.333333333333333      -0.666666666666667     
  0.000000000000000E+000  0.000000000000000E+000 -0.666666666666667     
 -0.333333333333333       0.000000000000000E+000                     1
                   140                    48                    17
                    29                    25 -0.333333333333333     
 -0.666666666666667       0.000000000000000E+000 -0.333333333333333     
 -0.333333333333333       0.000000000000000E+000  0.000000000000000E+000
 -0.666666666666667       0.000000000000000E+000 -0.333333333333333     
 -0.333333333333333      -0.333333333333333                          1
                   141                    48                    17
                    25                    46 -0.333333333333333     
 -0.666666666666667       0.000000000000000E+000 -0.333333333333333     
 -0.333333333333333       0.000000000000000E+000 -0.333333333333333     
 -0.333333333333333      -0.333333333333333      -0.666666666666667     
 -0.333333333333333       0.000000000000000E+000                     1
                   142                    48                    21
                    36                    29 -0.333333333333333     
 -0.666666666666667       0.000000000000000E+000 -0.333333333333333     
 -0.333333333333333       0.333333333333333       0.000000000000000E+000
 -0.666666666666667       0.333333333333333       0.000000000000000E+000
 -0.666666666666667       0.000000000000000E+000                     1
                   143                    48                    29
                    17                    21 -0.333333333333333     
 -0.666666666666667       0.000000000000000E+000  0.000000000000000E+000
 -0.666666666666667       0.000000000000000E+000 -0.333333333333333     
 -0.333333333333333       0.000000000000000E+000 -0.333333333333333     
 -0.333333333333333       0.333333333333333                          1
                   144                    48                    46
                    21                    17 -0.333333333333333     
 -0.666666666666667       0.000000000000000E+000 -0.666666666666667     
 -0.333333333333333       0.000000000000000E+000 -0.333333333333333     
 -0.333333333333333       0.333333333333333      -0.333333333333333     
 -0.333333333333333       0.000000000000000E+000                     1
                   145                    49                    25
                    30                    18 -0.333333333333333     
  0.000000000000000E+000 -0.666666666666667      -0.333333333333333     
 -0.333333333333333      -0.333333333333333       0.000000000000000E+000
  0.000000000000000E+000 -0.666666666666667      -0.333333333333333     
  0.000000000000000E+000 -0.333333333333333                          1
                   146                    49                    25
                    18                    47 -0.333333333333333     
  0.000000000000000E+000 -0.666666666666667      -0.333333333333333     
 -0.333333333333333      -0.333333333333333      -0.333333333333333     
  0.000000000000000E+000 -0.333333333333333      -0.666666666666667     
  0.000000000000000E+000 -0.333333333333333                          1
                   147                    49                    26
                    30                    37 -0.333333333333333     
  0.000000000000000E+000 -0.666666666666667      -0.333333333333333     
  0.333333333333333      -0.333333333333333       0.000000000000000E+000
  0.000000000000000E+000 -0.666666666666667       0.000000000000000E+000
  0.333333333333333      -0.666666666666667                          1
                   148                    49                    26
                    18                    30 -0.333333333333333     
  0.000000000000000E+000 -0.666666666666667      -0.333333333333333     
  0.333333333333333      -0.333333333333333      -0.333333333333333     
  0.000000000000000E+000 -0.333333333333333       0.000000000000000E+000
  0.000000000000000E+000 -0.666666666666667                          1
                   149                    49                    26
                    47                    18 -0.333333333333333     
  0.000000000000000E+000 -0.666666666666667      -0.333333333333333     
  0.333333333333333      -0.333333333333333      -0.666666666666667     
  0.000000000000000E+000 -0.333333333333333      -0.333333333333333     
  0.000000000000000E+000 -0.333333333333333                          1
                   150                    50                    21
                    11                    31 -0.333333333333333     
  0.000000000000000E+000  0.666666666666667      -0.333333333333333     
 -0.333333333333333       0.333333333333333      -0.333333333333333     
  0.000000000000000E+000  0.333333333333333       0.000000000000000E+000
  0.000000000000000E+000  0.666666666666667                          1
                   151                    50                    21
                    34                    11 -0.333333333333333     
  0.000000000000000E+000  0.666666666666667      -0.333333333333333     
 -0.333333333333333       0.333333333333333      -0.666666666666667     
  0.000000000000000E+000  0.333333333333333      -0.333333333333333     
  0.000000000000000E+000  0.333333333333333                          1
                   152                    50                    38
                    31                    22 -0.333333333333333     
  0.000000000000000E+000  0.666666666666667       0.000000000000000E+000
  0.333333333333333       0.666666666666667       0.000000000000000E+000
  0.000000000000000E+000  0.666666666666667      -0.333333333333333     
  0.333333333333333       0.333333333333333                          1
                   153                    50                    22
                    31                    11 -0.333333333333333     
  0.000000000000000E+000  0.666666666666667      -0.333333333333333     
  0.333333333333333       0.333333333333333       0.000000000000000E+000
  0.000000000000000E+000  0.666666666666667      -0.333333333333333     
  0.000000000000000E+000  0.333333333333333                          1
                   154                    50                    22
                    11                    34 -0.333333333333333     
  0.000000000000000E+000  0.666666666666667      -0.333333333333333     
  0.333333333333333       0.333333333333333      -0.333333333333333     
  0.000000000000000E+000  0.333333333333333      -0.666666666666667     
  0.000000000000000E+000  0.333333333333333                          1
                   155                    51                    32
                    12                    26 -0.333333333333333     
  0.666666666666667       0.000000000000000E+000  0.000000000000000E+000
  0.666666666666667       0.000000000000000E+000 -0.333333333333333     
  0.333333333333333       0.000000000000000E+000 -0.333333333333333     
  0.333333333333333      -0.333333333333333                          1
                   156                    51                    35
                    26                    12 -0.333333333333333     
  0.666666666666667       0.000000000000000E+000 -0.666666666666667     
  0.333333333333333       0.000000000000000E+000 -0.333333333333333     
  0.333333333333333      -0.333333333333333      -0.333333333333333     
  0.333333333333333       0.000000000000000E+000                     1
                   157                    51                    39
                    22                    32 -0.333333333333333     
  0.666666666666667       0.000000000000000E+000  0.000000000000000E+000
  0.666666666666667       0.333333333333333      -0.333333333333333     
  0.333333333333333       0.333333333333333       0.000000000000000E+000
  0.666666666666667       0.000000000000000E+000                     1
                   158                    51                    12
                    32                    22 -0.333333333333333     
  0.666666666666667       0.000000000000000E+000 -0.333333333333333     
  0.333333333333333       0.000000000000000E+000  0.000000000000000E+000
  0.666666666666667       0.000000000000000E+000 -0.333333333333333     
  0.333333333333333       0.333333333333333                          1
                   159                    51                    12
                    22                    35 -0.333333333333333     
  0.666666666666667       0.000000000000000E+000 -0.333333333333333     
  0.333333333333333       0.000000000000000E+000 -0.333333333333333     
  0.333333333333333       0.333333333333333      -0.666666666666667     
  0.333333333333333       0.000000000000000E+000                     1
                   160                    52                    29
                    19                    25  0.000000000000000E+000
 -0.666666666666667      -0.333333333333333       0.000000000000000E+000
 -0.666666666666667       0.000000000000000E+000  0.000000000000000E+000
 -0.333333333333333      -0.333333333333333      -0.333333333333333     
 -0.333333333333333      -0.333333333333333                          1
                   161                    52                    19
                    29                    27  0.000000000000000E+000
 -0.666666666666667      -0.333333333333333       0.000000000000000E+000
 -0.333333333333333      -0.333333333333333       0.000000000000000E+000
 -0.666666666666667       0.000000000000000E+000  0.333333333333333     
 -0.333333333333333      -0.333333333333333                          1
                   162                    52                    25
                    48                    29  0.000000000000000E+000
 -0.666666666666667      -0.333333333333333      -0.333333333333333     
 -0.333333333333333      -0.333333333333333      -0.333333333333333     
 -0.666666666666667       0.000000000000000E+000  0.000000000000000E+000
 -0.666666666666667       0.000000000000000E+000                     1
                   163                    52                    29
                    40                    27  0.000000000000000E+000
 -0.666666666666667      -0.333333333333333       0.000000000000000E+000
 -0.666666666666667       0.000000000000000E+000  0.333333333333333     
 -0.666666666666667       0.000000000000000E+000  0.333333333333333     
 -0.333333333333333      -0.333333333333333                          1
                   164                    53                    25
                    30                    49  0.000000000000000E+000
 -0.333333333333333      -0.666666666666667      -0.333333333333333     
 -0.333333333333333      -0.333333333333333       0.000000000000000E+000
  0.000000000000000E+000 -0.666666666666667      -0.333333333333333     
  0.000000000000000E+000 -0.666666666666667                          1
                   165                    53                    30
                    27                    41  0.000000000000000E+000
 -0.333333333333333      -0.666666666666667       0.000000000000000E+000
  0.000000000000000E+000 -0.666666666666667       0.333333333333333     
 -0.333333333333333      -0.333333333333333       0.333333333333333     
  0.000000000000000E+000 -0.666666666666667                          1
                   166                    53                    19
                    30                    25  0.000000000000000E+000
 -0.333333333333333      -0.666666666666667       0.000000000000000E+000
 -0.333333333333333      -0.333333333333333       0.000000000000000E+000
  0.000000000000000E+000 -0.666666666666667      -0.333333333333333     
 -0.333333333333333      -0.333333333333333                          1
                   167                    53                    19
                    25                    52  0.000000000000000E+000
 -0.333333333333333      -0.666666666666667       0.000000000000000E+000
 -0.333333333333333      -0.333333333333333      -0.333333333333333     
 -0.333333333333333      -0.333333333333333       0.000000000000000E+000
 -0.666666666666667      -0.333333333333333                          1
                   168                    53                    19
                    27                    30  0.000000000000000E+000
 -0.333333333333333      -0.666666666666667       0.000000000000000E+000
 -0.333333333333333      -0.333333333333333       0.333333333333333     
 -0.333333333333333      -0.333333333333333       0.000000000000000E+000
  0.000000000000000E+000 -0.666666666666667                          1
                   169                    53                    19
                    52                    27  0.000000000000000E+000
 -0.333333333333333      -0.666666666666667       0.000000000000000E+000
 -0.333333333333333      -0.333333333333333       0.000000000000000E+000
 -0.666666666666667      -0.333333333333333       0.333333333333333     
 -0.333333333333333      -0.333333333333333                          1
                   170                    54                    31
                    42                    23  0.000000000000000E+000
 -0.333333333333333       0.666666666666667       0.000000000000000E+000
  0.000000000000000E+000  0.666666666666667       0.333333333333333     
  0.000000000000000E+000  0.666666666666667       0.333333333333333     
 -0.333333333333333       0.333333333333333                          1
                   171                    54                    21
                    50                    31  0.000000000000000E+000
 -0.333333333333333       0.666666666666667      -0.333333333333333     
 -0.333333333333333       0.333333333333333      -0.333333333333333     
  0.000000000000000E+000  0.666666666666667       0.000000000000000E+000
  0.000000000000000E+000  0.666666666666667                          1
                   172                    54                    23
                    13                    31  0.000000000000000E+000
 -0.333333333333333       0.666666666666667       0.333333333333333     
 -0.333333333333333       0.333333333333333       0.000000000000000E+000
 -0.333333333333333       0.333333333333333       0.000000000000000E+000
  0.000000000000000E+000  0.666666666666667                          1
                   173                    54                    23
                    36                    13  0.000000000000000E+000
 -0.333333333333333       0.666666666666667       0.333333333333333     
 -0.333333333333333       0.333333333333333       0.000000000000000E+000
 -0.666666666666667       0.333333333333333       0.000000000000000E+000
 -0.333333333333333       0.333333333333333                          1
                   174                    54                    13
                    21                    31  0.000000000000000E+000
 -0.333333333333333       0.666666666666667       0.000000000000000E+000
 -0.333333333333333       0.333333333333333      -0.333333333333333     
 -0.333333333333333       0.333333333333333       0.000000000000000E+000
  0.000000000000000E+000  0.666666666666667                          1
                   175                    54                    13
                    36                    21  0.000000000000000E+000
 -0.333333333333333       0.666666666666667       0.000000000000000E+000
 -0.333333333333333       0.333333333333333       0.000000000000000E+000
 -0.666666666666667       0.333333333333333      -0.333333333333333     
 -0.333333333333333       0.333333333333333                          1
                   176                    55                    24
                    43                    32  0.000000000000000E+000
  0.666666666666667      -0.333333333333333       0.333333333333333     
  0.333333333333333      -0.333333333333333       0.333333333333333     
  0.666666666666667       0.000000000000000E+000  0.000000000000000E+000
  0.666666666666667       0.000000000000000E+000                     1
                   177                    55                    26
                    32                    51  0.000000000000000E+000
  0.666666666666667      -0.333333333333333      -0.333333333333333     
  0.333333333333333      -0.333333333333333       0.000000000000000E+000
  0.666666666666667       0.000000000000000E+000 -0.333333333333333     
  0.666666666666667       0.000000000000000E+000                     1
                   178                    55                    14
                    24                    32  0.000000000000000E+000
  0.666666666666667      -0.333333333333333       0.000000000000000E+000
  0.333333333333333      -0.333333333333333       0.333333333333333     
  0.333333333333333      -0.333333333333333       0.000000000000000E+000
  0.666666666666667       0.000000000000000E+000                     1
                   179                    55                    14
                    37                    24  0.000000000000000E+000
  0.666666666666667      -0.333333333333333       0.000000000000000E+000
  0.333333333333333      -0.333333333333333       0.000000000000000E+000
  0.333333333333333      -0.666666666666667       0.333333333333333     
  0.333333333333333      -0.333333333333333                          1
                   180                    55                    32
                    26                    14  0.000000000000000E+000
  0.666666666666667      -0.333333333333333       0.000000000000000E+000
  0.666666666666667       0.000000000000000E+000 -0.333333333333333     
  0.333333333333333      -0.333333333333333       0.000000000000000E+000
  0.333333333333333      -0.333333333333333                          1
                   181                    55                    37
                    14                    26  0.000000000000000E+000
  0.666666666666667      -0.333333333333333       0.000000000000000E+000
  0.333333333333333      -0.666666666666667       0.000000000000000E+000
  0.333333333333333      -0.333333333333333      -0.333333333333333     
  0.333333333333333      -0.333333333333333                          1
                   182                    56                    33
                    27                    15  0.666666666666667     
 -0.333333333333333       0.000000000000000E+000  0.666666666666667     
  0.000000000000000E+000  0.000000000000000E+000  0.333333333333333     
 -0.333333333333333      -0.333333333333333       0.333333333333333     
 -0.333333333333333       0.000000000000000E+000                     1
                   183                    56                    40
                    15                    27  0.666666666666667     
 -0.333333333333333       0.000000000000000E+000  0.333333333333333     
 -0.666666666666667       0.000000000000000E+000  0.333333333333333     
 -0.333333333333333       0.000000000000000E+000  0.333333333333333     
 -0.333333333333333      -0.333333333333333                          1
                   184                    56                    33
                    23                    44  0.666666666666667     
 -0.333333333333333       0.000000000000000E+000  0.666666666666667     
  0.000000000000000E+000  0.000000000000000E+000  0.333333333333333     
 -0.333333333333333       0.333333333333333       0.666666666666667     
  0.000000000000000E+000  0.333333333333333                          1
                   185                    56                    33
                    15                    23  0.666666666666667     
 -0.333333333333333       0.000000000000000E+000  0.666666666666667     
  0.000000000000000E+000  0.000000000000000E+000  0.333333333333333     
 -0.333333333333333       0.000000000000000E+000  0.333333333333333     
 -0.333333333333333       0.333333333333333                          1
                   186                    56                    40
                    23                    15  0.666666666666667     
 -0.333333333333333       0.000000000000000E+000  0.333333333333333     
 -0.666666666666667       0.000000000000000E+000  0.333333333333333     
 -0.333333333333333       0.333333333333333       0.333333333333333     
 -0.333333333333333       0.000000000000000E+000                     1
                   187                    57                    24
                    33                    45  0.666666666666667     
  0.000000000000000E+000 -0.333333333333333       0.333333333333333     
  0.333333333333333      -0.333333333333333       0.666666666666667     
  0.000000000000000E+000  0.000000000000000E+000  0.666666666666667     
  0.333333333333333       0.000000000000000E+000                     1
                   188                    57                    33
                    27                    56  0.666666666666667     
  0.000000000000000E+000 -0.333333333333333       0.666666666666667     
  0.000000000000000E+000  0.000000000000000E+000  0.333333333333333     
 -0.333333333333333      -0.333333333333333       0.666666666666667     
 -0.333333333333333       0.000000000000000E+000                     1
                   189                    57                    33
                    24                    16  0.666666666666667     
  0.000000000000000E+000 -0.333333333333333       0.666666666666667     
  0.000000000000000E+000  0.000000000000000E+000  0.333333333333333     
  0.333333333333333      -0.333333333333333       0.333333333333333     
  0.000000000000000E+000 -0.333333333333333                          1
                   190                    57                    41
                    16                    24  0.666666666666667     
  0.000000000000000E+000 -0.333333333333333       0.333333333333333     
  0.000000000000000E+000 -0.666666666666667       0.333333333333333     
  0.000000000000000E+000 -0.333333333333333       0.333333333333333     
  0.333333333333333      -0.333333333333333                          1
                   191                    57                    33
                    16                    27  0.666666666666667     
  0.000000000000000E+000 -0.333333333333333       0.666666666666667     
  0.000000000000000E+000  0.000000000000000E+000  0.333333333333333     
  0.000000000000000E+000 -0.333333333333333       0.333333333333333     
 -0.333333333333333      -0.333333333333333                          1
                   192                    57                    41
                    27                    16  0.666666666666667     
  0.000000000000000E+000 -0.333333333333333       0.333333333333333     
  0.000000000000000E+000 -0.666666666666667       0.333333333333333     
 -0.333333333333333      -0.333333333333333       0.333333333333333     
  0.000000000000000E+000 -0.333333333333333                          1
                   193                    58                    34
                    21                    46 -0.666666666666667     
 -0.333333333333333       0.333333333333333      -0.666666666666667     
  0.000000000000000E+000  0.333333333333333      -0.333333333333333     
 -0.333333333333333       0.333333333333333      -0.666666666666667     
 -0.333333333333333       0.000000000000000E+000                     1
                   194                    58                    48
                    46                    21 -0.666666666666667     
 -0.333333333333333       0.333333333333333      -0.333333333333333     
 -0.666666666666667       0.000000000000000E+000 -0.666666666666667     
 -0.333333333333333       0.000000000000000E+000 -0.333333333333333     
 -0.333333333333333       0.333333333333333                          1
                   195                    58                    34
                    50                    21 -0.666666666666667     
 -0.333333333333333       0.333333333333333      -0.666666666666667     
  0.000000000000000E+000  0.333333333333333      -0.333333333333333     
  0.000000000000000E+000  0.666666666666667      -0.333333333333333     
 -0.333333333333333       0.333333333333333                          1
                   196                    59                    35
                    47                    26 -0.666666666666667     
  0.333333333333333      -0.333333333333333      -0.666666666666667     
  0.333333333333333       0.000000000000000E+000 -0.666666666666667     
  0.000000000000000E+000 -0.333333333333333      -0.333333333333333     
  0.333333333333333      -0.333333333333333                          1
                   197                    59                    47
                    49                    26 -0.666666666666667     
  0.333333333333333      -0.333333333333333      -0.666666666666667     
  0.000000000000000E+000 -0.333333333333333      -0.333333333333333     
  0.000000000000000E+000 -0.666666666666667      -0.333333333333333     
  0.333333333333333      -0.333333333333333                          1
                   198                    59                    35
                    26                    51 -0.666666666666667     
  0.333333333333333      -0.333333333333333      -0.666666666666667     
  0.333333333333333       0.000000000000000E+000 -0.333333333333333     
  0.333333333333333      -0.333333333333333      -0.333333333333333     
  0.666666666666667       0.000000000000000E+000                     1
                   199                    60                    35
                    22                    34 -0.666666666666667     
  0.333333333333333       0.333333333333333      -0.666666666666667     
  0.333333333333333       0.000000000000000E+000 -0.333333333333333     
  0.333333333333333       0.333333333333333      -0.666666666666667     
  0.000000000000000E+000  0.333333333333333                          1
                   200                    60                    34
                    22                    50 -0.666666666666667     
  0.333333333333333       0.333333333333333      -0.666666666666667     
  0.000000000000000E+000  0.333333333333333      -0.333333333333333     
  0.333333333333333       0.333333333333333      -0.333333333333333     
  0.000000000000000E+000  0.666666666666667                          1
                   201                    60                    22
                    35                    51 -0.666666666666667     
  0.333333333333333       0.333333333333333      -0.333333333333333     
  0.333333333333333       0.333333333333333      -0.666666666666667     
  0.333333333333333       0.000000000000000E+000 -0.333333333333333     
  0.666666666666667       0.000000000000000E+000                     1
                   202                    61                    21
                    36                    48 -0.333333333333333     
 -0.666666666666667       0.333333333333333      -0.333333333333333     
 -0.333333333333333       0.333333333333333       0.000000000000000E+000
 -0.666666666666667       0.333333333333333      -0.333333333333333     
 -0.666666666666667       0.000000000000000E+000                     1
                   203                    61                    21
                    48                    58 -0.333333333333333     
 -0.666666666666667       0.333333333333333      -0.333333333333333     
 -0.333333333333333       0.333333333333333      -0.333333333333333     
 -0.666666666666667       0.000000000000000E+000 -0.666666666666667     
 -0.333333333333333       0.333333333333333                          1
                   204                    61                    21
                    54                    36 -0.333333333333333     
 -0.666666666666667       0.333333333333333      -0.333333333333333     
 -0.333333333333333       0.333333333333333       0.000000000000000E+000
 -0.333333333333333       0.666666666666667       0.000000000000000E+000
 -0.666666666666667       0.333333333333333                          1
                   205                    62                    53
                    49                    25 -0.333333333333333     
 -0.333333333333333      -0.666666666666667       0.000000000000000E+000
 -0.333333333333333      -0.666666666666667      -0.333333333333333     
  0.000000000000000E+000 -0.666666666666667      -0.333333333333333     
 -0.333333333333333      -0.333333333333333                          1
                   206                    62                    49
                    47                    25 -0.333333333333333     
 -0.333333333333333      -0.666666666666667      -0.333333333333333     
  0.000000000000000E+000 -0.666666666666667      -0.666666666666667     
  0.000000000000000E+000 -0.333333333333333      -0.333333333333333     
 -0.333333333333333      -0.333333333333333                          1
                   207                    62                    52
                    53                    25 -0.333333333333333     
 -0.333333333333333      -0.666666666666667       0.000000000000000E+000
 -0.666666666666667      -0.333333333333333       0.000000000000000E+000
 -0.333333333333333      -0.666666666666667      -0.333333333333333     
 -0.333333333333333      -0.333333333333333                          1
                   208                    63                    21
                    50                    54 -0.333333333333333     
 -0.333333333333333       0.666666666666667      -0.333333333333333     
 -0.333333333333333       0.333333333333333      -0.333333333333333     
  0.000000000000000E+000  0.666666666666667       0.000000000000000E+000
 -0.333333333333333       0.666666666666667                          1
                   209                    63                    21
                    58                    50 -0.333333333333333     
 -0.333333333333333       0.666666666666667      -0.333333333333333     
 -0.333333333333333       0.333333333333333      -0.666666666666667     
 -0.333333333333333       0.333333333333333      -0.333333333333333     
  0.000000000000000E+000  0.666666666666667                          1
                   210                    63                    54
                    61                    21 -0.333333333333333     
 -0.333333333333333       0.666666666666667       0.000000000000000E+000
 -0.333333333333333       0.666666666666667      -0.333333333333333     
 -0.666666666666667       0.333333333333333      -0.333333333333333     
 -0.333333333333333       0.333333333333333                          1
                   211                    63                    61
                    58                    21 -0.333333333333333     
 -0.333333333333333       0.666666666666667      -0.333333333333333     
 -0.666666666666667       0.333333333333333      -0.666666666666667     
 -0.333333333333333       0.333333333333333      -0.333333333333333     
 -0.333333333333333       0.333333333333333                          1
                   212                    64                    26
                    49                    37 -0.333333333333333     
  0.333333333333333      -0.666666666666667      -0.333333333333333     
  0.333333333333333      -0.333333333333333      -0.333333333333333     
  0.000000000000000E+000 -0.666666666666667       0.000000000000000E+000
  0.333333333333333      -0.666666666666667                          1
                   213                    64                    26
                    59                    49 -0.333333333333333     
  0.333333333333333      -0.666666666666667      -0.333333333333333     
  0.333333333333333      -0.333333333333333      -0.666666666666667     
  0.333333333333333      -0.333333333333333      -0.333333333333333     
  0.000000000000000E+000 -0.666666666666667                          1
                   214                    64                    26
                    37                    55 -0.333333333333333     
  0.333333333333333      -0.666666666666667      -0.333333333333333     
  0.333333333333333      -0.333333333333333       0.000000000000000E+000
  0.333333333333333      -0.666666666666667       0.000000000000000E+000
  0.666666666666667      -0.333333333333333                          1
                   215                    65                    50
                    22                    38 -0.333333333333333     
  0.333333333333333       0.666666666666667      -0.333333333333333     
  0.000000000000000E+000  0.666666666666667      -0.333333333333333     
  0.333333333333333       0.333333333333333       0.000000000000000E+000
  0.333333333333333       0.666666666666667                          1
                   216                    65                    50
                    60                    22 -0.333333333333333     
  0.333333333333333       0.666666666666667      -0.333333333333333     
  0.000000000000000E+000  0.666666666666667      -0.666666666666667     
  0.333333333333333       0.333333333333333      -0.333333333333333     
  0.333333333333333       0.333333333333333                          1
                   217                    65                    22
                    39                    38 -0.333333333333333     
  0.333333333333333       0.666666666666667      -0.333333333333333     
  0.333333333333333       0.333333333333333       0.000000000000000E+000
  0.666666666666667       0.333333333333333       0.000000000000000E+000
  0.333333333333333       0.666666666666667                          1
                   218                    66                    51
                    39                    22 -0.333333333333333     
  0.666666666666667       0.333333333333333      -0.333333333333333     
  0.666666666666667       0.000000000000000E+000  0.000000000000000E+000
  0.666666666666667       0.333333333333333      -0.333333333333333     
  0.333333333333333       0.333333333333333                          1
                   219                    66                    51
                    22                    60 -0.333333333333333     
  0.666666666666667       0.333333333333333      -0.333333333333333     
  0.666666666666667       0.000000000000000E+000 -0.333333333333333     
  0.333333333333333       0.333333333333333      -0.666666666666667     
  0.333333333333333       0.333333333333333                          1
                   220                    66                    39
                    65                    22 -0.333333333333333     
  0.666666666666667       0.333333333333333       0.000000000000000E+000
  0.666666666666667       0.333333333333333      -0.333333333333333     
  0.333333333333333       0.666666666666667      -0.333333333333333     
  0.333333333333333       0.333333333333333                          1
                   221                    66                    65
                    60                    22 -0.333333333333333     
  0.666666666666667       0.333333333333333      -0.333333333333333     
  0.333333333333333       0.666666666666667      -0.666666666666667     
  0.333333333333333       0.333333333333333      -0.333333333333333     
  0.333333333333333       0.333333333333333                          1
                   222                    67                    27
                    52                    40  0.333333333333333     
 -0.666666666666667      -0.333333333333333       0.333333333333333     
 -0.333333333333333      -0.333333333333333       0.000000000000000E+000
 -0.666666666666667      -0.333333333333333       0.333333333333333     
 -0.666666666666667       0.000000000000000E+000                     1
                   223                    67                    27
                    53                    52  0.333333333333333     
 -0.666666666666667      -0.333333333333333       0.333333333333333     
 -0.333333333333333      -0.333333333333333       0.000000000000000E+000
 -0.333333333333333      -0.666666666666667       0.000000000000000E+000
 -0.666666666666667      -0.333333333333333                          1
                   224                    67                    27
                    40                    56  0.333333333333333     
 -0.666666666666667      -0.333333333333333       0.333333333333333     
 -0.333333333333333      -0.333333333333333       0.333333333333333     
 -0.666666666666667       0.000000000000000E+000  0.666666666666667     
 -0.333333333333333       0.000000000000000E+000                     1
                   225                    68                    36
                    23                    40  0.333333333333333     
 -0.666666666666667       0.333333333333333       0.000000000000000E+000
 -0.666666666666667       0.333333333333333       0.333333333333333     
 -0.333333333333333       0.333333333333333       0.333333333333333     
 -0.666666666666667       0.000000000000000E+000                     1
                   226                    68                    54
                    23                    36  0.333333333333333     
 -0.666666666666667       0.333333333333333       0.000000000000000E+000
 -0.333333333333333       0.666666666666667       0.333333333333333     
 -0.333333333333333       0.333333333333333       0.000000000000000E+000
 -0.666666666666667       0.333333333333333                          1
                   227                    68                    23
                    56                    40  0.333333333333333     
 -0.666666666666667       0.333333333333333       0.333333333333333     
 -0.333333333333333       0.333333333333333       0.666666666666667     
 -0.333333333333333       0.000000000000000E+000  0.333333333333333     
 -0.666666666666667       0.000000000000000E+000                     1
                   228                    69                    41
                    53                    27  0.333333333333333     
 -0.333333333333333      -0.666666666666667       0.333333333333333     
  0.000000000000000E+000 -0.666666666666667       0.000000000000000E+000
 -0.333333333333333      -0.666666666666667       0.333333333333333     
 -0.333333333333333      -0.333333333333333                          1
                   229                    69                    67
                    27                    53  0.333333333333333     
 -0.333333333333333      -0.666666666666667       0.333333333333333     
 -0.666666666666667      -0.333333333333333       0.333333333333333     
 -0.333333333333333      -0.333333333333333       0.000000000000000E+000
 -0.333333333333333      -0.666666666666667                          1
                   230                    69                    41
                    27                    57  0.333333333333333     
 -0.333333333333333      -0.666666666666667       0.333333333333333     
  0.000000000000000E+000 -0.666666666666667       0.333333333333333     
 -0.333333333333333      -0.333333333333333       0.666666666666667     
  0.000000000000000E+000 -0.333333333333333                          1
                   231                    70                    42
                    23                    54  0.333333333333333     
 -0.333333333333333       0.666666666666667       0.333333333333333     
  0.000000000000000E+000  0.666666666666667       0.333333333333333     
 -0.333333333333333       0.333333333333333       0.000000000000000E+000
 -0.333333333333333       0.666666666666667                          1
                   232                    70                    68
                    54                    23  0.333333333333333     
 -0.333333333333333       0.666666666666667       0.333333333333333     
 -0.666666666666667       0.333333333333333       0.000000000000000E+000
 -0.333333333333333       0.666666666666667       0.333333333333333     
 -0.333333333333333       0.333333333333333                          1
                   233                    70                    44
                    23                    42  0.333333333333333     
 -0.333333333333333       0.666666666666667       0.666666666666667     
  0.000000000000000E+000  0.333333333333333       0.333333333333333     
 -0.333333333333333       0.333333333333333       0.333333333333333     
  0.000000000000000E+000  0.666666666666667                          1
                   234                    71                    24
                    37                    41  0.333333333333333     
  0.333333333333333      -0.666666666666667       0.333333333333333     
  0.333333333333333      -0.333333333333333       0.000000000000000E+000
  0.333333333333333      -0.666666666666667       0.333333333333333     
  0.000000000000000E+000 -0.666666666666667                          1
                   235                    71                    55
                    37                    24  0.333333333333333     
  0.333333333333333      -0.666666666666667       0.000000000000000E+000
  0.666666666666667      -0.333333333333333       0.000000000000000E+000
  0.333333333333333      -0.666666666666667       0.333333333333333     
  0.333333333333333      -0.333333333333333                          1
                   236                    71                    41
                    57                    24  0.333333333333333     
  0.333333333333333      -0.666666666666667       0.333333333333333     
  0.000000000000000E+000 -0.666666666666667       0.666666666666667     
  0.000000000000000E+000 -0.333333333333333       0.333333333333333     
  0.333333333333333      -0.333333333333333                          1
                   237                    72                    38
                    20                    42  0.333333333333333     
  0.333333333333333       0.666666666666667       0.000000000000000E+000
  0.333333333333333       0.666666666666667       0.333333333333333     
  0.333333333333333       0.333333333333333       0.333333333333333     
  0.000000000000000E+000  0.666666666666667                          1
                   238                    72                    38
                    39                    20  0.333333333333333     
  0.333333333333333       0.666666666666667       0.000000000000000E+000
  0.333333333333333       0.666666666666667       0.000000000000000E+000
  0.666666666666667       0.333333333333333       0.333333333333333     
  0.333333333333333       0.333333333333333                          1
                   239                    72                    20
                    44                    42  0.333333333333333     
  0.333333333333333       0.666666666666667       0.333333333333333     
  0.333333333333333       0.333333333333333       0.666666666666667     
  0.000000000000000E+000  0.333333333333333       0.333333333333333     
  0.000000000000000E+000  0.666666666666667                          1
                   240                    73                    24
                    43                    55  0.333333333333333     
  0.666666666666667      -0.333333333333333       0.333333333333333     
  0.333333333333333      -0.333333333333333       0.333333333333333     
  0.666666666666667       0.000000000000000E+000  0.000000000000000E+000
  0.666666666666667      -0.333333333333333                          1
                   241                    73                    24
                    55                    71  0.333333333333333     
  0.666666666666667      -0.333333333333333       0.333333333333333     
  0.333333333333333      -0.333333333333333       0.000000000000000E+000
  0.666666666666667      -0.333333333333333       0.333333333333333     
  0.333333333333333      -0.666666666666667                          1
                   242                    73                    45
                    43                    24  0.333333333333333     
  0.666666666666667      -0.333333333333333       0.666666666666667     
  0.333333333333333       0.000000000000000E+000  0.333333333333333     
  0.666666666666667       0.000000000000000E+000  0.333333333333333     
  0.333333333333333      -0.333333333333333                          1
                   243                    74                    43
                    20                    39  0.333333333333333     
  0.666666666666667       0.333333333333333       0.333333333333333     
  0.666666666666667       0.000000000000000E+000  0.333333333333333     
  0.333333333333333       0.333333333333333       0.000000000000000E+000
  0.666666666666667       0.333333333333333                          1
                   244                    74                    72
                    39                    20  0.333333333333333     
  0.666666666666667       0.333333333333333       0.333333333333333     
  0.333333333333333       0.666666666666667       0.000000000000000E+000
  0.666666666666667       0.333333333333333       0.333333333333333     
  0.333333333333333       0.333333333333333                          1
                   245                    74                    43
                    45                    20  0.333333333333333     
  0.666666666666667       0.333333333333333       0.333333333333333     
  0.666666666666667       0.000000000000000E+000  0.666666666666667     
  0.333333333333333       0.000000000000000E+000  0.333333333333333     
  0.333333333333333       0.333333333333333                          1
                   246                    75                    44
                    56                    23  0.666666666666667     
 -0.333333333333333       0.333333333333333       0.666666666666667     
  0.000000000000000E+000  0.333333333333333       0.666666666666667     
 -0.333333333333333       0.000000000000000E+000  0.333333333333333     
 -0.333333333333333       0.333333333333333                          1
                   247                    75                    68
                    23                    56  0.666666666666667     
 -0.333333333333333       0.333333333333333       0.333333333333333     
 -0.666666666666667       0.333333333333333       0.333333333333333     
 -0.333333333333333       0.333333333333333       0.666666666666667     
 -0.333333333333333       0.000000000000000E+000                     1
                   248                    75                    23
                    68                    70  0.666666666666667     
 -0.333333333333333       0.333333333333333       0.333333333333333     
 -0.333333333333333       0.333333333333333       0.333333333333333     
 -0.666666666666667       0.333333333333333       0.333333333333333     
 -0.333333333333333       0.666666666666667                          1
                   249                    75                    23
                    70                    44  0.666666666666667     
 -0.333333333333333       0.333333333333333       0.333333333333333     
 -0.333333333333333       0.333333333333333       0.333333333333333     
 -0.333333333333333       0.666666666666667       0.666666666666667     
  0.000000000000000E+000  0.333333333333333                          1
                   250                    76                    24
                    57                    45  0.666666666666667     
  0.333333333333333      -0.333333333333333       0.333333333333333     
  0.333333333333333      -0.333333333333333       0.666666666666667     
  0.000000000000000E+000 -0.333333333333333       0.666666666666667     
  0.333333333333333       0.000000000000000E+000                     1
                   251                    76                    24
                    71                    57  0.666666666666667     
  0.333333333333333      -0.333333333333333       0.333333333333333     
  0.333333333333333      -0.333333333333333       0.333333333333333     
  0.333333333333333      -0.666666666666667       0.666666666666667     
  0.000000000000000E+000 -0.333333333333333                          1
                   252                    76                    71
                    24                    73  0.666666666666667     
  0.333333333333333      -0.333333333333333       0.333333333333333     
  0.333333333333333      -0.666666666666667       0.333333333333333     
  0.333333333333333      -0.333333333333333       0.333333333333333     
  0.666666666666667      -0.333333333333333                          1
                   253                    76                    73
                    24                    45  0.666666666666667     
  0.333333333333333      -0.333333333333333       0.333333333333333     
  0.666666666666667      -0.333333333333333       0.333333333333333     
  0.333333333333333      -0.333333333333333       0.666666666666667     
  0.333333333333333       0.000000000000000E+000                     1
                   254                    77                    44
                    20                    45  0.666666666666667     
  0.333333333333333       0.333333333333333       0.666666666666667     
  0.000000000000000E+000  0.333333333333333       0.333333333333333     
  0.333333333333333       0.333333333333333       0.666666666666667     
  0.333333333333333       0.000000000000000E+000                     1
                   255                    77                    44
                    72                    20  0.666666666666667     
  0.333333333333333       0.333333333333333       0.666666666666667     
  0.000000000000000E+000  0.333333333333333       0.333333333333333     
  0.333333333333333       0.666666666666667       0.333333333333333     
  0.333333333333333       0.333333333333333                          1
                   256                    77                    45
                    20                    74  0.666666666666667     
  0.333333333333333       0.333333333333333       0.666666666666667     
  0.333333333333333       0.000000000000000E+000  0.333333333333333     
  0.333333333333333       0.333333333333333       0.333333333333333     
  0.666666666666667       0.333333333333333                          1
                   257                    77                    74
                    20                    72  0.666666666666667     
  0.333333333333333       0.333333333333333       0.333333333333333     
  0.666666666666667       0.333333333333333       0.333333333333333     
  0.333333333333333       0.333333333333333       0.333333333333333     
  0.333333333333333       0.666666666666667                          1
                   258                    78                    25
                    47                    46 -0.666666666666667     
 -0.333333333333333      -0.333333333333333      -0.333333333333333     
 -0.333333333333333      -0.333333333333333      -0.666666666666667     
  0.000000000000000E+000 -0.333333333333333      -0.666666666666667     
 -0.333333333333333       0.000000000000000E+000                     1
                   259                    78                    25
                    62                    47 -0.666666666666667     
 -0.333333333333333      -0.333333333333333      -0.333333333333333     
 -0.333333333333333      -0.333333333333333      -0.333333333333333     
 -0.333333333333333      -0.666666666666667      -0.666666666666667     
  0.000000000000000E+000 -0.333333333333333                          1
                   260                    78                    46
                    48                    25 -0.666666666666667     
 -0.333333333333333      -0.333333333333333      -0.666666666666667     
 -0.333333333333333       0.000000000000000E+000 -0.333333333333333     
 -0.666666666666667       0.000000000000000E+000 -0.333333333333333     
 -0.333333333333333      -0.333333333333333                          1
                   261                    79                    25
                    48                    52 -0.333333333333333     
 -0.666666666666667      -0.333333333333333      -0.333333333333333     
 -0.333333333333333      -0.333333333333333      -0.333333333333333     
 -0.666666666666667       0.000000000000000E+000  0.000000000000000E+000
 -0.666666666666667      -0.333333333333333                          1
                   262                    79                    25
                    52                    62 -0.333333333333333     
 -0.666666666666667      -0.333333333333333      -0.333333333333333     
 -0.333333333333333      -0.333333333333333       0.000000000000000E+000
 -0.666666666666667      -0.333333333333333      -0.333333333333333     
 -0.333333333333333      -0.666666666666667                          1
                   263                    79                    48
                    25                    78 -0.333333333333333     
 -0.666666666666667      -0.333333333333333      -0.333333333333333     
 -0.666666666666667       0.000000000000000E+000 -0.333333333333333     
 -0.333333333333333      -0.333333333333333      -0.666666666666667     
 -0.333333333333333      -0.333333333333333                          1
                   264                    79                    78
                    25                    62 -0.333333333333333     
 -0.666666666666667      -0.333333333333333      -0.666666666666667     
 -0.333333333333333      -0.333333333333333      -0.333333333333333     
 -0.333333333333333      -0.333333333333333      -0.333333333333333     
 -0.333333333333333      -0.666666666666667                          1
                   265                    80                    26
                    55                    51 -0.333333333333333     
  0.666666666666667      -0.333333333333333      -0.333333333333333     
  0.333333333333333      -0.333333333333333       0.000000000000000E+000
  0.666666666666667      -0.333333333333333      -0.333333333333333     
  0.666666666666667       0.000000000000000E+000                     1
                   266                    80                    26
                    51                    59 -0.333333333333333     
  0.666666666666667      -0.333333333333333      -0.333333333333333     
  0.333333333333333      -0.333333333333333      -0.333333333333333     
  0.666666666666667       0.000000000000000E+000 -0.666666666666667     
  0.333333333333333      -0.333333333333333                          1
                   267                    80                    59
                    64                    26 -0.333333333333333     
  0.666666666666667      -0.333333333333333      -0.666666666666667     
  0.333333333333333      -0.333333333333333      -0.333333333333333     
  0.333333333333333      -0.666666666666667      -0.333333333333333     
  0.333333333333333      -0.333333333333333                          1
                   268                    80                    64
                    55                    26 -0.333333333333333     
  0.666666666666667      -0.333333333333333      -0.333333333333333     
  0.333333333333333      -0.666666666666667       0.000000000000000E+000
  0.666666666666667      -0.333333333333333      -0.333333333333333     
  0.333333333333333      -0.333333333333333                          1
                   269                    81                    56
                    57                    27  0.666666666666667     
 -0.333333333333333      -0.333333333333333       0.666666666666667     
 -0.333333333333333       0.000000000000000E+000  0.666666666666667     
  0.000000000000000E+000 -0.333333333333333       0.333333333333333     
 -0.333333333333333      -0.333333333333333                          1
                   270                    81                    56
                    27                    67  0.666666666666667     
 -0.333333333333333      -0.333333333333333       0.666666666666667     
 -0.333333333333333       0.000000000000000E+000  0.333333333333333     
 -0.333333333333333      -0.333333333333333       0.333333333333333     
 -0.666666666666667      -0.333333333333333                          1
                   271                    81                    27
                    57                    69  0.666666666666667     
 -0.333333333333333      -0.333333333333333       0.333333333333333     
 -0.333333333333333      -0.333333333333333       0.666666666666667     
  0.000000000000000E+000 -0.333333333333333       0.333333333333333     
 -0.333333333333333      -0.666666666666667                          1
                   272                    81                    27
                    69                    67  0.666666666666667     
 -0.333333333333333      -0.333333333333333       0.333333333333333     
 -0.333333333333333      -0.333333333333333       0.333333333333333     
 -0.333333333333333      -0.666666666666667       0.333333333333333     
 -0.666666666666667      -0.333333333333333                          1
                   273                    82                    48
                    46                    58 -0.666666666666667     
 -0.666666666666667       0.000000000000000E+000 -0.333333333333333     
 -0.666666666666667       0.000000000000000E+000 -0.666666666666667     
 -0.333333333333333       0.000000000000000E+000 -0.666666666666667     
 -0.333333333333333       0.333333333333333                          1
                   274                    82                    48
                    78                    46 -0.666666666666667     
 -0.666666666666667       0.000000000000000E+000 -0.333333333333333     
 -0.666666666666667       0.000000000000000E+000 -0.666666666666667     
 -0.333333333333333      -0.333333333333333      -0.666666666666667     
 -0.333333333333333       0.000000000000000E+000                     1
                   275                    82                    58
                    61                    48 -0.666666666666667     
 -0.666666666666667       0.000000000000000E+000 -0.666666666666667     
 -0.333333333333333       0.333333333333333      -0.333333333333333     
 -0.666666666666667       0.333333333333333      -0.333333333333333     
 -0.666666666666667       0.000000000000000E+000                     1
                   276                    82                    78
                    48                    79 -0.666666666666667     
 -0.666666666666667       0.000000000000000E+000 -0.666666666666667     
 -0.333333333333333      -0.333333333333333      -0.333333333333333     
 -0.666666666666667       0.000000000000000E+000 -0.333333333333333     
 -0.666666666666667      -0.333333333333333                          1
                   277                    83                    49
                    59                    47 -0.666666666666667     
  0.000000000000000E+000 -0.666666666666667      -0.333333333333333     
  0.000000000000000E+000 -0.666666666666667      -0.666666666666667     
  0.333333333333333      -0.333333333333333      -0.666666666666667     
  0.000000000000000E+000 -0.333333333333333                          1
                   278                    83                    49
                    47                    62 -0.666666666666667     
  0.000000000000000E+000 -0.666666666666667      -0.333333333333333     
  0.000000000000000E+000 -0.666666666666667      -0.666666666666667     
  0.000000000000000E+000 -0.333333333333333      -0.333333333333333     
 -0.333333333333333      -0.666666666666667                          1
                   279                    83                    64
                    59                    49 -0.666666666666667     
  0.000000000000000E+000 -0.666666666666667      -0.333333333333333     
  0.333333333333333      -0.666666666666667      -0.666666666666667     
  0.333333333333333      -0.333333333333333      -0.333333333333333     
  0.000000000000000E+000 -0.666666666666667                          1
                   280                    83                    78
                    62                    47 -0.666666666666667     
  0.000000000000000E+000 -0.666666666666667      -0.666666666666667     
 -0.333333333333333      -0.333333333333333      -0.333333333333333     
 -0.333333333333333      -0.666666666666667      -0.666666666666667     
  0.000000000000000E+000 -0.333333333333333                          1
                   281                    84                    50
                    58                    34 -0.666666666666667     
  0.000000000000000E+000  0.666666666666667      -0.333333333333333     
  0.000000000000000E+000  0.666666666666667      -0.666666666666667     
 -0.333333333333333       0.333333333333333      -0.666666666666667     
  0.000000000000000E+000  0.333333333333333                          1
                   282                    84                    60
                    50                    34 -0.666666666666667     
  0.000000000000000E+000  0.666666666666667      -0.666666666666667     
  0.333333333333333       0.333333333333333      -0.333333333333333     
  0.000000000000000E+000  0.666666666666667      -0.666666666666667     
  0.000000000000000E+000  0.333333333333333                          1
                   283                    84                    50
                    63                    58 -0.666666666666667     
  0.000000000000000E+000  0.666666666666667      -0.333333333333333     
  0.000000000000000E+000  0.666666666666667      -0.333333333333333     
 -0.333333333333333       0.666666666666667      -0.666666666666667     
 -0.333333333333333       0.333333333333333                          1
                   284                    84                    50
                    60                    65 -0.666666666666667     
  0.000000000000000E+000  0.666666666666667      -0.333333333333333     
  0.000000000000000E+000  0.666666666666667      -0.666666666666667     
  0.333333333333333       0.333333333333333      -0.333333333333333     
  0.333333333333333       0.666666666666667                          1
                   285                    85                    59
                    51                    35 -0.666666666666667     
  0.666666666666667       0.000000000000000E+000 -0.666666666666667     
  0.333333333333333      -0.333333333333333      -0.333333333333333     
  0.666666666666667       0.000000000000000E+000 -0.666666666666667     
  0.333333333333333       0.000000000000000E+000                     1
                   286                    85                    60
                    35                    51 -0.666666666666667     
  0.666666666666667       0.000000000000000E+000 -0.666666666666667     
  0.333333333333333       0.333333333333333      -0.666666666666667     
  0.333333333333333       0.000000000000000E+000 -0.333333333333333     
  0.666666666666667       0.000000000000000E+000                     1
                   287                    85                    80
                    51                    59 -0.666666666666667     
  0.666666666666667       0.000000000000000E+000 -0.333333333333333     
  0.666666666666667      -0.333333333333333      -0.333333333333333     
  0.666666666666667       0.000000000000000E+000 -0.666666666666667     
  0.333333333333333      -0.333333333333333                          1
                   288                    85                    60
                    51                    66 -0.666666666666667     
  0.666666666666667       0.000000000000000E+000 -0.666666666666667     
  0.333333333333333       0.333333333333333      -0.333333333333333     
  0.666666666666667       0.000000000000000E+000 -0.333333333333333     
  0.666666666666667       0.333333333333333                          1
                   289                    86                    53
                    62                    52  0.000000000000000E+000
 -0.666666666666667      -0.666666666666667       0.000000000000000E+000
 -0.333333333333333      -0.666666666666667      -0.333333333333333     
 -0.333333333333333      -0.666666666666667       0.000000000000000E+000
 -0.666666666666667      -0.333333333333333                          1
                   290                    86                    52
                    67                    53  0.000000000000000E+000
 -0.666666666666667      -0.666666666666667       0.000000000000000E+000
 -0.666666666666667      -0.333333333333333       0.333333333333333     
 -0.666666666666667      -0.333333333333333       0.000000000000000E+000
 -0.333333333333333      -0.666666666666667                          1
                   291                    86                    62
                    79                    52  0.000000000000000E+000
 -0.666666666666667      -0.666666666666667      -0.333333333333333     
 -0.333333333333333      -0.666666666666667      -0.333333333333333     
 -0.666666666666667      -0.333333333333333       0.000000000000000E+000
 -0.666666666666667      -0.333333333333333                          1
                   292                    86                    69
                    53                    67  0.000000000000000E+000
 -0.666666666666667      -0.666666666666667       0.333333333333333     
 -0.333333333333333      -0.666666666666667       0.000000000000000E+000
 -0.333333333333333      -0.666666666666667       0.333333333333333     
 -0.666666666666667      -0.333333333333333                          1
                   293                    87                    36
                    61                    54  0.000000000000000E+000
 -0.666666666666667       0.666666666666667       0.000000000000000E+000
 -0.666666666666667       0.333333333333333      -0.333333333333333     
 -0.666666666666667       0.333333333333333       0.000000000000000E+000
 -0.333333333333333       0.666666666666667                          1
                   294                    87                    36
                    54                    68  0.000000000000000E+000
 -0.666666666666667       0.666666666666667       0.000000000000000E+000
 -0.666666666666667       0.333333333333333       0.000000000000000E+000
 -0.333333333333333       0.666666666666667       0.333333333333333     
 -0.666666666666667       0.333333333333333                          1
                   295                    87                    54
                    61                    63  0.000000000000000E+000
 -0.666666666666667       0.666666666666667       0.000000000000000E+000
 -0.333333333333333       0.666666666666667      -0.333333333333333     
 -0.666666666666667       0.333333333333333      -0.333333333333333     
 -0.333333333333333       0.666666666666667                          1
                   296                    87                    54
                    70                    68  0.000000000000000E+000
 -0.666666666666667       0.666666666666667       0.000000000000000E+000
 -0.333333333333333       0.666666666666667       0.333333333333333     
 -0.333333333333333       0.666666666666667       0.333333333333333     
 -0.666666666666667       0.333333333333333                          1
                   297                    88                    64
                    37                    55  0.000000000000000E+000
  0.666666666666667      -0.666666666666667      -0.333333333333333     
  0.333333333333333      -0.666666666666667       0.000000000000000E+000
  0.333333333333333      -0.666666666666667       0.000000000000000E+000
  0.666666666666667      -0.333333333333333                          1
                   298                    88                    55
                    37                    71  0.000000000000000E+000
  0.666666666666667      -0.666666666666667       0.000000000000000E+000
  0.666666666666667      -0.333333333333333       0.000000000000000E+000
  0.333333333333333      -0.666666666666667       0.333333333333333     
  0.333333333333333      -0.666666666666667                          1
                   299                    88                    55
                    80                    64  0.000000000000000E+000
  0.666666666666667      -0.666666666666667       0.000000000000000E+000
  0.666666666666667      -0.333333333333333      -0.333333333333333     
  0.666666666666667      -0.333333333333333      -0.333333333333333     
  0.333333333333333      -0.666666666666667                          1
                   300                    88                    71
                    73                    55  0.000000000000000E+000
  0.666666666666667      -0.666666666666667       0.333333333333333     
  0.333333333333333      -0.666666666666667       0.333333333333333     
  0.666666666666667      -0.333333333333333       0.000000000000000E+000
  0.666666666666667      -0.333333333333333                          1
                   301                    89                    38
                    65                    39  0.000000000000000E+000
  0.666666666666667       0.666666666666667       0.000000000000000E+000
  0.333333333333333       0.666666666666667      -0.333333333333333     
  0.333333333333333       0.666666666666667       0.000000000000000E+000
  0.666666666666667       0.333333333333333                          1
                   302                    89                    39
                    72                    38  0.000000000000000E+000
  0.666666666666667       0.666666666666667       0.000000000000000E+000
  0.666666666666667       0.333333333333333       0.333333333333333     
  0.333333333333333       0.666666666666667       0.000000000000000E+000
  0.333333333333333       0.666666666666667                          1
                   303                    89                    39
                    65                    66  0.000000000000000E+000
  0.666666666666667       0.666666666666667       0.000000000000000E+000
  0.666666666666667       0.333333333333333      -0.333333333333333     
  0.333333333333333       0.666666666666667      -0.333333333333333     
  0.666666666666667       0.333333333333333                          1
                   304                    89                    72
                    39                    74  0.000000000000000E+000
  0.666666666666667       0.666666666666667       0.333333333333333     
  0.333333333333333       0.666666666666667       0.000000000000000E+000
  0.666666666666667       0.333333333333333       0.333333333333333     
  0.666666666666667       0.333333333333333                          1
                   305                    90                    67
                    40                    56  0.666666666666667     
 -0.666666666666667       0.000000000000000E+000  0.333333333333333     
 -0.666666666666667      -0.333333333333333       0.333333333333333     
 -0.666666666666667       0.000000000000000E+000  0.666666666666667     
 -0.333333333333333       0.000000000000000E+000                     1
                   306                    90                    40
                    68                    56  0.666666666666667     
 -0.666666666666667       0.000000000000000E+000  0.333333333333333     
 -0.666666666666667       0.000000000000000E+000  0.333333333333333     
 -0.666666666666667       0.333333333333333       0.666666666666667     
 -0.333333333333333       0.000000000000000E+000                     1
                   307                    90                    81
                    67                    56  0.666666666666667     
 -0.666666666666667       0.000000000000000E+000  0.666666666666667     
 -0.333333333333333      -0.333333333333333       0.333333333333333     
 -0.666666666666667      -0.333333333333333       0.666666666666667     
 -0.333333333333333       0.000000000000000E+000                     1
                   308                    90                    75
                    56                    68  0.666666666666667     
 -0.666666666666667       0.000000000000000E+000  0.666666666666667     
 -0.333333333333333       0.333333333333333       0.666666666666667     
 -0.333333333333333       0.000000000000000E+000  0.333333333333333     
 -0.666666666666667       0.333333333333333                          1
                   309                    91                    69
                    57                    41  0.666666666666667     
  0.000000000000000E+000 -0.666666666666667       0.333333333333333     
 -0.333333333333333      -0.666666666666667       0.666666666666667     
  0.000000000000000E+000 -0.333333333333333       0.333333333333333     
  0.000000000000000E+000 -0.666666666666667                          1
                   310                    91                    57
                    71                    41  0.666666666666667     
  0.000000000000000E+000 -0.666666666666667       0.666666666666667     
  0.000000000000000E+000 -0.333333333333333       0.333333333333333     
  0.333333333333333      -0.666666666666667       0.333333333333333     
  0.000000000000000E+000 -0.666666666666667                          1
                   311                    91                    69
                    81                    57  0.666666666666667     
  0.000000000000000E+000 -0.666666666666667       0.333333333333333     
 -0.333333333333333      -0.666666666666667       0.666666666666667     
 -0.333333333333333      -0.333333333333333       0.666666666666667     
  0.000000000000000E+000 -0.333333333333333                          1
                   312                    91                    76
                    71                    57  0.666666666666667     
  0.000000000000000E+000 -0.666666666666667       0.666666666666667     
  0.333333333333333      -0.333333333333333       0.333333333333333     
  0.333333333333333      -0.666666666666667       0.666666666666667     
  0.000000000000000E+000 -0.333333333333333                          1
                   313                    92                    42
                    44                    70  0.666666666666667     
  0.000000000000000E+000  0.666666666666667       0.333333333333333     
  0.000000000000000E+000  0.666666666666667       0.666666666666667     
  0.000000000000000E+000  0.333333333333333       0.333333333333333     
 -0.333333333333333       0.666666666666667                          1
                   314                    92                    42
                    72                    44  0.666666666666667     
  0.000000000000000E+000  0.666666666666667       0.333333333333333     
  0.000000000000000E+000  0.666666666666667       0.333333333333333     
  0.333333333333333       0.666666666666667       0.666666666666667     
  0.000000000000000E+000  0.333333333333333                          1
                   315                    92                    75
                    70                    44  0.666666666666667     
  0.000000000000000E+000  0.666666666666667       0.666666666666667     
 -0.333333333333333       0.333333333333333       0.333333333333333     
 -0.333333333333333       0.666666666666667       0.666666666666667     
  0.000000000000000E+000  0.333333333333333                          1
                   316                    92                    72
                    77                    44  0.666666666666667     
  0.000000000000000E+000  0.666666666666667       0.333333333333333     
  0.333333333333333       0.666666666666667       0.666666666666667     
  0.333333333333333       0.333333333333333       0.666666666666667     
  0.000000000000000E+000  0.333333333333333                          1
                   317                    93                    45
                    43                    73  0.666666666666667     
  0.666666666666667       0.000000000000000E+000  0.666666666666667     
  0.333333333333333       0.000000000000000E+000  0.333333333333333     
  0.666666666666667       0.000000000000000E+000  0.333333333333333     
  0.666666666666667      -0.333333333333333                          1
                   318                    93                    45
                    74                    43  0.666666666666667     
  0.666666666666667       0.000000000000000E+000  0.666666666666667     
  0.333333333333333       0.000000000000000E+000  0.333333333333333     
  0.666666666666667       0.333333333333333       0.333333333333333     
  0.666666666666667       0.000000000000000E+000                     1
                   319                    93                    76
                    45                    73  0.666666666666667     
  0.666666666666667       0.000000000000000E+000  0.666666666666667     
  0.333333333333333      -0.333333333333333       0.666666666666667     
  0.333333333333333       0.000000000000000E+000  0.333333333333333     
  0.666666666666667      -0.333333333333333                          1
                   320                    93                    74
                    45                    77  0.666666666666667     
  0.666666666666667       0.000000000000000E+000  0.333333333333333     
  0.666666666666667       0.333333333333333       0.666666666666667     
  0.333333333333333       0.000000000000000E+000  0.666666666666667     
  0.333333333333333       0.333333333333333                          1
                   321                    94                    82
                    79                    78 -0.666666666666667     
 -0.666666666666667      -0.333333333333333      -0.666666666666667     
 -0.666666666666667       0.000000000000000E+000 -0.333333333333333     
 -0.666666666666667      -0.333333333333333      -0.666666666666667     
 -0.333333333333333      -0.333333333333333                          1
                   322                    94                    62
                    78                    79 -0.666666666666667     
 -0.666666666666667      -0.333333333333333      -0.333333333333333     
 -0.333333333333333      -0.666666666666667      -0.666666666666667     
 -0.333333333333333      -0.333333333333333      -0.333333333333333     
 -0.666666666666667      -0.333333333333333                          1
                   323                    95                    61
                    82                    58 -0.666666666666667     
 -0.666666666666667       0.333333333333333      -0.333333333333333     
 -0.666666666666667       0.333333333333333      -0.666666666666667     
 -0.666666666666667       0.000000000000000E+000 -0.666666666666667     
 -0.333333333333333       0.333333333333333                          1
                   324                    95                    61
                    58                    63 -0.666666666666667     
 -0.666666666666667       0.333333333333333      -0.333333333333333     
 -0.666666666666667       0.333333333333333      -0.666666666666667     
 -0.333333333333333       0.333333333333333      -0.333333333333333     
 -0.333333333333333       0.666666666666667                          1
                   325                    96                    83
                    78                    62 -0.666666666666667     
 -0.333333333333333      -0.666666666666667      -0.666666666666667     
  0.000000000000000E+000 -0.666666666666667      -0.666666666666667     
 -0.333333333333333      -0.333333333333333      -0.333333333333333     
 -0.333333333333333      -0.666666666666667                          1
                   326                    96                    94
                    62                    78 -0.666666666666667     
 -0.333333333333333      -0.666666666666667      -0.666666666666667     
 -0.666666666666667      -0.333333333333333      -0.333333333333333     
 -0.333333333333333      -0.666666666666667      -0.666666666666667     
 -0.333333333333333      -0.333333333333333                          1
                   327                    97                    63
                    58                    84 -0.666666666666667     
 -0.333333333333333       0.666666666666667      -0.333333333333333     
 -0.333333333333333       0.666666666666667      -0.666666666666667     
 -0.333333333333333       0.333333333333333      -0.666666666666667     
  0.000000000000000E+000  0.666666666666667                          1
                   328                    97                    63
                    95                    58 -0.666666666666667     
 -0.333333333333333       0.666666666666667      -0.333333333333333     
 -0.333333333333333       0.666666666666667      -0.666666666666667     
 -0.666666666666667       0.333333333333333      -0.666666666666667     
 -0.333333333333333       0.333333333333333                          1
                   329                    98                    64
                    59                    83 -0.666666666666667     
  0.333333333333333      -0.666666666666667      -0.333333333333333     
  0.333333333333333      -0.666666666666667      -0.666666666666667     
  0.333333333333333      -0.333333333333333      -0.666666666666667     
  0.000000000000000E+000 -0.666666666666667                          1
                   330                    98                    64
                    80                    59 -0.666666666666667     
  0.333333333333333      -0.666666666666667      -0.333333333333333     
  0.333333333333333      -0.666666666666667      -0.333333333333333     
  0.666666666666667      -0.333333333333333      -0.666666666666667     
  0.333333333333333      -0.333333333333333                          1
                   331                    99                    84
                    60                    65 -0.666666666666667     
  0.333333333333333       0.666666666666667      -0.666666666666667     
  0.000000000000000E+000  0.666666666666667      -0.666666666666667     
  0.333333333333333       0.333333333333333      -0.333333333333333     
  0.333333333333333       0.666666666666667                          1
                   332                    99                    65
                    60                    66 -0.666666666666667     
  0.333333333333333       0.666666666666667      -0.333333333333333     
  0.333333333333333       0.666666666666667      -0.666666666666667     
  0.333333333333333       0.333333333333333      -0.333333333333333     
  0.666666666666667       0.333333333333333                          1
                   333                   100                    85
                    59                    80 -0.666666666666667     
  0.666666666666667      -0.333333333333333      -0.666666666666667     
  0.666666666666667       0.000000000000000E+000 -0.666666666666667     
  0.333333333333333      -0.333333333333333      -0.333333333333333     
  0.666666666666667      -0.333333333333333                          1
                   334                   100                    98
                    80                    59 -0.666666666666667     
  0.666666666666667      -0.333333333333333      -0.666666666666667     
  0.333333333333333      -0.666666666666667      -0.333333333333333     
  0.666666666666667      -0.333333333333333      -0.666666666666667     
  0.333333333333333      -0.333333333333333                          1
                   335                   101                    60
                    85                    66 -0.666666666666667     
  0.666666666666667       0.333333333333333      -0.666666666666667     
  0.333333333333333       0.333333333333333      -0.666666666666667     
  0.666666666666667       0.000000000000000E+000 -0.333333333333333     
  0.666666666666667       0.333333333333333                          1
                   336                   101                    60
                    66                    99 -0.666666666666667     
  0.666666666666667       0.333333333333333      -0.666666666666667     
  0.333333333333333       0.333333333333333      -0.333333333333333     
  0.666666666666667       0.333333333333333      -0.666666666666667     
  0.333333333333333       0.666666666666667                          1
                   337                   102                    96
                    94                    62 -0.333333333333333     
 -0.666666666666667      -0.666666666666667      -0.666666666666667     
 -0.333333333333333      -0.666666666666667      -0.666666666666667     
 -0.666666666666667      -0.333333333333333      -0.333333333333333     
 -0.333333333333333      -0.666666666666667                          1
                   338                   102                    62
                    79                    86 -0.333333333333333     
 -0.666666666666667      -0.666666666666667      -0.333333333333333     
 -0.333333333333333      -0.666666666666667      -0.333333333333333     
 -0.666666666666667      -0.333333333333333       0.000000000000000E+000
 -0.666666666666667      -0.666666666666667                          1
                   339                   102                    62
                    94                    79 -0.333333333333333     
 -0.666666666666667      -0.666666666666667      -0.333333333333333     
 -0.333333333333333      -0.666666666666667      -0.666666666666667     
 -0.666666666666667      -0.333333333333333      -0.333333333333333     
 -0.666666666666667      -0.333333333333333                          1
                   340                   103                    95
                    97                    63 -0.333333333333333     
 -0.666666666666667       0.666666666666667      -0.666666666666667     
 -0.666666666666667       0.333333333333333      -0.666666666666667     
 -0.333333333333333       0.666666666666667      -0.333333333333333     
 -0.333333333333333       0.666666666666667                          1
                   341                   103                    63
                    87                    61 -0.333333333333333     
 -0.666666666666667       0.666666666666667      -0.333333333333333     
 -0.333333333333333       0.666666666666667       0.000000000000000E+000
 -0.666666666666667       0.666666666666667      -0.333333333333333     
 -0.666666666666667       0.333333333333333                          1
                   342                   103                    63
                    61                    95 -0.333333333333333     
 -0.666666666666667       0.666666666666667      -0.333333333333333     
 -0.333333333333333       0.666666666666667      -0.333333333333333     
 -0.666666666666667       0.333333333333333      -0.666666666666667     
 -0.666666666666667       0.333333333333333                          1
                   343                   104                   100
                    98                    80 -0.333333333333333     
  0.666666666666667      -0.666666666666667      -0.666666666666667     
  0.666666666666667      -0.333333333333333      -0.666666666666667     
  0.333333333333333      -0.666666666666667      -0.333333333333333     
  0.666666666666667      -0.333333333333333                          1
                   344                   104                    80
                    64                    88 -0.333333333333333     
  0.666666666666667      -0.666666666666667      -0.333333333333333     
  0.666666666666667      -0.333333333333333      -0.333333333333333     
  0.333333333333333      -0.666666666666667       0.000000000000000E+000
  0.666666666666667      -0.666666666666667                          1
                   345                   104                    80
                    98                    64 -0.333333333333333     
  0.666666666666667      -0.666666666666667      -0.333333333333333     
  0.666666666666667      -0.333333333333333      -0.666666666666667     
  0.333333333333333      -0.666666666666667      -0.333333333333333     
  0.333333333333333      -0.666666666666667                          1
                   346                   105                    99
                   101                    66 -0.333333333333333     
  0.666666666666667       0.666666666666667      -0.666666666666667     
  0.333333333333333       0.666666666666667      -0.666666666666667     
  0.666666666666667       0.333333333333333      -0.333333333333333     
  0.666666666666667       0.333333333333333                          1
                   347                   105                    66
                    89                    65 -0.333333333333333     
  0.666666666666667       0.666666666666667      -0.333333333333333     
  0.666666666666667       0.333333333333333       0.000000000000000E+000
  0.666666666666667       0.666666666666667      -0.333333333333333     
  0.333333333333333       0.666666666666667                          1
                   348                   105                    66
                    65                    99 -0.333333333333333     
  0.666666666666667       0.666666666666667      -0.333333333333333     
  0.666666666666667       0.333333333333333      -0.333333333333333     
  0.333333333333333       0.666666666666667      -0.666666666666667     
  0.333333333333333       0.666666666666667                          1
                   349                   106                    67
                    69                    86  0.333333333333333     
 -0.666666666666667      -0.666666666666667       0.333333333333333     
 -0.666666666666667      -0.333333333333333       0.333333333333333     
 -0.333333333333333      -0.666666666666667       0.000000000000000E+000
 -0.666666666666667      -0.666666666666667                          1
                   350                   106                    67
                    81                    69  0.333333333333333     
 -0.666666666666667      -0.666666666666667       0.333333333333333     
 -0.666666666666667      -0.333333333333333       0.666666666666667     
 -0.333333333333333      -0.333333333333333       0.333333333333333     
 -0.333333333333333      -0.666666666666667                          1
                   351                   107                    68
                    87                    70  0.333333333333333     
 -0.666666666666667       0.666666666666667       0.333333333333333     
 -0.666666666666667       0.333333333333333       0.000000000000000E+000
 -0.666666666666667       0.666666666666667       0.333333333333333     
 -0.333333333333333       0.666666666666667                          1
                   352                   107                    75
                    68                    70  0.333333333333333     
 -0.666666666666667       0.666666666666667       0.666666666666667     
 -0.333333333333333       0.333333333333333       0.333333333333333     
 -0.666666666666667       0.333333333333333       0.333333333333333     
 -0.333333333333333       0.666666666666667                          1
                   353                   108                    73
                    88                    71  0.333333333333333     
  0.666666666666667      -0.666666666666667       0.333333333333333     
  0.666666666666667      -0.333333333333333       0.000000000000000E+000
  0.666666666666667      -0.666666666666667       0.333333333333333     
  0.333333333333333      -0.666666666666667                          1
                   354                   108                    76
                    73                    71  0.333333333333333     
  0.666666666666667      -0.666666666666667       0.666666666666667     
  0.333333333333333      -0.333333333333333       0.333333333333333     
  0.666666666666667      -0.333333333333333       0.333333333333333     
  0.333333333333333      -0.666666666666667                          1
                   355                   109                    89
                    74                    72  0.333333333333333     
  0.666666666666667       0.666666666666667       0.000000000000000E+000
  0.666666666666667       0.666666666666667       0.333333333333333     
  0.666666666666667       0.333333333333333       0.333333333333333     
  0.333333333333333       0.666666666666667                          1
                   356                   109                    72
                    74                    77  0.333333333333333     
  0.666666666666667       0.666666666666667       0.333333333333333     
  0.333333333333333       0.666666666666667       0.333333333333333     
  0.666666666666667       0.333333333333333       0.666666666666667     
  0.333333333333333       0.333333333333333                          1
                   357                   110                    90
                    81                    67  0.666666666666667     
 -0.666666666666667      -0.333333333333333       0.666666666666667     
 -0.666666666666667       0.000000000000000E+000  0.666666666666667     
 -0.333333333333333      -0.333333333333333       0.333333333333333     
 -0.666666666666667      -0.333333333333333                          1
                   358                   110                   106
                    67                    81  0.666666666666667     
 -0.666666666666667      -0.333333333333333       0.333333333333333     
 -0.666666666666667      -0.666666666666667       0.333333333333333     
 -0.666666666666667      -0.333333333333333       0.666666666666667     
 -0.333333333333333      -0.333333333333333                          1
                   359                   111                    90
                    68                    75  0.666666666666667     
 -0.666666666666667       0.333333333333333       0.666666666666667     
 -0.666666666666667       0.000000000000000E+000  0.333333333333333     
 -0.666666666666667       0.333333333333333       0.666666666666667     
 -0.333333333333333       0.333333333333333                          1
                   360                   111                   107
                    75                    68  0.666666666666667     
 -0.666666666666667       0.333333333333333       0.333333333333333     
 -0.666666666666667       0.666666666666667       0.666666666666667     
 -0.333333333333333       0.333333333333333       0.333333333333333     
 -0.666666666666667       0.333333333333333                          1
                   361                   112                    81
                   106                   110  0.666666666666667     
 -0.333333333333333      -0.666666666666667       0.666666666666667     
 -0.333333333333333      -0.333333333333333       0.333333333333333     
 -0.666666666666667      -0.666666666666667       0.666666666666667     
 -0.666666666666667      -0.333333333333333                          1
                   362                   112                    69
                    81                    91  0.666666666666667     
 -0.333333333333333      -0.666666666666667       0.333333333333333     
 -0.333333333333333      -0.666666666666667       0.666666666666667     
 -0.333333333333333      -0.333333333333333       0.666666666666667     
  0.000000000000000E+000 -0.666666666666667                          1
                   363                   112                    69
                   106                    81  0.666666666666667     
 -0.333333333333333      -0.666666666666667       0.333333333333333     
 -0.333333333333333      -0.666666666666667       0.333333333333333     
 -0.666666666666667      -0.666666666666667       0.666666666666667     
 -0.333333333333333      -0.333333333333333                          1
                   364                   113                    75
                   111                   107  0.666666666666667     
 -0.333333333333333       0.666666666666667       0.666666666666667     
 -0.333333333333333       0.333333333333333       0.666666666666667     
 -0.666666666666667       0.333333333333333       0.333333333333333     
 -0.666666666666667       0.666666666666667                          1
                   365                   113                    92
                    75                    70  0.666666666666667     
 -0.333333333333333       0.666666666666667       0.666666666666667     
  0.000000000000000E+000  0.666666666666667       0.666666666666667     
 -0.333333333333333       0.333333333333333       0.333333333333333     
 -0.333333333333333       0.666666666666667                          1
                   366                   113                   107
                    70                    75  0.666666666666667     
 -0.333333333333333       0.666666666666667       0.333333333333333     
 -0.666666666666667       0.666666666666667       0.333333333333333     
 -0.333333333333333       0.666666666666667       0.666666666666667     
 -0.333333333333333       0.333333333333333                          1
                   367                   114                    91
                    76                    71  0.666666666666667     
  0.333333333333333      -0.666666666666667       0.666666666666667     
  0.000000000000000E+000 -0.666666666666667       0.666666666666667     
  0.333333333333333      -0.333333333333333       0.333333333333333     
  0.333333333333333      -0.666666666666667                          1
                   368                   114                   108
                    71                    76  0.666666666666667     
  0.333333333333333      -0.666666666666667       0.333333333333333     
  0.666666666666667      -0.666666666666667       0.333333333333333     
  0.333333333333333      -0.666666666666667       0.666666666666667     
  0.333333333333333      -0.333333333333333                          1
                   369                   115                    72
                    77                    92  0.666666666666667     
  0.333333333333333       0.666666666666667       0.333333333333333     
  0.333333333333333       0.666666666666667       0.666666666666667     
  0.333333333333333       0.333333333333333       0.666666666666667     
  0.000000000000000E+000  0.666666666666667                          1
                   370                   115                    72
                   109                    77  0.666666666666667     
  0.333333333333333       0.666666666666667       0.333333333333333     
  0.333333333333333       0.666666666666667       0.333333333333333     
  0.666666666666667       0.666666666666667       0.666666666666667     
  0.333333333333333       0.333333333333333                          1
                   371                   116                   114
                    76                   108  0.666666666666667     
  0.666666666666667      -0.333333333333333       0.666666666666667     
  0.333333333333333      -0.666666666666667       0.666666666666667     
  0.333333333333333      -0.333333333333333       0.333333333333333     
  0.666666666666667      -0.666666666666667                          1
                   372                   116                    93
                    73                    76  0.666666666666667     
  0.666666666666667      -0.333333333333333       0.666666666666667     
  0.666666666666667       0.000000000000000E+000  0.333333333333333     
  0.666666666666667      -0.333333333333333       0.666666666666667     
  0.333333333333333      -0.333333333333333                          1
                   373                   116                   108
                    76                    73  0.666666666666667     
  0.666666666666667      -0.333333333333333       0.333333333333333     
  0.666666666666667      -0.666666666666667       0.666666666666667     
  0.333333333333333      -0.333333333333333       0.333333333333333     
  0.666666666666667      -0.333333333333333                          1
                   374                   117                   109
                    77                   115  0.666666666666667     
  0.666666666666667       0.333333333333333       0.333333333333333     
  0.666666666666667       0.666666666666667       0.666666666666667     
  0.333333333333333       0.333333333333333       0.666666666666667     
  0.333333333333333       0.666666666666667                          1
                   375                   117                    74
                    93                    77  0.666666666666667     
  0.666666666666667       0.333333333333333       0.333333333333333     
  0.666666666666667       0.333333333333333       0.666666666666667     
  0.666666666666667       0.000000000000000E+000  0.666666666666667     
  0.333333333333333       0.333333333333333                          1
                   376                   117                    74
                    77                   109  0.666666666666667     
  0.666666666666667       0.333333333333333       0.333333333333333     
  0.666666666666667       0.333333333333333       0.666666666666667     
  0.333333333333333       0.333333333333333       0.333333333333333     
  0.666666666666667       0.666666666666667                          1
                   377                   118                    35
                    34                    28  -1.00000000000000     
  0.000000000000000E+000  0.000000000000000E+000 -0.666666666666667     
  0.333333333333333       0.000000000000000E+000 -0.666666666666667     
  0.000000000000000E+000  0.333333333333333      -0.666666666666667     
  0.000000000000000E+000  0.000000000000000E+000                     1
                   378                   118                    28
                    34                    46  -1.00000000000000     
  0.000000000000000E+000  0.000000000000000E+000 -0.666666666666667     
  0.000000000000000E+000  0.000000000000000E+000 -0.666666666666667     
  0.000000000000000E+000  0.333333333333333      -0.666666666666667     
 -0.333333333333333       0.000000000000000E+000                     1
                   379                   118                    28
                    47                    35  -1.00000000000000     
  0.000000000000000E+000  0.000000000000000E+000 -0.666666666666667     
  0.000000000000000E+000  0.000000000000000E+000 -0.666666666666667     
  0.000000000000000E+000 -0.333333333333333      -0.666666666666667     
  0.333333333333333       0.000000000000000E+000                     1
                   380                   118                    47
                    28                    46  -1.00000000000000     
  0.000000000000000E+000  0.000000000000000E+000 -0.666666666666667     
  0.000000000000000E+000 -0.333333333333333      -0.666666666666667     
  0.000000000000000E+000  0.000000000000000E+000 -0.666666666666667     
 -0.333333333333333       0.000000000000000E+000                     1
                   381                   118                    34
                    35                    60  -1.00000000000000     
  0.000000000000000E+000  0.000000000000000E+000 -0.666666666666667     
  0.000000000000000E+000  0.333333333333333      -0.666666666666667     
  0.333333333333333       0.000000000000000E+000 -0.666666666666667     
  0.333333333333333       0.333333333333333                          1
                   382                   118                    58
                    46                    34  -1.00000000000000     
  0.000000000000000E+000  0.000000000000000E+000 -0.666666666666667     
 -0.333333333333333       0.333333333333333      -0.666666666666667     
 -0.333333333333333       0.000000000000000E+000 -0.666666666666667     
  0.000000000000000E+000  0.333333333333333                          1
                   383                   118                    47
                    59                    35  -1.00000000000000     
  0.000000000000000E+000  0.000000000000000E+000 -0.666666666666667     
  0.000000000000000E+000 -0.333333333333333      -0.666666666666667     
  0.333333333333333      -0.333333333333333      -0.666666666666667     
  0.333333333333333       0.000000000000000E+000                     1
                   384                   118                    46
                    78                    47  -1.00000000000000     
  0.000000000000000E+000  0.000000000000000E+000 -0.666666666666667     
 -0.333333333333333       0.000000000000000E+000 -0.666666666666667     
 -0.333333333333333      -0.333333333333333      -0.666666666666667     
  0.000000000000000E+000 -0.333333333333333                          1
                   385                   119                    29
                    48                    36  0.000000000000000E+000
  -1.00000000000000       0.000000000000000E+000  0.000000000000000E+000
 -0.666666666666667       0.000000000000000E+000 -0.333333333333333     
 -0.666666666666667       0.000000000000000E+000  0.000000000000000E+000
 -0.666666666666667       0.333333333333333                          1
                   386                   119                    29
                    52                    48  0.000000000000000E+000
  -1.00000000000000       0.000000000000000E+000  0.000000000000000E+000
 -0.666666666666667       0.000000000000000E+000  0.000000000000000E+000
 -0.666666666666667      -0.333333333333333      -0.333333333333333     
 -0.666666666666667       0.000000000000000E+000                     1
                   387                   119                    40
                    52                    29  0.000000000000000E+000
  -1.00000000000000       0.000000000000000E+000  0.333333333333333     
 -0.666666666666667       0.000000000000000E+000  0.000000000000000E+000
 -0.666666666666667      -0.333333333333333       0.000000000000000E+000
 -0.666666666666667       0.000000000000000E+000                     1
                   388                   119                    29
                    36                    40  0.000000000000000E+000
  -1.00000000000000       0.000000000000000E+000  0.000000000000000E+000
 -0.666666666666667       0.000000000000000E+000  0.000000000000000E+000
 -0.666666666666667       0.333333333333333       0.333333333333333     
 -0.666666666666667       0.000000000000000E+000                     1
                   389                   119                    61
                    36                    48  0.000000000000000E+000
  -1.00000000000000       0.000000000000000E+000 -0.333333333333333     
 -0.666666666666667       0.333333333333333       0.000000000000000E+000
 -0.666666666666667       0.333333333333333      -0.333333333333333     
 -0.666666666666667       0.000000000000000E+000                     1
                   390                   119                    79
                    48                    52  0.000000000000000E+000
  -1.00000000000000       0.000000000000000E+000 -0.333333333333333     
 -0.666666666666667      -0.333333333333333      -0.333333333333333     
 -0.666666666666667       0.000000000000000E+000  0.000000000000000E+000
 -0.666666666666667      -0.333333333333333                          1
                   391                   119                    40
                    67                    52  0.000000000000000E+000
  -1.00000000000000       0.000000000000000E+000  0.333333333333333     
 -0.666666666666667       0.000000000000000E+000  0.333333333333333     
 -0.666666666666667      -0.333333333333333       0.000000000000000E+000
 -0.666666666666667      -0.333333333333333                          1
                   392                   119                    68
                    40                    36  0.000000000000000E+000
  -1.00000000000000       0.000000000000000E+000  0.333333333333333     
 -0.666666666666667       0.333333333333333       0.333333333333333     
 -0.666666666666667       0.000000000000000E+000  0.000000000000000E+000
 -0.666666666666667       0.333333333333333                          1
                   393                   120                    49
                    30                    37  0.000000000000000E+000
  0.000000000000000E+000  -1.00000000000000      -0.333333333333333     
  0.000000000000000E+000 -0.666666666666667       0.000000000000000E+000
  0.000000000000000E+000 -0.666666666666667       0.000000000000000E+000
  0.333333333333333      -0.666666666666667                          1
                   394                   120                    53
                    30                    49  0.000000000000000E+000
  0.000000000000000E+000  -1.00000000000000       0.000000000000000E+000
 -0.333333333333333      -0.666666666666667       0.000000000000000E+000
  0.000000000000000E+000 -0.666666666666667      -0.333333333333333     
  0.000000000000000E+000 -0.666666666666667                          1
                   395                   120                    53
                    41                    30  0.000000000000000E+000
  0.000000000000000E+000  -1.00000000000000       0.000000000000000E+000
 -0.333333333333333      -0.666666666666667       0.333333333333333     
  0.000000000000000E+000 -0.666666666666667       0.000000000000000E+000
  0.000000000000000E+000 -0.666666666666667                          1
                   396                   120                    37
                    30                    41  0.000000000000000E+000
  0.000000000000000E+000  -1.00000000000000       0.000000000000000E+000
  0.333333333333333      -0.666666666666667       0.000000000000000E+000
  0.000000000000000E+000 -0.666666666666667       0.333333333333333     
  0.000000000000000E+000 -0.666666666666667                          1
                   397                   120                    37
                    64                    49  0.000000000000000E+000
  0.000000000000000E+000  -1.00000000000000       0.000000000000000E+000
  0.333333333333333      -0.666666666666667      -0.333333333333333     
  0.333333333333333      -0.666666666666667      -0.333333333333333     
  0.000000000000000E+000 -0.666666666666667                          1
                   398                   120                    53
                    49                    62  0.000000000000000E+000
  0.000000000000000E+000  -1.00000000000000       0.000000000000000E+000
 -0.333333333333333      -0.666666666666667      -0.333333333333333     
  0.000000000000000E+000 -0.666666666666667      -0.333333333333333     
 -0.333333333333333      -0.666666666666667                          1
                   399                   120                    53
                    69                    41  0.000000000000000E+000
  0.000000000000000E+000  -1.00000000000000       0.000000000000000E+000
 -0.333333333333333      -0.666666666666667       0.333333333333333     
 -0.333333333333333      -0.666666666666667       0.333333333333333     
  0.000000000000000E+000 -0.666666666666667                          1
                   400                   120                    71
                    37                    41  0.000000000000000E+000
  0.000000000000000E+000  -1.00000000000000       0.333333333333333     
  0.333333333333333      -0.666666666666667       0.000000000000000E+000
  0.333333333333333      -0.666666666666667       0.333333333333333     
  0.000000000000000E+000 -0.666666666666667                          1
                   401                   121                    31
                    38                    42  0.000000000000000E+000
  0.000000000000000E+000   1.00000000000000       0.000000000000000E+000
  0.000000000000000E+000  0.666666666666667       0.000000000000000E+000
  0.333333333333333       0.666666666666667       0.333333333333333     
  0.000000000000000E+000  0.666666666666667                          1
                   402                   121                    38
                    31                    50  0.000000000000000E+000
  0.000000000000000E+000   1.00000000000000       0.000000000000000E+000
  0.333333333333333       0.666666666666667       0.000000000000000E+000
  0.000000000000000E+000  0.666666666666667      -0.333333333333333     
  0.000000000000000E+000  0.666666666666667                          1
                   403                   121                    31
                    54                    50  0.000000000000000E+000
  0.000000000000000E+000   1.00000000000000       0.000000000000000E+000
  0.000000000000000E+000  0.666666666666667       0.000000000000000E+000
 -0.333333333333333       0.666666666666667      -0.333333333333333     
  0.000000000000000E+000  0.666666666666667                          1
                   404                   121                    42
                    54                    31  0.000000000000000E+000
  0.000000000000000E+000   1.00000000000000       0.333333333333333     
  0.000000000000000E+000  0.666666666666667       0.000000000000000E+000
 -0.333333333333333       0.666666666666667       0.000000000000000E+000
  0.000000000000000E+000  0.666666666666667                          1
                   405                   121                    72
                    42                    38  0.000000000000000E+000
  0.000000000000000E+000   1.00000000000000       0.333333333333333     
  0.333333333333333       0.666666666666667       0.333333333333333     
  0.000000000000000E+000  0.666666666666667       0.000000000000000E+000
  0.333333333333333       0.666666666666667                          1
                   406                   121                    38
                    50                    65  0.000000000000000E+000
  0.000000000000000E+000   1.00000000000000       0.000000000000000E+000
  0.333333333333333       0.666666666666667      -0.333333333333333     
  0.000000000000000E+000  0.666666666666667      -0.333333333333333     
  0.333333333333333       0.666666666666667                          1
                   407                   121                    63
                    50                    54  0.000000000000000E+000
  0.000000000000000E+000   1.00000000000000      -0.333333333333333     
 -0.333333333333333       0.666666666666667      -0.333333333333333     
  0.000000000000000E+000  0.666666666666667       0.000000000000000E+000
 -0.333333333333333       0.666666666666667                          1
                   408                   121                    70
                    54                    42  0.000000000000000E+000
  0.000000000000000E+000   1.00000000000000       0.333333333333333     
 -0.333333333333333       0.666666666666667       0.000000000000000E+000
 -0.333333333333333       0.666666666666667       0.333333333333333     
  0.000000000000000E+000  0.666666666666667                          1
                   409                   122                    32
                    39                    51  0.000000000000000E+000
   1.00000000000000       0.000000000000000E+000  0.000000000000000E+000
  0.666666666666667       0.000000000000000E+000  0.000000000000000E+000
  0.666666666666667       0.333333333333333      -0.333333333333333     
  0.666666666666667       0.000000000000000E+000                     1
                   410                   122                    55
                    32                    51  0.000000000000000E+000
   1.00000000000000       0.000000000000000E+000  0.000000000000000E+000
  0.666666666666667      -0.333333333333333       0.000000000000000E+000
  0.666666666666667       0.000000000000000E+000 -0.333333333333333     
  0.666666666666667       0.000000000000000E+000                     1
                   411                   122                    32
                    55                    43  0.000000000000000E+000
   1.00000000000000       0.000000000000000E+000  0.000000000000000E+000
  0.666666666666667       0.000000000000000E+000  0.000000000000000E+000
  0.666666666666667      -0.333333333333333       0.333333333333333     
  0.666666666666667       0.000000000000000E+000                     1
                   412                   122                    39
                    32                    43  0.000000000000000E+000
   1.00000000000000       0.000000000000000E+000  0.000000000000000E+000
  0.666666666666667       0.333333333333333       0.000000000000000E+000
  0.666666666666667       0.000000000000000E+000  0.333333333333333     
  0.666666666666667       0.000000000000000E+000                     1
                   413                   122                    51
                    39                    66  0.000000000000000E+000
   1.00000000000000       0.000000000000000E+000 -0.333333333333333     
  0.666666666666667       0.000000000000000E+000  0.000000000000000E+000
  0.666666666666667       0.333333333333333      -0.333333333333333     
  0.666666666666667       0.333333333333333                          1
                   414                   122                    51
                    80                    55  0.000000000000000E+000
   1.00000000000000       0.000000000000000E+000 -0.333333333333333     
  0.666666666666667       0.000000000000000E+000 -0.333333333333333     
  0.666666666666667      -0.333333333333333       0.000000000000000E+000
  0.666666666666667      -0.333333333333333                          1
                   415                   122                    73
                    43                    55  0.000000000000000E+000
   1.00000000000000       0.000000000000000E+000  0.333333333333333     
  0.666666666666667      -0.333333333333333       0.333333333333333     
  0.666666666666667       0.000000000000000E+000  0.000000000000000E+000
  0.666666666666667      -0.333333333333333                          1
                   416                   122                    39
                    43                    74  0.000000000000000E+000
   1.00000000000000       0.000000000000000E+000  0.000000000000000E+000
  0.666666666666667       0.333333333333333       0.333333333333333     
  0.666666666666667       0.000000000000000E+000  0.333333333333333     
  0.666666666666667       0.333333333333333                          1
                   417                   123                    44
                    45                    33   1.00000000000000     
  0.000000000000000E+000  0.000000000000000E+000  0.666666666666667     
  0.000000000000000E+000  0.333333333333333       0.666666666666667     
  0.333333333333333       0.000000000000000E+000  0.666666666666667     
  0.000000000000000E+000  0.000000000000000E+000                     1
                   418                   123                    57
                    33                    45   1.00000000000000     
  0.000000000000000E+000  0.000000000000000E+000  0.666666666666667     
  0.000000000000000E+000 -0.333333333333333       0.666666666666667     
  0.000000000000000E+000  0.000000000000000E+000  0.666666666666667     
  0.333333333333333       0.000000000000000E+000                     1
                   419                   123                    57
                    56                    33   1.00000000000000     
  0.000000000000000E+000  0.000000000000000E+000  0.666666666666667     
  0.000000000000000E+000 -0.333333333333333       0.666666666666667     
 -0.333333333333333       0.000000000000000E+000  0.666666666666667     
  0.000000000000000E+000  0.000000000000000E+000                     1
                   420                   123                    56
                    44                    33   1.00000000000000     
  0.000000000000000E+000  0.000000000000000E+000  0.666666666666667     
 -0.333333333333333       0.000000000000000E+000  0.666666666666667     
  0.000000000000000E+000  0.333333333333333       0.666666666666667     
  0.000000000000000E+000  0.000000000000000E+000                     1
                   421                   123                    77
                    45                    44   1.00000000000000     
  0.000000000000000E+000  0.000000000000000E+000  0.666666666666667     
  0.333333333333333       0.333333333333333       0.666666666666667     
  0.333333333333333       0.000000000000000E+000  0.666666666666667     
  0.000000000000000E+000  0.333333333333333                          1
                   422                   123                    45
                    76                    57   1.00000000000000     
  0.000000000000000E+000  0.000000000000000E+000  0.666666666666667     
  0.333333333333333       0.000000000000000E+000  0.666666666666667     
  0.333333333333333      -0.333333333333333       0.666666666666667     
  0.000000000000000E+000 -0.333333333333333                          1
                   423                   123                    57
                    81                    56   1.00000000000000     
  0.000000000000000E+000  0.000000000000000E+000  0.666666666666667     
  0.000000000000000E+000 -0.333333333333333       0.666666666666667     
 -0.333333333333333      -0.333333333333333       0.666666666666667     
 -0.333333333333333       0.000000000000000E+000                     1
                   424                   123                    56
                    75                    44   1.00000000000000     
  0.000000000000000E+000  0.000000000000000E+000  0.666666666666667     
 -0.333333333333333       0.000000000000000E+000  0.666666666666667     
 -0.333333333333333       0.333333333333333       0.666666666666667     
  0.000000000000000E+000  0.333333333333333                          1
                   425                   124                    82
                    58                    95  -1.00000000000000     
 -0.333333333333333       0.000000000000000E+000 -0.666666666666667     
 -0.666666666666667       0.000000000000000E+000 -0.666666666666667     
 -0.333333333333333       0.333333333333333      -0.666666666666667     
 -0.666666666666667       0.333333333333333                          1
                   426                   124                    94
                    78                    82  -1.00000000000000     
 -0.333333333333333       0.000000000000000E+000 -0.666666666666667     
 -0.666666666666667      -0.333333333333333      -0.666666666666667     
 -0.333333333333333      -0.333333333333333      -0.666666666666667     
 -0.666666666666667       0.000000000000000E+000                     1
                   427                   124                    58
                    82                    46  -1.00000000000000     
 -0.333333333333333       0.000000000000000E+000 -0.666666666666667     
 -0.333333333333333       0.333333333333333      -0.666666666666667     
 -0.666666666666667       0.000000000000000E+000 -0.666666666666667     
 -0.333333333333333       0.000000000000000E+000                     1
                   428                   124                    58
                    46                   118  -1.00000000000000     
 -0.333333333333333       0.000000000000000E+000 -0.666666666666667     
 -0.333333333333333       0.333333333333333      -0.666666666666667     
 -0.333333333333333       0.000000000000000E+000  -1.00000000000000     
  0.000000000000000E+000  0.000000000000000E+000                     1
                   429                   124                    78
                    46                    82  -1.00000000000000     
 -0.333333333333333       0.000000000000000E+000 -0.666666666666667     
 -0.333333333333333      -0.333333333333333      -0.666666666666667     
 -0.333333333333333       0.000000000000000E+000 -0.666666666666667     
 -0.666666666666667       0.000000000000000E+000                     1
                   430                   124                    78
                   118                    46  -1.00000000000000     
 -0.333333333333333       0.000000000000000E+000 -0.666666666666667     
 -0.333333333333333      -0.333333333333333       -1.00000000000000     
  0.000000000000000E+000  0.000000000000000E+000 -0.666666666666667     
 -0.333333333333333       0.000000000000000E+000                     1
                   431                   125                    83
                    98                    59  -1.00000000000000     
  0.000000000000000E+000 -0.333333333333333      -0.666666666666667     
  0.000000000000000E+000 -0.666666666666667      -0.666666666666667     
  0.333333333333333      -0.666666666666667      -0.666666666666667     
  0.333333333333333      -0.333333333333333                          1
                   432                   125                    96
                    83                    78  -1.00000000000000     
  0.000000000000000E+000 -0.333333333333333      -0.666666666666667     
 -0.333333333333333      -0.666666666666667      -0.666666666666667     
  0.000000000000000E+000 -0.666666666666667      -0.666666666666667     
 -0.333333333333333      -0.333333333333333                          1
                   433                   125                    59
                    47                    83  -1.00000000000000     
  0.000000000000000E+000 -0.333333333333333      -0.666666666666667     
  0.333333333333333      -0.333333333333333      -0.666666666666667     
  0.000000000000000E+000 -0.333333333333333      -0.666666666666667     
  0.000000000000000E+000 -0.666666666666667                          1
                   434                   125                    59
                   118                    47  -1.00000000000000     
  0.000000000000000E+000 -0.333333333333333      -0.666666666666667     
  0.333333333333333      -0.333333333333333       -1.00000000000000     
  0.000000000000000E+000  0.000000000000000E+000 -0.666666666666667     
  0.000000000000000E+000 -0.333333333333333                          1
                   435                   125                    83
                    47                    78  -1.00000000000000     
  0.000000000000000E+000 -0.333333333333333      -0.666666666666667     
  0.000000000000000E+000 -0.666666666666667      -0.666666666666667     
  0.000000000000000E+000 -0.333333333333333      -0.666666666666667     
 -0.333333333333333      -0.333333333333333                          1
                   436                   125                   118
                    78                    47  -1.00000000000000     
  0.000000000000000E+000 -0.333333333333333       -1.00000000000000     
  0.000000000000000E+000  0.000000000000000E+000 -0.666666666666667     
 -0.333333333333333      -0.333333333333333      -0.666666666666667     
  0.000000000000000E+000 -0.333333333333333                          1
                   437                   125                    78
                   118                   124  -1.00000000000000     
  0.000000000000000E+000 -0.333333333333333      -0.666666666666667     
 -0.333333333333333      -0.333333333333333       -1.00000000000000     
  0.000000000000000E+000  0.000000000000000E+000  -1.00000000000000     
 -0.333333333333333       0.000000000000000E+000                     1
                   438                   126                    84
                    97                    58  -1.00000000000000     
  0.000000000000000E+000  0.333333333333333      -0.666666666666667     
  0.000000000000000E+000  0.666666666666667      -0.666666666666667     
 -0.333333333333333       0.666666666666667      -0.666666666666667     
 -0.333333333333333       0.333333333333333                          1
                   439                   126                    99
                    84                    60  -1.00000000000000     
  0.000000000000000E+000  0.333333333333333      -0.666666666666667     
  0.333333333333333       0.666666666666667      -0.666666666666667     
  0.000000000000000E+000  0.666666666666667      -0.666666666666667     
  0.333333333333333       0.333333333333333                          1
                   440                   126                    58
                    34                    84  -1.00000000000000     
  0.000000000000000E+000  0.333333333333333      -0.666666666666667     
 -0.333333333333333       0.333333333333333      -0.666666666666667     
  0.000000000000000E+000  0.333333333333333      -0.666666666666667     
  0.000000000000000E+000  0.666666666666667                          1
                   441                   126                    58
                   118                    34  -1.00000000000000     
  0.000000000000000E+000  0.333333333333333      -0.666666666666667     
 -0.333333333333333       0.333333333333333       -1.00000000000000     
  0.000000000000000E+000  0.000000000000000E+000 -0.666666666666667     
  0.000000000000000E+000  0.333333333333333                          1
                   442                   126                    58
                   124                   118  -1.00000000000000     
  0.000000000000000E+000  0.333333333333333      -0.666666666666667     
 -0.333333333333333       0.333333333333333       -1.00000000000000     
 -0.333333333333333       0.000000000000000E+000  -1.00000000000000     
  0.000000000000000E+000  0.000000000000000E+000                     1
                   443                   126                    84
                    34                    60  -1.00000000000000     
  0.000000000000000E+000  0.333333333333333      -0.666666666666667     
  0.000000000000000E+000  0.666666666666667      -0.666666666666667     
  0.000000000000000E+000  0.333333333333333      -0.666666666666667     
  0.333333333333333       0.333333333333333                          1
                   444                   126                   118
                    60                    34  -1.00000000000000     
  0.000000000000000E+000  0.333333333333333       -1.00000000000000     
  0.000000000000000E+000  0.000000000000000E+000 -0.666666666666667     
  0.333333333333333       0.333333333333333      -0.666666666666667     
  0.000000000000000E+000  0.333333333333333                          1
                   445                   127                   100
                    85                    59  -1.00000000000000     
  0.333333333333333       0.000000000000000E+000 -0.666666666666667     
  0.666666666666667      -0.333333333333333      -0.666666666666667     
  0.666666666666667       0.000000000000000E+000 -0.666666666666667     
  0.333333333333333      -0.333333333333333                          1
                   446                   127                    60
                    85                   101  -1.00000000000000     
  0.333333333333333       0.000000000000000E+000 -0.666666666666667     
  0.333333333333333       0.333333333333333      -0.666666666666667     
  0.666666666666667       0.000000000000000E+000 -0.666666666666667     
  0.666666666666667       0.333333333333333                          1
                   447                   127                    85
                    35                    59  -1.00000000000000     
  0.333333333333333       0.000000000000000E+000 -0.666666666666667     
  0.666666666666667       0.000000000000000E+000 -0.666666666666667     
  0.333333333333333       0.000000000000000E+000 -0.666666666666667     
  0.333333333333333      -0.333333333333333                          1
                   448                   127                   118
                    59                    35  -1.00000000000000     
  0.333333333333333       0.000000000000000E+000  -1.00000000000000     
  0.000000000000000E+000  0.000000000000000E+000 -0.666666666666667     
  0.333333333333333      -0.333333333333333      -0.666666666666667     
  0.333333333333333       0.000000000000000E+000                     1
                   449                   127                    59
                   118                   125  -1.00000000000000     
  0.333333333333333       0.000000000000000E+000 -0.666666666666667     
  0.333333333333333      -0.333333333333333       -1.00000000000000     
  0.000000000000000E+000  0.000000000000000E+000  -1.00000000000000     
  0.000000000000000E+000 -0.333333333333333                          1
                   450                   127                    85
                    60                    35  -1.00000000000000     
  0.333333333333333       0.000000000000000E+000 -0.666666666666667     
  0.666666666666667       0.000000000000000E+000 -0.666666666666667     
  0.333333333333333       0.333333333333333      -0.666666666666667     
  0.333333333333333       0.000000000000000E+000                     1
                   451                   127                   118
                    35                    60  -1.00000000000000     
  0.333333333333333       0.000000000000000E+000  -1.00000000000000     
  0.000000000000000E+000  0.000000000000000E+000 -0.666666666666667     
  0.333333333333333       0.000000000000000E+000 -0.666666666666667     
  0.333333333333333       0.333333333333333                          1
                   452                   127                   126
                   118                    60  -1.00000000000000     
  0.333333333333333       0.000000000000000E+000  -1.00000000000000     
  0.000000000000000E+000  0.333333333333333       -1.00000000000000     
  0.000000000000000E+000  0.000000000000000E+000 -0.666666666666667     
  0.333333333333333       0.333333333333333                          1
                   453                   128                    61
                    82                    95 -0.333333333333333     
  -1.00000000000000       0.000000000000000E+000 -0.333333333333333     
 -0.666666666666667       0.333333333333333      -0.666666666666667     
 -0.666666666666667       0.000000000000000E+000 -0.666666666666667     
 -0.666666666666667       0.333333333333333                          1
                   454                   128                    94
                    82                    79 -0.333333333333333     
  -1.00000000000000       0.000000000000000E+000 -0.666666666666667     
 -0.666666666666667      -0.333333333333333      -0.666666666666667     
 -0.666666666666667       0.000000000000000E+000 -0.333333333333333     
 -0.666666666666667      -0.333333333333333                          1
                   455                   128                    61
                    48                    82 -0.333333333333333     
  -1.00000000000000       0.000000000000000E+000 -0.333333333333333     
 -0.666666666666667       0.333333333333333      -0.333333333333333     
 -0.666666666666667       0.000000000000000E+000 -0.666666666666667     
 -0.666666666666667       0.000000000000000E+000                     1
                   456                   128                    61
                   119                    48 -0.333333333333333     
  -1.00000000000000       0.000000000000000E+000 -0.333333333333333     
 -0.666666666666667       0.333333333333333       0.000000000000000E+000
  -1.00000000000000       0.000000000000000E+000 -0.333333333333333     
 -0.666666666666667       0.000000000000000E+000                     1
                   457                   128                    79
                    82                    48 -0.333333333333333     
  -1.00000000000000       0.000000000000000E+000 -0.333333333333333     
 -0.666666666666667      -0.333333333333333      -0.666666666666667     
 -0.666666666666667       0.000000000000000E+000 -0.333333333333333     
 -0.666666666666667       0.000000000000000E+000                     1
                   458                   128                    79
                    48                   119 -0.333333333333333     
  -1.00000000000000       0.000000000000000E+000 -0.333333333333333     
 -0.666666666666667      -0.333333333333333      -0.333333333333333     
 -0.666666666666667       0.000000000000000E+000  0.000000000000000E+000
  -1.00000000000000       0.000000000000000E+000                     1
                   459                   129                    96
                    62                    83 -0.333333333333333     
  0.000000000000000E+000  -1.00000000000000      -0.666666666666667     
 -0.333333333333333      -0.666666666666667      -0.333333333333333     
 -0.333333333333333      -0.666666666666667      -0.666666666666667     
  0.000000000000000E+000 -0.666666666666667                          1
                   460                   129                    64
                    98                    83 -0.333333333333333     
  0.000000000000000E+000  -1.00000000000000      -0.333333333333333     
  0.333333333333333      -0.666666666666667      -0.666666666666667     
  0.333333333333333      -0.666666666666667      -0.666666666666667     
  0.000000000000000E+000 -0.666666666666667                          1
                   461                   129                    49
                    83                    62 -0.333333333333333     
  0.000000000000000E+000  -1.00000000000000      -0.333333333333333     
  0.000000000000000E+000 -0.666666666666667      -0.666666666666667     
  0.000000000000000E+000 -0.666666666666667      -0.333333333333333     
 -0.333333333333333      -0.666666666666667                          1
                   462                   129                    49
                    62                   120 -0.333333333333333     
  0.000000000000000E+000  -1.00000000000000      -0.333333333333333     
  0.000000000000000E+000 -0.666666666666667      -0.333333333333333     
 -0.333333333333333      -0.666666666666667       0.000000000000000E+000
  0.000000000000000E+000  -1.00000000000000                          1
                   463                   129                    83
                    49                    64 -0.333333333333333     
  0.000000000000000E+000  -1.00000000000000      -0.666666666666667     
  0.000000000000000E+000 -0.666666666666667      -0.333333333333333     
  0.000000000000000E+000 -0.666666666666667      -0.333333333333333     
  0.333333333333333      -0.666666666666667                          1
                   464                   129                   120
                    64                    49 -0.333333333333333     
  0.000000000000000E+000  -1.00000000000000       0.000000000000000E+000
  0.000000000000000E+000  -1.00000000000000      -0.333333333333333     
  0.333333333333333      -0.666666666666667      -0.333333333333333     
  0.000000000000000E+000 -0.666666666666667                          1
                   465                   130                    63
                    97                    84 -0.333333333333333     
  0.000000000000000E+000   1.00000000000000      -0.333333333333333     
 -0.333333333333333       0.666666666666667      -0.666666666666667     
 -0.333333333333333       0.666666666666667      -0.666666666666667     
  0.000000000000000E+000  0.666666666666667                          1
                   466                   130                    99
                    65                    84 -0.333333333333333     
  0.000000000000000E+000   1.00000000000000      -0.666666666666667     
  0.333333333333333       0.666666666666667      -0.333333333333333     
  0.333333333333333       0.666666666666667      -0.666666666666667     
  0.000000000000000E+000  0.666666666666667                          1
                   467                   130                    50
                    63                    84 -0.333333333333333     
  0.000000000000000E+000   1.00000000000000      -0.333333333333333     
  0.000000000000000E+000  0.666666666666667      -0.333333333333333     
 -0.333333333333333       0.666666666666667      -0.666666666666667     
  0.000000000000000E+000  0.666666666666667                          1
                   468                   130                    50
                   121                    63 -0.333333333333333     
  0.000000000000000E+000   1.00000000000000      -0.333333333333333     
  0.000000000000000E+000  0.666666666666667       0.000000000000000E+000
  0.000000000000000E+000   1.00000000000000      -0.333333333333333     
 -0.333333333333333       0.666666666666667                          1
                   469                   130                    50
                    84                    65 -0.333333333333333     
  0.000000000000000E+000   1.00000000000000      -0.333333333333333     
  0.000000000000000E+000  0.666666666666667      -0.666666666666667     
  0.000000000000000E+000  0.666666666666667      -0.333333333333333     
  0.333333333333333       0.666666666666667                          1
                   470                   130                    50
                    65                   121 -0.333333333333333     
  0.000000000000000E+000   1.00000000000000      -0.333333333333333     
  0.000000000000000E+000  0.666666666666667      -0.333333333333333     
  0.333333333333333       0.666666666666667       0.000000000000000E+000
  0.000000000000000E+000   1.00000000000000                          1
                   471                   131                   100
                    80                    85 -0.333333333333333     
   1.00000000000000       0.000000000000000E+000 -0.666666666666667     
  0.666666666666667      -0.333333333333333      -0.333333333333333     
  0.666666666666667      -0.333333333333333      -0.666666666666667     
  0.666666666666667       0.000000000000000E+000                     1
                   472                   131                    85
                    66                   101 -0.333333333333333     
   1.00000000000000       0.000000000000000E+000 -0.666666666666667     
  0.666666666666667       0.000000000000000E+000 -0.333333333333333     
  0.666666666666667       0.333333333333333      -0.666666666666667     
  0.666666666666667       0.333333333333333                          1
                   473                   131                    85
                    80                    51 -0.333333333333333     
   1.00000000000000       0.000000000000000E+000 -0.666666666666667     
  0.666666666666667       0.000000000000000E+000 -0.333333333333333     
  0.666666666666667      -0.333333333333333      -0.333333333333333     
  0.666666666666667       0.000000000000000E+000                     1
                   474                   131                   122
                    51                    80 -0.333333333333333     
   1.00000000000000       0.000000000000000E+000  0.000000000000000E+000
   1.00000000000000       0.000000000000000E+000 -0.333333333333333     
  0.666666666666667       0.000000000000000E+000 -0.333333333333333     
  0.666666666666667      -0.333333333333333                          1
                   475                   131                    66
                    85                    51 -0.333333333333333     
   1.00000000000000       0.000000000000000E+000 -0.333333333333333     
  0.666666666666667       0.333333333333333      -0.666666666666667     
  0.666666666666667       0.000000000000000E+000 -0.333333333333333     
  0.666666666666667       0.000000000000000E+000                     1
                   476                   131                    66
                    51                   122 -0.333333333333333     
   1.00000000000000       0.000000000000000E+000 -0.333333333333333     
  0.666666666666667       0.333333333333333      -0.333333333333333     
  0.666666666666667       0.000000000000000E+000  0.000000000000000E+000
   1.00000000000000       0.000000000000000E+000                     1
                   477                   132                    67
                   106                    86  0.000000000000000E+000
  -1.00000000000000      -0.333333333333333       0.333333333333333     
 -0.666666666666667      -0.333333333333333       0.333333333333333     
 -0.666666666666667      -0.666666666666667       0.000000000000000E+000
 -0.666666666666667      -0.666666666666667                          1
                   478                   132                    86
                   102                    79  0.000000000000000E+000
  -1.00000000000000      -0.333333333333333       0.000000000000000E+000
 -0.666666666666667      -0.666666666666667      -0.333333333333333     
 -0.666666666666667      -0.666666666666667      -0.333333333333333     
 -0.666666666666667      -0.333333333333333                          1
                   479                   132                    52
                    67                    86  0.000000000000000E+000
  -1.00000000000000      -0.333333333333333       0.000000000000000E+000
 -0.666666666666667      -0.333333333333333       0.333333333333333     
 -0.666666666666667      -0.333333333333333       0.000000000000000E+000
 -0.666666666666667      -0.666666666666667                          1
                   480                   132                    52
                   119                    67  0.000000000000000E+000
  -1.00000000000000      -0.333333333333333       0.000000000000000E+000
 -0.666666666666667      -0.333333333333333       0.000000000000000E+000
  -1.00000000000000       0.000000000000000E+000  0.333333333333333     
 -0.666666666666667      -0.333333333333333                          1
                   481                   132                    79
                    52                    86  0.000000000000000E+000
  -1.00000000000000      -0.333333333333333      -0.333333333333333     
 -0.666666666666667      -0.333333333333333       0.000000000000000E+000
 -0.666666666666667      -0.333333333333333       0.000000000000000E+000
 -0.666666666666667      -0.666666666666667                          1
                   482                   132                    79
                   119                    52  0.000000000000000E+000
  -1.00000000000000      -0.333333333333333      -0.333333333333333     
 -0.666666666666667      -0.333333333333333       0.000000000000000E+000
  -1.00000000000000       0.000000000000000E+000  0.000000000000000E+000
 -0.666666666666667      -0.333333333333333                          1
                   483                   132                    79
                   128                   119  0.000000000000000E+000
  -1.00000000000000      -0.333333333333333      -0.333333333333333     
 -0.666666666666667      -0.333333333333333      -0.333333333333333     
  -1.00000000000000       0.000000000000000E+000  0.000000000000000E+000
  -1.00000000000000       0.000000000000000E+000                     1
                   484                   133                    87
                    61                   103  0.000000000000000E+000
  -1.00000000000000       0.333333333333333       0.000000000000000E+000
 -0.666666666666667       0.666666666666667      -0.333333333333333     
 -0.666666666666667       0.333333333333333      -0.333333333333333     
 -0.666666666666667       0.666666666666667                          1
                   485                   133                    68
                    87                   107  0.000000000000000E+000
  -1.00000000000000       0.333333333333333       0.333333333333333     
 -0.666666666666667       0.333333333333333       0.000000000000000E+000
 -0.666666666666667       0.666666666666667       0.333333333333333     
 -0.666666666666667       0.666666666666667                          1
                   486                   133                    36
                    61                    87  0.000000000000000E+000
  -1.00000000000000       0.333333333333333       0.000000000000000E+000
 -0.666666666666667       0.333333333333333      -0.333333333333333     
 -0.666666666666667       0.333333333333333       0.000000000000000E+000
 -0.666666666666667       0.666666666666667                          1
                   487                   133                    36
                   119                    61  0.000000000000000E+000
  -1.00000000000000       0.333333333333333       0.000000000000000E+000
 -0.666666666666667       0.333333333333333       0.000000000000000E+000
  -1.00000000000000       0.000000000000000E+000 -0.333333333333333     
 -0.666666666666667       0.333333333333333                          1
                   488                   133                   128
                    61                   119  0.000000000000000E+000
  -1.00000000000000       0.333333333333333      -0.333333333333333     
  -1.00000000000000       0.000000000000000E+000 -0.333333333333333     
 -0.666666666666667       0.333333333333333       0.000000000000000E+000
  -1.00000000000000       0.000000000000000E+000                     1
                   489                   133                    36
                    87                    68  0.000000000000000E+000
  -1.00000000000000       0.333333333333333       0.000000000000000E+000
 -0.666666666666667       0.333333333333333       0.000000000000000E+000
 -0.666666666666667       0.666666666666667       0.333333333333333     
 -0.666666666666667       0.333333333333333                          1
                   490                   133                    36
                    68                   119  0.000000000000000E+000
  -1.00000000000000       0.333333333333333       0.000000000000000E+000
 -0.666666666666667       0.333333333333333       0.333333333333333     
 -0.666666666666667       0.333333333333333       0.000000000000000E+000
  -1.00000000000000       0.000000000000000E+000                     1
                   491                   134                   102
                    86                    62  0.000000000000000E+000
 -0.333333333333333       -1.00000000000000      -0.333333333333333     
 -0.666666666666667      -0.666666666666667       0.000000000000000E+000
 -0.666666666666667      -0.666666666666667      -0.333333333333333     
 -0.333333333333333      -0.666666666666667                          1
                   492                   134                    86
                   106                    69  0.000000000000000E+000
 -0.333333333333333       -1.00000000000000       0.000000000000000E+000
 -0.666666666666667      -0.666666666666667       0.333333333333333     
 -0.666666666666667      -0.666666666666667       0.333333333333333     
 -0.333333333333333      -0.666666666666667                          1
                   493                   134                    53
                    62                    86  0.000000000000000E+000
 -0.333333333333333       -1.00000000000000       0.000000000000000E+000
 -0.333333333333333      -0.666666666666667      -0.333333333333333     
 -0.333333333333333      -0.666666666666667       0.000000000000000E+000
 -0.666666666666667      -0.666666666666667                          1
                   494                   134                    53
                   120                    62  0.000000000000000E+000
 -0.333333333333333       -1.00000000000000       0.000000000000000E+000
 -0.333333333333333      -0.666666666666667       0.000000000000000E+000
  0.000000000000000E+000  -1.00000000000000      -0.333333333333333     
 -0.333333333333333      -0.666666666666667                          1
                   495                   134                    62
                   120                   129  0.000000000000000E+000
 -0.333333333333333       -1.00000000000000      -0.333333333333333     
 -0.333333333333333      -0.666666666666667       0.000000000000000E+000
  0.000000000000000E+000  -1.00000000000000      -0.333333333333333     
  0.000000000000000E+000  -1.00000000000000                          1
                   496                   134                    86
                    69                    53  0.000000000000000E+000
 -0.333333333333333       -1.00000000000000       0.000000000000000E+000
 -0.666666666666667      -0.666666666666667       0.333333333333333     
 -0.333333333333333      -0.666666666666667       0.000000000000000E+000
 -0.333333333333333      -0.666666666666667                          1
                   497                   134                   120
                    53                    69  0.000000000000000E+000
 -0.333333333333333       -1.00000000000000       0.000000000000000E+000
  0.000000000000000E+000  -1.00000000000000       0.000000000000000E+000
 -0.333333333333333      -0.666666666666667       0.333333333333333     
 -0.333333333333333      -0.666666666666667                          1
                   498                   135                    87
                   103                    63  0.000000000000000E+000
 -0.333333333333333        1.00000000000000       0.000000000000000E+000
 -0.666666666666667       0.666666666666667      -0.333333333333333     
 -0.666666666666667       0.666666666666667      -0.333333333333333     
 -0.333333333333333       0.666666666666667                          1
                   499                   135                    87
                    70                   107  0.000000000000000E+000
 -0.333333333333333        1.00000000000000       0.000000000000000E+000
 -0.666666666666667       0.666666666666667       0.333333333333333     
 -0.333333333333333       0.666666666666667       0.333333333333333     
 -0.666666666666667       0.666666666666667                          1
                   500                   135                    54
                    87                    63  0.000000000000000E+000
 -0.333333333333333        1.00000000000000       0.000000000000000E+000
 -0.333333333333333       0.666666666666667       0.000000000000000E+000
 -0.666666666666667       0.666666666666667      -0.333333333333333     
 -0.333333333333333       0.666666666666667                          1
                   501                   135                    54
                    63                   121  0.000000000000000E+000
 -0.333333333333333        1.00000000000000       0.000000000000000E+000
 -0.333333333333333       0.666666666666667      -0.333333333333333     
 -0.333333333333333       0.666666666666667       0.000000000000000E+000
  0.000000000000000E+000   1.00000000000000                          1
                   502                   135                    63
                   130                   121  0.000000000000000E+000
 -0.333333333333333        1.00000000000000      -0.333333333333333     
 -0.333333333333333       0.666666666666667      -0.333333333333333     
  0.000000000000000E+000   1.00000000000000       0.000000000000000E+000
  0.000000000000000E+000   1.00000000000000                          1
                   503                   135                    54
                    70                    87  0.000000000000000E+000
 -0.333333333333333        1.00000000000000       0.000000000000000E+000
 -0.333333333333333       0.666666666666667       0.333333333333333     
 -0.333333333333333       0.666666666666667       0.000000000000000E+000
 -0.666666666666667       0.666666666666667                          1
                   504                   135                    54
                   121                    70  0.000000000000000E+000
 -0.333333333333333        1.00000000000000       0.000000000000000E+000
 -0.333333333333333       0.666666666666667       0.000000000000000E+000
  0.000000000000000E+000   1.00000000000000       0.333333333333333     
 -0.333333333333333       0.666666666666667                          1
                   505                   136                    88
                   104                    64  0.000000000000000E+000
  0.333333333333333       -1.00000000000000       0.000000000000000E+000
  0.666666666666667      -0.666666666666667      -0.333333333333333     
  0.666666666666667      -0.666666666666667      -0.333333333333333     
  0.333333333333333      -0.666666666666667                          1
                   506                   136                    88
                    71                   108  0.000000000000000E+000
  0.333333333333333       -1.00000000000000       0.000000000000000E+000
  0.666666666666667      -0.666666666666667       0.333333333333333     
  0.333333333333333      -0.666666666666667       0.333333333333333     
  0.666666666666667      -0.666666666666667                          1
                   507                   136                    88
                    64                    37  0.000000000000000E+000
  0.333333333333333       -1.00000000000000       0.000000000000000E+000
  0.666666666666667      -0.666666666666667      -0.333333333333333     
  0.333333333333333      -0.666666666666667       0.000000000000000E+000
  0.333333333333333      -0.666666666666667                          1
                   508                   136                   120
                    37                    64  0.000000000000000E+000
  0.333333333333333       -1.00000000000000       0.000000000000000E+000
  0.000000000000000E+000  -1.00000000000000       0.000000000000000E+000
  0.333333333333333      -0.666666666666667      -0.333333333333333     
  0.333333333333333      -0.666666666666667                          1
                   509                   136                    64
                   129                   120  0.000000000000000E+000
  0.333333333333333       -1.00000000000000      -0.333333333333333     
  0.333333333333333      -0.666666666666667      -0.333333333333333     
  0.000000000000000E+000  -1.00000000000000       0.000000000000000E+000
  0.000000000000000E+000  -1.00000000000000                          1
                   510                   136                    71
                    88                    37  0.000000000000000E+000
  0.333333333333333       -1.00000000000000       0.333333333333333     
  0.333333333333333      -0.666666666666667       0.000000000000000E+000
  0.666666666666667      -0.666666666666667       0.000000000000000E+000
  0.333333333333333      -0.666666666666667                          1
                   511                   136                    71
                    37                   120  0.000000000000000E+000
  0.333333333333333       -1.00000000000000       0.333333333333333     
  0.333333333333333      -0.666666666666667       0.000000000000000E+000
  0.333333333333333      -0.666666666666667       0.000000000000000E+000
  0.000000000000000E+000  -1.00000000000000                          1
                   512                   137                    89
                    65                   105  0.000000000000000E+000
  0.333333333333333        1.00000000000000       0.000000000000000E+000
  0.666666666666667       0.666666666666667      -0.333333333333333     
  0.333333333333333       0.666666666666667      -0.333333333333333     
  0.666666666666667       0.666666666666667                          1
                   513                   137                   109
                    72                    89  0.000000000000000E+000
  0.333333333333333        1.00000000000000       0.333333333333333     
  0.666666666666667       0.666666666666667       0.333333333333333     
  0.333333333333333       0.666666666666667       0.000000000000000E+000
  0.666666666666667       0.666666666666667                          1
                   514                   137                    38
                    65                    89  0.000000000000000E+000
  0.333333333333333        1.00000000000000       0.000000000000000E+000
  0.333333333333333       0.666666666666667      -0.333333333333333     
  0.333333333333333       0.666666666666667       0.000000000000000E+000
  0.666666666666667       0.666666666666667                          1
                   515                   137                    38
                   121                    65  0.000000000000000E+000
  0.333333333333333        1.00000000000000       0.000000000000000E+000
  0.333333333333333       0.666666666666667       0.000000000000000E+000
  0.000000000000000E+000   1.00000000000000      -0.333333333333333     
  0.333333333333333       0.666666666666667                          1
                   516                   137                   130
                    65                   121  0.000000000000000E+000
  0.333333333333333        1.00000000000000      -0.333333333333333     
  0.000000000000000E+000   1.00000000000000      -0.333333333333333     
  0.333333333333333       0.666666666666667       0.000000000000000E+000
  0.000000000000000E+000   1.00000000000000                          1
                   517                   137                    72
                    38                    89  0.000000000000000E+000
  0.333333333333333        1.00000000000000       0.333333333333333     
  0.333333333333333       0.666666666666667       0.000000000000000E+000
  0.333333333333333       0.666666666666667       0.000000000000000E+000
  0.666666666666667       0.666666666666667                          1
                   518                   137                    72
                   121                    38  0.000000000000000E+000
  0.333333333333333        1.00000000000000       0.333333333333333     
  0.333333333333333       0.666666666666667       0.000000000000000E+000
  0.000000000000000E+000   1.00000000000000       0.000000000000000E+000
  0.333333333333333       0.666666666666667                          1
                   519                   138                   104
                    88                    80  0.000000000000000E+000
   1.00000000000000      -0.333333333333333      -0.333333333333333     
  0.666666666666667      -0.666666666666667       0.000000000000000E+000
  0.666666666666667      -0.666666666666667      -0.333333333333333     
  0.666666666666667      -0.333333333333333                          1
                   520                   138                    73
                    88                   108  0.000000000000000E+000
   1.00000000000000      -0.333333333333333       0.333333333333333     
  0.666666666666667      -0.333333333333333       0.000000000000000E+000
  0.666666666666667      -0.666666666666667       0.333333333333333     
  0.666666666666667      -0.666666666666667                          1
                   521                   138                    55
                    80                    88  0.000000000000000E+000
   1.00000000000000      -0.333333333333333       0.000000000000000E+000
  0.666666666666667      -0.333333333333333      -0.333333333333333     
  0.666666666666667      -0.333333333333333       0.000000000000000E+000
  0.666666666666667      -0.666666666666667                          1
                   522                   138                    55
                   122                    80  0.000000000000000E+000
   1.00000000000000      -0.333333333333333       0.000000000000000E+000
  0.666666666666667      -0.333333333333333       0.000000000000000E+000
   1.00000000000000       0.000000000000000E+000 -0.333333333333333     
  0.666666666666667      -0.333333333333333                          1
                   523                   138                    80
                   122                   131  0.000000000000000E+000
   1.00000000000000      -0.333333333333333      -0.333333333333333     
  0.666666666666667      -0.333333333333333       0.000000000000000E+000
   1.00000000000000       0.000000000000000E+000 -0.333333333333333     
   1.00000000000000       0.000000000000000E+000                     1
                   524                   138                    73
                    55                    88  0.000000000000000E+000
   1.00000000000000      -0.333333333333333       0.333333333333333     
  0.666666666666667      -0.333333333333333       0.000000000000000E+000
  0.666666666666667      -0.333333333333333       0.000000000000000E+000
  0.666666666666667      -0.666666666666667                          1
                   525                   138                    73
                   122                    55  0.000000000000000E+000
   1.00000000000000      -0.333333333333333       0.333333333333333     
  0.666666666666667      -0.333333333333333       0.000000000000000E+000
   1.00000000000000       0.000000000000000E+000  0.000000000000000E+000
  0.666666666666667      -0.333333333333333                          1
                   526                   139                    89
                   105                    66  0.000000000000000E+000
   1.00000000000000       0.333333333333333       0.000000000000000E+000
  0.666666666666667       0.666666666666667      -0.333333333333333     
  0.666666666666667       0.666666666666667      -0.333333333333333     
  0.666666666666667       0.333333333333333                          1
                   527                   139                   109
                    89                    74  0.000000000000000E+000
   1.00000000000000       0.333333333333333       0.333333333333333     
  0.666666666666667       0.666666666666667       0.000000000000000E+000
  0.666666666666667       0.666666666666667       0.333333333333333     
  0.666666666666667       0.333333333333333                          1
                   528                   139                    39
                    89                    66  0.000000000000000E+000
   1.00000000000000       0.333333333333333       0.000000000000000E+000
  0.666666666666667       0.333333333333333       0.000000000000000E+000
  0.666666666666667       0.666666666666667      -0.333333333333333     
  0.666666666666667       0.333333333333333                          1
                   529                   139                    39
                    66                   122  0.000000000000000E+000
   1.00000000000000       0.333333333333333       0.000000000000000E+000
  0.666666666666667       0.333333333333333      -0.333333333333333     
  0.666666666666667       0.333333333333333       0.000000000000000E+000
   1.00000000000000       0.000000000000000E+000                     1
                   530                   139                    66
                   131                   122  0.000000000000000E+000
   1.00000000000000       0.333333333333333      -0.333333333333333     
  0.666666666666667       0.333333333333333      -0.333333333333333     
   1.00000000000000       0.000000000000000E+000  0.000000000000000E+000
   1.00000000000000       0.000000000000000E+000                     1
                   531                   139                    74
                    89                    39  0.000000000000000E+000
   1.00000000000000       0.333333333333333       0.333333333333333     
  0.666666666666667       0.333333333333333       0.000000000000000E+000
  0.666666666666667       0.666666666666667       0.000000000000000E+000
  0.666666666666667       0.333333333333333                          1
                   532                   139                    74
                    39                   122  0.000000000000000E+000
   1.00000000000000       0.333333333333333       0.333333333333333     
  0.666666666666667       0.333333333333333       0.000000000000000E+000
  0.666666666666667       0.333333333333333       0.000000000000000E+000
   1.00000000000000       0.000000000000000E+000                     1
                   533                   140                   110
                    67                    90  0.333333333333333     
  -1.00000000000000       0.000000000000000E+000  0.666666666666667     
 -0.666666666666667      -0.333333333333333       0.333333333333333     
 -0.666666666666667      -0.333333333333333       0.666666666666667     
 -0.666666666666667       0.000000000000000E+000                     1
                   534                   140                   111
                    90                    68  0.333333333333333     
  -1.00000000000000       0.000000000000000E+000  0.666666666666667     
 -0.666666666666667       0.333333333333333       0.666666666666667     
 -0.666666666666667       0.000000000000000E+000  0.333333333333333     
 -0.666666666666667       0.333333333333333                          1
                   535                   140                    90
                    67                    40  0.333333333333333     
  -1.00000000000000       0.000000000000000E+000  0.666666666666667     
 -0.666666666666667       0.000000000000000E+000  0.333333333333333     
 -0.666666666666667      -0.333333333333333       0.333333333333333     
 -0.666666666666667       0.000000000000000E+000                     1
                   536                   140                   119
                    40                    67  0.333333333333333     
  -1.00000000000000       0.000000000000000E+000  0.000000000000000E+000
  -1.00000000000000       0.000000000000000E+000  0.333333333333333     
 -0.666666666666667       0.000000000000000E+000  0.333333333333333     
 -0.666666666666667      -0.333333333333333                          1
                   537                   140                   119
                    67                   132  0.333333333333333     
  -1.00000000000000       0.000000000000000E+000  0.000000000000000E+000
  -1.00000000000000       0.000000000000000E+000  0.333333333333333     
 -0.666666666666667      -0.333333333333333       0.000000000000000E+000
  -1.00000000000000      -0.333333333333333                          1
                   538                   140                    40
                    68                    90  0.333333333333333     
  -1.00000000000000       0.000000000000000E+000  0.333333333333333     
 -0.666666666666667       0.000000000000000E+000  0.333333333333333     
 -0.666666666666667       0.333333333333333       0.666666666666667     
 -0.666666666666667       0.000000000000000E+000                     1
                   539                   140                    40
                   119                    68  0.333333333333333     
  -1.00000000000000       0.000000000000000E+000  0.333333333333333     
 -0.666666666666667       0.000000000000000E+000  0.000000000000000E+000
  -1.00000000000000       0.000000000000000E+000  0.333333333333333     
 -0.666666666666667       0.333333333333333                          1
                   540                   140                    68
                   119                   133  0.333333333333333     
  -1.00000000000000       0.000000000000000E+000  0.333333333333333     
 -0.666666666666667       0.333333333333333       0.000000000000000E+000
  -1.00000000000000       0.000000000000000E+000  0.000000000000000E+000
  -1.00000000000000       0.333333333333333                          1
                   541                   141                    69
                   112                    91  0.333333333333333     
  0.000000000000000E+000  -1.00000000000000       0.333333333333333     
 -0.333333333333333      -0.666666666666667       0.666666666666667     
 -0.333333333333333      -0.666666666666667       0.666666666666667     
  0.000000000000000E+000 -0.666666666666667                          1
                   542                   141                   114
                    71                    91  0.333333333333333     
  0.000000000000000E+000  -1.00000000000000       0.666666666666667     
  0.333333333333333      -0.666666666666667       0.333333333333333     
  0.333333333333333      -0.666666666666667       0.666666666666667     
  0.000000000000000E+000 -0.666666666666667                          1
                   543                   141                    91
                    41                    69  0.333333333333333     
  0.000000000000000E+000  -1.00000000000000       0.666666666666667     
  0.000000000000000E+000 -0.666666666666667       0.333333333333333     
  0.000000000000000E+000 -0.666666666666667       0.333333333333333     
 -0.333333333333333      -0.666666666666667                          1
                   544                   141                   120
                    69                    41  0.333333333333333     
  0.000000000000000E+000  -1.00000000000000       0.000000000000000E+000
  0.000000000000000E+000  -1.00000000000000       0.333333333333333     
 -0.333333333333333      -0.666666666666667       0.333333333333333     
  0.000000000000000E+000 -0.666666666666667                          1
                   545                   141                   120
                   134                    69  0.333333333333333     
  0.000000000000000E+000  -1.00000000000000       0.000000000000000E+000
  0.000000000000000E+000  -1.00000000000000       0.000000000000000E+000
 -0.333333333333333       -1.00000000000000       0.333333333333333     
 -0.333333333333333      -0.666666666666667                          1
                   546                   141                    71
                    41                    91  0.333333333333333     
  0.000000000000000E+000  -1.00000000000000       0.333333333333333     
  0.333333333333333      -0.666666666666667       0.333333333333333     
  0.000000000000000E+000 -0.666666666666667       0.666666666666667     
  0.000000000000000E+000 -0.666666666666667                          1
                   547                   141                    71
                   120                    41  0.333333333333333     
  0.000000000000000E+000  -1.00000000000000       0.333333333333333     
  0.333333333333333      -0.666666666666667       0.000000000000000E+000
  0.000000000000000E+000  -1.00000000000000       0.333333333333333     
  0.000000000000000E+000 -0.666666666666667                          1
                   548                   141                   120
                    71                   136  0.333333333333333     
  0.000000000000000E+000  -1.00000000000000       0.000000000000000E+000
  0.000000000000000E+000  -1.00000000000000       0.333333333333333     
  0.333333333333333      -0.666666666666667       0.000000000000000E+000
  0.333333333333333       -1.00000000000000                          1
                   549                   142                   113
                    70                    92  0.333333333333333     
  0.000000000000000E+000   1.00000000000000       0.666666666666667     
 -0.333333333333333       0.666666666666667       0.333333333333333     
 -0.333333333333333       0.666666666666667       0.666666666666667     
  0.000000000000000E+000  0.666666666666667                          1
                   550                   142                    72
                   115                    92  0.333333333333333     
  0.000000000000000E+000   1.00000000000000       0.333333333333333     
  0.333333333333333       0.666666666666667       0.666666666666667     
  0.333333333333333       0.666666666666667       0.666666666666667     
  0.000000000000000E+000  0.666666666666667                          1
                   551                   142                    42
                    92                    70  0.333333333333333     
  0.000000000000000E+000   1.00000000000000       0.333333333333333     
  0.000000000000000E+000  0.666666666666667       0.666666666666667     
  0.000000000000000E+000  0.666666666666667       0.333333333333333     
 -0.333333333333333       0.666666666666667                          1
                   552                   142                    42
                    70                   121  0.333333333333333     
  0.000000000000000E+000   1.00000000000000       0.333333333333333     
  0.000000000000000E+000  0.666666666666667       0.333333333333333     
 -0.333333333333333       0.666666666666667       0.000000000000000E+000
  0.000000000000000E+000   1.00000000000000                          1
                   553                   142                   121
                    70                   135  0.333333333333333     
  0.000000000000000E+000   1.00000000000000       0.000000000000000E+000
  0.000000000000000E+000   1.00000000000000       0.333333333333333     
 -0.333333333333333       0.666666666666667       0.000000000000000E+000
 -0.333333333333333        1.00000000000000                          1
                   554                   142                    42
                    72                    92  0.333333333333333     
  0.000000000000000E+000   1.00000000000000       0.333333333333333     
  0.000000000000000E+000  0.666666666666667       0.333333333333333     
  0.333333333333333       0.666666666666667       0.666666666666667     
  0.000000000000000E+000  0.666666666666667                          1
                   555                   142                    42
                   121                    72  0.333333333333333     
  0.000000000000000E+000   1.00000000000000       0.333333333333333     
  0.000000000000000E+000  0.666666666666667       0.000000000000000E+000
  0.000000000000000E+000   1.00000000000000       0.333333333333333     
  0.333333333333333       0.666666666666667                          1
                   556                   142                   121
                   137                    72  0.333333333333333     
  0.000000000000000E+000   1.00000000000000       0.000000000000000E+000
  0.000000000000000E+000   1.00000000000000       0.000000000000000E+000
  0.333333333333333        1.00000000000000       0.333333333333333     
  0.333333333333333       0.666666666666667                          1
                   557                   143                   116
                    93                    73  0.333333333333333     
   1.00000000000000       0.000000000000000E+000  0.666666666666667     
  0.666666666666667      -0.333333333333333       0.666666666666667     
  0.666666666666667       0.000000000000000E+000  0.333333333333333     
  0.666666666666667      -0.333333333333333                          1
                   558                   143                    74
                    93                   117  0.333333333333333     
   1.00000000000000       0.000000000000000E+000  0.333333333333333     
  0.666666666666667       0.333333333333333       0.666666666666667     
  0.666666666666667       0.000000000000000E+000  0.666666666666667     
  0.666666666666667       0.333333333333333                          1
                   559                   143                    73
                    93                    43  0.333333333333333     
   1.00000000000000       0.000000000000000E+000  0.333333333333333     
  0.666666666666667      -0.333333333333333       0.666666666666667     
  0.666666666666667       0.000000000000000E+000  0.333333333333333     
  0.666666666666667       0.000000000000000E+000                     1
                   560                   143                    73
                    43                   122  0.333333333333333     
   1.00000000000000       0.000000000000000E+000  0.333333333333333     
  0.666666666666667      -0.333333333333333       0.333333333333333     
  0.666666666666667       0.000000000000000E+000  0.000000000000000E+000
   1.00000000000000       0.000000000000000E+000                     1
                   561                   143                    73
                   122                   138  0.333333333333333     
   1.00000000000000       0.000000000000000E+000  0.333333333333333     
  0.666666666666667      -0.333333333333333       0.000000000000000E+000
   1.00000000000000       0.000000000000000E+000  0.000000000000000E+000
   1.00000000000000      -0.333333333333333                          1
                   562                   143                    74
                    43                    93  0.333333333333333     
   1.00000000000000       0.000000000000000E+000  0.333333333333333     
  0.666666666666667       0.333333333333333       0.333333333333333     
  0.666666666666667       0.000000000000000E+000  0.666666666666667     
  0.666666666666667       0.000000000000000E+000                     1
                   563                   143                    74
                   122                    43  0.333333333333333     
   1.00000000000000       0.000000000000000E+000  0.333333333333333     
  0.666666666666667       0.333333333333333       0.000000000000000E+000
   1.00000000000000       0.000000000000000E+000  0.333333333333333     
  0.666666666666667       0.000000000000000E+000                     1
                   564                   143                   139
                   122                    74  0.333333333333333     
   1.00000000000000       0.000000000000000E+000  0.000000000000000E+000
   1.00000000000000       0.333333333333333       0.000000000000000E+000
   1.00000000000000       0.000000000000000E+000  0.333333333333333     
  0.666666666666667       0.333333333333333                          1
                   565                   144                   110
                    90                    81   1.00000000000000     
 -0.333333333333333       0.000000000000000E+000  0.666666666666667     
 -0.666666666666667      -0.333333333333333       0.666666666666667     
 -0.666666666666667       0.000000000000000E+000  0.666666666666667     
 -0.333333333333333      -0.333333333333333                          1
                   566                   144                   111
                    75                    90   1.00000000000000     
 -0.333333333333333       0.000000000000000E+000  0.666666666666667     
 -0.666666666666667       0.333333333333333       0.666666666666667     
 -0.333333333333333       0.333333333333333       0.666666666666667     
 -0.666666666666667       0.000000000000000E+000                     1
                   567                   144                    90
                    56                    81   1.00000000000000     
 -0.333333333333333       0.000000000000000E+000  0.666666666666667     
 -0.666666666666667       0.000000000000000E+000  0.666666666666667     
 -0.333333333333333       0.000000000000000E+000  0.666666666666667     
 -0.333333333333333      -0.333333333333333                          1
                   568                   144                   123
                    81                    56   1.00000000000000     
 -0.333333333333333       0.000000000000000E+000   1.00000000000000     
  0.000000000000000E+000  0.000000000000000E+000  0.666666666666667     
 -0.333333333333333      -0.333333333333333       0.666666666666667     
 -0.333333333333333       0.000000000000000E+000                     1
                   569                   144                    90
                    75                    56   1.00000000000000     
 -0.333333333333333       0.000000000000000E+000  0.666666666666667     
 -0.666666666666667       0.000000000000000E+000  0.666666666666667     
 -0.333333333333333       0.333333333333333       0.666666666666667     
 -0.333333333333333       0.000000000000000E+000                     1
                   570                   144                   123
                    56                    75   1.00000000000000     
 -0.333333333333333       0.000000000000000E+000   1.00000000000000     
  0.000000000000000E+000  0.000000000000000E+000  0.666666666666667     
 -0.333333333333333       0.000000000000000E+000  0.666666666666667     
 -0.333333333333333       0.333333333333333                          1
                   571                   145                   112
                    81                    91   1.00000000000000     
  0.000000000000000E+000 -0.333333333333333       0.666666666666667     
 -0.333333333333333      -0.666666666666667       0.666666666666667     
 -0.333333333333333      -0.333333333333333       0.666666666666667     
  0.000000000000000E+000 -0.666666666666667                          1
                   572                   145                   114
                    91                    76   1.00000000000000     
  0.000000000000000E+000 -0.333333333333333       0.666666666666667     
  0.333333333333333      -0.666666666666667       0.666666666666667     
  0.000000000000000E+000 -0.666666666666667       0.666666666666667     
  0.333333333333333      -0.333333333333333                          1
                   573                   145                    81
                    57                    91   1.00000000000000     
  0.000000000000000E+000 -0.333333333333333       0.666666666666667     
 -0.333333333333333      -0.333333333333333       0.666666666666667     
  0.000000000000000E+000 -0.333333333333333       0.666666666666667     
  0.000000000000000E+000 -0.666666666666667                          1
                   574                   145                    81
                   123                    57   1.00000000000000     
  0.000000000000000E+000 -0.333333333333333       0.666666666666667     
 -0.333333333333333      -0.333333333333333        1.00000000000000     
  0.000000000000000E+000  0.000000000000000E+000  0.666666666666667     
  0.000000000000000E+000 -0.333333333333333                          1
                   575                   145                   123
                    81                   144   1.00000000000000     
  0.000000000000000E+000 -0.333333333333333        1.00000000000000     
  0.000000000000000E+000  0.000000000000000E+000  0.666666666666667     
 -0.333333333333333      -0.333333333333333        1.00000000000000     
 -0.333333333333333       0.000000000000000E+000                     1
                   576                   145                    91
                    57                    76   1.00000000000000     
  0.000000000000000E+000 -0.333333333333333       0.666666666666667     
  0.000000000000000E+000 -0.666666666666667       0.666666666666667     
  0.000000000000000E+000 -0.333333333333333       0.666666666666667     
  0.333333333333333      -0.333333333333333                          1
                   577                   145                   123
                    76                    57   1.00000000000000     
  0.000000000000000E+000 -0.333333333333333        1.00000000000000     
  0.000000000000000E+000  0.000000000000000E+000  0.666666666666667     
  0.333333333333333      -0.333333333333333       0.666666666666667     
  0.000000000000000E+000 -0.333333333333333                          1
                   578                   146                    92
                    75                   113   1.00000000000000     
  0.000000000000000E+000  0.333333333333333       0.666666666666667     
  0.000000000000000E+000  0.666666666666667       0.666666666666667     
 -0.333333333333333       0.333333333333333       0.666666666666667     
 -0.333333333333333       0.666666666666667                          1
                   579                   146                    92
                   115                    77   1.00000000000000     
  0.000000000000000E+000  0.333333333333333       0.666666666666667     
  0.000000000000000E+000  0.666666666666667       0.666666666666667     
  0.333333333333333       0.666666666666667       0.666666666666667     
  0.333333333333333       0.333333333333333                          1
                   580                   146                    92
                    44                    75   1.00000000000000     
  0.000000000000000E+000  0.333333333333333       0.666666666666667     
  0.000000000000000E+000  0.666666666666667       0.666666666666667     
  0.000000000000000E+000  0.333333333333333       0.666666666666667     
 -0.333333333333333       0.333333333333333                          1
                   581                   146                   123
                    75                    44   1.00000000000000     
  0.000000000000000E+000  0.333333333333333        1.00000000000000     
  0.000000000000000E+000  0.000000000000000E+000  0.666666666666667     
 -0.333333333333333       0.333333333333333       0.666666666666667     
  0.000000000000000E+000  0.333333333333333                          1
                   582                   146                   144
                    75                   123   1.00000000000000     
  0.000000000000000E+000  0.333333333333333        1.00000000000000     
 -0.333333333333333       0.000000000000000E+000  0.666666666666667     
 -0.333333333333333       0.333333333333333        1.00000000000000     
  0.000000000000000E+000  0.000000000000000E+000                     1
                   583                   146                    77
                    44                    92   1.00000000000000     
  0.000000000000000E+000  0.333333333333333       0.666666666666667     
  0.333333333333333       0.333333333333333       0.666666666666667     
  0.000000000000000E+000  0.333333333333333       0.666666666666667     
  0.000000000000000E+000  0.666666666666667                          1
                   584                   146                    77
                   123                    44   1.00000000000000     
  0.000000000000000E+000  0.333333333333333       0.666666666666667     
  0.333333333333333       0.333333333333333        1.00000000000000     
  0.000000000000000E+000  0.000000000000000E+000  0.666666666666667     
  0.000000000000000E+000  0.333333333333333                          1
                   585                   147                    76
                    93                   116   1.00000000000000     
  0.333333333333333       0.000000000000000E+000  0.666666666666667     
  0.333333333333333      -0.333333333333333       0.666666666666667     
  0.666666666666667       0.000000000000000E+000  0.666666666666667     
  0.666666666666667      -0.333333333333333                          1
                   586                   147                    77
                   117                    93   1.00000000000000     
  0.333333333333333       0.000000000000000E+000  0.666666666666667     
  0.333333333333333       0.333333333333333       0.666666666666667     
  0.666666666666667       0.333333333333333       0.666666666666667     
  0.666666666666667       0.000000000000000E+000                     1
                   587                   147                    93
                    76                    45   1.00000000000000     
  0.333333333333333       0.000000000000000E+000  0.666666666666667     
  0.666666666666667       0.000000000000000E+000  0.666666666666667     
  0.333333333333333      -0.333333333333333       0.666666666666667     
  0.333333333333333       0.000000000000000E+000                     1
                   588                   147                   123
                    45                    76   1.00000000000000     
  0.333333333333333       0.000000000000000E+000   1.00000000000000     
  0.000000000000000E+000  0.000000000000000E+000  0.666666666666667     
  0.333333333333333       0.000000000000000E+000  0.666666666666667     
  0.333333333333333      -0.333333333333333                          1
                   589                   147                   145
                   123                    76   1.00000000000000     
  0.333333333333333       0.000000000000000E+000   1.00000000000000     
  0.000000000000000E+000 -0.333333333333333        1.00000000000000     
  0.000000000000000E+000  0.000000000000000E+000  0.666666666666667     
  0.333333333333333      -0.333333333333333                          1
                   590                   147                    77
                    93                    45   1.00000000000000     
  0.333333333333333       0.000000000000000E+000  0.666666666666667     
  0.333333333333333       0.333333333333333       0.666666666666667     
  0.666666666666667       0.000000000000000E+000  0.666666666666667     
  0.333333333333333       0.000000000000000E+000                     1
                   591                   147                    77
                    45                   123   1.00000000000000     
  0.333333333333333       0.000000000000000E+000  0.666666666666667     
  0.333333333333333       0.333333333333333       0.666666666666667     
  0.333333333333333       0.000000000000000E+000   1.00000000000000     
  0.000000000000000E+000  0.000000000000000E+000                     1
                   592                   147                   123
                   146                    77   1.00000000000000     
  0.333333333333333       0.000000000000000E+000   1.00000000000000     
  0.000000000000000E+000  0.000000000000000E+000   1.00000000000000     
  0.000000000000000E+000  0.333333333333333       0.666666666666667     
  0.333333333333333       0.333333333333333                          1
                   593                   148                   114
                    71                   141  0.333333333333333     
  0.333333333333333       -1.00000000000000       0.666666666666667     
  0.333333333333333      -0.666666666666667       0.333333333333333     
  0.333333333333333      -0.666666666666667       0.333333333333333     
  0.000000000000000E+000  -1.00000000000000                          1
                   594                   148                   141
                    71                   136  0.333333333333333     
  0.333333333333333       -1.00000000000000       0.333333333333333     
  0.000000000000000E+000  -1.00000000000000       0.333333333333333     
  0.333333333333333      -0.666666666666667       0.000000000000000E+000
  0.333333333333333       -1.00000000000000                          1
                   595                   148                    71
                   114                   108  0.333333333333333     
  0.333333333333333       -1.00000000000000       0.333333333333333     
  0.333333333333333      -0.666666666666667       0.666666666666667     
  0.333333333333333      -0.666666666666667       0.333333333333333     
  0.666666666666667      -0.666666666666667                          1
                   596                   148                    71
                   108                   136  0.333333333333333     
  0.333333333333333       -1.00000000000000       0.333333333333333     
  0.333333333333333      -0.666666666666667       0.333333333333333     
  0.666666666666667      -0.666666666666667       0.000000000000000E+000
  0.333333333333333       -1.00000000000000                          1
                   597                   149                    72
                   115                   142  0.333333333333333     
  0.333333333333333        1.00000000000000       0.333333333333333     
  0.333333333333333       0.666666666666667       0.666666666666667     
  0.333333333333333       0.666666666666667       0.333333333333333     
  0.000000000000000E+000   1.00000000000000                          1
                   598                   149                    72
                   142                   137  0.333333333333333     
  0.333333333333333        1.00000000000000       0.333333333333333     
  0.333333333333333       0.666666666666667       0.333333333333333     
  0.000000000000000E+000   1.00000000000000       0.000000000000000E+000
  0.333333333333333        1.00000000000000                          1
                   599                   149                   115
                    72                   109  0.333333333333333     
  0.333333333333333        1.00000000000000       0.666666666666667     
  0.333333333333333       0.666666666666667       0.333333333333333     
  0.333333333333333       0.666666666666667       0.333333333333333     
  0.666666666666667       0.666666666666667                          1
                   600                   149                   137
                   109                    72  0.333333333333333     
  0.333333333333333        1.00000000000000       0.000000000000000E+000
  0.333333333333333        1.00000000000000       0.333333333333333     
  0.666666666666667       0.666666666666667       0.333333333333333     
  0.333333333333333       0.666666666666667                          1
                   601                   150                    96
                   125                    78  -1.00000000000000     
 -0.333333333333333      -0.333333333333333      -0.666666666666667     
 -0.333333333333333      -0.666666666666667       -1.00000000000000     
  0.000000000000000E+000 -0.333333333333333      -0.666666666666667     
 -0.333333333333333      -0.333333333333333                          1
                   602                   150                   125
                   124                    78  -1.00000000000000     
 -0.333333333333333      -0.333333333333333       -1.00000000000000     
  0.000000000000000E+000 -0.333333333333333       -1.00000000000000     
 -0.333333333333333       0.000000000000000E+000 -0.666666666666667     
 -0.333333333333333      -0.333333333333333                          1
                   603                   150                    94
                    96                    78  -1.00000000000000     
 -0.333333333333333      -0.333333333333333      -0.666666666666667     
 -0.666666666666667      -0.333333333333333      -0.666666666666667     
 -0.333333333333333      -0.666666666666667      -0.666666666666667     
 -0.333333333333333      -0.333333333333333                          1
                   604                   150                    94
                    78                   124  -1.00000000000000     
 -0.333333333333333      -0.333333333333333      -0.666666666666667     
 -0.666666666666667      -0.333333333333333      -0.666666666666667     
 -0.333333333333333      -0.333333333333333       -1.00000000000000     
 -0.333333333333333       0.000000000000000E+000                     1
                   605                   151                   124
                   126                    58  -1.00000000000000     
 -0.333333333333333       0.333333333333333       -1.00000000000000     
 -0.333333333333333       0.000000000000000E+000  -1.00000000000000     
  0.000000000000000E+000  0.333333333333333      -0.666666666666667     
 -0.333333333333333       0.333333333333333                          1
                   606                   151                   126
                    97                    58  -1.00000000000000     
 -0.333333333333333       0.333333333333333       -1.00000000000000     
  0.000000000000000E+000  0.333333333333333      -0.666666666666667     
 -0.333333333333333       0.666666666666667      -0.666666666666667     
 -0.333333333333333       0.333333333333333                          1
                   607                   151                    97
                    95                    58  -1.00000000000000     
 -0.333333333333333       0.333333333333333      -0.666666666666667     
 -0.333333333333333       0.666666666666667      -0.666666666666667     
 -0.666666666666667       0.333333333333333      -0.666666666666667     
 -0.333333333333333       0.333333333333333                          1
                   608                   151                   124
                    58                    95  -1.00000000000000     
 -0.333333333333333       0.333333333333333       -1.00000000000000     
 -0.333333333333333       0.000000000000000E+000 -0.666666666666667     
 -0.333333333333333       0.333333333333333      -0.666666666666667     
 -0.666666666666667       0.333333333333333                          1
                   609                   152                   100
                   127                    59  -1.00000000000000     
  0.333333333333333      -0.333333333333333      -0.666666666666667     
  0.666666666666667      -0.333333333333333       -1.00000000000000     
  0.333333333333333       0.000000000000000E+000 -0.666666666666667     
  0.333333333333333      -0.333333333333333                          1
                   610                   152                   127
                   125                    59  -1.00000000000000     
  0.333333333333333      -0.333333333333333       -1.00000000000000     
  0.333333333333333       0.000000000000000E+000  -1.00000000000000     
  0.000000000000000E+000 -0.333333333333333      -0.666666666666667     
  0.333333333333333      -0.333333333333333                          1
                   611                   152                    98
                   100                    59  -1.00000000000000     
  0.333333333333333      -0.333333333333333      -0.666666666666667     
  0.333333333333333      -0.666666666666667      -0.666666666666667     
  0.666666666666667      -0.333333333333333      -0.666666666666667     
  0.333333333333333      -0.333333333333333                          1
                   612                   152                    98
                    59                   125  -1.00000000000000     
  0.333333333333333      -0.333333333333333      -0.666666666666667     
  0.333333333333333      -0.666666666666667      -0.666666666666667     
  0.333333333333333      -0.333333333333333       -1.00000000000000     
  0.000000000000000E+000 -0.333333333333333                          1
                   613                   153                    60
                   126                   127  -1.00000000000000     
  0.333333333333333       0.333333333333333      -0.666666666666667     
  0.333333333333333       0.333333333333333       -1.00000000000000     
  0.000000000000000E+000  0.333333333333333       -1.00000000000000     
  0.333333333333333       0.000000000000000E+000                     1
                   614                   153                    60
                   127                   101  -1.00000000000000     
  0.333333333333333       0.333333333333333      -0.666666666666667     
  0.333333333333333       0.333333333333333       -1.00000000000000     
  0.333333333333333       0.000000000000000E+000 -0.666666666666667     
  0.666666666666667       0.333333333333333                          1
                   615                   153                    99
                    60                   101  -1.00000000000000     
  0.333333333333333       0.333333333333333      -0.666666666666667     
  0.333333333333333       0.666666666666667      -0.666666666666667     
  0.333333333333333       0.333333333333333      -0.666666666666667     
  0.666666666666667       0.333333333333333                          1
                   616                   153                    99
                   126                    60  -1.00000000000000     
  0.333333333333333       0.333333333333333      -0.666666666666667     
  0.333333333333333       0.666666666666667       -1.00000000000000     
  0.000000000000000E+000  0.333333333333333      -0.666666666666667     
  0.333333333333333       0.333333333333333                          1
                   617                   154                   128
                   132                    79 -0.333333333333333     
  -1.00000000000000      -0.333333333333333      -0.333333333333333     
  -1.00000000000000       0.000000000000000E+000  0.000000000000000E+000
  -1.00000000000000      -0.333333333333333      -0.333333333333333     
 -0.666666666666667      -0.333333333333333                          1
                   618                   154                   132
                   102                    79 -0.333333333333333     
  -1.00000000000000      -0.333333333333333       0.000000000000000E+000
  -1.00000000000000      -0.333333333333333      -0.333333333333333     
 -0.666666666666667      -0.666666666666667      -0.333333333333333     
 -0.666666666666667      -0.333333333333333                          1
                   619                   154                   102
                    94                    79 -0.333333333333333     
  -1.00000000000000      -0.333333333333333      -0.333333333333333     
 -0.666666666666667      -0.666666666666667      -0.666666666666667     
 -0.666666666666667      -0.333333333333333      -0.333333333333333     
 -0.666666666666667      -0.333333333333333                          1
                   620                   154                   128
                    79                    94 -0.333333333333333     
  -1.00000000000000      -0.333333333333333      -0.333333333333333     
  -1.00000000000000       0.000000000000000E+000 -0.333333333333333     
 -0.666666666666667      -0.333333333333333      -0.666666666666667     
 -0.666666666666667      -0.333333333333333                          1
                   621                   155                   128
                    61                   133 -0.333333333333333     
  -1.00000000000000       0.333333333333333      -0.333333333333333     
  -1.00000000000000       0.000000000000000E+000 -0.333333333333333     
 -0.666666666666667       0.333333333333333       0.000000000000000E+000
  -1.00000000000000       0.333333333333333                          1
                   622                   155                   133
                    61                   103 -0.333333333333333     
  -1.00000000000000       0.333333333333333       0.000000000000000E+000
  -1.00000000000000       0.333333333333333      -0.333333333333333     
 -0.666666666666667       0.333333333333333      -0.333333333333333     
 -0.666666666666667       0.666666666666667                          1
                   623                   155                    61
                    95                   103 -0.333333333333333     
  -1.00000000000000       0.333333333333333      -0.333333333333333     
 -0.666666666666667       0.333333333333333      -0.666666666666667     
 -0.666666666666667       0.333333333333333      -0.333333333333333     
 -0.666666666666667       0.666666666666667                          1
                   624                   155                    61
                   128                    95 -0.333333333333333     
  -1.00000000000000       0.333333333333333      -0.333333333333333     
 -0.666666666666667       0.333333333333333      -0.333333333333333     
  -1.00000000000000       0.000000000000000E+000 -0.666666666666667     
 -0.666666666666667       0.333333333333333                          1
                   625                   156                   102
                   134                    62 -0.333333333333333     
 -0.333333333333333       -1.00000000000000      -0.333333333333333     
 -0.666666666666667      -0.666666666666667       0.000000000000000E+000
 -0.333333333333333       -1.00000000000000      -0.333333333333333     
 -0.333333333333333      -0.666666666666667                          1
                   626                   156                   134
                   129                    62 -0.333333333333333     
 -0.333333333333333       -1.00000000000000       0.000000000000000E+000
 -0.333333333333333       -1.00000000000000      -0.333333333333333     
  0.000000000000000E+000  -1.00000000000000      -0.333333333333333     
 -0.333333333333333      -0.666666666666667                          1
                   627                   156                    96
                   102                    62 -0.333333333333333     
 -0.333333333333333       -1.00000000000000      -0.666666666666667     
 -0.333333333333333      -0.666666666666667      -0.333333333333333     
 -0.666666666666667      -0.666666666666667      -0.333333333333333     
 -0.333333333333333      -0.666666666666667                          1
                   628                   156                    96
                    62                   129 -0.333333333333333     
 -0.333333333333333       -1.00000000000000      -0.666666666666667     
 -0.333333333333333      -0.666666666666667      -0.333333333333333     
 -0.333333333333333      -0.666666666666667      -0.333333333333333     
  0.000000000000000E+000  -1.00000000000000                          1
                   629                   157                   130
                   135                    63 -0.333333333333333     
 -0.333333333333333        1.00000000000000      -0.333333333333333     
  0.000000000000000E+000   1.00000000000000       0.000000000000000E+000
 -0.333333333333333        1.00000000000000      -0.333333333333333     
 -0.333333333333333       0.666666666666667                          1
                   630                   157                   135
                   103                    63 -0.333333333333333     
 -0.333333333333333        1.00000000000000       0.000000000000000E+000
 -0.333333333333333        1.00000000000000      -0.333333333333333     
 -0.666666666666667       0.666666666666667      -0.333333333333333     
 -0.333333333333333       0.666666666666667                          1
                   631                   157                   103
                    97                    63 -0.333333333333333     
 -0.333333333333333        1.00000000000000      -0.333333333333333     
 -0.666666666666667       0.666666666666667      -0.666666666666667     
 -0.333333333333333       0.666666666666667      -0.333333333333333     
 -0.333333333333333       0.666666666666667                          1
                   632                   157                   130
                    63                    97 -0.333333333333333     
 -0.333333333333333        1.00000000000000      -0.333333333333333     
  0.000000000000000E+000   1.00000000000000      -0.333333333333333     
 -0.333333333333333       0.666666666666667      -0.666666666666667     
 -0.333333333333333       0.666666666666667                          1
                   633                   158                   129
                   136                    64 -0.333333333333333     
  0.333333333333333       -1.00000000000000      -0.333333333333333     
  0.000000000000000E+000  -1.00000000000000       0.000000000000000E+000
  0.333333333333333       -1.00000000000000      -0.333333333333333     
  0.333333333333333      -0.666666666666667                          1
                   634                   158                   136
                   104                    64 -0.333333333333333     
  0.333333333333333       -1.00000000000000       0.000000000000000E+000
  0.333333333333333       -1.00000000000000      -0.333333333333333     
  0.666666666666667      -0.666666666666667      -0.333333333333333     
  0.333333333333333      -0.666666666666667                          1
                   635                   158                   104
                    98                    64 -0.333333333333333     
  0.333333333333333       -1.00000000000000      -0.333333333333333     
  0.666666666666667      -0.666666666666667      -0.666666666666667     
  0.333333333333333      -0.666666666666667      -0.333333333333333     
  0.333333333333333      -0.666666666666667                          1
                   636                   158                   129
                    64                    98 -0.333333333333333     
  0.333333333333333       -1.00000000000000      -0.333333333333333     
  0.000000000000000E+000  -1.00000000000000      -0.333333333333333     
  0.333333333333333      -0.666666666666667      -0.666666666666667     
  0.333333333333333      -0.666666666666667                          1
                   637                   159                   130
                    65                   137 -0.333333333333333     
  0.333333333333333        1.00000000000000      -0.333333333333333     
  0.000000000000000E+000   1.00000000000000      -0.333333333333333     
  0.333333333333333       0.666666666666667       0.000000000000000E+000
  0.333333333333333        1.00000000000000                          1
                   638                   159                   137
                    65                   105 -0.333333333333333     
  0.333333333333333        1.00000000000000       0.000000000000000E+000
  0.333333333333333        1.00000000000000      -0.333333333333333     
  0.333333333333333       0.666666666666667      -0.333333333333333     
  0.666666666666667       0.666666666666667                          1
                   639                   159                    65
                    99                   105 -0.333333333333333     
  0.333333333333333        1.00000000000000      -0.333333333333333     
  0.333333333333333       0.666666666666667      -0.666666666666667     
  0.333333333333333       0.666666666666667      -0.333333333333333     
  0.666666666666667       0.666666666666667                          1
                   640                   159                    65
                   130                    99 -0.333333333333333     
  0.333333333333333        1.00000000000000      -0.333333333333333     
  0.333333333333333       0.666666666666667      -0.333333333333333     
  0.000000000000000E+000   1.00000000000000      -0.666666666666667     
  0.333333333333333       0.666666666666667                          1
                   641                   160                   104
                   138                    80 -0.333333333333333     
   1.00000000000000      -0.333333333333333      -0.333333333333333     
  0.666666666666667      -0.666666666666667       0.000000000000000E+000
   1.00000000000000      -0.333333333333333      -0.333333333333333     
  0.666666666666667      -0.333333333333333                          1
                   642                   160                   138
                   131                    80 -0.333333333333333     
   1.00000000000000      -0.333333333333333       0.000000000000000E+000
   1.00000000000000      -0.333333333333333      -0.333333333333333     
   1.00000000000000       0.000000000000000E+000 -0.333333333333333     
  0.666666666666667      -0.333333333333333                          1
                   643                   160                   100
                   104                    80 -0.333333333333333     
   1.00000000000000      -0.333333333333333      -0.666666666666667     
  0.666666666666667      -0.333333333333333      -0.333333333333333     
  0.666666666666667      -0.666666666666667      -0.333333333333333     
  0.666666666666667      -0.333333333333333                          1
                   644                   160                   100
                    80                   131 -0.333333333333333     
   1.00000000000000      -0.333333333333333      -0.666666666666667     
  0.666666666666667      -0.333333333333333      -0.333333333333333     
  0.666666666666667      -0.333333333333333      -0.333333333333333     
   1.00000000000000       0.000000000000000E+000                     1
                   645                   161                   131
                   139                    66 -0.333333333333333     
   1.00000000000000       0.333333333333333      -0.333333333333333     
   1.00000000000000       0.000000000000000E+000  0.000000000000000E+000
   1.00000000000000       0.333333333333333      -0.333333333333333     
  0.666666666666667       0.333333333333333                          1
                   646                   161                   139
                   105                    66 -0.333333333333333     
   1.00000000000000       0.333333333333333       0.000000000000000E+000
   1.00000000000000       0.333333333333333      -0.333333333333333     
  0.666666666666667       0.666666666666667      -0.333333333333333     
  0.666666666666667       0.333333333333333                          1
                   647                   161                   105
                   101                    66 -0.333333333333333     
   1.00000000000000       0.333333333333333      -0.333333333333333     
  0.666666666666667       0.666666666666667      -0.666666666666667     
  0.666666666666667       0.333333333333333      -0.333333333333333     
  0.666666666666667       0.333333333333333                          1
                   648                   161                   131
                    66                   101 -0.333333333333333     
   1.00000000000000       0.333333333333333      -0.333333333333333     
   1.00000000000000       0.000000000000000E+000 -0.333333333333333     
  0.666666666666667       0.333333333333333      -0.666666666666667     
  0.666666666666667       0.333333333333333                          1
                   649                   162                   110
                    67                   140  0.333333333333333     
  -1.00000000000000      -0.333333333333333       0.666666666666667     
 -0.666666666666667      -0.333333333333333       0.333333333333333     
 -0.666666666666667      -0.333333333333333       0.333333333333333     
  -1.00000000000000       0.000000000000000E+000                     1
                   650                   162                   140
                    67                   132  0.333333333333333     
  -1.00000000000000      -0.333333333333333       0.333333333333333     
  -1.00000000000000       0.000000000000000E+000  0.333333333333333     
 -0.666666666666667      -0.333333333333333       0.000000000000000E+000
  -1.00000000000000      -0.333333333333333                          1
                   651                   162                    67
                   110                   106  0.333333333333333     
  -1.00000000000000      -0.333333333333333       0.333333333333333     
 -0.666666666666667      -0.333333333333333       0.666666666666667     
 -0.666666666666667      -0.333333333333333       0.333333333333333     
 -0.666666666666667      -0.666666666666667                          1
                   652                   162                    67
                   106                   132  0.333333333333333     
  -1.00000000000000      -0.333333333333333       0.333333333333333     
 -0.666666666666667      -0.333333333333333       0.333333333333333     
 -0.666666666666667      -0.666666666666667       0.000000000000000E+000
  -1.00000000000000      -0.333333333333333                          1
                   653                   163                   111
                   140                    68  0.333333333333333     
  -1.00000000000000       0.333333333333333       0.666666666666667     
 -0.666666666666667       0.333333333333333       0.333333333333333     
  -1.00000000000000       0.000000000000000E+000  0.333333333333333     
 -0.666666666666667       0.333333333333333                          1
                   654                   163                   140
                   133                    68  0.333333333333333     
  -1.00000000000000       0.333333333333333       0.333333333333333     
  -1.00000000000000       0.000000000000000E+000  0.000000000000000E+000
  -1.00000000000000       0.333333333333333       0.333333333333333     
 -0.666666666666667       0.333333333333333                          1
                   655                   163                   107
                   111                    68  0.333333333333333     
  -1.00000000000000       0.333333333333333       0.333333333333333     
 -0.666666666666667       0.666666666666667       0.666666666666667     
 -0.666666666666667       0.333333333333333       0.333333333333333     
 -0.666666666666667       0.333333333333333                          1
                   656                   163                   107
                    68                   133  0.333333333333333     
  -1.00000000000000       0.333333333333333       0.333333333333333     
 -0.666666666666667       0.666666666666667       0.333333333333333     
 -0.666666666666667       0.333333333333333       0.000000000000000E+000
  -1.00000000000000       0.333333333333333                          1
                   657                   164                    69
                   112                   141  0.333333333333333     
 -0.333333333333333       -1.00000000000000       0.333333333333333     
 -0.333333333333333      -0.666666666666667       0.666666666666667     
 -0.333333333333333      -0.666666666666667       0.333333333333333     
  0.000000000000000E+000  -1.00000000000000                          1
                   658                   164                    69
                   141                   134  0.333333333333333     
 -0.333333333333333       -1.00000000000000       0.333333333333333     
 -0.333333333333333      -0.666666666666667       0.333333333333333     
  0.000000000000000E+000  -1.00000000000000       0.000000000000000E+000
 -0.333333333333333       -1.00000000000000                          1
                   659                   164                   112
                    69                   106  0.333333333333333     
 -0.333333333333333       -1.00000000000000       0.666666666666667     
 -0.333333333333333      -0.666666666666667       0.333333333333333     
 -0.333333333333333      -0.666666666666667       0.333333333333333     
 -0.666666666666667      -0.666666666666667                          1
                   660                   164                   134
                   106                    69  0.333333333333333     
 -0.333333333333333       -1.00000000000000       0.000000000000000E+000
 -0.333333333333333       -1.00000000000000       0.333333333333333     
 -0.666666666666667      -0.666666666666667       0.333333333333333     
 -0.333333333333333      -0.666666666666667                          1
                   661                   165                   113
                    70                   142  0.333333333333333     
 -0.333333333333333        1.00000000000000       0.666666666666667     
 -0.333333333333333       0.666666666666667       0.333333333333333     
 -0.333333333333333       0.666666666666667       0.333333333333333     
  0.000000000000000E+000   1.00000000000000                          1
                   662                   165                   142
                    70                   135  0.333333333333333     
 -0.333333333333333        1.00000000000000       0.333333333333333     
  0.000000000000000E+000   1.00000000000000       0.333333333333333     
 -0.333333333333333       0.666666666666667       0.000000000000000E+000
 -0.333333333333333        1.00000000000000                          1
                   663                   165                    70
                   113                   107  0.333333333333333     
 -0.333333333333333        1.00000000000000       0.333333333333333     
 -0.333333333333333       0.666666666666667       0.666666666666667     
 -0.333333333333333       0.666666666666667       0.333333333333333     
 -0.666666666666667       0.666666666666667                          1
                   664                   165                    70
                   107                   135  0.333333333333333     
 -0.333333333333333        1.00000000000000       0.333333333333333     
 -0.333333333333333       0.666666666666667       0.333333333333333     
 -0.666666666666667       0.666666666666667       0.000000000000000E+000
 -0.333333333333333        1.00000000000000                          1
                   665                   166                   116
                   143                    73  0.333333333333333     
   1.00000000000000      -0.333333333333333       0.666666666666667     
  0.666666666666667      -0.333333333333333       0.333333333333333     
   1.00000000000000       0.000000000000000E+000  0.333333333333333     
  0.666666666666667      -0.333333333333333                          1
                   666                   166                   143
                   138                    73  0.333333333333333     
   1.00000000000000      -0.333333333333333       0.333333333333333     
   1.00000000000000       0.000000000000000E+000  0.000000000000000E+000
   1.00000000000000      -0.333333333333333       0.333333333333333     
  0.666666666666667      -0.333333333333333                          1
                   667                   166                   108
                   116                    73  0.333333333333333     
   1.00000000000000      -0.333333333333333       0.333333333333333     
  0.666666666666667      -0.666666666666667       0.666666666666667     
  0.666666666666667      -0.333333333333333       0.333333333333333     
  0.666666666666667      -0.333333333333333                          1
                   668                   166                   108
                    73                   138  0.333333333333333     
   1.00000000000000      -0.333333333333333       0.333333333333333     
  0.666666666666667      -0.666666666666667       0.333333333333333     
  0.666666666666667      -0.333333333333333       0.000000000000000E+000
   1.00000000000000      -0.333333333333333                          1
                   669                   167                    74
                   139                   143  0.333333333333333     
   1.00000000000000       0.333333333333333       0.333333333333333     
  0.666666666666667       0.333333333333333       0.000000000000000E+000
   1.00000000000000       0.333333333333333       0.333333333333333     
   1.00000000000000       0.000000000000000E+000                     1
                   670                   167                    74
                   143                   117  0.333333333333333     
   1.00000000000000       0.333333333333333       0.333333333333333     
  0.666666666666667       0.333333333333333       0.333333333333333     
   1.00000000000000       0.000000000000000E+000  0.666666666666667     
  0.666666666666667       0.333333333333333                          1
                   671                   167                   109
                    74                   117  0.333333333333333     
   1.00000000000000       0.333333333333333       0.333333333333333     
  0.666666666666667       0.666666666666667       0.333333333333333     
  0.666666666666667       0.333333333333333       0.666666666666667     
  0.666666666666667       0.333333333333333                          1
                   672                   167                   109
                   139                    74  0.333333333333333     
   1.00000000000000       0.333333333333333       0.333333333333333     
  0.666666666666667       0.666666666666667       0.000000000000000E+000
   1.00000000000000       0.333333333333333       0.333333333333333     
  0.666666666666667       0.333333333333333                          1
                   673                   168                   112
                    81                   145   1.00000000000000     
 -0.333333333333333      -0.333333333333333       0.666666666666667     
 -0.333333333333333      -0.666666666666667       0.666666666666667     
 -0.333333333333333      -0.333333333333333        1.00000000000000     
  0.000000000000000E+000 -0.333333333333333                          1
                   674                   168                   145
                    81                   144   1.00000000000000     
 -0.333333333333333      -0.333333333333333        1.00000000000000     
  0.000000000000000E+000 -0.333333333333333       0.666666666666667     
 -0.333333333333333      -0.333333333333333        1.00000000000000     
 -0.333333333333333       0.000000000000000E+000                     1
                   675                   168                    81
                   112                   110   1.00000000000000     
 -0.333333333333333      -0.333333333333333       0.666666666666667     
 -0.333333333333333      -0.333333333333333       0.666666666666667     
 -0.333333333333333      -0.666666666666667       0.666666666666667     
 -0.666666666666667      -0.333333333333333                          1
                   676                   168                    81
                   110                   144   1.00000000000000     
 -0.333333333333333      -0.333333333333333       0.666666666666667     
 -0.333333333333333      -0.333333333333333       0.666666666666667     
 -0.666666666666667      -0.333333333333333        1.00000000000000     
 -0.333333333333333       0.000000000000000E+000                     1
                   677                   169                   144
                    75                   146   1.00000000000000     
 -0.333333333333333       0.333333333333333        1.00000000000000     
 -0.333333333333333       0.000000000000000E+000  0.666666666666667     
 -0.333333333333333       0.333333333333333        1.00000000000000     
  0.000000000000000E+000  0.333333333333333                          1
                   678                   169                   146
                    75                   113   1.00000000000000     
 -0.333333333333333       0.333333333333333        1.00000000000000     
  0.000000000000000E+000  0.333333333333333       0.666666666666667     
 -0.333333333333333       0.333333333333333       0.666666666666667     
 -0.333333333333333       0.666666666666667                          1
                   679                   169                    75
                   111                   113   1.00000000000000     
 -0.333333333333333       0.333333333333333       0.666666666666667     
 -0.333333333333333       0.333333333333333       0.666666666666667     
 -0.666666666666667       0.333333333333333       0.666666666666667     
 -0.333333333333333       0.666666666666667                          1
                   680                   169                    75
                   144                   111   1.00000000000000     
 -0.333333333333333       0.333333333333333       0.666666666666667     
 -0.333333333333333       0.333333333333333        1.00000000000000     
 -0.333333333333333       0.000000000000000E+000  0.666666666666667     
 -0.666666666666667       0.333333333333333                          1
                   681                   170                    76
                   145                   147   1.00000000000000     
  0.333333333333333      -0.333333333333333       0.666666666666667     
  0.333333333333333      -0.333333333333333        1.00000000000000     
  0.000000000000000E+000 -0.333333333333333        1.00000000000000     
  0.333333333333333       0.000000000000000E+000                     1
                   682                   170                    76
                   147                   116   1.00000000000000     
  0.333333333333333      -0.333333333333333       0.666666666666667     
  0.333333333333333      -0.333333333333333        1.00000000000000     
  0.333333333333333       0.000000000000000E+000  0.666666666666667     
  0.666666666666667      -0.333333333333333                          1
                   683                   170                   114
                    76                   116   1.00000000000000     
  0.333333333333333      -0.333333333333333       0.666666666666667     
  0.333333333333333      -0.666666666666667       0.666666666666667     
  0.333333333333333      -0.333333333333333       0.666666666666667     
  0.666666666666667      -0.333333333333333                          1
                   684                   170                   114
                   145                    76   1.00000000000000     
  0.333333333333333      -0.333333333333333       0.666666666666667     
  0.333333333333333      -0.666666666666667        1.00000000000000     
  0.000000000000000E+000 -0.333333333333333       0.666666666666667     
  0.333333333333333      -0.333333333333333                          1
                   685                   171                    77
                   117                   147   1.00000000000000     
  0.333333333333333       0.333333333333333       0.666666666666667     
  0.333333333333333       0.333333333333333       0.666666666666667     
  0.666666666666667       0.333333333333333        1.00000000000000     
  0.333333333333333       0.000000000000000E+000                     1
                   686                   171                    77
                   147                   146   1.00000000000000     
  0.333333333333333       0.333333333333333       0.666666666666667     
  0.333333333333333       0.333333333333333        1.00000000000000     
  0.333333333333333       0.000000000000000E+000   1.00000000000000     
  0.000000000000000E+000  0.333333333333333                          1
                   687                   171                   117
                    77                   115   1.00000000000000     
  0.333333333333333       0.333333333333333       0.666666666666667     
  0.666666666666667       0.333333333333333       0.666666666666667     
  0.333333333333333       0.333333333333333       0.666666666666667     
  0.333333333333333       0.666666666666667                          1
                   688                   171                   146
                   115                    77   1.00000000000000     
  0.333333333333333       0.333333333333333        1.00000000000000     
  0.000000000000000E+000  0.333333333333333       0.666666666666667     
  0.333333333333333       0.666666666666667       0.666666666666667     
  0.333333333333333       0.333333333333333                          1
                   689                   172                    94
                   102                    96 -0.666666666666667     
 -0.666666666666667      -0.666666666666667      -0.666666666666667     
 -0.666666666666667      -0.333333333333333      -0.333333333333333     
 -0.666666666666667      -0.666666666666667      -0.666666666666667     
 -0.333333333333333      -0.666666666666667                          1
                   690                   172                    96
                   150                    94 -0.666666666666667     
 -0.666666666666667      -0.666666666666667      -0.666666666666667     
 -0.333333333333333      -0.666666666666667       -1.00000000000000     
 -0.333333333333333      -0.333333333333333      -0.666666666666667     
 -0.666666666666667      -0.333333333333333                          1
                   691                   172                   102
                    94                   154 -0.666666666666667     
 -0.666666666666667      -0.666666666666667      -0.333333333333333     
 -0.666666666666667      -0.666666666666667      -0.666666666666667     
 -0.666666666666667      -0.333333333333333      -0.333333333333333     
  -1.00000000000000      -0.333333333333333                          1
                   692                   172                   102
                   156                    96 -0.666666666666667     
 -0.666666666666667      -0.666666666666667      -0.333333333333333     
 -0.666666666666667      -0.666666666666667      -0.333333333333333     
 -0.333333333333333       -1.00000000000000      -0.666666666666667     
 -0.333333333333333      -0.666666666666667                          1
                   693                   173                    95
                    97                   103 -0.666666666666667     
 -0.666666666666667       0.666666666666667      -0.666666666666667     
 -0.666666666666667       0.333333333333333      -0.666666666666667     
 -0.333333333333333       0.666666666666667      -0.333333333333333     
 -0.666666666666667       0.666666666666667                          1
                   694                   173                    97
                    95                   151 -0.666666666666667     
 -0.666666666666667       0.666666666666667      -0.666666666666667     
 -0.333333333333333       0.666666666666667      -0.666666666666667     
 -0.666666666666667       0.333333333333333       -1.00000000000000     
 -0.333333333333333       0.333333333333333                          1
                   695                   173                   155
                    95                   103 -0.666666666666667     
 -0.666666666666667       0.666666666666667      -0.333333333333333     
  -1.00000000000000       0.333333333333333      -0.666666666666667     
 -0.666666666666667       0.333333333333333      -0.333333333333333     
 -0.666666666666667       0.666666666666667                          1
                   696                   173                   103
                    97                   157 -0.666666666666667     
 -0.666666666666667       0.666666666666667      -0.333333333333333     
 -0.666666666666667       0.666666666666667      -0.666666666666667     
 -0.333333333333333       0.666666666666667      -0.333333333333333     
 -0.333333333333333        1.00000000000000                          1
                   697                   174                    98
                   104                   100 -0.666666666666667     
  0.666666666666667      -0.666666666666667      -0.666666666666667     
  0.333333333333333      -0.666666666666667      -0.333333333333333     
  0.666666666666667      -0.666666666666667      -0.666666666666667     
  0.666666666666667      -0.333333333333333                          1
                   698                   174                   100
                   152                    98 -0.666666666666667     
  0.666666666666667      -0.666666666666667      -0.666666666666667     
  0.666666666666667      -0.333333333333333       -1.00000000000000     
  0.333333333333333      -0.333333333333333      -0.666666666666667     
  0.333333333333333      -0.666666666666667                          1
                   699                   174                   104
                    98                   158 -0.666666666666667     
  0.666666666666667      -0.666666666666667      -0.333333333333333     
  0.666666666666667      -0.666666666666667      -0.666666666666667     
  0.333333333333333      -0.666666666666667      -0.333333333333333     
  0.333333333333333       -1.00000000000000                          1
                   700                   174                   104
                   160                   100 -0.666666666666667     
  0.666666666666667      -0.666666666666667      -0.333333333333333     
  0.666666666666667      -0.666666666666667      -0.333333333333333     
   1.00000000000000      -0.333333333333333      -0.666666666666667     
  0.666666666666667      -0.333333333333333                          1
                   701                   175                    99
                   101                   105 -0.666666666666667     
  0.666666666666667       0.666666666666667      -0.666666666666667     
  0.333333333333333       0.666666666666667      -0.666666666666667     
  0.666666666666667       0.333333333333333      -0.333333333333333     
  0.666666666666667       0.666666666666667                          1
                   702                   175                   153
                   101                    99 -0.666666666666667     
  0.666666666666667       0.666666666666667       -1.00000000000000     
  0.333333333333333       0.333333333333333      -0.666666666666667     
  0.666666666666667       0.333333333333333      -0.666666666666667     
  0.333333333333333       0.666666666666667                          1
                   703                   175                   159
                    99                   105 -0.666666666666667     
  0.666666666666667       0.666666666666667      -0.333333333333333     
  0.333333333333333        1.00000000000000      -0.666666666666667     
  0.333333333333333       0.666666666666667      -0.333333333333333     
  0.666666666666667       0.666666666666667                          1
                   704                   175                   105
                   101                   161 -0.666666666666667     
  0.666666666666667       0.666666666666667      -0.333333333333333     
  0.666666666666667       0.666666666666667      -0.666666666666667     
  0.666666666666667       0.333333333333333      -0.333333333333333     
   1.00000000000000       0.333333333333333                          1
                   705                   176                   110
                   112                   106  0.666666666666667     
 -0.666666666666667      -0.666666666666667       0.666666666666667     
 -0.666666666666667      -0.333333333333333       0.666666666666667     
 -0.333333333333333      -0.666666666666667       0.333333333333333     
 -0.666666666666667      -0.666666666666667                          1
                   706                   176                   106
                   162                   110  0.666666666666667     
 -0.666666666666667      -0.666666666666667       0.333333333333333     
 -0.666666666666667      -0.666666666666667       0.333333333333333     
  -1.00000000000000      -0.333333333333333       0.666666666666667     
 -0.666666666666667      -0.333333333333333                          1
                   707                   176                   106
                   112                   164  0.666666666666667     
 -0.666666666666667      -0.666666666666667       0.333333333333333     
 -0.666666666666667      -0.666666666666667       0.666666666666667     
 -0.333333333333333      -0.666666666666667       0.333333333333333     
 -0.333333333333333       -1.00000000000000                          1
                   708                   176                   110
                   168                   112  0.666666666666667     
 -0.666666666666667      -0.666666666666667       0.666666666666667     
 -0.666666666666667      -0.333333333333333        1.00000000000000     
 -0.333333333333333      -0.333333333333333       0.666666666666667     
 -0.333333333333333      -0.666666666666667                          1
                   709                   177                   113
                   111                   107  0.666666666666667     
 -0.666666666666667       0.666666666666667       0.666666666666667     
 -0.333333333333333       0.666666666666667       0.666666666666667     
 -0.666666666666667       0.333333333333333       0.333333333333333     
 -0.666666666666667       0.666666666666667                          1
                   710                   177                   111
                   163                   107  0.666666666666667     
 -0.666666666666667       0.666666666666667       0.666666666666667     
 -0.666666666666667       0.333333333333333       0.333333333333333     
  -1.00000000000000       0.333333333333333       0.333333333333333     
 -0.666666666666667       0.666666666666667                          1
                   711                   177                   107
                   165                   113  0.666666666666667     
 -0.666666666666667       0.666666666666667       0.333333333333333     
 -0.666666666666667       0.666666666666667       0.333333333333333     
 -0.333333333333333        1.00000000000000       0.666666666666667     
 -0.333333333333333       0.666666666666667                          1
                   712                   177                   169
                   111                   113  0.666666666666667     
 -0.666666666666667       0.666666666666667        1.00000000000000     
 -0.333333333333333       0.333333333333333       0.666666666666667     
 -0.666666666666667       0.333333333333333       0.666666666666667     
 -0.333333333333333       0.666666666666667                          1
                   713                   178                   116
                   108                   114  0.666666666666667     
  0.666666666666667      -0.666666666666667       0.666666666666667     
  0.666666666666667      -0.333333333333333       0.333333333333333     
  0.666666666666667      -0.666666666666667       0.666666666666667     
  0.333333333333333      -0.666666666666667                          1
                   714                   178                   108
                   148                   114  0.666666666666667     
  0.666666666666667      -0.666666666666667       0.333333333333333     
  0.666666666666667      -0.666666666666667       0.333333333333333     
  0.333333333333333       -1.00000000000000       0.666666666666667     
  0.333333333333333      -0.666666666666667                          1
                   715                   178                   116
                   166                   108  0.666666666666667     
  0.666666666666667      -0.666666666666667       0.666666666666667     
  0.666666666666667      -0.333333333333333       0.333333333333333     
   1.00000000000000      -0.333333333333333       0.333333333333333     
  0.666666666666667      -0.666666666666667                          1
                   716                   178                   170
                   116                   114  0.666666666666667     
  0.666666666666667      -0.666666666666667        1.00000000000000     
  0.333333333333333      -0.333333333333333       0.666666666666667     
  0.666666666666667      -0.333333333333333       0.666666666666667     
  0.333333333333333      -0.666666666666667                          1
                   717                   179                   115
                   109                   117  0.666666666666667     
  0.666666666666667       0.666666666666667       0.666666666666667     
  0.333333333333333       0.666666666666667       0.333333333333333     
  0.666666666666667       0.666666666666667       0.666666666666667     
  0.666666666666667       0.333333333333333                          1
                   718                   179                   109
                   115                   149  0.666666666666667     
  0.666666666666667       0.666666666666667       0.333333333333333     
  0.666666666666667       0.666666666666667       0.666666666666667     
  0.333333333333333       0.666666666666667       0.333333333333333     
  0.333333333333333        1.00000000000000                          1
                   719                   179                   167
                   117                   109  0.666666666666667     
  0.666666666666667       0.666666666666667       0.333333333333333     
   1.00000000000000       0.333333333333333       0.666666666666667     
  0.666666666666667       0.333333333333333       0.333333333333333     
  0.666666666666667       0.666666666666667                          1
                   720                   179                   115
                   117                   171  0.666666666666667     
  0.666666666666667       0.666666666666667       0.666666666666667     
  0.333333333333333       0.666666666666667       0.666666666666667     
  0.666666666666667       0.333333333333333        1.00000000000000     
  0.333333333333333       0.333333333333333                          1
                   721                   180                   124
                    95                    82  -1.00000000000000     
 -0.666666666666667       0.000000000000000E+000  -1.00000000000000     
 -0.333333333333333       0.000000000000000E+000 -0.666666666666667     
 -0.666666666666667       0.333333333333333      -0.666666666666667     
 -0.666666666666667       0.000000000000000E+000                     1
                   722                   180                    82
                    94                   124  -1.00000000000000     
 -0.666666666666667       0.000000000000000E+000 -0.666666666666667     
 -0.666666666666667       0.000000000000000E+000 -0.666666666666667     
 -0.666666666666667      -0.333333333333333       -1.00000000000000     
 -0.333333333333333       0.000000000000000E+000                     1
                   723                   180                    95
                   124                   151  -1.00000000000000     
 -0.666666666666667       0.000000000000000E+000 -0.666666666666667     
 -0.666666666666667       0.333333333333333       -1.00000000000000     
 -0.333333333333333       0.000000000000000E+000  -1.00000000000000     
 -0.333333333333333       0.333333333333333                          1
                   724                   180                   150
                   124                    94  -1.00000000000000     
 -0.666666666666667       0.000000000000000E+000  -1.00000000000000     
 -0.333333333333333      -0.333333333333333       -1.00000000000000     
 -0.333333333333333       0.000000000000000E+000 -0.666666666666667     
 -0.666666666666667      -0.333333333333333                          1
                   725                   181                    98
                   125                    83  -1.00000000000000     
  0.000000000000000E+000 -0.666666666666667      -0.666666666666667     
  0.333333333333333      -0.666666666666667       -1.00000000000000     
  0.000000000000000E+000 -0.333333333333333      -0.666666666666667     
  0.000000000000000E+000 -0.666666666666667                          1
                   726                   181                    96
                    83                   125  -1.00000000000000     
  0.000000000000000E+000 -0.666666666666667      -0.666666666666667     
 -0.333333333333333      -0.666666666666667      -0.666666666666667     
  0.000000000000000E+000 -0.666666666666667       -1.00000000000000     
  0.000000000000000E+000 -0.333333333333333                          1
                   727                   181                   152
                   125                    98  -1.00000000000000     
  0.000000000000000E+000 -0.666666666666667       -1.00000000000000     
  0.333333333333333      -0.333333333333333       -1.00000000000000     
  0.000000000000000E+000 -0.333333333333333      -0.666666666666667     
  0.333333333333333      -0.666666666666667                          1
                   728                   181                    96
                   125                   150  -1.00000000000000     
  0.000000000000000E+000 -0.666666666666667      -0.666666666666667     
 -0.333333333333333      -0.666666666666667       -1.00000000000000     
  0.000000000000000E+000 -0.333333333333333       -1.00000000000000     
 -0.333333333333333      -0.333333333333333                          1
                   729                   182                    97
                   126                    84  -1.00000000000000     
  0.000000000000000E+000  0.666666666666667      -0.666666666666667     
 -0.333333333333333       0.666666666666667       -1.00000000000000     
  0.000000000000000E+000  0.333333333333333      -0.666666666666667     
  0.000000000000000E+000  0.666666666666667                          1
                   730                   182                    99
                    84                   126  -1.00000000000000     
  0.000000000000000E+000  0.666666666666667      -0.666666666666667     
  0.333333333333333       0.666666666666667      -0.666666666666667     
  0.000000000000000E+000  0.666666666666667       -1.00000000000000     
  0.000000000000000E+000  0.333333333333333                          1
                   731                   182                    97
                   151                   126  -1.00000000000000     
  0.000000000000000E+000  0.666666666666667      -0.666666666666667     
 -0.333333333333333       0.666666666666667       -1.00000000000000     
 -0.333333333333333       0.333333333333333       -1.00000000000000     
  0.000000000000000E+000  0.333333333333333                          1
                   732                   182                   126
                   153                    99  -1.00000000000000     
  0.000000000000000E+000  0.666666666666667       -1.00000000000000     
  0.000000000000000E+000  0.333333333333333       -1.00000000000000     
  0.333333333333333       0.333333333333333      -0.666666666666667     
  0.333333333333333       0.666666666666667                          1
                   733                   183                   100
                    85                   127  -1.00000000000000     
  0.666666666666667       0.000000000000000E+000 -0.666666666666667     
  0.666666666666667      -0.333333333333333      -0.666666666666667     
  0.666666666666667       0.000000000000000E+000  -1.00000000000000     
  0.333333333333333       0.000000000000000E+000                     1
                   734                   183                   127
                    85                   101  -1.00000000000000     
  0.666666666666667       0.000000000000000E+000  -1.00000000000000     
  0.333333333333333       0.000000000000000E+000 -0.666666666666667     
  0.666666666666667       0.000000000000000E+000 -0.666666666666667     
  0.666666666666667       0.333333333333333                          1
                   735                   183                   100
                   127                   152  -1.00000000000000     
  0.666666666666667       0.000000000000000E+000 -0.666666666666667     
  0.666666666666667      -0.333333333333333       -1.00000000000000     
  0.333333333333333       0.000000000000000E+000  -1.00000000000000     
  0.333333333333333      -0.333333333333333                          1
                   736                   183                   153
                   127                   101  -1.00000000000000     
  0.666666666666667       0.000000000000000E+000  -1.00000000000000     
  0.333333333333333       0.333333333333333       -1.00000000000000     
  0.333333333333333       0.000000000000000E+000 -0.666666666666667     
  0.666666666666667       0.333333333333333                          1
                   737                   184                   128
                    95                   155 -0.666666666666667     
  -1.00000000000000       0.000000000000000E+000 -0.333333333333333     
  -1.00000000000000       0.000000000000000E+000 -0.666666666666667     
 -0.666666666666667       0.333333333333333      -0.333333333333333     
  -1.00000000000000       0.333333333333333                          1
                   738                   184                   154
                    94                   128 -0.666666666666667     
  -1.00000000000000       0.000000000000000E+000 -0.333333333333333     
  -1.00000000000000      -0.333333333333333      -0.666666666666667     
 -0.666666666666667      -0.333333333333333      -0.333333333333333     
  -1.00000000000000       0.000000000000000E+000                     1
                   739                   184                    95
                   128                    82 -0.666666666666667     
  -1.00000000000000       0.000000000000000E+000 -0.666666666666667     
 -0.666666666666667       0.333333333333333      -0.333333333333333     
  -1.00000000000000       0.000000000000000E+000 -0.666666666666667     
 -0.666666666666667       0.000000000000000E+000                     1
                   740                   184                    95
                    82                   180 -0.666666666666667     
  -1.00000000000000       0.000000000000000E+000 -0.666666666666667     
 -0.666666666666667       0.333333333333333      -0.666666666666667     
 -0.666666666666667       0.000000000000000E+000  -1.00000000000000     
 -0.666666666666667       0.000000000000000E+000                     1
                   741                   184                   128
                    94                    82 -0.666666666666667     
  -1.00000000000000       0.000000000000000E+000 -0.333333333333333     
  -1.00000000000000       0.000000000000000E+000 -0.666666666666667     
 -0.666666666666667      -0.333333333333333      -0.666666666666667     
 -0.666666666666667       0.000000000000000E+000                     1
                   742                   184                   180
                    82                    94 -0.666666666666667     
  -1.00000000000000       0.000000000000000E+000  -1.00000000000000     
 -0.666666666666667       0.000000000000000E+000 -0.666666666666667     
 -0.666666666666667       0.000000000000000E+000 -0.666666666666667     
 -0.666666666666667      -0.333333333333333                          1
                   743                   185                   158
                    98                   129 -0.666666666666667     
  0.000000000000000E+000  -1.00000000000000      -0.333333333333333     
  0.333333333333333       -1.00000000000000      -0.666666666666667     
  0.333333333333333      -0.666666666666667      -0.333333333333333     
  0.000000000000000E+000  -1.00000000000000                          1
                   744                   185                    96
                   156                   129 -0.666666666666667     
  0.000000000000000E+000  -1.00000000000000      -0.666666666666667     
 -0.333333333333333      -0.666666666666667      -0.333333333333333     
 -0.333333333333333       -1.00000000000000      -0.333333333333333     
  0.000000000000000E+000  -1.00000000000000                          1
                   745                   185                    98
                    83                   129 -0.666666666666667     
  0.000000000000000E+000  -1.00000000000000      -0.666666666666667     
  0.333333333333333      -0.666666666666667      -0.666666666666667     
  0.000000000000000E+000 -0.666666666666667      -0.333333333333333     
  0.000000000000000E+000  -1.00000000000000                          1
                   746                   185                    98
                   181                    83 -0.666666666666667     
  0.000000000000000E+000  -1.00000000000000      -0.666666666666667     
  0.333333333333333      -0.666666666666667       -1.00000000000000     
  0.000000000000000E+000 -0.666666666666667      -0.666666666666667     
  0.000000000000000E+000 -0.666666666666667                          1
                   747                   185                   129
                    83                    96 -0.666666666666667     
  0.000000000000000E+000  -1.00000000000000      -0.333333333333333     
  0.000000000000000E+000  -1.00000000000000      -0.666666666666667     
  0.000000000000000E+000 -0.666666666666667      -0.666666666666667     
 -0.333333333333333      -0.666666666666667                          1
                   748                   185                   181
                    96                    83 -0.666666666666667     
  0.000000000000000E+000  -1.00000000000000       -1.00000000000000     
  0.000000000000000E+000 -0.666666666666667      -0.666666666666667     
 -0.333333333333333      -0.666666666666667      -0.666666666666667     
  0.000000000000000E+000 -0.666666666666667                          1
                   749                   186                   157
                    97                   130 -0.666666666666667     
  0.000000000000000E+000   1.00000000000000      -0.333333333333333     
 -0.333333333333333        1.00000000000000      -0.666666666666667     
 -0.333333333333333       0.666666666666667      -0.333333333333333     
  0.000000000000000E+000   1.00000000000000                          1
                   750                   186                   130
                    99                   159 -0.666666666666667     
  0.000000000000000E+000   1.00000000000000      -0.333333333333333     
  0.000000000000000E+000   1.00000000000000      -0.666666666666667     
  0.333333333333333       0.666666666666667      -0.333333333333333     
  0.333333333333333        1.00000000000000                          1
                   751                   186                    97
                    84                   130 -0.666666666666667     
  0.000000000000000E+000   1.00000000000000      -0.666666666666667     
 -0.333333333333333       0.666666666666667      -0.666666666666667     
  0.000000000000000E+000  0.666666666666667      -0.333333333333333     
  0.000000000000000E+000   1.00000000000000                          1
                   752                   186                    97
                   182                    84 -0.666666666666667     
  0.000000000000000E+000   1.00000000000000      -0.666666666666667     
 -0.333333333333333       0.666666666666667       -1.00000000000000     
  0.000000000000000E+000  0.666666666666667      -0.666666666666667     
  0.000000000000000E+000  0.666666666666667                          1
                   753                   186                   130
                    84                    99 -0.666666666666667     
  0.000000000000000E+000   1.00000000000000      -0.333333333333333     
  0.000000000000000E+000   1.00000000000000      -0.666666666666667     
  0.000000000000000E+000  0.666666666666667      -0.666666666666667     
  0.333333333333333       0.666666666666667                          1
                   754                   186                   182
                    99                    84 -0.666666666666667     
  0.000000000000000E+000   1.00000000000000       -1.00000000000000     
  0.000000000000000E+000  0.666666666666667      -0.666666666666667     
  0.333333333333333       0.666666666666667      -0.666666666666667     
  0.000000000000000E+000  0.666666666666667                          1
                   755                   187                   100
                   160                   131 -0.666666666666667     
   1.00000000000000       0.000000000000000E+000 -0.666666666666667     
  0.666666666666667      -0.333333333333333      -0.333333333333333     
   1.00000000000000      -0.333333333333333      -0.333333333333333     
   1.00000000000000       0.000000000000000E+000                     1
                   756                   187                   161
                   101                   131 -0.666666666666667     
   1.00000000000000       0.000000000000000E+000 -0.333333333333333     
   1.00000000000000       0.333333333333333      -0.666666666666667     
  0.666666666666667       0.333333333333333      -0.333333333333333     
   1.00000000000000       0.000000000000000E+000                     1
                   757                   187                   131
                    85                   100 -0.666666666666667     
   1.00000000000000       0.000000000000000E+000 -0.333333333333333     
   1.00000000000000       0.000000000000000E+000 -0.666666666666667     
  0.666666666666667       0.000000000000000E+000 -0.666666666666667     
  0.666666666666667      -0.333333333333333                          1
                   758                   187                   183
                   100                    85 -0.666666666666667     
   1.00000000000000       0.000000000000000E+000  -1.00000000000000     
  0.666666666666667       0.000000000000000E+000 -0.666666666666667     
  0.666666666666667      -0.333333333333333      -0.666666666666667     
  0.666666666666667       0.000000000000000E+000                     1
                   759                   187                    85
                   131                   101 -0.666666666666667     
   1.00000000000000       0.000000000000000E+000 -0.666666666666667     
  0.666666666666667       0.000000000000000E+000 -0.333333333333333     
   1.00000000000000       0.000000000000000E+000 -0.666666666666667     
  0.666666666666667       0.333333333333333                          1
                   760                   187                    85
                   101                   183 -0.666666666666667     
   1.00000000000000       0.000000000000000E+000 -0.666666666666667     
  0.666666666666667       0.000000000000000E+000 -0.666666666666667     
  0.666666666666667       0.333333333333333       -1.00000000000000     
  0.666666666666667       0.000000000000000E+000                     1
                   761                   188                    86
                   132                   106  0.000000000000000E+000
  -1.00000000000000      -0.666666666666667       0.000000000000000E+000
 -0.666666666666667      -0.666666666666667       0.000000000000000E+000
  -1.00000000000000      -0.333333333333333       0.333333333333333     
 -0.666666666666667      -0.666666666666667                          1
                   762                   188                   102
                   132                    86  0.000000000000000E+000
  -1.00000000000000      -0.666666666666667      -0.333333333333333     
 -0.666666666666667      -0.666666666666667       0.000000000000000E+000
  -1.00000000000000      -0.333333333333333       0.000000000000000E+000
 -0.666666666666667      -0.666666666666667                          1
                   763                   188                   162
                   106                   132  0.000000000000000E+000
  -1.00000000000000      -0.666666666666667       0.333333333333333     
  -1.00000000000000      -0.333333333333333       0.333333333333333     
 -0.666666666666667      -0.666666666666667       0.000000000000000E+000
  -1.00000000000000      -0.333333333333333                          1
                   764                   188                   102
                   154                   132  0.000000000000000E+000
  -1.00000000000000      -0.666666666666667      -0.333333333333333     
 -0.666666666666667      -0.666666666666667      -0.333333333333333     
  -1.00000000000000      -0.333333333333333       0.000000000000000E+000
  -1.00000000000000      -0.333333333333333                          1
                   765                   189                   133
                   103                    87  0.000000000000000E+000
  -1.00000000000000       0.666666666666667       0.000000000000000E+000
  -1.00000000000000       0.333333333333333      -0.333333333333333     
 -0.666666666666667       0.666666666666667       0.000000000000000E+000
 -0.666666666666667       0.666666666666667                          1
                   766                   189                   133
                    87                   107  0.000000000000000E+000
  -1.00000000000000       0.666666666666667       0.000000000000000E+000
  -1.00000000000000       0.333333333333333       0.000000000000000E+000
 -0.666666666666667       0.666666666666667       0.333333333333333     
 -0.666666666666667       0.666666666666667                          1
                   767                   189                   155
                   103                   133  0.000000000000000E+000
  -1.00000000000000       0.666666666666667      -0.333333333333333     
  -1.00000000000000       0.333333333333333      -0.333333333333333     
 -0.666666666666667       0.666666666666667       0.000000000000000E+000
  -1.00000000000000       0.333333333333333                          1
                   768                   189                   163
                   133                   107  0.000000000000000E+000
  -1.00000000000000       0.666666666666667       0.333333333333333     
  -1.00000000000000       0.333333333333333       0.000000000000000E+000
  -1.00000000000000       0.333333333333333       0.333333333333333     
 -0.666666666666667       0.666666666666667                          1
                   769                   190                   164
                   134                   106  0.000000000000000E+000
 -0.666666666666667       -1.00000000000000       0.333333333333333     
 -0.333333333333333       -1.00000000000000       0.000000000000000E+000
 -0.333333333333333       -1.00000000000000       0.333333333333333     
 -0.666666666666667      -0.666666666666667                          1
                   770                   190                   156
                   102                   134  0.000000000000000E+000
 -0.666666666666667       -1.00000000000000      -0.333333333333333     
 -0.333333333333333       -1.00000000000000      -0.333333333333333     
 -0.666666666666667      -0.666666666666667       0.000000000000000E+000
 -0.333333333333333       -1.00000000000000                          1
                   771                   190                    86
                   106                   134  0.000000000000000E+000
 -0.666666666666667       -1.00000000000000       0.000000000000000E+000
 -0.666666666666667      -0.666666666666667       0.333333333333333     
 -0.666666666666667      -0.666666666666667       0.000000000000000E+000
 -0.333333333333333       -1.00000000000000                          1
                   772                   190                    86
                   188                   106  0.000000000000000E+000
 -0.666666666666667       -1.00000000000000       0.000000000000000E+000
 -0.666666666666667      -0.666666666666667       0.000000000000000E+000
  -1.00000000000000      -0.666666666666667       0.333333333333333     
 -0.666666666666667      -0.666666666666667                          1
                   773                   190                   134
                   102                    86  0.000000000000000E+000
 -0.666666666666667       -1.00000000000000       0.000000000000000E+000
 -0.333333333333333       -1.00000000000000      -0.333333333333333     
 -0.666666666666667      -0.666666666666667       0.000000000000000E+000
 -0.666666666666667      -0.666666666666667                          1
                   774                   190                   188
                    86                   102  0.000000000000000E+000
 -0.666666666666667       -1.00000000000000       0.000000000000000E+000
  -1.00000000000000      -0.666666666666667       0.000000000000000E+000
 -0.666666666666667      -0.666666666666667      -0.333333333333333     
 -0.666666666666667      -0.666666666666667                          1
                   775                   191                   135
                   103                   157  0.000000000000000E+000
 -0.666666666666667        1.00000000000000       0.000000000000000E+000
 -0.333333333333333        1.00000000000000      -0.333333333333333     
 -0.666666666666667       0.666666666666667      -0.333333333333333     
 -0.333333333333333        1.00000000000000                          1
                   776                   191                   135
                   165                   107  0.000000000000000E+000
 -0.666666666666667        1.00000000000000       0.000000000000000E+000
 -0.333333333333333        1.00000000000000       0.333333333333333     
 -0.333333333333333        1.00000000000000       0.333333333333333     
 -0.666666666666667       0.666666666666667                          1
                   777                   191                    87
                   103                   135  0.000000000000000E+000
 -0.666666666666667        1.00000000000000       0.000000000000000E+000
 -0.666666666666667       0.666666666666667      -0.333333333333333     
 -0.666666666666667       0.666666666666667       0.000000000000000E+000
 -0.333333333333333        1.00000000000000                          1
                   778                   191                    87
                   189                   103  0.000000000000000E+000
 -0.666666666666667        1.00000000000000       0.000000000000000E+000
 -0.666666666666667       0.666666666666667       0.000000000000000E+000
  -1.00000000000000       0.666666666666667      -0.333333333333333     
 -0.666666666666667       0.666666666666667                          1
                   779                   191                    87
                   135                   107  0.000000000000000E+000
 -0.666666666666667        1.00000000000000       0.000000000000000E+000
 -0.666666666666667       0.666666666666667       0.000000000000000E+000
 -0.333333333333333        1.00000000000000       0.333333333333333     
 -0.666666666666667       0.666666666666667                          1
                   780                   191                    87
                   107                   189  0.000000000000000E+000
 -0.666666666666667        1.00000000000000       0.000000000000000E+000
 -0.666666666666667       0.666666666666667       0.333333333333333     
 -0.666666666666667       0.666666666666667       0.000000000000000E+000
  -1.00000000000000       0.666666666666667                          1
                   781                   192                   104
                   136                    88  0.000000000000000E+000
  0.666666666666667       -1.00000000000000      -0.333333333333333     
  0.666666666666667      -0.666666666666667       0.000000000000000E+000
  0.333333333333333       -1.00000000000000       0.000000000000000E+000
  0.666666666666667      -0.666666666666667                          1
                   782                   192                   136
                   108                    88  0.000000000000000E+000
  0.666666666666667       -1.00000000000000       0.000000000000000E+000
  0.333333333333333       -1.00000000000000       0.333333333333333     
  0.666666666666667      -0.666666666666667       0.000000000000000E+000
  0.666666666666667      -0.666666666666667                          1
                   783                   192                   104
                   158                   136  0.000000000000000E+000
  0.666666666666667       -1.00000000000000      -0.333333333333333     
  0.666666666666667      -0.666666666666667      -0.333333333333333     
  0.333333333333333       -1.00000000000000       0.000000000000000E+000
  0.333333333333333       -1.00000000000000                          1
                   784                   192                   148
                   108                   136  0.000000000000000E+000
  0.666666666666667       -1.00000000000000       0.333333333333333     
  0.333333333333333       -1.00000000000000       0.333333333333333     
  0.666666666666667      -0.666666666666667       0.000000000000000E+000
  0.333333333333333       -1.00000000000000                          1
                   785                   193                   137
                   105                    89  0.000000000000000E+000
  0.666666666666667        1.00000000000000       0.000000000000000E+000
  0.333333333333333        1.00000000000000      -0.333333333333333     
  0.666666666666667       0.666666666666667       0.000000000000000E+000
  0.666666666666667       0.666666666666667                          1
                   786                   193                    89
                   109                   137  0.000000000000000E+000
  0.666666666666667        1.00000000000000       0.000000000000000E+000
  0.666666666666667       0.666666666666667       0.333333333333333     
  0.666666666666667       0.666666666666667       0.000000000000000E+000
  0.333333333333333        1.00000000000000                          1
                   787                   193                   159
                   105                   137  0.000000000000000E+000
  0.666666666666667        1.00000000000000      -0.333333333333333     
  0.333333333333333        1.00000000000000      -0.333333333333333     
  0.666666666666667       0.666666666666667       0.000000000000000E+000
  0.333333333333333        1.00000000000000                          1
                   788                   193                   137
                   109                   149  0.000000000000000E+000
  0.666666666666667        1.00000000000000       0.000000000000000E+000
  0.333333333333333        1.00000000000000       0.333333333333333     
  0.666666666666667       0.666666666666667       0.333333333333333     
  0.333333333333333        1.00000000000000                          1
                   789                   194                   160
                   104                   138  0.000000000000000E+000
   1.00000000000000      -0.666666666666667      -0.333333333333333     
   1.00000000000000      -0.333333333333333      -0.333333333333333     
  0.666666666666667      -0.666666666666667       0.000000000000000E+000
   1.00000000000000      -0.333333333333333                          1
                   790                   194                   108
                   166                   138  0.000000000000000E+000
   1.00000000000000      -0.666666666666667       0.333333333333333     
  0.666666666666667      -0.666666666666667       0.333333333333333     
   1.00000000000000      -0.333333333333333       0.000000000000000E+000
   1.00000000000000      -0.333333333333333                          1
                   791                   194                   138
                   104                    88  0.000000000000000E+000
   1.00000000000000      -0.666666666666667       0.000000000000000E+000
   1.00000000000000      -0.333333333333333      -0.333333333333333     
  0.666666666666667      -0.666666666666667       0.000000000000000E+000
  0.666666666666667      -0.666666666666667                          1
                   792                   194                   192
                    88                   104  0.000000000000000E+000
   1.00000000000000      -0.666666666666667       0.000000000000000E+000
  0.666666666666667       -1.00000000000000       0.000000000000000E+000
  0.666666666666667      -0.666666666666667      -0.333333333333333     
  0.666666666666667      -0.666666666666667                          1
                   793                   194                   108
                   138                    88  0.000000000000000E+000
   1.00000000000000      -0.666666666666667       0.333333333333333     
  0.666666666666667      -0.666666666666667       0.000000000000000E+000
   1.00000000000000      -0.333333333333333       0.000000000000000E+000
  0.666666666666667      -0.666666666666667                          1
                   794                   194                   108
                    88                   192  0.000000000000000E+000
   1.00000000000000      -0.666666666666667       0.333333333333333     
  0.666666666666667      -0.666666666666667       0.000000000000000E+000
  0.666666666666667      -0.666666666666667       0.000000000000000E+000
  0.666666666666667       -1.00000000000000                          1
                   795                   195                   139
                   105                   161  0.000000000000000E+000
   1.00000000000000       0.666666666666667       0.000000000000000E+000
   1.00000000000000       0.333333333333333      -0.333333333333333     
  0.666666666666667       0.666666666666667      -0.333333333333333     
   1.00000000000000       0.333333333333333                          1
                   796                   195                   109
                   139                   167  0.000000000000000E+000
   1.00000000000000       0.666666666666667       0.333333333333333     
  0.666666666666667       0.666666666666667       0.000000000000000E+000
   1.00000000000000       0.333333333333333       0.333333333333333     
   1.00000000000000       0.333333333333333                          1
                   797                   195                    89
                   105                   139  0.000000000000000E+000
   1.00000000000000       0.666666666666667       0.000000000000000E+000
  0.666666666666667       0.666666666666667      -0.333333333333333     
  0.666666666666667       0.666666666666667       0.000000000000000E+000
   1.00000000000000       0.333333333333333                          1
                   798                   195                    89
                   193                   105  0.000000000000000E+000
   1.00000000000000       0.666666666666667       0.000000000000000E+000
  0.666666666666667       0.666666666666667       0.000000000000000E+000
  0.666666666666667        1.00000000000000      -0.333333333333333     
  0.666666666666667       0.666666666666667                          1
                   799                   195                   139
                   109                    89  0.000000000000000E+000
   1.00000000000000       0.666666666666667       0.000000000000000E+000
   1.00000000000000       0.333333333333333       0.333333333333333     
  0.666666666666667       0.666666666666667       0.000000000000000E+000
  0.666666666666667       0.666666666666667                          1
                   800                   195                   193
                    89                   109  0.000000000000000E+000
   1.00000000000000       0.666666666666667       0.000000000000000E+000
  0.666666666666667        1.00000000000000       0.000000000000000E+000
  0.666666666666667       0.666666666666667       0.333333333333333     
  0.666666666666667       0.666666666666667                          1
                   801                   196                    90
                   110                   140  0.666666666666667     
  -1.00000000000000       0.000000000000000E+000  0.666666666666667     
 -0.666666666666667       0.000000000000000E+000  0.666666666666667     
 -0.666666666666667      -0.333333333333333       0.333333333333333     
  -1.00000000000000       0.000000000000000E+000                     1
                   802                   196                   111
                    90                   140  0.666666666666667     
  -1.00000000000000       0.000000000000000E+000  0.666666666666667     
 -0.666666666666667       0.333333333333333       0.666666666666667     
 -0.666666666666667       0.000000000000000E+000  0.333333333333333     
  -1.00000000000000       0.000000000000000E+000                     1
                   803                   196                   140
                   110                   162  0.666666666666667     
  -1.00000000000000       0.000000000000000E+000  0.333333333333333     
  -1.00000000000000       0.000000000000000E+000  0.666666666666667     
 -0.666666666666667      -0.333333333333333       0.333333333333333     
  -1.00000000000000      -0.333333333333333                          1
                   804                   196                   111
                   140                   163  0.666666666666667     
  -1.00000000000000       0.000000000000000E+000  0.666666666666667     
 -0.666666666666667       0.333333333333333       0.333333333333333     
  -1.00000000000000       0.000000000000000E+000  0.333333333333333     
  -1.00000000000000       0.333333333333333                          1
                   805                   197                    91
                   141                   112  0.666666666666667     
  0.000000000000000E+000  -1.00000000000000       0.666666666666667     
  0.000000000000000E+000 -0.666666666666667       0.333333333333333     
  0.000000000000000E+000  -1.00000000000000       0.666666666666667     
 -0.333333333333333      -0.666666666666667                          1
                   806                   197                    91
                   114                   141  0.666666666666667     
  0.000000000000000E+000  -1.00000000000000       0.666666666666667     
  0.000000000000000E+000 -0.666666666666667       0.666666666666667     
  0.333333333333333      -0.666666666666667       0.333333333333333     
  0.000000000000000E+000  -1.00000000000000                          1
                   807                   197                   141
                   164                   112  0.666666666666667     
  0.000000000000000E+000  -1.00000000000000       0.333333333333333     
  0.000000000000000E+000  -1.00000000000000       0.333333333333333     
 -0.333333333333333       -1.00000000000000       0.666666666666667     
 -0.333333333333333      -0.666666666666667                          1
                   808                   197                   141
                   114                   148  0.666666666666667     
  0.000000000000000E+000  -1.00000000000000       0.333333333333333     
  0.000000000000000E+000  -1.00000000000000       0.666666666666667     
  0.333333333333333      -0.666666666666667       0.333333333333333     
  0.333333333333333       -1.00000000000000                          1
                   809                   198                    92
                   113                   142  0.666666666666667     
  0.000000000000000E+000   1.00000000000000       0.666666666666667     
  0.000000000000000E+000  0.666666666666667       0.666666666666667     
 -0.333333333333333       0.666666666666667       0.333333333333333     
  0.000000000000000E+000   1.00000000000000                          1
                   810                   198                    92
                   142                   115  0.666666666666667     
  0.000000000000000E+000   1.00000000000000       0.666666666666667     
  0.000000000000000E+000  0.666666666666667       0.333333333333333     
  0.000000000000000E+000   1.00000000000000       0.666666666666667     
  0.333333333333333       0.666666666666667                          1
                   811                   198                   142
                   113                   165  0.666666666666667     
  0.000000000000000E+000   1.00000000000000       0.333333333333333     
  0.000000000000000E+000   1.00000000000000       0.666666666666667     
 -0.333333333333333       0.666666666666667       0.333333333333333     
 -0.333333333333333        1.00000000000000                          1
                   812                   198                   142
                   149                   115  0.666666666666667     
  0.000000000000000E+000   1.00000000000000       0.333333333333333     
  0.000000000000000E+000   1.00000000000000       0.333333333333333     
  0.333333333333333        1.00000000000000       0.666666666666667     
  0.333333333333333       0.666666666666667                          1
                   813                   199                   116
                    93                   143  0.666666666666667     
   1.00000000000000       0.000000000000000E+000  0.666666666666667     
  0.666666666666667      -0.333333333333333       0.666666666666667     
  0.666666666666667       0.000000000000000E+000  0.333333333333333     
   1.00000000000000       0.000000000000000E+000                     1
                   814                   199                   143
                    93                   117  0.666666666666667     
   1.00000000000000       0.000000000000000E+000  0.333333333333333     
   1.00000000000000       0.000000000000000E+000  0.666666666666667     
  0.666666666666667       0.000000000000000E+000  0.666666666666667     
  0.666666666666667       0.333333333333333                          1
                   815                   199                   116
                   143                   166  0.666666666666667     
   1.00000000000000       0.000000000000000E+000  0.666666666666667     
  0.666666666666667      -0.333333333333333       0.333333333333333     
   1.00000000000000       0.000000000000000E+000  0.333333333333333     
   1.00000000000000      -0.333333333333333                          1
                   816                   199                   167
                   143                   117  0.666666666666667     
   1.00000000000000       0.000000000000000E+000  0.333333333333333     
   1.00000000000000       0.333333333333333       0.333333333333333     
   1.00000000000000       0.000000000000000E+000  0.666666666666667     
  0.666666666666667       0.333333333333333                          1
                   817                   200                   144
                   168                   110   1.00000000000000     
 -0.666666666666667       0.000000000000000E+000   1.00000000000000     
 -0.333333333333333       0.000000000000000E+000   1.00000000000000     
 -0.333333333333333      -0.333333333333333       0.666666666666667     
 -0.666666666666667      -0.333333333333333                          1
                   818                   200                   144
                   111                   169   1.00000000000000     
 -0.666666666666667       0.000000000000000E+000   1.00000000000000     
 -0.333333333333333       0.000000000000000E+000  0.666666666666667     
 -0.666666666666667       0.333333333333333        1.00000000000000     
 -0.333333333333333       0.333333333333333                          1
                   819                   200                   144
                   110                    90   1.00000000000000     
 -0.666666666666667       0.000000000000000E+000   1.00000000000000     
 -0.333333333333333       0.000000000000000E+000  0.666666666666667     
 -0.666666666666667      -0.333333333333333       0.666666666666667     
 -0.666666666666667       0.000000000000000E+000                     1
                   820                   200                   196
                    90                   110   1.00000000000000     
 -0.666666666666667       0.000000000000000E+000  0.666666666666667     
  -1.00000000000000       0.000000000000000E+000  0.666666666666667     
 -0.666666666666667       0.000000000000000E+000  0.666666666666667     
 -0.666666666666667      -0.333333333333333                          1
                   821                   200                   144
                    90                   111   1.00000000000000     
 -0.666666666666667       0.000000000000000E+000   1.00000000000000     
 -0.333333333333333       0.000000000000000E+000  0.666666666666667     
 -0.666666666666667       0.000000000000000E+000  0.666666666666667     
 -0.666666666666667       0.333333333333333                          1
                   822                   200                   196
                   111                    90   1.00000000000000     
 -0.666666666666667       0.000000000000000E+000  0.666666666666667     
  -1.00000000000000       0.000000000000000E+000  0.666666666666667     
 -0.666666666666667       0.333333333333333       0.666666666666667     
 -0.666666666666667       0.000000000000000E+000                     1
                   823                   201                   168
                   145                   112   1.00000000000000     
  0.000000000000000E+000 -0.666666666666667        1.00000000000000     
 -0.333333333333333      -0.333333333333333        1.00000000000000     
  0.000000000000000E+000 -0.333333333333333       0.666666666666667     
 -0.333333333333333      -0.666666666666667                          1
                   824                   201                   114
                   145                   170   1.00000000000000     
  0.000000000000000E+000 -0.666666666666667       0.666666666666667     
  0.333333333333333      -0.666666666666667        1.00000000000000     
  0.000000000000000E+000 -0.333333333333333        1.00000000000000     
  0.333333333333333      -0.333333333333333                          1
                   825                   201                   145
                    91                   112   1.00000000000000     
  0.000000000000000E+000 -0.666666666666667        1.00000000000000     
  0.000000000000000E+000 -0.333333333333333       0.666666666666667     
  0.000000000000000E+000 -0.666666666666667       0.666666666666667     
 -0.333333333333333      -0.666666666666667                          1
                   826                   201                   197
                   112                    91   1.00000000000000     
  0.000000000000000E+000 -0.666666666666667       0.666666666666667     
  0.000000000000000E+000  -1.00000000000000       0.666666666666667     
 -0.333333333333333      -0.666666666666667       0.666666666666667     
  0.000000000000000E+000 -0.666666666666667                          1
                   827                   201                   145
                   114                    91   1.00000000000000     
  0.000000000000000E+000 -0.666666666666667        1.00000000000000     
  0.000000000000000E+000 -0.333333333333333       0.666666666666667     
  0.333333333333333      -0.666666666666667       0.666666666666667     
  0.000000000000000E+000 -0.666666666666667                          1
                   828                   201                   197
                    91                   114   1.00000000000000     
  0.000000000000000E+000 -0.666666666666667       0.666666666666667     
  0.000000000000000E+000  -1.00000000000000       0.666666666666667     
  0.000000000000000E+000 -0.666666666666667       0.666666666666667     
  0.333333333333333      -0.666666666666667                          1
                   829                   202                   146
                   169                   113   1.00000000000000     
  0.000000000000000E+000  0.666666666666667        1.00000000000000     
  0.000000000000000E+000  0.333333333333333        1.00000000000000     
 -0.333333333333333       0.333333333333333       0.666666666666667     
 -0.333333333333333       0.666666666666667                          1
                   830                   202                   171
                   146                   115   1.00000000000000     
  0.000000000000000E+000  0.666666666666667        1.00000000000000     
  0.333333333333333       0.333333333333333        1.00000000000000     
  0.000000000000000E+000  0.333333333333333       0.666666666666667     
  0.333333333333333       0.666666666666667                          1
                   831                   202                    92
                   146                   113   1.00000000000000     
  0.000000000000000E+000  0.666666666666667       0.666666666666667     
  0.000000000000000E+000  0.666666666666667        1.00000000000000     
  0.000000000000000E+000  0.333333333333333       0.666666666666667     
 -0.333333333333333       0.666666666666667                          1
                   832                   202                    92
                   113                   198   1.00000000000000     
  0.000000000000000E+000  0.666666666666667       0.666666666666667     
  0.000000000000000E+000  0.666666666666667       0.666666666666667     
 -0.333333333333333       0.666666666666667       0.666666666666667     
  0.000000000000000E+000   1.00000000000000                          1
                   833                   202                    92
                   115                   146   1.00000000000000     
  0.000000000000000E+000  0.666666666666667       0.666666666666667     
  0.000000000000000E+000  0.666666666666667       0.666666666666667     
  0.333333333333333       0.666666666666667        1.00000000000000     
  0.000000000000000E+000  0.333333333333333                          1
                   834                   202                    92
                   198                   115   1.00000000000000     
  0.000000000000000E+000  0.666666666666667       0.666666666666667     
  0.000000000000000E+000  0.666666666666667       0.666666666666667     
  0.000000000000000E+000   1.00000000000000       0.666666666666667     
  0.333333333333333       0.666666666666667                          1
                   835                   203                   116
                   170                   147   1.00000000000000     
  0.666666666666667       0.000000000000000E+000  0.666666666666667     
  0.666666666666667      -0.333333333333333        1.00000000000000     
  0.333333333333333      -0.333333333333333        1.00000000000000     
  0.333333333333333       0.000000000000000E+000                     1
                   836                   203                   117
                   147                   171   1.00000000000000     
  0.666666666666667       0.000000000000000E+000  0.666666666666667     
  0.666666666666667       0.333333333333333        1.00000000000000     
  0.333333333333333       0.000000000000000E+000   1.00000000000000     
  0.333333333333333       0.333333333333333                          1
                   837                   203                   116
                   147                    93   1.00000000000000     
  0.666666666666667       0.000000000000000E+000  0.666666666666667     
  0.666666666666667      -0.333333333333333        1.00000000000000     
  0.333333333333333       0.000000000000000E+000  0.666666666666667     
  0.666666666666667       0.000000000000000E+000                     1
                   838                   203                   116
                    93                   199   1.00000000000000     
  0.666666666666667       0.000000000000000E+000  0.666666666666667     
  0.666666666666667      -0.333333333333333       0.666666666666667     
  0.666666666666667       0.000000000000000E+000  0.666666666666667     
   1.00000000000000       0.000000000000000E+000                     1
                   839                   203                   117
                    93                   147   1.00000000000000     
  0.666666666666667       0.000000000000000E+000  0.666666666666667     
  0.666666666666667       0.333333333333333       0.666666666666667     
  0.666666666666667       0.000000000000000E+000   1.00000000000000     
  0.333333333333333       0.000000000000000E+000                     1
                   840                   203                   117
                   199                    93   1.00000000000000     
  0.666666666666667       0.000000000000000E+000  0.666666666666667     
  0.666666666666667       0.333333333333333       0.666666666666667     
   1.00000000000000       0.000000000000000E+000  0.666666666666667     
  0.666666666666667       0.000000000000000E+000                     1
                   841                   204                    98
                   158                   174 -0.666666666666667     
  0.333333333333333       -1.00000000000000      -0.666666666666667     
  0.333333333333333      -0.666666666666667      -0.333333333333333     
  0.333333333333333       -1.00000000000000      -0.666666666666667     
  0.666666666666667      -0.666666666666667                          1
                   842                   204                    98
                   185                   158 -0.666666666666667     
  0.333333333333333       -1.00000000000000      -0.666666666666667     
  0.333333333333333      -0.666666666666667      -0.666666666666667     
  0.000000000000000E+000  -1.00000000000000      -0.333333333333333     
  0.333333333333333       -1.00000000000000                          1
                   843                   204                   185
                    98                   181 -0.666666666666667     
  0.333333333333333       -1.00000000000000      -0.666666666666667     
  0.000000000000000E+000  -1.00000000000000      -0.666666666666667     
  0.333333333333333      -0.666666666666667       -1.00000000000000     
  0.000000000000000E+000 -0.666666666666667                          1
                   844                   205                    99
                   175                   159 -0.666666666666667     
  0.333333333333333        1.00000000000000      -0.666666666666667     
  0.333333333333333       0.666666666666667      -0.666666666666667     
  0.666666666666667       0.666666666666667      -0.333333333333333     
  0.333333333333333        1.00000000000000                          1
                   845                   205                    99
                   159                   186 -0.666666666666667     
  0.333333333333333        1.00000000000000      -0.666666666666667     
  0.333333333333333       0.666666666666667      -0.333333333333333     
  0.333333333333333        1.00000000000000      -0.666666666666667     
  0.000000000000000E+000   1.00000000000000                          1
                   846                   205                   182
                    99                   186 -0.666666666666667     
  0.333333333333333        1.00000000000000       -1.00000000000000     
  0.000000000000000E+000  0.666666666666667      -0.666666666666667     
  0.333333333333333       0.666666666666667      -0.666666666666667     
  0.000000000000000E+000   1.00000000000000                          1
                   847                   206                   164
                   106                   176  0.333333333333333     
 -0.666666666666667       -1.00000000000000       0.333333333333333     
 -0.333333333333333       -1.00000000000000       0.333333333333333     
 -0.666666666666667      -0.666666666666667       0.666666666666667     
 -0.666666666666667      -0.666666666666667                          1
                   848                   206                   164
                   190                   106  0.333333333333333     
 -0.666666666666667       -1.00000000000000       0.333333333333333     
 -0.333333333333333       -1.00000000000000       0.000000000000000E+000
 -0.666666666666667       -1.00000000000000       0.333333333333333     
 -0.666666666666667      -0.666666666666667                          1
                   849                   206                   190
                   188                   106  0.333333333333333     
 -0.666666666666667       -1.00000000000000       0.000000000000000E+000
 -0.666666666666667       -1.00000000000000       0.000000000000000E+000
  -1.00000000000000      -0.666666666666667       0.333333333333333     
 -0.666666666666667      -0.666666666666667                          1
                   850                   207                   177
                   107                   165  0.333333333333333     
 -0.666666666666667        1.00000000000000       0.666666666666667     
 -0.666666666666667       0.666666666666667       0.333333333333333     
 -0.666666666666667       0.666666666666667       0.333333333333333     
 -0.333333333333333        1.00000000000000                          1
                   851                   207                   191
                   165                   107  0.333333333333333     
 -0.666666666666667        1.00000000000000       0.000000000000000E+000
 -0.666666666666667        1.00000000000000       0.333333333333333     
 -0.333333333333333        1.00000000000000       0.333333333333333     
 -0.666666666666667       0.666666666666667                          1
                   852                   207                   189
                   191                   107  0.333333333333333     
 -0.666666666666667        1.00000000000000       0.000000000000000E+000
  -1.00000000000000       0.666666666666667       0.000000000000000E+000
 -0.666666666666667        1.00000000000000       0.333333333333333     
 -0.666666666666667       0.666666666666667                          1
                   853                   208                   108
                   148                   178  0.333333333333333     
  0.666666666666667       -1.00000000000000       0.333333333333333     
  0.666666666666667      -0.666666666666667       0.333333333333333     
  0.333333333333333       -1.00000000000000       0.666666666666667     
  0.666666666666667      -0.666666666666667                          1
                   854                   208                   108
                   192                   148  0.333333333333333     
  0.666666666666667       -1.00000000000000       0.333333333333333     
  0.666666666666667      -0.666666666666667       0.000000000000000E+000
  0.666666666666667       -1.00000000000000       0.333333333333333     
  0.333333333333333       -1.00000000000000                          1
                   855                   208                   108
                   194                   192  0.333333333333333     
  0.666666666666667       -1.00000000000000       0.333333333333333     
  0.666666666666667      -0.666666666666667       0.000000000000000E+000
   1.00000000000000      -0.666666666666667       0.000000000000000E+000
  0.666666666666667       -1.00000000000000                          1
                   856                   209                   109
                   179                   149  0.333333333333333     
  0.666666666666667        1.00000000000000       0.333333333333333     
  0.666666666666667       0.666666666666667       0.666666666666667     
  0.666666666666667       0.666666666666667       0.333333333333333     
  0.333333333333333        1.00000000000000                          1
                   857                   209                   109
                   149                   193  0.333333333333333     
  0.666666666666667        1.00000000000000       0.333333333333333     
  0.666666666666667       0.666666666666667       0.333333333333333     
  0.333333333333333        1.00000000000000       0.000000000000000E+000
  0.666666666666667        1.00000000000000                          1
                   858                   209                   109
                   193                   195  0.333333333333333     
  0.666666666666667        1.00000000000000       0.333333333333333     
  0.666666666666667       0.666666666666667       0.000000000000000E+000
  0.666666666666667        1.00000000000000       0.000000000000000E+000
   1.00000000000000       0.666666666666667                          1
                   859                   210                   178
                   208                   148  0.666666666666667     
  0.333333333333333       -1.00000000000000       0.666666666666667     
  0.666666666666667      -0.666666666666667       0.333333333333333     
  0.666666666666667       -1.00000000000000       0.333333333333333     
  0.333333333333333       -1.00000000000000                          1
                   860                   210                   114
                   197                   201  0.666666666666667     
  0.333333333333333       -1.00000000000000       0.666666666666667     
  0.333333333333333      -0.666666666666667       0.666666666666667     
  0.000000000000000E+000  -1.00000000000000        1.00000000000000     
  0.000000000000000E+000 -0.666666666666667                          1
                   861                   210                   148
                   114                   178  0.666666666666667     
  0.333333333333333       -1.00000000000000       0.333333333333333     
  0.333333333333333       -1.00000000000000       0.666666666666667     
  0.333333333333333      -0.666666666666667       0.666666666666667     
  0.666666666666667      -0.666666666666667                          1
                   862                   210                   148
                   197                   114  0.666666666666667     
  0.333333333333333       -1.00000000000000       0.333333333333333     
  0.333333333333333       -1.00000000000000       0.666666666666667     
  0.000000000000000E+000  -1.00000000000000       0.666666666666667     
  0.333333333333333      -0.666666666666667                          1
                   863                   211                   209
                   179                   149  0.666666666666667     
  0.333333333333333        1.00000000000000       0.333333333333333     
  0.666666666666667        1.00000000000000       0.666666666666667     
  0.666666666666667       0.666666666666667       0.333333333333333     
  0.333333333333333        1.00000000000000                          1
                   864                   211                   202
                   198                   115  0.666666666666667     
  0.333333333333333        1.00000000000000        1.00000000000000     
  0.000000000000000E+000  0.666666666666667       0.666666666666667     
  0.000000000000000E+000   1.00000000000000       0.666666666666667     
  0.333333333333333       0.666666666666667                          1
                   865                   211                   149
                   179                   115  0.666666666666667     
  0.333333333333333        1.00000000000000       0.333333333333333     
  0.333333333333333        1.00000000000000       0.666666666666667     
  0.666666666666667       0.666666666666667       0.666666666666667     
  0.333333333333333       0.666666666666667                          1
                   866                   211                   149
                   115                   198  0.666666666666667     
  0.333333333333333        1.00000000000000       0.333333333333333     
  0.333333333333333        1.00000000000000       0.666666666666667     
  0.333333333333333       0.666666666666667       0.666666666666667     
  0.000000000000000E+000   1.00000000000000                          1
                   867                   212                   150
                    94                   172  -1.00000000000000     
 -0.666666666666667      -0.333333333333333       -1.00000000000000     
 -0.333333333333333      -0.333333333333333      -0.666666666666667     
 -0.666666666666667      -0.333333333333333      -0.666666666666667     
 -0.666666666666667      -0.666666666666667                          1
                   868                   212                   150
                   180                    94  -1.00000000000000     
 -0.666666666666667      -0.333333333333333       -1.00000000000000     
 -0.333333333333333      -0.333333333333333       -1.00000000000000     
 -0.666666666666667       0.000000000000000E+000 -0.666666666666667     
 -0.666666666666667      -0.333333333333333                          1
                   869                   212                   184
                    94                   180  -1.00000000000000     
 -0.666666666666667      -0.333333333333333      -0.666666666666667     
  -1.00000000000000       0.000000000000000E+000 -0.666666666666667     
 -0.666666666666667      -0.333333333333333       -1.00000000000000     
 -0.666666666666667       0.000000000000000E+000                     1
                   870                   213                   151
                   173                    95  -1.00000000000000     
 -0.666666666666667       0.333333333333333       -1.00000000000000     
 -0.333333333333333       0.333333333333333      -0.666666666666667     
 -0.666666666666667       0.666666666666667      -0.666666666666667     
 -0.666666666666667       0.333333333333333                          1
                   871                   213                   151
                    95                   180  -1.00000000000000     
 -0.666666666666667       0.333333333333333       -1.00000000000000     
 -0.333333333333333       0.333333333333333      -0.666666666666667     
 -0.666666666666667       0.333333333333333       -1.00000000000000     
 -0.666666666666667       0.000000000000000E+000                     1
                   872                   213                   180
                    95                   184  -1.00000000000000     
 -0.666666666666667       0.333333333333333       -1.00000000000000     
 -0.666666666666667       0.000000000000000E+000 -0.666666666666667     
 -0.666666666666667       0.333333333333333      -0.666666666666667     
  -1.00000000000000       0.000000000000000E+000                     1
                   873                   214                   150
                   212                   172  -1.00000000000000     
 -0.333333333333333      -0.666666666666667       -1.00000000000000     
 -0.333333333333333      -0.333333333333333       -1.00000000000000     
 -0.666666666666667      -0.333333333333333      -0.666666666666667     
 -0.666666666666667      -0.666666666666667                          1
                   874                   214                    96
                   185                   181  -1.00000000000000     
 -0.333333333333333      -0.666666666666667      -0.666666666666667     
 -0.333333333333333      -0.666666666666667      -0.666666666666667     
  0.000000000000000E+000  -1.00000000000000       -1.00000000000000     
  0.000000000000000E+000 -0.666666666666667                          1
                   875                   214                    96
                   150                   172  -1.00000000000000     
 -0.333333333333333      -0.666666666666667      -0.666666666666667     
 -0.333333333333333      -0.666666666666667       -1.00000000000000     
 -0.333333333333333      -0.333333333333333      -0.666666666666667     
 -0.666666666666667      -0.666666666666667                          1
                   876                   214                    96
                   181                   150  -1.00000000000000     
 -0.333333333333333      -0.666666666666667      -0.666666666666667     
 -0.333333333333333      -0.666666666666667       -1.00000000000000     
  0.000000000000000E+000 -0.666666666666667       -1.00000000000000     
 -0.333333333333333      -0.333333333333333                          1
                   877                   215                   213
                   151                   173  -1.00000000000000     
 -0.333333333333333       0.666666666666667       -1.00000000000000     
 -0.666666666666667       0.333333333333333       -1.00000000000000     
 -0.333333333333333       0.333333333333333      -0.666666666666667     
 -0.666666666666667       0.666666666666667                          1
                   878                   215                   186
                    97                   182  -1.00000000000000     
 -0.333333333333333       0.666666666666667      -0.666666666666667     
  0.000000000000000E+000   1.00000000000000      -0.666666666666667     
 -0.333333333333333       0.666666666666667       -1.00000000000000     
  0.000000000000000E+000  0.666666666666667                          1
                   879                   215                    97
                   173                   151  -1.00000000000000     
 -0.333333333333333       0.666666666666667      -0.666666666666667     
 -0.333333333333333       0.666666666666667      -0.666666666666667     
 -0.666666666666667       0.666666666666667       -1.00000000000000     
 -0.333333333333333       0.333333333333333                          1
                   880                   215                    97
                   151                   182  -1.00000000000000     
 -0.333333333333333       0.666666666666667      -0.666666666666667     
 -0.333333333333333       0.666666666666667       -1.00000000000000     
 -0.333333333333333       0.333333333333333       -1.00000000000000     
  0.000000000000000E+000  0.666666666666667                          1
                   881                   216                   152
                    98                   174  -1.00000000000000     
  0.333333333333333      -0.666666666666667       -1.00000000000000     
  0.333333333333333      -0.333333333333333      -0.666666666666667     
  0.333333333333333      -0.666666666666667      -0.666666666666667     
  0.666666666666667      -0.666666666666667                          1
                   882                   216                   152
                   181                    98  -1.00000000000000     
  0.333333333333333      -0.666666666666667       -1.00000000000000     
  0.333333333333333      -0.333333333333333       -1.00000000000000     
  0.000000000000000E+000 -0.666666666666667      -0.666666666666667     
  0.333333333333333      -0.666666666666667                          1
                   883                   216                    98
                   181                   204  -1.00000000000000     
  0.333333333333333      -0.666666666666667      -0.666666666666667     
  0.333333333333333      -0.666666666666667       -1.00000000000000     
  0.000000000000000E+000 -0.666666666666667      -0.666666666666667     
  0.333333333333333       -1.00000000000000                          1
                   884                   216                    98
                   204                   174  -1.00000000000000     
  0.333333333333333      -0.666666666666667      -0.666666666666667     
  0.333333333333333      -0.666666666666667      -0.666666666666667     
  0.333333333333333       -1.00000000000000      -0.666666666666667     
  0.666666666666667      -0.666666666666667                          1
                   885                   217                   175
                    99                   153  -1.00000000000000     
  0.333333333333333       0.666666666666667      -0.666666666666667     
  0.666666666666667       0.666666666666667      -0.666666666666667     
  0.333333333333333       0.666666666666667       -1.00000000000000     
  0.333333333333333       0.333333333333333                          1
                   886                   217                   182
                   153                    99  -1.00000000000000     
  0.333333333333333       0.666666666666667       -1.00000000000000     
  0.000000000000000E+000  0.666666666666667       -1.00000000000000     
  0.333333333333333       0.333333333333333      -0.666666666666667     
  0.333333333333333       0.666666666666667                          1
                   887                   217                    99
                   175                   205  -1.00000000000000     
  0.333333333333333       0.666666666666667      -0.666666666666667     
  0.333333333333333       0.666666666666667      -0.666666666666667     
  0.666666666666667       0.666666666666667      -0.666666666666667     
  0.333333333333333        1.00000000000000                          1
                   888                   217                    99
                   205                   182  -1.00000000000000     
  0.333333333333333       0.666666666666667      -0.666666666666667     
  0.333333333333333       0.666666666666667      -0.666666666666667     
  0.333333333333333        1.00000000000000       -1.00000000000000     
  0.000000000000000E+000  0.666666666666667                          1
                   889                   218                   152
                   216                   174  -1.00000000000000     
  0.666666666666667      -0.333333333333333       -1.00000000000000     
  0.333333333333333      -0.333333333333333       -1.00000000000000     
  0.333333333333333      -0.666666666666667      -0.666666666666667     
  0.666666666666667      -0.666666666666667                          1
                   890                   218                   100
                   187                   183  -1.00000000000000     
  0.666666666666667      -0.333333333333333      -0.666666666666667     
  0.666666666666667      -0.333333333333333      -0.666666666666667     
   1.00000000000000       0.000000000000000E+000  -1.00000000000000     
  0.666666666666667       0.000000000000000E+000                     1
                   891                   218                   100
                   152                   174  -1.00000000000000     
  0.666666666666667      -0.333333333333333      -0.666666666666667     
  0.666666666666667      -0.333333333333333       -1.00000000000000     
  0.333333333333333      -0.333333333333333      -0.666666666666667     
  0.666666666666667      -0.666666666666667                          1
                   892                   218                   100
                   183                   152  -1.00000000000000     
  0.666666666666667      -0.333333333333333      -0.666666666666667     
  0.666666666666667      -0.333333333333333       -1.00000000000000     
  0.666666666666667       0.000000000000000E+000  -1.00000000000000     
  0.333333333333333      -0.333333333333333                          1
                   893                   219                   153
                   175                   217  -1.00000000000000     
  0.666666666666667       0.333333333333333       -1.00000000000000     
  0.333333333333333       0.333333333333333      -0.666666666666667     
  0.666666666666667       0.666666666666667       -1.00000000000000     
  0.333333333333333       0.666666666666667                          1
                   894                   219                   187
                   101                   183  -1.00000000000000     
  0.666666666666667       0.333333333333333      -0.666666666666667     
   1.00000000000000       0.000000000000000E+000 -0.666666666666667     
  0.666666666666667       0.333333333333333       -1.00000000000000     
  0.666666666666667       0.000000000000000E+000                     1
                   895                   219                   175
                   153                   101  -1.00000000000000     
  0.666666666666667       0.333333333333333      -0.666666666666667     
  0.666666666666667       0.666666666666667       -1.00000000000000     
  0.333333333333333       0.333333333333333      -0.666666666666667     
  0.666666666666667       0.333333333333333                          1
                   896                   219                   183
                   101                   153  -1.00000000000000     
  0.666666666666667       0.333333333333333       -1.00000000000000     
  0.666666666666667       0.000000000000000E+000 -0.666666666666667     
  0.666666666666667       0.333333333333333       -1.00000000000000     
  0.333333333333333       0.333333333333333                          1
                   897                   220                    94
                   154                   172 -0.666666666666667     
  -1.00000000000000      -0.333333333333333      -0.666666666666667     
 -0.666666666666667      -0.333333333333333      -0.333333333333333     
  -1.00000000000000      -0.333333333333333      -0.666666666666667     
 -0.666666666666667      -0.666666666666667                          1
                   898                   220                    94
                   184                   154 -0.666666666666667     
  -1.00000000000000      -0.333333333333333      -0.666666666666667     
 -0.666666666666667      -0.333333333333333      -0.666666666666667     
  -1.00000000000000       0.000000000000000E+000 -0.333333333333333     
  -1.00000000000000      -0.333333333333333                          1
                   899                   220                   184
                    94                   212 -0.666666666666667     
  -1.00000000000000      -0.333333333333333      -0.666666666666667     
  -1.00000000000000       0.000000000000000E+000 -0.666666666666667     
 -0.666666666666667      -0.333333333333333       -1.00000000000000     
 -0.666666666666667      -0.333333333333333                          1
                   900                   220                   212
                    94                   172 -0.666666666666667     
  -1.00000000000000      -0.333333333333333       -1.00000000000000     
 -0.666666666666667      -0.333333333333333      -0.666666666666667     
 -0.666666666666667      -0.333333333333333      -0.666666666666667     
 -0.666666666666667      -0.666666666666667                          1
                   901                   221                    95
                   173                   155 -0.666666666666667     
  -1.00000000000000       0.333333333333333      -0.666666666666667     
 -0.666666666666667       0.333333333333333      -0.666666666666667     
 -0.666666666666667       0.666666666666667      -0.333333333333333     
  -1.00000000000000       0.333333333333333                          1
                   902                   221                    95
                   155                   184 -0.666666666666667     
  -1.00000000000000       0.333333333333333      -0.666666666666667     
 -0.666666666666667       0.333333333333333      -0.333333333333333     
  -1.00000000000000       0.333333333333333      -0.666666666666667     
  -1.00000000000000       0.000000000000000E+000                     1
                   903                   221                   173
                    95                   213 -0.666666666666667     
  -1.00000000000000       0.333333333333333      -0.666666666666667     
 -0.666666666666667       0.666666666666667      -0.666666666666667     
 -0.666666666666667       0.333333333333333       -1.00000000000000     
 -0.666666666666667       0.333333333333333                          1
                   904                   221                   213
                    95                   184 -0.666666666666667     
  -1.00000000000000       0.333333333333333       -1.00000000000000     
 -0.666666666666667       0.333333333333333      -0.666666666666667     
 -0.666666666666667       0.333333333333333      -0.666666666666667     
  -1.00000000000000       0.000000000000000E+000                     1
                   905                   222                   172
                   156                    96 -0.666666666666667     
 -0.333333333333333       -1.00000000000000      -0.666666666666667     
 -0.666666666666667      -0.666666666666667      -0.333333333333333     
 -0.333333333333333       -1.00000000000000      -0.666666666666667     
 -0.333333333333333      -0.666666666666667                          1
                   906                   222                   185
                    96                   156 -0.666666666666667     
 -0.333333333333333       -1.00000000000000      -0.666666666666667     
  0.000000000000000E+000  -1.00000000000000      -0.666666666666667     
 -0.333333333333333      -0.666666666666667      -0.333333333333333     
 -0.333333333333333       -1.00000000000000                          1
                   907                   222                   185
                   214                    96 -0.666666666666667     
 -0.333333333333333       -1.00000000000000      -0.666666666666667     
  0.000000000000000E+000  -1.00000000000000       -1.00000000000000     
 -0.333333333333333      -0.666666666666667      -0.666666666666667     
 -0.333333333333333      -0.666666666666667                          1
                   908                   222                   214
                   172                    96 -0.666666666666667     
 -0.333333333333333       -1.00000000000000       -1.00000000000000     
 -0.333333333333333      -0.666666666666667      -0.666666666666667     
 -0.666666666666667      -0.666666666666667      -0.666666666666667     
 -0.333333333333333      -0.666666666666667                          1
                   909                   223                    97
                   157                   173 -0.666666666666667     
 -0.333333333333333        1.00000000000000      -0.666666666666667     
 -0.333333333333333       0.666666666666667      -0.333333333333333     
 -0.333333333333333        1.00000000000000      -0.666666666666667     
 -0.666666666666667       0.666666666666667                          1
                   910                   223                    97
                   186                   157 -0.666666666666667     
 -0.333333333333333        1.00000000000000      -0.666666666666667     
 -0.333333333333333       0.666666666666667      -0.666666666666667     
  0.000000000000000E+000   1.00000000000000      -0.333333333333333     
 -0.333333333333333        1.00000000000000                          1
                   911                   223                   186
                    97                   215 -0.666666666666667     
 -0.333333333333333        1.00000000000000      -0.666666666666667     
  0.000000000000000E+000   1.00000000000000      -0.666666666666667     
 -0.333333333333333       0.666666666666667       -1.00000000000000     
 -0.333333333333333       0.666666666666667                          1
                   912                   223                   215
                    97                   173 -0.666666666666667     
 -0.333333333333333        1.00000000000000       -1.00000000000000     
 -0.333333333333333       0.666666666666667      -0.666666666666667     
 -0.333333333333333       0.666666666666667      -0.666666666666667     
 -0.666666666666667       0.666666666666667                          1
                   913                   224                   174
                   160                   100 -0.666666666666667     
   1.00000000000000      -0.333333333333333      -0.666666666666667     
  0.666666666666667      -0.666666666666667      -0.333333333333333     
   1.00000000000000      -0.333333333333333      -0.666666666666667     
  0.666666666666667      -0.333333333333333                          1
                   914                   224                   187
                   100                   160 -0.666666666666667     
   1.00000000000000      -0.333333333333333      -0.666666666666667     
   1.00000000000000       0.000000000000000E+000 -0.666666666666667     
  0.666666666666667      -0.333333333333333      -0.333333333333333     
   1.00000000000000      -0.333333333333333                          1
                   915                   224                   187
                   218                   100 -0.666666666666667     
   1.00000000000000      -0.333333333333333      -0.666666666666667     
   1.00000000000000       0.000000000000000E+000  -1.00000000000000     
  0.666666666666667      -0.333333333333333      -0.666666666666667     
  0.666666666666667      -0.333333333333333                          1
                   916                   224                   218
                   174                   100 -0.666666666666667     
   1.00000000000000      -0.333333333333333       -1.00000000000000     
  0.666666666666667      -0.333333333333333      -0.666666666666667     
  0.666666666666667      -0.666666666666667      -0.666666666666667     
  0.666666666666667      -0.333333333333333                          1
                   917                   225                   101
                   161                   175 -0.666666666666667     
   1.00000000000000       0.333333333333333      -0.666666666666667     
  0.666666666666667       0.333333333333333      -0.333333333333333     
   1.00000000000000       0.333333333333333      -0.666666666666667     
  0.666666666666667       0.666666666666667                          1
                   918                   225                   101
                   187                   161 -0.666666666666667     
   1.00000000000000       0.333333333333333      -0.666666666666667     
  0.666666666666667       0.333333333333333      -0.666666666666667     
   1.00000000000000       0.000000000000000E+000 -0.333333333333333     
   1.00000000000000       0.333333333333333                          1
                   919                   225                   187
                   101                   219 -0.666666666666667     
   1.00000000000000       0.333333333333333      -0.666666666666667     
   1.00000000000000       0.000000000000000E+000 -0.666666666666667     
  0.666666666666667       0.333333333333333       -1.00000000000000     
  0.666666666666667       0.333333333333333                          1
                   920                   225                   219
                   101                   175 -0.666666666666667     
   1.00000000000000       0.333333333333333       -1.00000000000000     
  0.666666666666667       0.333333333333333      -0.666666666666667     
  0.666666666666667       0.333333333333333      -0.666666666666667     
  0.666666666666667       0.666666666666667                          1
                   921                   226                   220
                   154                   172 -0.333333333333333     
  -1.00000000000000      -0.666666666666667      -0.666666666666667     
  -1.00000000000000      -0.333333333333333      -0.333333333333333     
  -1.00000000000000      -0.333333333333333      -0.666666666666667     
 -0.666666666666667      -0.666666666666667                          1
                   922                   226                   188
                   190                   102 -0.333333333333333     
  -1.00000000000000      -0.666666666666667       0.000000000000000E+000
  -1.00000000000000      -0.666666666666667       0.000000000000000E+000
 -0.666666666666667       -1.00000000000000      -0.333333333333333     
 -0.666666666666667      -0.666666666666667                          1
                   923                   226                   102
                   172                   154 -0.333333333333333     
  -1.00000000000000      -0.666666666666667      -0.333333333333333     
 -0.666666666666667      -0.666666666666667      -0.666666666666667     
 -0.666666666666667      -0.666666666666667      -0.333333333333333     
  -1.00000000000000      -0.333333333333333                          1
                   924                   226                   102
                   154                   188 -0.333333333333333     
  -1.00000000000000      -0.666666666666667      -0.333333333333333     
 -0.666666666666667      -0.666666666666667      -0.333333333333333     
  -1.00000000000000      -0.333333333333333       0.000000000000000E+000
  -1.00000000000000      -0.666666666666667                          1
                   925                   227                   173
                   155                   221 -0.333333333333333     
  -1.00000000000000       0.666666666666667      -0.666666666666667     
 -0.666666666666667       0.666666666666667      -0.333333333333333     
  -1.00000000000000       0.333333333333333      -0.666666666666667     
  -1.00000000000000       0.333333333333333                          1
                   926                   227                   191
                   189                   103 -0.333333333333333     
  -1.00000000000000       0.666666666666667       0.000000000000000E+000
 -0.666666666666667        1.00000000000000       0.000000000000000E+000
  -1.00000000000000       0.666666666666667      -0.333333333333333     
 -0.666666666666667       0.666666666666667                          1
                   927                   227                   173
                   103                   155 -0.333333333333333     
  -1.00000000000000       0.666666666666667      -0.666666666666667     
 -0.666666666666667       0.666666666666667      -0.333333333333333     
 -0.666666666666667       0.666666666666667      -0.333333333333333     
  -1.00000000000000       0.333333333333333                          1
                   928                   227                   189
                   155                   103 -0.333333333333333     
  -1.00000000000000       0.666666666666667       0.000000000000000E+000
  -1.00000000000000       0.666666666666667      -0.333333333333333     
  -1.00000000000000       0.333333333333333      -0.333333333333333     
 -0.666666666666667       0.666666666666667                          1
                   929                   228                   172
                   156                   222 -0.333333333333333     
 -0.666666666666667       -1.00000000000000      -0.666666666666667     
 -0.666666666666667      -0.666666666666667      -0.333333333333333     
 -0.333333333333333       -1.00000000000000      -0.666666666666667     
 -0.333333333333333       -1.00000000000000                          1
                   930                   228                   102
                   172                   226 -0.333333333333333     
 -0.666666666666667       -1.00000000000000      -0.333333333333333     
 -0.666666666666667      -0.666666666666667      -0.666666666666667     
 -0.666666666666667      -0.666666666666667      -0.333333333333333     
  -1.00000000000000      -0.666666666666667                          1
                   931                   228                   102
                   226                   190 -0.333333333333333     
 -0.666666666666667       -1.00000000000000      -0.333333333333333     
 -0.666666666666667      -0.666666666666667      -0.333333333333333     
  -1.00000000000000      -0.666666666666667       0.000000000000000E+000
 -0.666666666666667       -1.00000000000000                          1
                   932                   228                   172
                   102                   156 -0.333333333333333     
 -0.666666666666667       -1.00000000000000      -0.666666666666667     
 -0.666666666666667      -0.666666666666667      -0.333333333333333     
 -0.666666666666667      -0.666666666666667      -0.333333333333333     
 -0.333333333333333       -1.00000000000000                          1
                   933                   228                   190
                   156                   102 -0.333333333333333     
 -0.666666666666667       -1.00000000000000       0.000000000000000E+000
 -0.666666666666667       -1.00000000000000      -0.333333333333333     
 -0.333333333333333       -1.00000000000000      -0.333333333333333     
 -0.666666666666667      -0.666666666666667                          1
                   934                   229                   173
                   223                   157 -0.333333333333333     
 -0.666666666666667        1.00000000000000      -0.666666666666667     
 -0.666666666666667       0.666666666666667      -0.666666666666667     
 -0.333333333333333        1.00000000000000      -0.333333333333333     
 -0.333333333333333        1.00000000000000                          1
                   935                   229                   103
                   191                   227 -0.333333333333333     
 -0.666666666666667        1.00000000000000      -0.333333333333333     
 -0.666666666666667       0.666666666666667       0.000000000000000E+000
 -0.666666666666667        1.00000000000000      -0.333333333333333     
  -1.00000000000000       0.666666666666667                          1
                   936                   229                   103
                   227                   173 -0.333333333333333     
 -0.666666666666667        1.00000000000000      -0.333333333333333     
 -0.666666666666667       0.666666666666667      -0.333333333333333     
  -1.00000000000000       0.666666666666667      -0.666666666666667     
 -0.666666666666667       0.666666666666667                          1
                   937                   229                   157
                   103                   173 -0.333333333333333     
 -0.666666666666667        1.00000000000000      -0.333333333333333     
 -0.333333333333333        1.00000000000000      -0.333333333333333     
 -0.666666666666667       0.666666666666667      -0.666666666666667     
 -0.666666666666667       0.666666666666667                          1
                   938                   229                   157
                   191                   103 -0.333333333333333     
 -0.666666666666667        1.00000000000000      -0.333333333333333     
 -0.333333333333333        1.00000000000000       0.000000000000000E+000
 -0.666666666666667        1.00000000000000      -0.333333333333333     
 -0.666666666666667       0.666666666666667                          1
                   939                   230                   204
                   158                   174 -0.333333333333333     
  0.666666666666667       -1.00000000000000      -0.666666666666667     
  0.333333333333333       -1.00000000000000      -0.333333333333333     
  0.333333333333333       -1.00000000000000      -0.666666666666667     
  0.666666666666667      -0.666666666666667                          1
                   940                   230                   192
                   194                   104 -0.333333333333333     
  0.666666666666667       -1.00000000000000       0.000000000000000E+000
  0.666666666666667       -1.00000000000000       0.000000000000000E+000
   1.00000000000000      -0.666666666666667      -0.333333333333333     
  0.666666666666667      -0.666666666666667                          1
                   941                   230                   104
                   174                   158 -0.333333333333333     
  0.666666666666667       -1.00000000000000      -0.333333333333333     
  0.666666666666667      -0.666666666666667      -0.666666666666667     
  0.666666666666667      -0.666666666666667      -0.333333333333333     
  0.333333333333333       -1.00000000000000                          1
                   942                   230                   104
                   158                   192 -0.333333333333333     
  0.666666666666667       -1.00000000000000      -0.333333333333333     
  0.666666666666667      -0.666666666666667      -0.333333333333333     
  0.333333333333333       -1.00000000000000       0.000000000000000E+000
  0.666666666666667       -1.00000000000000                          1
                   943                   231                   175
                   159                   205 -0.333333333333333     
  0.666666666666667        1.00000000000000      -0.666666666666667     
  0.666666666666667       0.666666666666667      -0.333333333333333     
  0.333333333333333        1.00000000000000      -0.666666666666667     
  0.333333333333333        1.00000000000000                          1
                   944                   231                   195
                   193                   105 -0.333333333333333     
  0.666666666666667        1.00000000000000       0.000000000000000E+000
   1.00000000000000       0.666666666666667       0.000000000000000E+000
  0.666666666666667        1.00000000000000      -0.333333333333333     
  0.666666666666667       0.666666666666667                          1
                   945                   231                   175
                   105                   159 -0.333333333333333     
  0.666666666666667        1.00000000000000      -0.666666666666667     
  0.666666666666667       0.666666666666667      -0.333333333333333     
  0.666666666666667       0.666666666666667      -0.333333333333333     
  0.333333333333333        1.00000000000000                          1
                   946                   231                   193
                   159                   105 -0.333333333333333     
  0.666666666666667        1.00000000000000       0.000000000000000E+000
  0.666666666666667        1.00000000000000      -0.333333333333333     
  0.333333333333333        1.00000000000000      -0.333333333333333     
  0.666666666666667       0.666666666666667                          1
                   947                   232                   174
                   160                   224 -0.333333333333333     
   1.00000000000000      -0.666666666666667      -0.666666666666667     
  0.666666666666667      -0.666666666666667      -0.333333333333333     
   1.00000000000000      -0.333333333333333      -0.666666666666667     
   1.00000000000000      -0.333333333333333                          1
                   948                   232                   104
                   174                   230 -0.333333333333333     
   1.00000000000000      -0.666666666666667      -0.333333333333333     
  0.666666666666667      -0.666666666666667      -0.666666666666667     
  0.666666666666667      -0.666666666666667      -0.333333333333333     
  0.666666666666667       -1.00000000000000                          1
                   949                   232                   104
                   230                   194 -0.333333333333333     
   1.00000000000000      -0.666666666666667      -0.333333333333333     
  0.666666666666667      -0.666666666666667      -0.333333333333333     
  0.666666666666667       -1.00000000000000       0.000000000000000E+000
   1.00000000000000      -0.666666666666667                          1
                   950                   232                   174
                   104                   160 -0.333333333333333     
   1.00000000000000      -0.666666666666667      -0.666666666666667     
  0.666666666666667      -0.666666666666667      -0.333333333333333     
  0.666666666666667      -0.666666666666667      -0.333333333333333     
   1.00000000000000      -0.333333333333333                          1
                   951                   232                   194
                   160                   104 -0.333333333333333     
   1.00000000000000      -0.666666666666667       0.000000000000000E+000
   1.00000000000000      -0.666666666666667      -0.333333333333333     
   1.00000000000000      -0.333333333333333      -0.333333333333333     
  0.666666666666667      -0.666666666666667                          1
                   952                   233                   175
                   225                   161 -0.333333333333333     
   1.00000000000000       0.666666666666667      -0.666666666666667     
  0.666666666666667       0.666666666666667      -0.666666666666667     
   1.00000000000000       0.333333333333333      -0.333333333333333     
   1.00000000000000       0.333333333333333                          1
                   953                   233                   105
                   195                   231 -0.333333333333333     
   1.00000000000000       0.666666666666667      -0.333333333333333     
  0.666666666666667       0.666666666666667       0.000000000000000E+000
   1.00000000000000       0.666666666666667      -0.333333333333333     
  0.666666666666667        1.00000000000000                          1
                   954                   233                   105
                   231                   175 -0.333333333333333     
   1.00000000000000       0.666666666666667      -0.333333333333333     
  0.666666666666667       0.666666666666667      -0.333333333333333     
  0.666666666666667        1.00000000000000      -0.666666666666667     
  0.666666666666667       0.666666666666667                          1
                   955                   233                   161
                   105                   175 -0.333333333333333     
   1.00000000000000       0.666666666666667      -0.333333333333333     
   1.00000000000000       0.333333333333333      -0.333333333333333     
  0.666666666666667       0.666666666666667      -0.666666666666667     
  0.666666666666667       0.666666666666667                          1
                   956                   233                   161
                   195                   105 -0.333333333333333     
   1.00000000000000       0.666666666666667      -0.333333333333333     
   1.00000000000000       0.333333333333333       0.000000000000000E+000
   1.00000000000000       0.666666666666667      -0.333333333333333     
  0.666666666666667       0.666666666666667                          1
                   957                   234                   106
                   162                   176  0.333333333333333     
  -1.00000000000000      -0.666666666666667       0.333333333333333     
 -0.666666666666667      -0.666666666666667       0.333333333333333     
  -1.00000000000000      -0.333333333333333       0.666666666666667     
 -0.666666666666667      -0.666666666666667                          1
                   958                   234                   106
                   188                   162  0.333333333333333     
  -1.00000000000000      -0.666666666666667       0.333333333333333     
 -0.666666666666667      -0.666666666666667       0.000000000000000E+000
  -1.00000000000000      -0.666666666666667       0.333333333333333     
  -1.00000000000000      -0.333333333333333                          1
                   959                   234                   188
                   106                   206  0.333333333333333     
  -1.00000000000000      -0.666666666666667       0.000000000000000E+000
  -1.00000000000000      -0.666666666666667       0.333333333333333     
 -0.666666666666667      -0.666666666666667       0.333333333333333     
 -0.666666666666667       -1.00000000000000                          1
                   960                   234                   206
                   106                   176  0.333333333333333     
  -1.00000000000000      -0.666666666666667       0.333333333333333     
 -0.666666666666667       -1.00000000000000       0.333333333333333     
 -0.666666666666667      -0.666666666666667       0.666666666666667     
 -0.666666666666667      -0.666666666666667                          1
                   961                   235                   163
                   107                   177  0.333333333333333     
  -1.00000000000000       0.666666666666667       0.333333333333333     
  -1.00000000000000       0.333333333333333       0.333333333333333     
 -0.666666666666667       0.666666666666667       0.666666666666667     
 -0.666666666666667       0.666666666666667                          1
                   962                   235                   163
                   189                   107  0.333333333333333     
  -1.00000000000000       0.666666666666667       0.333333333333333     
  -1.00000000000000       0.333333333333333       0.000000000000000E+000
  -1.00000000000000       0.666666666666667       0.333333333333333     
 -0.666666666666667       0.666666666666667                          1
                   963                   235                   177
                   107                   207  0.333333333333333     
  -1.00000000000000       0.666666666666667       0.666666666666667     
 -0.666666666666667       0.666666666666667       0.333333333333333     
 -0.666666666666667       0.666666666666667       0.333333333333333     
 -0.666666666666667        1.00000000000000                          1
                   964                   235                   207
                   107                   189  0.333333333333333     
  -1.00000000000000       0.666666666666667       0.333333333333333     
 -0.666666666666667        1.00000000000000       0.333333333333333     
 -0.666666666666667       0.666666666666667       0.000000000000000E+000
  -1.00000000000000       0.666666666666667                          1
                   965                   236                   178
                   166                   108  0.333333333333333     
   1.00000000000000      -0.666666666666667       0.666666666666667     
  0.666666666666667      -0.666666666666667       0.333333333333333     
   1.00000000000000      -0.333333333333333       0.333333333333333     
  0.666666666666667      -0.666666666666667                          1
                   966                   236                   194
                   108                   166  0.333333333333333     
   1.00000000000000      -0.666666666666667       0.000000000000000E+000
   1.00000000000000      -0.666666666666667       0.333333333333333     
  0.666666666666667      -0.666666666666667       0.333333333333333     
   1.00000000000000      -0.333333333333333                          1
                   967                   236                   194
                   208                   108  0.333333333333333     
   1.00000000000000      -0.666666666666667       0.000000000000000E+000
   1.00000000000000      -0.666666666666667       0.333333333333333     
  0.666666666666667       -1.00000000000000       0.333333333333333     
  0.666666666666667      -0.666666666666667                          1
                   968                   236                   208
                   178                   108  0.333333333333333     
   1.00000000000000      -0.666666666666667       0.333333333333333     
  0.666666666666667       -1.00000000000000       0.666666666666667     
  0.666666666666667      -0.666666666666667       0.333333333333333     
  0.666666666666667      -0.666666666666667                          1
                   969                   237                   167
                   179                   109  0.333333333333333     
   1.00000000000000       0.666666666666667       0.333333333333333     
   1.00000000000000       0.333333333333333       0.666666666666667     
  0.666666666666667       0.666666666666667       0.333333333333333     
  0.666666666666667       0.666666666666667                          1
                   970                   237                   167
                   109                   195  0.333333333333333     
   1.00000000000000       0.666666666666667       0.333333333333333     
   1.00000000000000       0.333333333333333       0.333333333333333     
  0.666666666666667       0.666666666666667       0.000000000000000E+000
   1.00000000000000       0.666666666666667                          1
                   971                   237                   179
                   209                   109  0.333333333333333     
   1.00000000000000       0.666666666666667       0.666666666666667     
  0.666666666666667       0.666666666666667       0.333333333333333     
  0.666666666666667        1.00000000000000       0.333333333333333     
  0.666666666666667       0.666666666666667                          1
                   972                   237                   209
                   195                   109  0.333333333333333     
   1.00000000000000       0.666666666666667       0.333333333333333     
  0.666666666666667        1.00000000000000       0.000000000000000E+000
   1.00000000000000       0.666666666666667       0.333333333333333     
  0.666666666666667       0.666666666666667                          1
                   973                   238                   176
                   234                   162  0.666666666666667     
  -1.00000000000000      -0.333333333333333       0.666666666666667     
 -0.666666666666667      -0.666666666666667       0.333333333333333     
  -1.00000000000000      -0.666666666666667       0.333333333333333     
  -1.00000000000000      -0.333333333333333                          1
                   974                   238                   196
                   200                   110  0.666666666666667     
  -1.00000000000000      -0.333333333333333       0.666666666666667     
  -1.00000000000000       0.000000000000000E+000   1.00000000000000     
 -0.666666666666667       0.000000000000000E+000  0.666666666666667     
 -0.666666666666667      -0.333333333333333                          1
                   975                   238                   162
                   110                   176  0.666666666666667     
  -1.00000000000000      -0.333333333333333       0.333333333333333     
  -1.00000000000000      -0.333333333333333       0.666666666666667     
 -0.666666666666667      -0.333333333333333       0.666666666666667     
 -0.666666666666667      -0.666666666666667                          1
                   976                   238                   162
                   196                   110  0.666666666666667     
  -1.00000000000000      -0.333333333333333       0.333333333333333     
  -1.00000000000000      -0.333333333333333       0.666666666666667     
  -1.00000000000000       0.000000000000000E+000  0.666666666666667     
 -0.666666666666667      -0.333333333333333                          1
                   977                   239                   163
                   235                   177  0.666666666666667     
  -1.00000000000000       0.333333333333333       0.333333333333333     
  -1.00000000000000       0.333333333333333       0.333333333333333     
  -1.00000000000000       0.666666666666667       0.666666666666667     
 -0.666666666666667       0.666666666666667                          1
                   978                   239                   196
                   111                   200  0.666666666666667     
  -1.00000000000000       0.333333333333333       0.666666666666667     
  -1.00000000000000       0.000000000000000E+000  0.666666666666667     
 -0.666666666666667       0.333333333333333        1.00000000000000     
 -0.666666666666667       0.000000000000000E+000                     1
                   979                   239                   111
                   163                   177  0.666666666666667     
  -1.00000000000000       0.333333333333333       0.666666666666667     
 -0.666666666666667       0.333333333333333       0.333333333333333     
  -1.00000000000000       0.333333333333333       0.666666666666667     
 -0.666666666666667       0.666666666666667                          1
                   980                   239                   111
                   196                   163  0.666666666666667     
  -1.00000000000000       0.333333333333333       0.666666666666667     
 -0.666666666666667       0.333333333333333       0.666666666666667     
  -1.00000000000000       0.000000000000000E+000  0.333333333333333     
  -1.00000000000000       0.333333333333333                          1
                   981                   240                   206
                   176                   164  0.666666666666667     
 -0.333333333333333       -1.00000000000000       0.333333333333333     
 -0.666666666666667       -1.00000000000000       0.666666666666667     
 -0.666666666666667      -0.666666666666667       0.333333333333333     
 -0.333333333333333       -1.00000000000000                          1
                   982                   240                   112
                   201                   197  0.666666666666667     
 -0.333333333333333       -1.00000000000000       0.666666666666667     
 -0.333333333333333      -0.666666666666667        1.00000000000000     
  0.000000000000000E+000 -0.666666666666667       0.666666666666667     
  0.000000000000000E+000  -1.00000000000000                          1
                   983                   240                   164
                   176                   112  0.666666666666667     
 -0.333333333333333       -1.00000000000000       0.333333333333333     
 -0.333333333333333       -1.00000000000000       0.666666666666667     
 -0.666666666666667      -0.666666666666667       0.666666666666667     
 -0.333333333333333      -0.666666666666667                          1
                   984                   240                   164
                   112                   197  0.666666666666667     
 -0.333333333333333       -1.00000000000000       0.333333333333333     
 -0.333333333333333       -1.00000000000000       0.666666666666667     
 -0.333333333333333      -0.666666666666667       0.666666666666667     
  0.000000000000000E+000  -1.00000000000000                          1
                   985                   241                   177
                   207                   165  0.666666666666667     
 -0.333333333333333        1.00000000000000       0.666666666666667     
 -0.666666666666667       0.666666666666667       0.333333333333333     
 -0.666666666666667        1.00000000000000       0.333333333333333     
 -0.333333333333333        1.00000000000000                          1
                   986                   241                   113
                   198                   202  0.666666666666667     
 -0.333333333333333        1.00000000000000       0.666666666666667     
 -0.333333333333333       0.666666666666667       0.666666666666667     
  0.000000000000000E+000   1.00000000000000        1.00000000000000     
  0.000000000000000E+000  0.666666666666667                          1
                   987                   241                   165
                   113                   177  0.666666666666667     
 -0.333333333333333        1.00000000000000       0.333333333333333     
 -0.333333333333333        1.00000000000000       0.666666666666667     
 -0.333333333333333       0.666666666666667       0.666666666666667     
 -0.666666666666667       0.666666666666667                          1
                   988                   241                   165
                   198                   113  0.666666666666667     
 -0.333333333333333        1.00000000000000       0.333333333333333     
 -0.333333333333333        1.00000000000000       0.666666666666667     
  0.000000000000000E+000   1.00000000000000       0.666666666666667     
 -0.333333333333333       0.666666666666667                          1
                   989                   242                   166
                   236                   178  0.666666666666667     
   1.00000000000000      -0.333333333333333       0.333333333333333     
   1.00000000000000      -0.333333333333333       0.333333333333333     
   1.00000000000000      -0.666666666666667       0.666666666666667     
  0.666666666666667      -0.666666666666667                          1
                   990                   242                   199
                   116                   203  0.666666666666667     
   1.00000000000000      -0.333333333333333       0.666666666666667     
   1.00000000000000       0.000000000000000E+000  0.666666666666667     
  0.666666666666667      -0.333333333333333        1.00000000000000     
  0.666666666666667       0.000000000000000E+000                     1
                   991                   242                   116
                   166                   178  0.666666666666667     
   1.00000000000000      -0.333333333333333       0.666666666666667     
  0.666666666666667      -0.333333333333333       0.333333333333333     
   1.00000000000000      -0.333333333333333       0.666666666666667     
  0.666666666666667      -0.666666666666667                          1
                   992                   242                   116
                   199                   166  0.666666666666667     
   1.00000000000000      -0.333333333333333       0.666666666666667     
  0.666666666666667      -0.333333333333333       0.666666666666667     
   1.00000000000000       0.000000000000000E+000  0.333333333333333     
   1.00000000000000      -0.333333333333333                          1
                   993                   243                   167
                   179                   237  0.666666666666667     
   1.00000000000000       0.333333333333333       0.333333333333333     
   1.00000000000000       0.333333333333333       0.666666666666667     
  0.666666666666667       0.666666666666667       0.333333333333333     
   1.00000000000000       0.666666666666667                          1
                   994                   243                   203
                   117                   199  0.666666666666667     
   1.00000000000000       0.333333333333333        1.00000000000000     
  0.666666666666667       0.000000000000000E+000  0.666666666666667     
  0.666666666666667       0.333333333333333       0.666666666666667     
   1.00000000000000       0.000000000000000E+000                     1
                   995                   243                   179
                   167                   117  0.666666666666667     
   1.00000000000000       0.333333333333333       0.666666666666667     
  0.666666666666667       0.666666666666667       0.333333333333333     
   1.00000000000000       0.333333333333333       0.666666666666667     
  0.666666666666667       0.333333333333333                          1
                   996                   243                   199
                   117                   167  0.666666666666667     
   1.00000000000000       0.333333333333333       0.666666666666667     
   1.00000000000000       0.000000000000000E+000  0.666666666666667     
  0.666666666666667       0.333333333333333       0.333333333333333     
   1.00000000000000       0.333333333333333                          1
                   997                   244                   176
                   110                   168   1.00000000000000     
 -0.666666666666667      -0.333333333333333       0.666666666666667     
 -0.666666666666667      -0.666666666666667       0.666666666666667     
 -0.666666666666667      -0.333333333333333        1.00000000000000     
 -0.333333333333333      -0.333333333333333                          1
                   998                   244                   200
                   168                   110   1.00000000000000     
 -0.666666666666667      -0.333333333333333        1.00000000000000     
 -0.666666666666667       0.000000000000000E+000   1.00000000000000     
 -0.333333333333333      -0.333333333333333       0.666666666666667     
 -0.666666666666667      -0.333333333333333                          1
                   999                   244                   110
                   176                   238   1.00000000000000     
 -0.666666666666667      -0.333333333333333       0.666666666666667     
 -0.666666666666667      -0.333333333333333       0.666666666666667     
 -0.666666666666667      -0.666666666666667       0.666666666666667     
  -1.00000000000000      -0.333333333333333                          1
                  1000                   244                   110
                   238                   200   1.00000000000000     
 -0.666666666666667      -0.333333333333333       0.666666666666667     
 -0.666666666666667      -0.333333333333333       0.666666666666667     
  -1.00000000000000      -0.333333333333333        1.00000000000000     
 -0.666666666666667       0.000000000000000E+000                     1
                  1001                   245                   111
                   177                   169   1.00000000000000     
 -0.666666666666667       0.333333333333333       0.666666666666667     
 -0.666666666666667       0.333333333333333       0.666666666666667     
 -0.666666666666667       0.666666666666667        1.00000000000000     
 -0.333333333333333       0.333333333333333                          1
                  1002                   245                   111
                   169                   200   1.00000000000000     
 -0.666666666666667       0.333333333333333       0.666666666666667     
 -0.666666666666667       0.333333333333333        1.00000000000000     
 -0.333333333333333       0.333333333333333        1.00000000000000     
 -0.666666666666667       0.000000000000000E+000                     1
                  1003                   245                   177
                   111                   239   1.00000000000000     
 -0.666666666666667       0.333333333333333       0.666666666666667     
 -0.666666666666667       0.666666666666667       0.666666666666667     
 -0.666666666666667       0.333333333333333       0.666666666666667     
  -1.00000000000000       0.333333333333333                          1
                  1004                   245                   239
                   111                   200   1.00000000000000     
 -0.666666666666667       0.333333333333333       0.666666666666667     
  -1.00000000000000       0.333333333333333       0.666666666666667     
 -0.666666666666667       0.333333333333333        1.00000000000000     
 -0.666666666666667       0.000000000000000E+000                     1
                  1005                   246                   168
                   176                   244   1.00000000000000     
 -0.333333333333333      -0.666666666666667        1.00000000000000     
 -0.333333333333333      -0.333333333333333       0.666666666666667     
 -0.666666666666667      -0.666666666666667        1.00000000000000     
 -0.666666666666667      -0.333333333333333                          1
                  1006                   246                   201
                   240                   112   1.00000000000000     
 -0.333333333333333      -0.666666666666667        1.00000000000000     
  0.000000000000000E+000 -0.666666666666667       0.666666666666667     
 -0.333333333333333       -1.00000000000000       0.666666666666667     
 -0.333333333333333      -0.666666666666667                          1
                  1007                   246                   240
                   176                   112   1.00000000000000     
 -0.333333333333333      -0.666666666666667       0.666666666666667     
 -0.333333333333333       -1.00000000000000       0.666666666666667     
 -0.666666666666667      -0.666666666666667       0.666666666666667     
 -0.333333333333333      -0.666666666666667                          1
                  1008                   246                   176
                   168                   112   1.00000000000000     
 -0.333333333333333      -0.666666666666667       0.666666666666667     
 -0.666666666666667      -0.666666666666667        1.00000000000000     
 -0.333333333333333      -0.333333333333333       0.666666666666667     
 -0.333333333333333      -0.666666666666667                          1
                  1009                   246                   201
                   112                   168   1.00000000000000     
 -0.333333333333333      -0.666666666666667        1.00000000000000     
  0.000000000000000E+000 -0.666666666666667       0.666666666666667     
 -0.333333333333333      -0.666666666666667        1.00000000000000     
 -0.333333333333333      -0.333333333333333                          1
                  1010                   247                   245
                   177                   169   1.00000000000000     
 -0.333333333333333       0.666666666666667        1.00000000000000     
 -0.666666666666667       0.333333333333333       0.666666666666667     
 -0.666666666666667       0.666666666666667        1.00000000000000     
 -0.333333333333333       0.333333333333333                          1
                  1011                   247                   177
                   241                   113   1.00000000000000     
 -0.333333333333333       0.666666666666667       0.666666666666667     
 -0.666666666666667       0.666666666666667       0.666666666666667     
 -0.333333333333333        1.00000000000000       0.666666666666667     
 -0.333333333333333       0.666666666666667                          1
                  1012                   247                   241
                   202                   113   1.00000000000000     
 -0.333333333333333       0.666666666666667       0.666666666666667     
 -0.333333333333333        1.00000000000000        1.00000000000000     
  0.000000000000000E+000  0.666666666666667       0.666666666666667     
 -0.333333333333333       0.666666666666667                          1
                  1013                   247                   169
                   177                   113   1.00000000000000     
 -0.333333333333333       0.666666666666667        1.00000000000000     
 -0.333333333333333       0.333333333333333       0.666666666666667     
 -0.666666666666667       0.666666666666667       0.666666666666667     
 -0.333333333333333       0.666666666666667                          1
                  1014                   247                   169
                   113                   202   1.00000000000000     
 -0.333333333333333       0.666666666666667        1.00000000000000     
 -0.333333333333333       0.333333333333333       0.666666666666667     
 -0.333333333333333       0.666666666666667        1.00000000000000     
  0.000000000000000E+000  0.666666666666667                          1
                  1015                   248                   170
                   178                   114   1.00000000000000     
  0.333333333333333      -0.666666666666667        1.00000000000000     
  0.333333333333333      -0.333333333333333       0.666666666666667     
  0.666666666666667      -0.666666666666667       0.666666666666667     
  0.333333333333333      -0.666666666666667                          1
                  1016                   248                   170
                   114                   201   1.00000000000000     
  0.333333333333333      -0.666666666666667        1.00000000000000     
  0.333333333333333      -0.333333333333333       0.666666666666667     
  0.333333333333333      -0.666666666666667        1.00000000000000     
  0.000000000000000E+000 -0.666666666666667                          1
                  1017                   248                   178
                   210                   114   1.00000000000000     
  0.333333333333333      -0.666666666666667       0.666666666666667     
  0.666666666666667      -0.666666666666667       0.666666666666667     
  0.333333333333333       -1.00000000000000       0.666666666666667     
  0.333333333333333      -0.666666666666667                          1
                  1018                   248                   210
                   201                   114   1.00000000000000     
  0.333333333333333      -0.666666666666667       0.666666666666667     
  0.333333333333333       -1.00000000000000        1.00000000000000     
  0.000000000000000E+000 -0.666666666666667       0.666666666666667     
  0.333333333333333      -0.666666666666667                          1
                  1019                   249                   171
                   115                   179   1.00000000000000     
  0.333333333333333       0.666666666666667        1.00000000000000     
  0.333333333333333       0.333333333333333       0.666666666666667     
  0.333333333333333       0.666666666666667       0.666666666666667     
  0.666666666666667       0.666666666666667                          1
                  1020                   249                   171
                   202                   115   1.00000000000000     
  0.333333333333333       0.666666666666667        1.00000000000000     
  0.333333333333333       0.333333333333333        1.00000000000000     
  0.000000000000000E+000  0.666666666666667       0.666666666666667     
  0.333333333333333       0.666666666666667                          1
                  1021                   249                   115
                   202                   211   1.00000000000000     
  0.333333333333333       0.666666666666667       0.666666666666667     
  0.333333333333333       0.666666666666667        1.00000000000000     
  0.000000000000000E+000  0.666666666666667       0.666666666666667     
  0.333333333333333        1.00000000000000                          1
                  1022                   249                   115
                   211                   179   1.00000000000000     
  0.333333333333333       0.666666666666667       0.666666666666667     
  0.333333333333333       0.666666666666667       0.666666666666667     
  0.333333333333333        1.00000000000000       0.666666666666667     
  0.666666666666667       0.666666666666667                          1
                  1023                   250                   248
                   170                   178   1.00000000000000     
  0.666666666666667      -0.333333333333333        1.00000000000000     
  0.333333333333333      -0.666666666666667        1.00000000000000     
  0.333333333333333      -0.333333333333333       0.666666666666667     
  0.666666666666667      -0.666666666666667                          1
                  1024                   250                   178
                   116                   242   1.00000000000000     
  0.666666666666667      -0.333333333333333       0.666666666666667     
  0.666666666666667      -0.666666666666667       0.666666666666667     
  0.666666666666667      -0.333333333333333       0.666666666666667     
   1.00000000000000      -0.333333333333333                          1
                  1025                   250                   242
                   116                   203   1.00000000000000     
  0.666666666666667      -0.333333333333333       0.666666666666667     
   1.00000000000000      -0.333333333333333       0.666666666666667     
  0.666666666666667      -0.333333333333333        1.00000000000000     
  0.666666666666667       0.000000000000000E+000                     1
                  1026                   250                   116
                   178                   170   1.00000000000000     
  0.666666666666667      -0.333333333333333       0.666666666666667     
  0.666666666666667      -0.333333333333333       0.666666666666667     
  0.666666666666667      -0.666666666666667        1.00000000000000     
  0.333333333333333      -0.333333333333333                          1
                  1027                   250                   116
                   170                   203   1.00000000000000     
  0.666666666666667      -0.333333333333333       0.666666666666667     
  0.666666666666667      -0.333333333333333        1.00000000000000     
  0.333333333333333      -0.333333333333333        1.00000000000000     
  0.666666666666667       0.000000000000000E+000                     1
                  1028                   251                   171
                   249                   179   1.00000000000000     
  0.666666666666667       0.333333333333333        1.00000000000000     
  0.333333333333333       0.333333333333333        1.00000000000000     
  0.333333333333333       0.666666666666667       0.666666666666667     
  0.666666666666667       0.666666666666667                          1
                  1029                   251                   203
                   117                   243   1.00000000000000     
  0.666666666666667       0.333333333333333        1.00000000000000     
  0.666666666666667       0.000000000000000E+000  0.666666666666667     
  0.666666666666667       0.333333333333333       0.666666666666667     
   1.00000000000000       0.333333333333333                          1
                  1030                   251                   243
                   117                   179   1.00000000000000     
  0.666666666666667       0.333333333333333       0.666666666666667     
   1.00000000000000       0.333333333333333       0.666666666666667     
  0.666666666666667       0.333333333333333       0.666666666666667     
  0.666666666666667       0.666666666666667                          1
                  1031                   251                   117
                   171                   179   1.00000000000000     
  0.666666666666667       0.333333333333333       0.666666666666667     
  0.666666666666667       0.333333333333333        1.00000000000000     
  0.333333333333333       0.333333333333333       0.666666666666667     
  0.666666666666667       0.666666666666667                          1
                  1032                   251                   117
                   203                   171   1.00000000000000     
  0.666666666666667       0.333333333333333       0.666666666666667     
  0.666666666666667       0.333333333333333        1.00000000000000     
  0.666666666666667       0.000000000000000E+000   1.00000000000000     
  0.333333333333333       0.333333333333333                          1
                  1033                   252                   222
                   172                   228 -0.666666666666667     
 -0.666666666666667       -1.00000000000000      -0.666666666666667     
 -0.333333333333333       -1.00000000000000      -0.666666666666667     
 -0.666666666666667      -0.666666666666667      -0.333333333333333     
 -0.666666666666667       -1.00000000000000                          1
                  1034                   252                   172
                   222                   214 -0.666666666666667     
 -0.666666666666667       -1.00000000000000      -0.666666666666667     
 -0.666666666666667      -0.666666666666667      -0.666666666666667     
 -0.333333333333333       -1.00000000000000       -1.00000000000000     
 -0.333333333333333      -0.666666666666667                          1
                  1035                   252                   172
                   226                   228 -0.666666666666667     
 -0.666666666666667       -1.00000000000000      -0.666666666666667     
 -0.666666666666667      -0.666666666666667      -0.333333333333333     
  -1.00000000000000      -0.666666666666667      -0.333333333333333     
 -0.666666666666667       -1.00000000000000                          1
                  1036                   253                   229
                   173                   223 -0.666666666666667     
 -0.666666666666667        1.00000000000000      -0.333333333333333     
 -0.666666666666667        1.00000000000000      -0.666666666666667     
 -0.666666666666667       0.666666666666667      -0.666666666666667     
 -0.333333333333333        1.00000000000000                          1
                  1037                   253                   223
                   173                   215 -0.666666666666667     
 -0.666666666666667        1.00000000000000      -0.666666666666667     
 -0.333333333333333        1.00000000000000      -0.666666666666667     
 -0.666666666666667       0.666666666666667       -1.00000000000000     
 -0.333333333333333       0.666666666666667                          1
                  1038                   253                   173
                   229                   227 -0.666666666666667     
 -0.666666666666667        1.00000000000000      -0.666666666666667     
 -0.666666666666667       0.666666666666667      -0.333333333333333     
 -0.666666666666667        1.00000000000000      -0.333333333333333     
  -1.00000000000000       0.666666666666667                          1
                  1039                   254                   174
                   204                   230 -0.666666666666667     
  0.666666666666667       -1.00000000000000      -0.666666666666667     
  0.666666666666667      -0.666666666666667      -0.666666666666667     
  0.333333333333333       -1.00000000000000      -0.333333333333333     
  0.666666666666667       -1.00000000000000                          1
                  1040                   254                   216
                   204                   174 -0.666666666666667     
  0.666666666666667       -1.00000000000000       -1.00000000000000     
  0.333333333333333      -0.666666666666667      -0.666666666666667     
  0.333333333333333       -1.00000000000000      -0.666666666666667     
  0.666666666666667      -0.666666666666667                          1
                  1041                   254                   174
                   230                   232 -0.666666666666667     
  0.666666666666667       -1.00000000000000      -0.666666666666667     
  0.666666666666667      -0.666666666666667      -0.333333333333333     
  0.666666666666667       -1.00000000000000      -0.333333333333333     
   1.00000000000000      -0.666666666666667                          1
                  1042                   255                   231
                   205                   175 -0.666666666666667     
  0.666666666666667        1.00000000000000      -0.333333333333333     
  0.666666666666667        1.00000000000000      -0.666666666666667     
  0.333333333333333        1.00000000000000      -0.666666666666667     
  0.666666666666667       0.666666666666667                          1
                  1043                   255                   205
                   217                   175 -0.666666666666667     
  0.666666666666667        1.00000000000000      -0.666666666666667     
  0.333333333333333        1.00000000000000       -1.00000000000000     
  0.333333333333333       0.666666666666667      -0.666666666666667     
  0.666666666666667       0.666666666666667                          1
                  1044                   255                   175
                   233                   231 -0.666666666666667     
  0.666666666666667        1.00000000000000      -0.666666666666667     
  0.666666666666667       0.666666666666667      -0.333333333333333     
   1.00000000000000       0.666666666666667      -0.333333333333333     
  0.666666666666667        1.00000000000000                          1
                  1045                   256                   206
                   176                   240  0.666666666666667     
 -0.666666666666667       -1.00000000000000       0.333333333333333     
 -0.666666666666667       -1.00000000000000       0.666666666666667     
 -0.666666666666667      -0.666666666666667       0.666666666666667     
 -0.333333333333333       -1.00000000000000                          1
                  1046                   256                   234
                   176                   206  0.666666666666667     
 -0.666666666666667       -1.00000000000000       0.333333333333333     
  -1.00000000000000      -0.666666666666667       0.666666666666667     
 -0.666666666666667      -0.666666666666667       0.333333333333333     
 -0.666666666666667       -1.00000000000000                          1
                  1047                   256                   246
                   240                   176  0.666666666666667     
 -0.666666666666667       -1.00000000000000        1.00000000000000     
 -0.333333333333333      -0.666666666666667       0.666666666666667     
 -0.333333333333333       -1.00000000000000       0.666666666666667     
 -0.666666666666667      -0.666666666666667                          1
                  1048                   257                   207
                   241                   177  0.666666666666667     
 -0.666666666666667        1.00000000000000       0.333333333333333     
 -0.666666666666667        1.00000000000000       0.666666666666667     
 -0.333333333333333        1.00000000000000       0.666666666666667     
 -0.666666666666667       0.666666666666667                          1
                  1049                   257                   207
                   177                   235  0.666666666666667     
 -0.666666666666667        1.00000000000000       0.333333333333333     
 -0.666666666666667        1.00000000000000       0.666666666666667     
 -0.666666666666667       0.666666666666667       0.333333333333333     
  -1.00000000000000       0.666666666666667                          1
                  1050                   257                   241
                   247                   177  0.666666666666667     
 -0.666666666666667        1.00000000000000       0.666666666666667     
 -0.333333333333333        1.00000000000000        1.00000000000000     
 -0.333333333333333       0.666666666666667       0.666666666666667     
 -0.666666666666667       0.666666666666667                          1
                  1051                   258                   208
                   210                   178  0.666666666666667     
  0.666666666666667       -1.00000000000000       0.333333333333333     
  0.666666666666667       -1.00000000000000       0.666666666666667     
  0.333333333333333       -1.00000000000000       0.666666666666667     
  0.666666666666667      -0.666666666666667                          1
                  1052                   258                   178
                   236                   208  0.666666666666667     
  0.666666666666667       -1.00000000000000       0.666666666666667     
  0.666666666666667      -0.666666666666667       0.333333333333333     
   1.00000000000000      -0.666666666666667       0.333333333333333     
  0.666666666666667       -1.00000000000000                          1
                  1053                   258                   178
                   210                   248  0.666666666666667     
  0.666666666666667       -1.00000000000000       0.666666666666667     
  0.666666666666667      -0.666666666666667       0.666666666666667     
  0.333333333333333       -1.00000000000000        1.00000000000000     
  0.333333333333333      -0.666666666666667                          1
                  1054                   259                   209
                   179                   211  0.666666666666667     
  0.666666666666667        1.00000000000000       0.333333333333333     
  0.666666666666667        1.00000000000000       0.666666666666667     
  0.666666666666667       0.666666666666667       0.666666666666667     
  0.333333333333333        1.00000000000000                          1
                  1055                   259                   179
                   209                   237  0.666666666666667     
  0.666666666666667        1.00000000000000       0.666666666666667     
  0.666666666666667       0.666666666666667       0.333333333333333     
  0.666666666666667        1.00000000000000       0.333333333333333     
   1.00000000000000       0.666666666666667                          1
                  1056                   259                   249
                   211                   179  0.666666666666667     
  0.666666666666667        1.00000000000000        1.00000000000000     
  0.333333333333333       0.666666666666667       0.666666666666667     
  0.333333333333333        1.00000000000000       0.666666666666667     
  0.666666666666667       0.666666666666667                          1
                  1057                   260                   212
                   172                   214  -1.00000000000000     
 -0.666666666666667      -0.666666666666667       -1.00000000000000     
 -0.666666666666667      -0.333333333333333      -0.666666666666667     
 -0.666666666666667      -0.666666666666667       -1.00000000000000     
 -0.333333333333333      -0.666666666666667                          1
                  1058                   260                   252
                   214                   172  -1.00000000000000     
 -0.666666666666667      -0.666666666666667      -0.666666666666667     
 -0.666666666666667       -1.00000000000000       -1.00000000000000     
 -0.333333333333333      -0.666666666666667      -0.666666666666667     
 -0.666666666666667      -0.666666666666667                          1
                  1059                   260                   212
                   220                   172  -1.00000000000000     
 -0.666666666666667      -0.666666666666667       -1.00000000000000     
 -0.666666666666667      -0.333333333333333      -0.666666666666667     
  -1.00000000000000      -0.333333333333333      -0.666666666666667     
 -0.666666666666667      -0.666666666666667                          1
                  1060                   261                   215
                   173                   213  -1.00000000000000     
 -0.666666666666667       0.666666666666667       -1.00000000000000     
 -0.333333333333333       0.666666666666667      -0.666666666666667     
 -0.666666666666667       0.666666666666667       -1.00000000000000     
 -0.666666666666667       0.333333333333333                          1
                  1061                   261                   215
                   253                   173  -1.00000000000000     
 -0.666666666666667       0.666666666666667       -1.00000000000000     
 -0.333333333333333       0.666666666666667      -0.666666666666667     
 -0.666666666666667        1.00000000000000      -0.666666666666667     
 -0.666666666666667       0.666666666666667                          1
                  1062                   261                   221
                   213                   173  -1.00000000000000     
 -0.666666666666667       0.666666666666667      -0.666666666666667     
  -1.00000000000000       0.333333333333333       -1.00000000000000     
 -0.666666666666667       0.333333333333333      -0.666666666666667     
 -0.666666666666667       0.666666666666667                          1
                  1063                   262                   216
                   174                   218  -1.00000000000000     
  0.666666666666667      -0.666666666666667       -1.00000000000000     
  0.333333333333333      -0.666666666666667      -0.666666666666667     
  0.666666666666667      -0.666666666666667       -1.00000000000000     
  0.666666666666667      -0.333333333333333                          1
                  1064                   262                   216
                   254                   174  -1.00000000000000     
  0.666666666666667      -0.666666666666667       -1.00000000000000     
  0.333333333333333      -0.666666666666667      -0.666666666666667     
  0.666666666666667       -1.00000000000000      -0.666666666666667     
  0.666666666666667      -0.666666666666667                          1
                  1065                   262                   218
                   174                   224  -1.00000000000000     
  0.666666666666667      -0.666666666666667       -1.00000000000000     
  0.666666666666667      -0.333333333333333      -0.666666666666667     
  0.666666666666667      -0.666666666666667      -0.666666666666667     
   1.00000000000000      -0.333333333333333                          1
                  1066                   263                   217
                   219                   175  -1.00000000000000     
  0.666666666666667       0.666666666666667       -1.00000000000000     
  0.333333333333333       0.666666666666667       -1.00000000000000     
  0.666666666666667       0.333333333333333      -0.666666666666667     
  0.666666666666667       0.666666666666667                          1
                  1067                   263                   217
                   175                   255  -1.00000000000000     
  0.666666666666667       0.666666666666667       -1.00000000000000     
  0.333333333333333       0.666666666666667      -0.666666666666667     
  0.666666666666667       0.666666666666667      -0.666666666666667     
  0.666666666666667        1.00000000000000                          1
                  1068                   263                   219
                   225                   175  -1.00000000000000     
  0.666666666666667       0.666666666666667       -1.00000000000000     
  0.666666666666667       0.333333333333333      -0.666666666666667     
   1.00000000000000       0.333333333333333      -0.666666666666667     
  0.666666666666667       0.666666666666667                          1
                  1069                   264                   226
                   172                   220 -0.666666666666667     
  -1.00000000000000      -0.666666666666667      -0.333333333333333     
  -1.00000000000000      -0.666666666666667      -0.666666666666667     
 -0.666666666666667      -0.666666666666667      -0.666666666666667     
  -1.00000000000000      -0.333333333333333                          1
                  1070                   264                   226
                   252                   172 -0.666666666666667     
  -1.00000000000000      -0.666666666666667      -0.333333333333333     
  -1.00000000000000      -0.666666666666667      -0.666666666666667     
 -0.666666666666667       -1.00000000000000      -0.666666666666667     
 -0.666666666666667      -0.666666666666667                          1
                  1071                   264                   220
                   172                   260 -0.666666666666667     
  -1.00000000000000      -0.666666666666667      -0.666666666666667     
  -1.00000000000000      -0.333333333333333      -0.666666666666667     
 -0.666666666666667      -0.666666666666667       -1.00000000000000     
 -0.666666666666667      -0.666666666666667                          1
                  1072                   264                   260
                   172                   252 -0.666666666666667     
  -1.00000000000000      -0.666666666666667       -1.00000000000000     
 -0.666666666666667      -0.666666666666667      -0.666666666666667     
 -0.666666666666667      -0.666666666666667      -0.666666666666667     
 -0.666666666666667       -1.00000000000000                          1
                  1073                   265                   173
                   227                   221 -0.666666666666667     
  -1.00000000000000       0.666666666666667      -0.666666666666667     
 -0.666666666666667       0.666666666666667      -0.333333333333333     
  -1.00000000000000       0.666666666666667      -0.666666666666667     
  -1.00000000000000       0.333333333333333                          1
                  1074                   265                   173
                   253                   227 -0.666666666666667     
  -1.00000000000000       0.666666666666667      -0.666666666666667     
 -0.666666666666667       0.666666666666667      -0.666666666666667     
 -0.666666666666667        1.00000000000000      -0.333333333333333     
  -1.00000000000000       0.666666666666667                          1
                  1075                   265                   253
                   173                   261 -0.666666666666667     
  -1.00000000000000       0.666666666666667      -0.666666666666667     
 -0.666666666666667        1.00000000000000      -0.666666666666667     
 -0.666666666666667       0.666666666666667       -1.00000000000000     
 -0.666666666666667       0.666666666666667                          1
                  1076                   265                   261
                   173                   221 -0.666666666666667     
  -1.00000000000000       0.666666666666667       -1.00000000000000     
 -0.666666666666667       0.666666666666667      -0.666666666666667     
 -0.666666666666667       0.666666666666667      -0.666666666666667     
  -1.00000000000000       0.333333333333333                          1
                  1077                   266                   232
                   224                   174 -0.666666666666667     
   1.00000000000000      -0.666666666666667      -0.333333333333333     
   1.00000000000000      -0.666666666666667      -0.666666666666667     
   1.00000000000000      -0.333333333333333      -0.666666666666667     
  0.666666666666667      -0.666666666666667                          1
                  1078                   266                   232
                   174                   254 -0.666666666666667     
   1.00000000000000      -0.666666666666667      -0.333333333333333     
   1.00000000000000      -0.666666666666667      -0.666666666666667     
  0.666666666666667      -0.666666666666667      -0.666666666666667     
  0.666666666666667       -1.00000000000000                          1
                  1079                   266                   174
                   224                   262 -0.666666666666667     
   1.00000000000000      -0.666666666666667      -0.666666666666667     
  0.666666666666667      -0.666666666666667      -0.666666666666667     
   1.00000000000000      -0.333333333333333       -1.00000000000000     
  0.666666666666667      -0.666666666666667                          1
                  1080                   266                   174
                   262                   254 -0.666666666666667     
   1.00000000000000      -0.666666666666667      -0.666666666666667     
  0.666666666666667      -0.666666666666667       -1.00000000000000     
  0.666666666666667      -0.666666666666667      -0.666666666666667     
  0.666666666666667       -1.00000000000000                          1
                  1081                   267                   225
                   233                   175 -0.666666666666667     
   1.00000000000000       0.666666666666667      -0.666666666666667     
   1.00000000000000       0.333333333333333      -0.333333333333333     
   1.00000000000000       0.666666666666667      -0.666666666666667     
  0.666666666666667       0.666666666666667                          1
                  1082                   267                   255
                   175                   233 -0.666666666666667     
   1.00000000000000       0.666666666666667      -0.666666666666667     
  0.666666666666667        1.00000000000000      -0.666666666666667     
  0.666666666666667       0.666666666666667      -0.333333333333333     
   1.00000000000000       0.666666666666667                          1
                  1083                   267                   225
                   175                   263 -0.666666666666667     
   1.00000000000000       0.666666666666667      -0.666666666666667     
   1.00000000000000       0.333333333333333      -0.666666666666667     
  0.666666666666667       0.666666666666667       -1.00000000000000     
  0.666666666666667       0.666666666666667                          1
                  1084                   267                   263
                   175                   255 -0.666666666666667     
   1.00000000000000       0.666666666666667       -1.00000000000000     
  0.666666666666667       0.666666666666667      -0.666666666666667     
  0.666666666666667       0.666666666666667      -0.666666666666667     
  0.666666666666667        1.00000000000000                          1
                  1085                   268                   176
                   234                   238  0.666666666666667     
  -1.00000000000000      -0.666666666666667       0.666666666666667     
 -0.666666666666667      -0.666666666666667       0.333333333333333     
  -1.00000000000000      -0.666666666666667       0.666666666666667     
  -1.00000000000000      -0.333333333333333                          1
                  1086                   268                   176
                   256                   234  0.666666666666667     
  -1.00000000000000      -0.666666666666667       0.666666666666667     
 -0.666666666666667      -0.666666666666667       0.666666666666667     
 -0.666666666666667       -1.00000000000000       0.333333333333333     
  -1.00000000000000      -0.666666666666667                          1
                  1087                   268                   176
                   238                   244  0.666666666666667     
  -1.00000000000000      -0.666666666666667       0.666666666666667     
 -0.666666666666667      -0.666666666666667       0.666666666666667     
  -1.00000000000000      -0.333333333333333        1.00000000000000     
 -0.666666666666667      -0.333333333333333                          1
                  1088                   269                   235
                   177                   239  0.666666666666667     
  -1.00000000000000       0.666666666666667       0.333333333333333     
  -1.00000000000000       0.666666666666667       0.666666666666667     
 -0.666666666666667       0.666666666666667       0.666666666666667     
  -1.00000000000000       0.333333333333333                          1
                  1089                   269                   235
                   257                   177  0.666666666666667     
  -1.00000000000000       0.666666666666667       0.333333333333333     
  -1.00000000000000       0.666666666666667       0.666666666666667     
 -0.666666666666667        1.00000000000000       0.666666666666667     
 -0.666666666666667       0.666666666666667                          1
                  1090                   269                   245
                   239                   177  0.666666666666667     
  -1.00000000000000       0.666666666666667        1.00000000000000     
 -0.666666666666667       0.333333333333333       0.666666666666667     
  -1.00000000000000       0.333333333333333       0.666666666666667     
 -0.666666666666667       0.666666666666667                          1
                  1091                   270                   236
                   178                   242  0.666666666666667     
   1.00000000000000      -0.666666666666667       0.333333333333333     
   1.00000000000000      -0.666666666666667       0.666666666666667     
  0.666666666666667      -0.666666666666667       0.666666666666667     
   1.00000000000000      -0.333333333333333                          1
                  1092                   270                   236
                   258                   178  0.666666666666667     
   1.00000000000000      -0.666666666666667       0.333333333333333     
   1.00000000000000      -0.666666666666667       0.666666666666667     
  0.666666666666667       -1.00000000000000       0.666666666666667     
  0.666666666666667      -0.666666666666667                          1
                  1093                   270                   242
                   178                   250  0.666666666666667     
   1.00000000000000      -0.666666666666667       0.666666666666667     
   1.00000000000000      -0.333333333333333       0.666666666666667     
  0.666666666666667      -0.666666666666667        1.00000000000000     
  0.666666666666667      -0.333333333333333                          1
                  1094                   271                   237
                   243                   179  0.666666666666667     
   1.00000000000000       0.666666666666667       0.333333333333333     
   1.00000000000000       0.666666666666667       0.666666666666667     
   1.00000000000000       0.333333333333333       0.666666666666667     
  0.666666666666667       0.666666666666667                          1
                  1095                   271                   237
                   179                   259  0.666666666666667     
   1.00000000000000       0.666666666666667       0.333333333333333     
   1.00000000000000       0.666666666666667       0.666666666666667     
  0.666666666666667       0.666666666666667       0.666666666666667     
  0.666666666666667        1.00000000000000                          1
                  1096                   271                   251
                   179                   243  0.666666666666667     
   1.00000000000000       0.666666666666667        1.00000000000000     
  0.666666666666667       0.333333333333333       0.666666666666667     
  0.666666666666667       0.666666666666667       0.666666666666667     
   1.00000000000000       0.333333333333333                          1
                  1097                   272                   176
                   244                   246   1.00000000000000     
 -0.666666666666667      -0.666666666666667       0.666666666666667     
 -0.666666666666667      -0.666666666666667        1.00000000000000     
 -0.666666666666667      -0.333333333333333        1.00000000000000     
 -0.333333333333333      -0.666666666666667                          1
                  1098                   272                   176
                   246                   256   1.00000000000000     
 -0.666666666666667      -0.666666666666667       0.666666666666667     
 -0.666666666666667      -0.666666666666667        1.00000000000000     
 -0.333333333333333      -0.666666666666667       0.666666666666667     
 -0.666666666666667       -1.00000000000000                          1
                  1099                   272                   256
                   268                   176   1.00000000000000     
 -0.666666666666667      -0.666666666666667       0.666666666666667     
 -0.666666666666667       -1.00000000000000       0.666666666666667     
  -1.00000000000000      -0.666666666666667       0.666666666666667     
 -0.666666666666667      -0.666666666666667                          1
                  1100                   272                   268
                   244                   176   1.00000000000000     
 -0.666666666666667      -0.666666666666667       0.666666666666667     
  -1.00000000000000      -0.666666666666667        1.00000000000000     
 -0.666666666666667      -0.333333333333333       0.666666666666667     
 -0.666666666666667      -0.666666666666667                          1
                  1101                   273                   177
                   247                   245   1.00000000000000     
 -0.666666666666667       0.666666666666667       0.666666666666667     
 -0.666666666666667       0.666666666666667        1.00000000000000     
 -0.333333333333333       0.666666666666667        1.00000000000000     
 -0.666666666666667       0.333333333333333                          1
                  1102                   273                   177
                   257                   247   1.00000000000000     
 -0.666666666666667       0.666666666666667       0.666666666666667     
 -0.666666666666667       0.666666666666667       0.666666666666667     
 -0.666666666666667        1.00000000000000        1.00000000000000     
 -0.333333333333333       0.666666666666667                          1
                  1103                   273                   257
                   177                   269   1.00000000000000     
 -0.666666666666667       0.666666666666667       0.666666666666667     
 -0.666666666666667        1.00000000000000       0.666666666666667     
 -0.666666666666667       0.666666666666667       0.666666666666667     
  -1.00000000000000       0.666666666666667                          1
                  1104                   273                   269
                   177                   245   1.00000000000000     
 -0.666666666666667       0.666666666666667       0.666666666666667     
  -1.00000000000000       0.666666666666667       0.666666666666667     
 -0.666666666666667       0.666666666666667        1.00000000000000     
 -0.666666666666667       0.333333333333333                          1
                  1105                   274                   248
                   250                   178   1.00000000000000     
  0.666666666666667      -0.666666666666667        1.00000000000000     
  0.333333333333333      -0.666666666666667        1.00000000000000     
  0.666666666666667      -0.333333333333333       0.666666666666667     
  0.666666666666667      -0.666666666666667                          1
                  1106                   274                   248
                   178                   258   1.00000000000000     
  0.666666666666667      -0.666666666666667        1.00000000000000     
  0.333333333333333      -0.666666666666667       0.666666666666667     
  0.666666666666667      -0.666666666666667       0.666666666666667     
  0.666666666666667       -1.00000000000000                          1
                  1107                   274                   178
                   250                   270   1.00000000000000     
  0.666666666666667      -0.666666666666667       0.666666666666667     
  0.666666666666667      -0.666666666666667        1.00000000000000     
  0.666666666666667      -0.333333333333333       0.666666666666667     
   1.00000000000000      -0.666666666666667                          1
                  1108                   274                   178
                   270                   258   1.00000000000000     
  0.666666666666667      -0.666666666666667       0.666666666666667     
  0.666666666666667      -0.666666666666667       0.666666666666667     
   1.00000000000000      -0.666666666666667       0.666666666666667     
  0.666666666666667       -1.00000000000000                          1
                  1109                   275                   251
                   249                   179   1.00000000000000     
  0.666666666666667       0.666666666666667        1.00000000000000     
  0.666666666666667       0.333333333333333        1.00000000000000     
  0.333333333333333       0.666666666666667       0.666666666666667     
  0.666666666666667       0.666666666666667                          1
                  1110                   275                   259
                   179                   249   1.00000000000000     
  0.666666666666667       0.666666666666667       0.666666666666667     
  0.666666666666667        1.00000000000000       0.666666666666667     
  0.666666666666667       0.666666666666667        1.00000000000000     
  0.333333333333333       0.666666666666667                          1
                  1111                   275                   179
                   259                   271   1.00000000000000     
  0.666666666666667       0.666666666666667       0.666666666666667     
  0.666666666666667       0.666666666666667       0.666666666666667     
  0.666666666666667        1.00000000000000       0.666666666666667     
   1.00000000000000       0.666666666666667                          1
                  1112                   275                   179
                   271                   251   1.00000000000000     
  0.666666666666667       0.666666666666667       0.666666666666667     
  0.666666666666667       0.666666666666667       0.666666666666667     
   1.00000000000000       0.666666666666667        1.00000000000000     
  0.666666666666667       0.333333333333333                          1
                  1113                   276                   180
                   184                   212  -1.00000000000000     
  -1.00000000000000       0.000000000000000E+000  -1.00000000000000     
 -0.666666666666667       0.000000000000000E+000 -0.666666666666667     
  -1.00000000000000       0.000000000000000E+000  -1.00000000000000     
 -0.666666666666667      -0.333333333333333                          1
                  1114                   276                   213
                   184                   180  -1.00000000000000     
  -1.00000000000000       0.000000000000000E+000  -1.00000000000000     
 -0.666666666666667       0.333333333333333      -0.666666666666667     
  -1.00000000000000       0.000000000000000E+000  -1.00000000000000     
 -0.666666666666667       0.000000000000000E+000                     1
                  1115                   276                   220
                   212                   184  -1.00000000000000     
  -1.00000000000000       0.000000000000000E+000 -0.666666666666667     
  -1.00000000000000      -0.333333333333333       -1.00000000000000     
 -0.666666666666667      -0.333333333333333      -0.666666666666667     
  -1.00000000000000       0.000000000000000E+000                     1
                  1116                   276                   184
                   213                   221  -1.00000000000000     
  -1.00000000000000       0.000000000000000E+000 -0.666666666666667     
  -1.00000000000000       0.000000000000000E+000  -1.00000000000000     
 -0.666666666666667       0.333333333333333      -0.666666666666667     
  -1.00000000000000       0.333333333333333                          1
                  1117                   277                   181
                   185                   204  -1.00000000000000     
  0.000000000000000E+000  -1.00000000000000       -1.00000000000000     
  0.000000000000000E+000 -0.666666666666667      -0.666666666666667     
  0.000000000000000E+000  -1.00000000000000      -0.666666666666667     
  0.333333333333333       -1.00000000000000                          1
                  1118                   277                   181
                   214                   185  -1.00000000000000     
  0.000000000000000E+000  -1.00000000000000       -1.00000000000000     
  0.000000000000000E+000 -0.666666666666667       -1.00000000000000     
 -0.333333333333333      -0.666666666666667      -0.666666666666667     
  0.000000000000000E+000  -1.00000000000000                          1
                  1119                   277                   216
                   181                   204  -1.00000000000000     
  0.000000000000000E+000  -1.00000000000000       -1.00000000000000     
  0.333333333333333      -0.666666666666667       -1.00000000000000     
  0.000000000000000E+000 -0.666666666666667      -0.666666666666667     
  0.333333333333333       -1.00000000000000                          1
                  1120                   277                   214
                   222                   185  -1.00000000000000     
  0.000000000000000E+000  -1.00000000000000       -1.00000000000000     
 -0.333333333333333      -0.666666666666667      -0.666666666666667     
 -0.333333333333333       -1.00000000000000      -0.666666666666667     
  0.000000000000000E+000  -1.00000000000000                          1
                  1121                   278                   205
                   186                   182  -1.00000000000000     
  0.000000000000000E+000   1.00000000000000      -0.666666666666667     
  0.333333333333333        1.00000000000000      -0.666666666666667     
  0.000000000000000E+000   1.00000000000000       -1.00000000000000     
  0.000000000000000E+000  0.666666666666667                          1
                  1122                   278                   182
                   186                   215  -1.00000000000000     
  0.000000000000000E+000   1.00000000000000       -1.00000000000000     
  0.000000000000000E+000  0.666666666666667      -0.666666666666667     
  0.000000000000000E+000   1.00000000000000       -1.00000000000000     
 -0.333333333333333       0.666666666666667                          1
                  1123                   278                   182
                   217                   205  -1.00000000000000     
  0.000000000000000E+000   1.00000000000000       -1.00000000000000     
  0.000000000000000E+000  0.666666666666667       -1.00000000000000     
  0.333333333333333       0.666666666666667      -0.666666666666667     
  0.333333333333333        1.00000000000000                          1
                  1124                   278                   223
                   215                   186  -1.00000000000000     
  0.000000000000000E+000   1.00000000000000      -0.666666666666667     
 -0.333333333333333        1.00000000000000       -1.00000000000000     
 -0.333333333333333       0.666666666666667      -0.666666666666667     
  0.000000000000000E+000   1.00000000000000                          1
                  1125                   279                   183
                   218                   187  -1.00000000000000     
   1.00000000000000       0.000000000000000E+000  -1.00000000000000     
  0.666666666666667       0.000000000000000E+000  -1.00000000000000     
  0.666666666666667      -0.333333333333333      -0.666666666666667     
   1.00000000000000       0.000000000000000E+000                     1
                  1126                   279                   183
                   187                   219  -1.00000000000000     
   1.00000000000000       0.000000000000000E+000  -1.00000000000000     
  0.666666666666667       0.000000000000000E+000 -0.666666666666667     
   1.00000000000000       0.000000000000000E+000  -1.00000000000000     
  0.666666666666667       0.333333333333333                          1
                  1127                   279                   218
                   224                   187  -1.00000000000000     
   1.00000000000000       0.000000000000000E+000  -1.00000000000000     
  0.666666666666667      -0.333333333333333      -0.666666666666667     
   1.00000000000000      -0.333333333333333      -0.666666666666667     
   1.00000000000000       0.000000000000000E+000                     1
                  1128                   279                   225
                   219                   187  -1.00000000000000     
   1.00000000000000       0.000000000000000E+000 -0.666666666666667     
   1.00000000000000       0.333333333333333       -1.00000000000000     
  0.666666666666667       0.333333333333333      -0.666666666666667     
   1.00000000000000       0.000000000000000E+000                     1
                  1129                   280                   190
                   188                   206  0.000000000000000E+000
  -1.00000000000000       -1.00000000000000       0.000000000000000E+000
 -0.666666666666667       -1.00000000000000       0.000000000000000E+000
  -1.00000000000000      -0.666666666666667       0.333333333333333     
 -0.666666666666667       -1.00000000000000                          1
                  1130                   280                   190
                   226                   188  0.000000000000000E+000
  -1.00000000000000       -1.00000000000000       0.000000000000000E+000
 -0.666666666666667       -1.00000000000000      -0.333333333333333     
  -1.00000000000000      -0.666666666666667       0.000000000000000E+000
  -1.00000000000000      -0.666666666666667                          1
                  1131                   280                   234
                   206                   188  0.000000000000000E+000
  -1.00000000000000       -1.00000000000000       0.333333333333333     
  -1.00000000000000      -0.666666666666667       0.333333333333333     
 -0.666666666666667       -1.00000000000000       0.000000000000000E+000
  -1.00000000000000      -0.666666666666667                          1
                  1132                   280                   226
                   190                   228  0.000000000000000E+000
  -1.00000000000000       -1.00000000000000      -0.333333333333333     
  -1.00000000000000      -0.666666666666667       0.000000000000000E+000
 -0.666666666666667       -1.00000000000000      -0.333333333333333     
 -0.666666666666667       -1.00000000000000                          1
                  1133                   281                   191
                   207                   189  0.000000000000000E+000
  -1.00000000000000        1.00000000000000       0.000000000000000E+000
 -0.666666666666667        1.00000000000000       0.333333333333333     
 -0.666666666666667        1.00000000000000       0.000000000000000E+000
  -1.00000000000000       0.666666666666667                          1
                  1134                   281                   191
                   189                   227  0.000000000000000E+000
  -1.00000000000000        1.00000000000000       0.000000000000000E+000
 -0.666666666666667        1.00000000000000       0.000000000000000E+000
  -1.00000000000000       0.666666666666667      -0.333333333333333     
  -1.00000000000000       0.666666666666667                          1
                  1135                   281                   189
                   207                   235  0.000000000000000E+000
  -1.00000000000000        1.00000000000000       0.000000000000000E+000
  -1.00000000000000       0.666666666666667       0.333333333333333     
 -0.666666666666667        1.00000000000000       0.333333333333333     
  -1.00000000000000       0.666666666666667                          1
                  1136                   281                   227
                   229                   191  0.000000000000000E+000
  -1.00000000000000        1.00000000000000      -0.333333333333333     
  -1.00000000000000       0.666666666666667      -0.333333333333333     
 -0.666666666666667        1.00000000000000       0.000000000000000E+000
 -0.666666666666667        1.00000000000000                          1
                  1137                   282                   192
                   208                   194  0.000000000000000E+000
   1.00000000000000       -1.00000000000000       0.000000000000000E+000
  0.666666666666667       -1.00000000000000       0.333333333333333     
  0.666666666666667       -1.00000000000000       0.000000000000000E+000
   1.00000000000000      -0.666666666666667                          1
                  1138                   282                   194
                   230                   192  0.000000000000000E+000
   1.00000000000000       -1.00000000000000       0.000000000000000E+000
   1.00000000000000      -0.666666666666667      -0.333333333333333     
  0.666666666666667       -1.00000000000000       0.000000000000000E+000
  0.666666666666667       -1.00000000000000                          1
                  1139                   282                   208
                   236                   194  0.000000000000000E+000
   1.00000000000000       -1.00000000000000       0.333333333333333     
  0.666666666666667       -1.00000000000000       0.333333333333333     
   1.00000000000000      -0.666666666666667       0.000000000000000E+000
   1.00000000000000      -0.666666666666667                          1
                  1140                   282                   230
                   194                   232  0.000000000000000E+000
   1.00000000000000       -1.00000000000000      -0.333333333333333     
  0.666666666666667       -1.00000000000000       0.000000000000000E+000
   1.00000000000000      -0.666666666666667      -0.333333333333333     
   1.00000000000000      -0.666666666666667                          1
                  1141                   283                   209
                   193                   195  0.000000000000000E+000
   1.00000000000000        1.00000000000000       0.333333333333333     
  0.666666666666667        1.00000000000000       0.000000000000000E+000
  0.666666666666667        1.00000000000000       0.000000000000000E+000
   1.00000000000000       0.666666666666667                          1
                  1142                   283                   195
                   193                   231  0.000000000000000E+000
   1.00000000000000        1.00000000000000       0.000000000000000E+000
   1.00000000000000       0.666666666666667       0.000000000000000E+000
  0.666666666666667        1.00000000000000      -0.333333333333333     
  0.666666666666667        1.00000000000000                          1
                  1143                   283                   209
                   195                   237  0.000000000000000E+000
   1.00000000000000        1.00000000000000       0.333333333333333     
  0.666666666666667        1.00000000000000       0.000000000000000E+000
   1.00000000000000       0.666666666666667       0.333333333333333     
   1.00000000000000       0.666666666666667                          1
                  1144                   283                   231
                   233                   195  0.000000000000000E+000
   1.00000000000000        1.00000000000000      -0.333333333333333     
  0.666666666666667        1.00000000000000      -0.333333333333333     
   1.00000000000000       0.666666666666667       0.000000000000000E+000
   1.00000000000000       0.666666666666667                          1
                  1145                   284                   200
                   238                   196   1.00000000000000     
  -1.00000000000000       0.000000000000000E+000   1.00000000000000     
 -0.666666666666667       0.000000000000000E+000  0.666666666666667     
  -1.00000000000000      -0.333333333333333       0.666666666666667     
  -1.00000000000000       0.000000000000000E+000                     1
                  1146                   284                   239
                   200                   196   1.00000000000000     
  -1.00000000000000       0.000000000000000E+000  0.666666666666667     
  -1.00000000000000       0.333333333333333        1.00000000000000     
 -0.666666666666667       0.000000000000000E+000  0.666666666666667     
  -1.00000000000000       0.000000000000000E+000                     1
                  1147                   284                   200
                   244                   238   1.00000000000000     
  -1.00000000000000       0.000000000000000E+000   1.00000000000000     
 -0.666666666666667       0.000000000000000E+000   1.00000000000000     
 -0.666666666666667      -0.333333333333333       0.666666666666667     
  -1.00000000000000      -0.333333333333333                          1
                  1148                   284                   200
                   239                   245   1.00000000000000     
  -1.00000000000000       0.000000000000000E+000   1.00000000000000     
 -0.666666666666667       0.000000000000000E+000  0.666666666666667     
  -1.00000000000000       0.333333333333333        1.00000000000000     
 -0.666666666666667       0.333333333333333                          1
                  1149                   285                   210
                   197                   201   1.00000000000000     
  0.000000000000000E+000  -1.00000000000000       0.666666666666667     
  0.333333333333333       -1.00000000000000       0.666666666666667     
  0.000000000000000E+000  -1.00000000000000        1.00000000000000     
  0.000000000000000E+000 -0.666666666666667                          1
                  1150                   285                   197
                   240                   201   1.00000000000000     
  0.000000000000000E+000  -1.00000000000000       0.666666666666667     
  0.000000000000000E+000  -1.00000000000000       0.666666666666667     
 -0.333333333333333       -1.00000000000000        1.00000000000000     
  0.000000000000000E+000 -0.666666666666667                          1
                  1151                   285                   210
                   201                   248   1.00000000000000     
  0.000000000000000E+000  -1.00000000000000       0.666666666666667     
  0.333333333333333       -1.00000000000000        1.00000000000000     
  0.000000000000000E+000 -0.666666666666667        1.00000000000000     
  0.333333333333333      -0.666666666666667                          1
                  1152                   285                   246
                   201                   240   1.00000000000000     
  0.000000000000000E+000  -1.00000000000000        1.00000000000000     
 -0.333333333333333      -0.666666666666667        1.00000000000000     
  0.000000000000000E+000 -0.666666666666667       0.666666666666667     
 -0.333333333333333       -1.00000000000000                          1
                  1153                   286                   202
                   198                   211   1.00000000000000     
  0.000000000000000E+000   1.00000000000000        1.00000000000000     
  0.000000000000000E+000  0.666666666666667       0.666666666666667     
  0.000000000000000E+000   1.00000000000000       0.666666666666667     
  0.333333333333333        1.00000000000000                          1
                  1154                   286                   241
                   198                   202   1.00000000000000     
  0.000000000000000E+000   1.00000000000000       0.666666666666667     
 -0.333333333333333        1.00000000000000       0.666666666666667     
  0.000000000000000E+000   1.00000000000000        1.00000000000000     
  0.000000000000000E+000  0.666666666666667                          1
                  1155                   286                   249
                   202                   211   1.00000000000000     
  0.000000000000000E+000   1.00000000000000        1.00000000000000     
  0.333333333333333       0.666666666666667        1.00000000000000     
  0.000000000000000E+000  0.666666666666667       0.666666666666667     
  0.333333333333333        1.00000000000000                          1
                  1156                   286                   202
                   247                   241   1.00000000000000     
  0.000000000000000E+000   1.00000000000000        1.00000000000000     
  0.000000000000000E+000  0.666666666666667        1.00000000000000     
 -0.333333333333333       0.666666666666667       0.666666666666667     
 -0.333333333333333        1.00000000000000                          1
                  1157                   287                   242
                   203                   199   1.00000000000000     
   1.00000000000000       0.000000000000000E+000  0.666666666666667     
   1.00000000000000      -0.333333333333333        1.00000000000000     
  0.666666666666667       0.000000000000000E+000  0.666666666666667     
   1.00000000000000       0.000000000000000E+000                     1
                  1158                   287                   199
                   203                   243   1.00000000000000     
   1.00000000000000       0.000000000000000E+000  0.666666666666667     
   1.00000000000000       0.000000000000000E+000   1.00000000000000     
  0.666666666666667       0.000000000000000E+000  0.666666666666667     
   1.00000000000000       0.333333333333333                          1
                  1159                   287                   242
                   250                   203   1.00000000000000     
   1.00000000000000       0.000000000000000E+000  0.666666666666667     
   1.00000000000000      -0.333333333333333        1.00000000000000     
  0.666666666666667      -0.333333333333333        1.00000000000000     
  0.666666666666667       0.000000000000000E+000                     1
                  1160                   287                   243
                   203                   251   1.00000000000000     
   1.00000000000000       0.000000000000000E+000  0.666666666666667     
   1.00000000000000       0.333333333333333        1.00000000000000     
  0.666666666666667       0.000000000000000E+000   1.00000000000000     
  0.666666666666667       0.333333333333333                          1
                  1161                   288                   264
                   260                   220  -1.00000000000000     
  -1.00000000000000      -0.333333333333333      -0.666666666666667     
  -1.00000000000000      -0.666666666666667       -1.00000000000000     
 -0.666666666666667      -0.666666666666667      -0.666666666666667     
  -1.00000000000000      -0.333333333333333                          1
                  1162                   288                   212
                   220                   260  -1.00000000000000     
  -1.00000000000000      -0.333333333333333       -1.00000000000000     
 -0.666666666666667      -0.333333333333333      -0.666666666666667     
  -1.00000000000000      -0.333333333333333       -1.00000000000000     
 -0.666666666666667      -0.666666666666667                          1
                  1163                   288                   212
                   276                   220  -1.00000000000000     
  -1.00000000000000      -0.333333333333333       -1.00000000000000     
 -0.666666666666667      -0.333333333333333       -1.00000000000000     
  -1.00000000000000       0.000000000000000E+000 -0.666666666666667     
  -1.00000000000000      -0.333333333333333                          1
                  1164                   289                   261
                   265                   221  -1.00000000000000     
  -1.00000000000000       0.333333333333333       -1.00000000000000     
 -0.666666666666667       0.666666666666667      -0.666666666666667     
  -1.00000000000000       0.666666666666667      -0.666666666666667     
  -1.00000000000000       0.333333333333333                          1
                  1165                   289                   261
                   221                   213  -1.00000000000000     
  -1.00000000000000       0.333333333333333       -1.00000000000000     
 -0.666666666666667       0.666666666666667      -0.666666666666667     
  -1.00000000000000       0.333333333333333       -1.00000000000000     
 -0.666666666666667       0.333333333333333                          1
                  1166                   289                   276
                   213                   221  -1.00000000000000     
  -1.00000000000000       0.333333333333333       -1.00000000000000     
  -1.00000000000000       0.000000000000000E+000  -1.00000000000000     
 -0.666666666666667       0.333333333333333      -0.666666666666667     
  -1.00000000000000       0.333333333333333                          1
                  1167                   290                   252
                   214                   260  -1.00000000000000     
 -0.333333333333333       -1.00000000000000      -0.666666666666667     
 -0.666666666666667       -1.00000000000000       -1.00000000000000     
 -0.333333333333333      -0.666666666666667       -1.00000000000000     
 -0.666666666666667      -0.666666666666667                          1
                  1168                   290                   222
                   214                   252  -1.00000000000000     
 -0.333333333333333       -1.00000000000000      -0.666666666666667     
 -0.333333333333333       -1.00000000000000       -1.00000000000000     
 -0.333333333333333      -0.666666666666667      -0.666666666666667     
 -0.666666666666667       -1.00000000000000                          1
                  1169                   290                   222
                   277                   214  -1.00000000000000     
 -0.333333333333333       -1.00000000000000      -0.666666666666667     
 -0.333333333333333       -1.00000000000000       -1.00000000000000     
  0.000000000000000E+000  -1.00000000000000       -1.00000000000000     
 -0.333333333333333      -0.666666666666667                          1
                  1170                   291                   261
                   215                   253  -1.00000000000000     
 -0.333333333333333        1.00000000000000       -1.00000000000000     
 -0.666666666666667       0.666666666666667       -1.00000000000000     
 -0.333333333333333       0.666666666666667      -0.666666666666667     
 -0.666666666666667        1.00000000000000                          1
                  1171                   291                   253
                   215                   223  -1.00000000000000     
 -0.333333333333333        1.00000000000000      -0.666666666666667     
 -0.666666666666667        1.00000000000000       -1.00000000000000     
 -0.333333333333333       0.666666666666667      -0.666666666666667     
 -0.333333333333333        1.00000000000000                          1
                  1172                   291                   278
                   223                   215  -1.00000000000000     
 -0.333333333333333        1.00000000000000       -1.00000000000000     
  0.000000000000000E+000   1.00000000000000      -0.666666666666667     
 -0.333333333333333        1.00000000000000       -1.00000000000000     
 -0.333333333333333       0.666666666666667                          1
                  1173                   292                   216
                   254                   262  -1.00000000000000     
  0.333333333333333       -1.00000000000000       -1.00000000000000     
  0.333333333333333      -0.666666666666667      -0.666666666666667     
  0.666666666666667       -1.00000000000000       -1.00000000000000     
  0.666666666666667      -0.666666666666667                          1
                  1174                   292                   254
                   216                   204  -1.00000000000000     
  0.333333333333333       -1.00000000000000      -0.666666666666667     
  0.666666666666667       -1.00000000000000       -1.00000000000000     
  0.333333333333333      -0.666666666666667      -0.666666666666667     
  0.333333333333333       -1.00000000000000                          1
                  1175                   292                   277
                   204                   216  -1.00000000000000     
  0.333333333333333       -1.00000000000000       -1.00000000000000     
  0.000000000000000E+000  -1.00000000000000      -0.666666666666667     
  0.333333333333333       -1.00000000000000       -1.00000000000000     
  0.333333333333333      -0.666666666666667                          1
                  1176                   293                   217
                   263                   255  -1.00000000000000     
  0.333333333333333        1.00000000000000       -1.00000000000000     
  0.333333333333333       0.666666666666667       -1.00000000000000     
  0.666666666666667       0.666666666666667      -0.666666666666667     
  0.666666666666667        1.00000000000000                          1
                  1177                   293                   205
                   217                   255  -1.00000000000000     
  0.333333333333333        1.00000000000000      -0.666666666666667     
  0.333333333333333        1.00000000000000       -1.00000000000000     
  0.333333333333333       0.666666666666667      -0.666666666666667     
  0.666666666666667        1.00000000000000                          1
                  1178                   293                   205
                   278                   217  -1.00000000000000     
  0.333333333333333        1.00000000000000      -0.666666666666667     
  0.333333333333333        1.00000000000000       -1.00000000000000     
  0.000000000000000E+000   1.00000000000000       -1.00000000000000     
  0.333333333333333       0.666666666666667                          1
                  1179                   294                   224
                   262                   266  -1.00000000000000     
   1.00000000000000      -0.333333333333333      -0.666666666666667     
   1.00000000000000      -0.333333333333333       -1.00000000000000     
  0.666666666666667      -0.666666666666667      -0.666666666666667     
   1.00000000000000      -0.666666666666667                          1
                  1180                   294                   218
                   262                   224  -1.00000000000000     
   1.00000000000000      -0.333333333333333       -1.00000000000000     
  0.666666666666667      -0.333333333333333       -1.00000000000000     
  0.666666666666667      -0.666666666666667      -0.666666666666667     
   1.00000000000000      -0.333333333333333                          1
                  1181                   294                   218
                   224                   279  -1.00000000000000     
   1.00000000000000      -0.333333333333333       -1.00000000000000     
  0.666666666666667      -0.333333333333333      -0.666666666666667     
   1.00000000000000      -0.333333333333333       -1.00000000000000     
   1.00000000000000       0.000000000000000E+000                     1
                  1182                   295                   267
                   263                   225  -1.00000000000000     
   1.00000000000000       0.333333333333333      -0.666666666666667     
   1.00000000000000       0.666666666666667       -1.00000000000000     
  0.666666666666667       0.666666666666667      -0.666666666666667     
   1.00000000000000       0.333333333333333                          1
                  1183                   295                   219
                   225                   263  -1.00000000000000     
   1.00000000000000       0.333333333333333       -1.00000000000000     
  0.666666666666667       0.333333333333333      -0.666666666666667     
   1.00000000000000       0.333333333333333       -1.00000000000000     
  0.666666666666667       0.666666666666667                          1
                  1184                   295                   219
                   279                   225  -1.00000000000000     
   1.00000000000000       0.333333333333333       -1.00000000000000     
  0.666666666666667       0.333333333333333       -1.00000000000000     
   1.00000000000000       0.000000000000000E+000 -0.666666666666667     
   1.00000000000000       0.333333333333333                          1
                  1185                   296                   264
                   226                   252 -0.333333333333333     
  -1.00000000000000       -1.00000000000000      -0.666666666666667     
  -1.00000000000000      -0.666666666666667      -0.333333333333333     
  -1.00000000000000      -0.666666666666667      -0.666666666666667     
 -0.666666666666667       -1.00000000000000                          1
                  1186                   296                   228
                   252                   226 -0.333333333333333     
  -1.00000000000000       -1.00000000000000      -0.333333333333333     
 -0.666666666666667       -1.00000000000000      -0.666666666666667     
 -0.666666666666667       -1.00000000000000      -0.333333333333333     
  -1.00000000000000      -0.666666666666667                          1
                  1187                   296                   228
                   226                   280 -0.333333333333333     
  -1.00000000000000       -1.00000000000000      -0.333333333333333     
 -0.666666666666667       -1.00000000000000      -0.333333333333333     
  -1.00000000000000      -0.666666666666667       0.000000000000000E+000
  -1.00000000000000       -1.00000000000000                          1
                  1188                   297                   227
                   265                   253 -0.333333333333333     
  -1.00000000000000        1.00000000000000      -0.333333333333333     
  -1.00000000000000       0.666666666666667      -0.666666666666667     
  -1.00000000000000       0.666666666666667      -0.666666666666667     
 -0.666666666666667        1.00000000000000                          1
                  1189                   297                   229
                   227                   253 -0.333333333333333     
  -1.00000000000000        1.00000000000000      -0.333333333333333     
 -0.666666666666667        1.00000000000000      -0.333333333333333     
  -1.00000000000000       0.666666666666667      -0.666666666666667     
 -0.666666666666667        1.00000000000000                          1
                  1190                   297                   229
                   281                   227 -0.333333333333333     
  -1.00000000000000        1.00000000000000      -0.333333333333333     
 -0.666666666666667        1.00000000000000       0.000000000000000E+000
  -1.00000000000000        1.00000000000000      -0.333333333333333     
  -1.00000000000000       0.666666666666667                          1
                  1191                   298                   266
                   254                   232 -0.333333333333333     
   1.00000000000000       -1.00000000000000      -0.666666666666667     
   1.00000000000000      -0.666666666666667      -0.666666666666667     
  0.666666666666667       -1.00000000000000      -0.333333333333333     
   1.00000000000000      -0.666666666666667                          1
                  1192                   298                   232
                   254                   230 -0.333333333333333     
   1.00000000000000       -1.00000000000000      -0.333333333333333     
   1.00000000000000      -0.666666666666667      -0.666666666666667     
  0.666666666666667       -1.00000000000000      -0.333333333333333     
  0.666666666666667       -1.00000000000000                          1
                  1193                   298                   232
                   230                   282 -0.333333333333333     
   1.00000000000000       -1.00000000000000      -0.333333333333333     
   1.00000000000000      -0.666666666666667      -0.333333333333333     
  0.666666666666667       -1.00000000000000       0.000000000000000E+000
   1.00000000000000       -1.00000000000000                          1
                  1194                   299                   255
                   267                   233 -0.333333333333333     
   1.00000000000000        1.00000000000000      -0.666666666666667     
  0.666666666666667        1.00000000000000      -0.666666666666667     
   1.00000000000000       0.666666666666667      -0.333333333333333     
   1.00000000000000       0.666666666666667                          1
                  1195                   299                   233
                   231                   255 -0.333333333333333     
   1.00000000000000        1.00000000000000      -0.333333333333333     
   1.00000000000000       0.666666666666667      -0.333333333333333     
  0.666666666666667        1.00000000000000      -0.666666666666667     
  0.666666666666667        1.00000000000000                          1
                  1196                   299                   233
                   283                   231 -0.333333333333333     
   1.00000000000000        1.00000000000000      -0.333333333333333     
   1.00000000000000       0.666666666666667       0.000000000000000E+000
   1.00000000000000        1.00000000000000      -0.333333333333333     
  0.666666666666667        1.00000000000000                          1
                  1197                   300                   256
                   234                   268  0.333333333333333     
  -1.00000000000000       -1.00000000000000       0.666666666666667     
 -0.666666666666667       -1.00000000000000       0.333333333333333     
  -1.00000000000000      -0.666666666666667       0.666666666666667     
  -1.00000000000000      -0.666666666666667                          1
                  1198                   300                   256
                   206                   234  0.333333333333333     
  -1.00000000000000       -1.00000000000000       0.666666666666667     
 -0.666666666666667       -1.00000000000000       0.333333333333333     
 -0.666666666666667       -1.00000000000000       0.333333333333333     
  -1.00000000000000      -0.666666666666667                          1
                  1199                   300                   280
                   234                   206  0.333333333333333     
  -1.00000000000000       -1.00000000000000       0.000000000000000E+000
  -1.00000000000000       -1.00000000000000       0.333333333333333     
  -1.00000000000000      -0.666666666666667       0.333333333333333     
 -0.666666666666667       -1.00000000000000                          1
                  1200                   301                   235
                   257                   269  0.333333333333333     
  -1.00000000000000        1.00000000000000       0.333333333333333     
  -1.00000000000000       0.666666666666667       0.666666666666667     
 -0.666666666666667        1.00000000000000       0.666666666666667     
  -1.00000000000000       0.666666666666667                          1
                  1201                   301                   207
                   257                   235  0.333333333333333     
  -1.00000000000000        1.00000000000000       0.333333333333333     
 -0.666666666666667        1.00000000000000       0.666666666666667     
 -0.666666666666667        1.00000000000000       0.333333333333333     
  -1.00000000000000       0.666666666666667                          1
                  1202                   301                   207
                   235                   281  0.333333333333333     
  -1.00000000000000        1.00000000000000       0.333333333333333     
 -0.666666666666667        1.00000000000000       0.333333333333333     
  -1.00000000000000       0.666666666666667       0.000000000000000E+000
  -1.00000000000000        1.00000000000000                          1
                  1203                   302                   236
                   258                   270  0.333333333333333     
   1.00000000000000       -1.00000000000000       0.333333333333333     
   1.00000000000000      -0.666666666666667       0.666666666666667     
  0.666666666666667       -1.00000000000000       0.666666666666667     
   1.00000000000000      -0.666666666666667                          1
                  1204                   302                   236
                   208                   258  0.333333333333333     
   1.00000000000000       -1.00000000000000       0.333333333333333     
   1.00000000000000      -0.666666666666667       0.333333333333333     
  0.666666666666667       -1.00000000000000       0.666666666666667     
  0.666666666666667       -1.00000000000000                          1
                  1205                   302                   236
                   282                   208  0.333333333333333     
   1.00000000000000       -1.00000000000000       0.333333333333333     
   1.00000000000000      -0.666666666666667       0.000000000000000E+000
   1.00000000000000       -1.00000000000000       0.333333333333333     
  0.666666666666667       -1.00000000000000                          1
                  1206                   303                   237
                   271                   259  0.333333333333333     
   1.00000000000000        1.00000000000000       0.333333333333333     
   1.00000000000000       0.666666666666667       0.666666666666667     
   1.00000000000000       0.666666666666667       0.666666666666667     
  0.666666666666667        1.00000000000000                          1
                  1207                   303                   237
                   259                   209  0.333333333333333     
   1.00000000000000        1.00000000000000       0.333333333333333     
   1.00000000000000       0.666666666666667       0.666666666666667     
  0.666666666666667        1.00000000000000       0.333333333333333     
  0.666666666666667        1.00000000000000                          1
                  1208                   303                   237
                   209                   283  0.333333333333333     
   1.00000000000000        1.00000000000000       0.333333333333333     
   1.00000000000000       0.666666666666667       0.333333333333333     
  0.666666666666667        1.00000000000000       0.000000000000000E+000
   1.00000000000000        1.00000000000000                          1
                  1209                   304                   268
                   244                   272   1.00000000000000     
  -1.00000000000000      -0.333333333333333       0.666666666666667     
  -1.00000000000000      -0.666666666666667        1.00000000000000     
 -0.666666666666667      -0.333333333333333        1.00000000000000     
 -0.666666666666667      -0.666666666666667                          1
                  1210                   304                   244
                   268                   238   1.00000000000000     
  -1.00000000000000      -0.333333333333333        1.00000000000000     
 -0.666666666666667      -0.333333333333333       0.666666666666667     
  -1.00000000000000      -0.666666666666667       0.666666666666667     
  -1.00000000000000      -0.333333333333333                          1
                  1211                   304                   244
                   238                   284   1.00000000000000     
  -1.00000000000000      -0.333333333333333        1.00000000000000     
 -0.666666666666667      -0.333333333333333       0.666666666666667     
  -1.00000000000000      -0.333333333333333        1.00000000000000     
  -1.00000000000000       0.000000000000000E+000                     1
                  1212                   305                   269
                   273                   245   1.00000000000000     
  -1.00000000000000       0.333333333333333       0.666666666666667     
  -1.00000000000000       0.666666666666667        1.00000000000000     
 -0.666666666666667       0.666666666666667        1.00000000000000     
 -0.666666666666667       0.333333333333333                          1
                  1213                   305                   269
                   245                   239   1.00000000000000     
  -1.00000000000000       0.333333333333333       0.666666666666667     
  -1.00000000000000       0.666666666666667        1.00000000000000     
 -0.666666666666667       0.333333333333333       0.666666666666667     
  -1.00000000000000       0.333333333333333                          1
                  1214                   305                   284
                   239                   245   1.00000000000000     
  -1.00000000000000       0.333333333333333        1.00000000000000     
  -1.00000000000000       0.000000000000000E+000  0.666666666666667     
  -1.00000000000000       0.333333333333333        1.00000000000000     
 -0.666666666666667       0.333333333333333                          1
                  1215                   306                   246
                   256                   272   1.00000000000000     
 -0.333333333333333       -1.00000000000000        1.00000000000000     
 -0.333333333333333      -0.666666666666667       0.666666666666667     
 -0.666666666666667       -1.00000000000000        1.00000000000000     
 -0.666666666666667      -0.666666666666667                          1
                  1216                   306                   256
                   246                   240   1.00000000000000     
 -0.333333333333333       -1.00000000000000       0.666666666666667     
 -0.666666666666667       -1.00000000000000        1.00000000000000     
 -0.333333333333333      -0.666666666666667       0.666666666666667     
 -0.333333333333333       -1.00000000000000                          1
                  1217                   306                   285
                   240                   246   1.00000000000000     
 -0.333333333333333       -1.00000000000000        1.00000000000000     
  0.000000000000000E+000  -1.00000000000000       0.666666666666667     
 -0.333333333333333       -1.00000000000000        1.00000000000000     
 -0.333333333333333      -0.666666666666667                          1
                  1218                   307                   247
                   273                   257   1.00000000000000     
 -0.333333333333333        1.00000000000000        1.00000000000000     
 -0.333333333333333       0.666666666666667        1.00000000000000     
 -0.666666666666667       0.666666666666667       0.666666666666667     
 -0.666666666666667        1.00000000000000                          1
                  1219                   307                   241
                   247                   257   1.00000000000000     
 -0.333333333333333        1.00000000000000       0.666666666666667     
 -0.333333333333333        1.00000000000000        1.00000000000000     
 -0.333333333333333       0.666666666666667       0.666666666666667     
 -0.666666666666667        1.00000000000000                          1
                  1220                   307                   241
                   286                   247   1.00000000000000     
 -0.333333333333333        1.00000000000000       0.666666666666667     
 -0.333333333333333        1.00000000000000        1.00000000000000     
  0.000000000000000E+000   1.00000000000000        1.00000000000000     
 -0.333333333333333       0.666666666666667                          1
                  1221                   308                   248
                   274                   258   1.00000000000000     
  0.333333333333333       -1.00000000000000        1.00000000000000     
  0.333333333333333      -0.666666666666667        1.00000000000000     
  0.666666666666667      -0.666666666666667       0.666666666666667     
  0.666666666666667       -1.00000000000000                          1
                  1222                   308                   248
                   258                   210   1.00000000000000     
  0.333333333333333       -1.00000000000000        1.00000000000000     
  0.333333333333333      -0.666666666666667       0.666666666666667     
  0.666666666666667       -1.00000000000000       0.666666666666667     
  0.333333333333333       -1.00000000000000                          1
                  1223                   308                   248
                   210                   285   1.00000000000000     
  0.333333333333333       -1.00000000000000        1.00000000000000     
  0.333333333333333      -0.666666666666667       0.666666666666667     
  0.333333333333333       -1.00000000000000        1.00000000000000     
  0.000000000000000E+000  -1.00000000000000                          1
                  1224                   309                   275
                   249                   259   1.00000000000000     
  0.333333333333333        1.00000000000000        1.00000000000000     
  0.666666666666667       0.666666666666667        1.00000000000000     
  0.333333333333333       0.666666666666667       0.666666666666667     
  0.666666666666667        1.00000000000000                          1
                  1225                   309                   259
                   249                   211   1.00000000000000     
  0.333333333333333        1.00000000000000       0.666666666666667     
  0.666666666666667        1.00000000000000        1.00000000000000     
  0.333333333333333       0.666666666666667       0.666666666666667     
  0.333333333333333        1.00000000000000                          1
                  1226                   309                   286
                   211                   249   1.00000000000000     
  0.333333333333333        1.00000000000000        1.00000000000000     
  0.000000000000000E+000   1.00000000000000       0.666666666666667     
  0.333333333333333        1.00000000000000        1.00000000000000     
  0.333333333333333       0.666666666666667                          1
                  1227                   310                   250
                   270                   274   1.00000000000000     
   1.00000000000000      -0.333333333333333        1.00000000000000     
  0.666666666666667      -0.333333333333333       0.666666666666667     
   1.00000000000000      -0.666666666666667        1.00000000000000     
  0.666666666666667      -0.666666666666667                          1
                  1228                   310                   242
                   270                   250   1.00000000000000     
   1.00000000000000      -0.333333333333333       0.666666666666667     
   1.00000000000000      -0.333333333333333       0.666666666666667     
   1.00000000000000      -0.666666666666667        1.00000000000000     
  0.666666666666667      -0.333333333333333                          1
                  1229                   310                   242
                   250                   287   1.00000000000000     
   1.00000000000000      -0.333333333333333       0.666666666666667     
   1.00000000000000      -0.333333333333333        1.00000000000000     
  0.666666666666667      -0.333333333333333        1.00000000000000     
   1.00000000000000       0.000000000000000E+000                     1
                  1230                   311                   251
                   275                   271   1.00000000000000     
   1.00000000000000       0.333333333333333        1.00000000000000     
  0.666666666666667       0.333333333333333        1.00000000000000     
  0.666666666666667       0.666666666666667       0.666666666666667     
   1.00000000000000       0.666666666666667                          1
                  1231                   311                   271
                   243                   251   1.00000000000000     
   1.00000000000000       0.333333333333333       0.666666666666667     
   1.00000000000000       0.666666666666667       0.666666666666667     
   1.00000000000000       0.333333333333333        1.00000000000000     
  0.666666666666667       0.333333333333333                          1
                  1232                   311                   287
                   251                   243   1.00000000000000     
   1.00000000000000       0.333333333333333        1.00000000000000     
   1.00000000000000       0.000000000000000E+000   1.00000000000000     
  0.666666666666667       0.333333333333333       0.666666666666667     
   1.00000000000000       0.333333333333333                          1
                  1233                   312                   264
                   260                   288  -1.00000000000000     
  -1.00000000000000      -0.666666666666667      -0.666666666666667     
  -1.00000000000000      -0.666666666666667       -1.00000000000000     
 -0.666666666666667      -0.666666666666667       -1.00000000000000     
  -1.00000000000000      -0.333333333333333                          1
                  1234                   312                   252
                   260                   264  -1.00000000000000     
  -1.00000000000000      -0.666666666666667      -0.666666666666667     
 -0.666666666666667       -1.00000000000000       -1.00000000000000     
 -0.666666666666667      -0.666666666666667      -0.666666666666667     
  -1.00000000000000      -0.666666666666667                          1
                  1235                   313                   265
                   289                   261  -1.00000000000000     
  -1.00000000000000       0.666666666666667      -0.666666666666667     
  -1.00000000000000       0.666666666666667       -1.00000000000000     
  -1.00000000000000       0.333333333333333       -1.00000000000000     
 -0.666666666666667       0.666666666666667                          1
                  1236                   313                   265
                   261                   253  -1.00000000000000     
  -1.00000000000000       0.666666666666667      -0.666666666666667     
  -1.00000000000000       0.666666666666667       -1.00000000000000     
 -0.666666666666667       0.666666666666667      -0.666666666666667     
 -0.666666666666667        1.00000000000000                          1
                  1237                   314                   252
                   290                   260  -1.00000000000000     
 -0.666666666666667       -1.00000000000000      -0.666666666666667     
 -0.666666666666667       -1.00000000000000       -1.00000000000000     
 -0.333333333333333       -1.00000000000000       -1.00000000000000     
 -0.666666666666667      -0.666666666666667                          1
                  1238                   314                   252
                   260                   312  -1.00000000000000     
 -0.666666666666667       -1.00000000000000      -0.666666666666667     
 -0.666666666666667       -1.00000000000000       -1.00000000000000     
 -0.666666666666667      -0.666666666666667       -1.00000000000000     
  -1.00000000000000      -0.666666666666667                          1
                  1239                   315                   291
                   253                   261  -1.00000000000000     
 -0.666666666666667        1.00000000000000       -1.00000000000000     
 -0.333333333333333        1.00000000000000      -0.666666666666667     
 -0.666666666666667        1.00000000000000       -1.00000000000000     
 -0.666666666666667       0.666666666666667                          1
                  1240                   315                   313
                   261                   253  -1.00000000000000     
 -0.666666666666667        1.00000000000000       -1.00000000000000     
  -1.00000000000000       0.666666666666667       -1.00000000000000     
 -0.666666666666667       0.666666666666667      -0.666666666666667     
 -0.666666666666667        1.00000000000000                          1
                  1241                   316                   292
                   254                   262  -1.00000000000000     
  0.666666666666667       -1.00000000000000       -1.00000000000000     
  0.333333333333333       -1.00000000000000      -0.666666666666667     
  0.666666666666667       -1.00000000000000       -1.00000000000000     
  0.666666666666667      -0.666666666666667                          1
                  1242                   316                   254
                   266                   262  -1.00000000000000     
  0.666666666666667       -1.00000000000000      -0.666666666666667     
  0.666666666666667       -1.00000000000000      -0.666666666666667     
   1.00000000000000      -0.666666666666667       -1.00000000000000     
  0.666666666666667      -0.666666666666667                          1
                  1243                   317                   255
                   293                   263  -1.00000000000000     
  0.666666666666667        1.00000000000000      -0.666666666666667     
  0.666666666666667        1.00000000000000       -1.00000000000000     
  0.333333333333333        1.00000000000000       -1.00000000000000     
  0.666666666666667       0.666666666666667                          1
                  1244                   317                   255
                   263                   267  -1.00000000000000     
  0.666666666666667        1.00000000000000      -0.666666666666667     
  0.666666666666667        1.00000000000000       -1.00000000000000     
  0.666666666666667       0.666666666666667      -0.666666666666667     
   1.00000000000000       0.666666666666667                          1
                  1245                   318                   266
                   294                   262  -1.00000000000000     
   1.00000000000000      -0.666666666666667      -0.666666666666667     
   1.00000000000000      -0.666666666666667       -1.00000000000000     
   1.00000000000000      -0.333333333333333       -1.00000000000000     
  0.666666666666667      -0.666666666666667                          1
                  1246                   318                   266
                   262                   316  -1.00000000000000     
   1.00000000000000      -0.666666666666667      -0.666666666666667     
   1.00000000000000      -0.666666666666667       -1.00000000000000     
  0.666666666666667      -0.666666666666667       -1.00000000000000     
  0.666666666666667       -1.00000000000000                          1
                  1247                   319                   295
                   267                   263  -1.00000000000000     
   1.00000000000000       0.666666666666667       -1.00000000000000     
   1.00000000000000       0.333333333333333      -0.666666666666667     
   1.00000000000000       0.666666666666667       -1.00000000000000     
  0.666666666666667       0.666666666666667                          1
                  1248                   319                   317
                   263                   267  -1.00000000000000     
   1.00000000000000       0.666666666666667       -1.00000000000000     
  0.666666666666667        1.00000000000000       -1.00000000000000     
  0.666666666666667       0.666666666666667      -0.666666666666667     
   1.00000000000000       0.666666666666667                          1
                  1249                   320                   252
                   314                   312 -0.666666666666667     
  -1.00000000000000       -1.00000000000000      -0.666666666666667     
 -0.666666666666667       -1.00000000000000       -1.00000000000000     
 -0.666666666666667       -1.00000000000000       -1.00000000000000     
  -1.00000000000000      -0.666666666666667                          1
                  1250                   320                   296
                   252                   264 -0.666666666666667     
  -1.00000000000000       -1.00000000000000      -0.333333333333333     
  -1.00000000000000       -1.00000000000000      -0.666666666666667     
 -0.666666666666667       -1.00000000000000      -0.666666666666667     
  -1.00000000000000      -0.666666666666667                          1
                  1251                   320                   312
                   264                   252 -0.666666666666667     
  -1.00000000000000       -1.00000000000000       -1.00000000000000     
  -1.00000000000000      -0.666666666666667      -0.666666666666667     
  -1.00000000000000      -0.666666666666667      -0.666666666666667     
 -0.666666666666667       -1.00000000000000                          1
                  1252                   321                   253
                   313                   315 -0.666666666666667     
  -1.00000000000000        1.00000000000000      -0.666666666666667     
 -0.666666666666667        1.00000000000000       -1.00000000000000     
  -1.00000000000000       0.666666666666667       -1.00000000000000     
 -0.666666666666667        1.00000000000000                          1
                  1253                   321                   265
                   253                   297 -0.666666666666667     
  -1.00000000000000        1.00000000000000      -0.666666666666667     
  -1.00000000000000       0.666666666666667      -0.666666666666667     
 -0.666666666666667        1.00000000000000      -0.333333333333333     
  -1.00000000000000        1.00000000000000                          1
                  1254                   321                   265
                   313                   253 -0.666666666666667     
  -1.00000000000000        1.00000000000000      -0.666666666666667     
  -1.00000000000000       0.666666666666667       -1.00000000000000     
  -1.00000000000000       0.666666666666667      -0.666666666666667     
 -0.666666666666667        1.00000000000000                          1
                  1255                   322                   266
                   318                   316 -0.666666666666667     
   1.00000000000000       -1.00000000000000      -0.666666666666667     
   1.00000000000000      -0.666666666666667       -1.00000000000000     
   1.00000000000000      -0.666666666666667       -1.00000000000000     
  0.666666666666667       -1.00000000000000                          1
                  1256                   322                   298
                   266                   254 -0.666666666666667     
   1.00000000000000       -1.00000000000000      -0.333333333333333     
   1.00000000000000       -1.00000000000000      -0.666666666666667     
   1.00000000000000      -0.666666666666667      -0.666666666666667     
  0.666666666666667       -1.00000000000000                          1
                  1257                   322                   316
                   254                   266 -0.666666666666667     
   1.00000000000000       -1.00000000000000       -1.00000000000000     
  0.666666666666667       -1.00000000000000      -0.666666666666667     
  0.666666666666667       -1.00000000000000      -0.666666666666667     
   1.00000000000000      -0.666666666666667                          1
                  1258                   323                   267
                   317                   319 -0.666666666666667     
   1.00000000000000        1.00000000000000      -0.666666666666667     
   1.00000000000000       0.666666666666667       -1.00000000000000     
  0.666666666666667        1.00000000000000       -1.00000000000000     
   1.00000000000000       0.666666666666667                          1
                  1259                   323                   255
                   267                   299 -0.666666666666667     
   1.00000000000000        1.00000000000000      -0.666666666666667     
  0.666666666666667        1.00000000000000      -0.666666666666667     
   1.00000000000000       0.666666666666667      -0.333333333333333     
   1.00000000000000        1.00000000000000                          1
                  1260                   323                   255
                   317                   267 -0.666666666666667     
   1.00000000000000        1.00000000000000      -0.666666666666667     
  0.666666666666667        1.00000000000000       -1.00000000000000     
  0.666666666666667        1.00000000000000      -0.666666666666667     
   1.00000000000000       0.666666666666667                          1
                  1261                   324                   300
                   268                   256  0.666666666666667     
  -1.00000000000000       -1.00000000000000       0.333333333333333     
  -1.00000000000000       -1.00000000000000       0.666666666666667     
  -1.00000000000000      -0.666666666666667       0.666666666666667     
 -0.666666666666667       -1.00000000000000                          1
                  1262                   324                   268
                   272                   256  0.666666666666667     
  -1.00000000000000       -1.00000000000000       0.666666666666667     
  -1.00000000000000      -0.666666666666667        1.00000000000000     
 -0.666666666666667      -0.666666666666667       0.666666666666667     
 -0.666666666666667       -1.00000000000000                          1
                  1263                   325                   301
                   257                   269  0.666666666666667     
  -1.00000000000000        1.00000000000000       0.333333333333333     
  -1.00000000000000        1.00000000000000       0.666666666666667     
 -0.666666666666667        1.00000000000000       0.666666666666667     
  -1.00000000000000       0.666666666666667                          1
                  1264                   325                   273
                   269                   257  0.666666666666667     
  -1.00000000000000        1.00000000000000        1.00000000000000     
 -0.666666666666667       0.666666666666667       0.666666666666667     
  -1.00000000000000       0.666666666666667       0.666666666666667     
 -0.666666666666667        1.00000000000000                          1
                  1265                   326                   302
                   258                   270  0.666666666666667     
   1.00000000000000       -1.00000000000000       0.333333333333333     
   1.00000000000000       -1.00000000000000       0.666666666666667     
  0.666666666666667       -1.00000000000000       0.666666666666667     
   1.00000000000000      -0.666666666666667                          1
                  1266                   326                   258
                   274                   270  0.666666666666667     
   1.00000000000000       -1.00000000000000       0.666666666666667     
  0.666666666666667       -1.00000000000000        1.00000000000000     
  0.666666666666667      -0.666666666666667       0.666666666666667     
   1.00000000000000      -0.666666666666667                          1
                  1267                   327                   259
                   303                   271  0.666666666666667     
   1.00000000000000        1.00000000000000       0.666666666666667     
  0.666666666666667        1.00000000000000       0.333333333333333     
   1.00000000000000        1.00000000000000       0.666666666666667     
   1.00000000000000       0.666666666666667                          1
                  1268                   327                   275
                   259                   271  0.666666666666667     
   1.00000000000000        1.00000000000000        1.00000000000000     
  0.666666666666667       0.666666666666667       0.666666666666667     
  0.666666666666667        1.00000000000000       0.666666666666667     
   1.00000000000000       0.666666666666667                          1
                  1269                   328                   268
                   304                   272   1.00000000000000     
  -1.00000000000000      -0.666666666666667       0.666666666666667     
  -1.00000000000000      -0.666666666666667        1.00000000000000     
  -1.00000000000000      -0.333333333333333        1.00000000000000     
 -0.666666666666667      -0.666666666666667                          1
                  1270                   328                   268
                   272                   324   1.00000000000000     
  -1.00000000000000      -0.666666666666667       0.666666666666667     
  -1.00000000000000      -0.666666666666667        1.00000000000000     
 -0.666666666666667      -0.666666666666667       0.666666666666667     
  -1.00000000000000       -1.00000000000000                          1
                  1271                   329                   269
                   273                   305   1.00000000000000     
  -1.00000000000000       0.666666666666667       0.666666666666667     
  -1.00000000000000       0.666666666666667        1.00000000000000     
 -0.666666666666667       0.666666666666667        1.00000000000000     
  -1.00000000000000       0.333333333333333                          1
                  1272                   329                   269
                   325                   273   1.00000000000000     
  -1.00000000000000       0.666666666666667       0.666666666666667     
  -1.00000000000000       0.666666666666667       0.666666666666667     
  -1.00000000000000        1.00000000000000        1.00000000000000     
 -0.666666666666667       0.666666666666667                          1
                  1273                   330                   324
                   328                   272   1.00000000000000     
 -0.666666666666667       -1.00000000000000       0.666666666666667     
  -1.00000000000000       -1.00000000000000        1.00000000000000     
  -1.00000000000000      -0.666666666666667        1.00000000000000     
 -0.666666666666667      -0.666666666666667                          1
                  1274                   330                   272
                   306                   256   1.00000000000000     
 -0.666666666666667       -1.00000000000000        1.00000000000000     
 -0.666666666666667      -0.666666666666667        1.00000000000000     
 -0.333333333333333       -1.00000000000000       0.666666666666667     
 -0.666666666666667       -1.00000000000000                          1
                  1275                   330                   272
                   256                   324   1.00000000000000     
 -0.666666666666667       -1.00000000000000        1.00000000000000     
 -0.666666666666667      -0.666666666666667       0.666666666666667     
 -0.666666666666667       -1.00000000000000       0.666666666666667     
  -1.00000000000000       -1.00000000000000                          1
                  1276                   331                   329
                   325                   273   1.00000000000000     
 -0.666666666666667        1.00000000000000        1.00000000000000     
  -1.00000000000000       0.666666666666667       0.666666666666667     
  -1.00000000000000        1.00000000000000        1.00000000000000     
 -0.666666666666667       0.666666666666667                          1
                  1277                   331                   273
                   257                   307   1.00000000000000     
 -0.666666666666667        1.00000000000000        1.00000000000000     
 -0.666666666666667       0.666666666666667       0.666666666666667     
 -0.666666666666667        1.00000000000000        1.00000000000000     
 -0.333333333333333        1.00000000000000                          1
                  1278                   331                   273
                   325                   257   1.00000000000000     
 -0.666666666666667        1.00000000000000        1.00000000000000     
 -0.666666666666667       0.666666666666667       0.666666666666667     
  -1.00000000000000        1.00000000000000       0.666666666666667     
 -0.666666666666667        1.00000000000000                          1
                  1279                   332                   274
                   258                   308   1.00000000000000     
  0.666666666666667       -1.00000000000000        1.00000000000000     
  0.666666666666667      -0.666666666666667       0.666666666666667     
  0.666666666666667       -1.00000000000000        1.00000000000000     
  0.333333333333333       -1.00000000000000                          1
                  1280                   332                   274
                   326                   258   1.00000000000000     
  0.666666666666667       -1.00000000000000        1.00000000000000     
  0.666666666666667      -0.666666666666667       0.666666666666667     
   1.00000000000000       -1.00000000000000       0.666666666666667     
  0.666666666666667       -1.00000000000000                          1
                  1281                   333                   309
                   259                   275   1.00000000000000     
  0.666666666666667        1.00000000000000        1.00000000000000     
  0.333333333333333        1.00000000000000       0.666666666666667     
  0.666666666666667        1.00000000000000        1.00000000000000     
  0.666666666666667       0.666666666666667                          1
                  1282                   333                   327
                   275                   259   1.00000000000000     
  0.666666666666667        1.00000000000000       0.666666666666667     
   1.00000000000000        1.00000000000000        1.00000000000000     
  0.666666666666667       0.666666666666667       0.666666666666667     
  0.666666666666667        1.00000000000000                          1
                  1283                   334                   326
                   332                   274   1.00000000000000     
   1.00000000000000      -0.666666666666667       0.666666666666667     
   1.00000000000000       -1.00000000000000        1.00000000000000     
  0.666666666666667       -1.00000000000000        1.00000000000000     
  0.666666666666667      -0.666666666666667                          1
                  1284                   334                   274
                   310                   270   1.00000000000000     
   1.00000000000000      -0.666666666666667        1.00000000000000     
  0.666666666666667      -0.666666666666667        1.00000000000000     
   1.00000000000000      -0.333333333333333       0.666666666666667     
   1.00000000000000      -0.666666666666667                          1
                  1285                   334                   274
                   270                   326   1.00000000000000     
   1.00000000000000      -0.666666666666667        1.00000000000000     
  0.666666666666667      -0.666666666666667       0.666666666666667     
   1.00000000000000      -0.666666666666667       0.666666666666667     
   1.00000000000000       -1.00000000000000                          1
                  1286                   335                   333
                   327                   275   1.00000000000000     
   1.00000000000000       0.666666666666667        1.00000000000000     
  0.666666666666667        1.00000000000000       0.666666666666667     
   1.00000000000000        1.00000000000000        1.00000000000000     
  0.666666666666667       0.666666666666667                          1
                  1287                   335                   275
                   271                   311   1.00000000000000     
   1.00000000000000       0.666666666666667        1.00000000000000     
  0.666666666666667       0.666666666666667       0.666666666666667     
   1.00000000000000       0.666666666666667        1.00000000000000     
   1.00000000000000       0.333333333333333                          1
                  1288                   335                   275
                   327                   271   1.00000000000000     
   1.00000000000000       0.666666666666667        1.00000000000000     
  0.666666666666667       0.666666666666667       0.666666666666667     
   1.00000000000000        1.00000000000000       0.666666666666667     
   1.00000000000000       0.666666666666667                          1
