        1331
           1           1  0.000000000000000E+000  0.000000000000000E+000
  0.000000000000000E+000
           2           2   1.00000000000000       0.000000000000000E+000
  0.000000000000000E+000
           3           3   2.00000000000000       0.000000000000000E+000
  0.000000000000000E+000
           4           4  0.000000000000000E+000   1.00000000000000     
  0.000000000000000E+000
           5           5   1.00000000000000        1.00000000000000     
  0.000000000000000E+000
           6           6   2.00000000000000        1.00000000000000     
  0.000000000000000E+000
           7           7  0.000000000000000E+000   2.00000000000000     
  0.000000000000000E+000
           8           8   1.00000000000000        2.00000000000000     
  0.000000000000000E+000
           9           9   2.00000000000000        2.00000000000000     
  0.000000000000000E+000
          10          10  0.000000000000000E+000  0.000000000000000E+000
   1.00000000000000     
          11          11   1.00000000000000       0.000000000000000E+000
   1.00000000000000     
          12          12   2.00000000000000       0.000000000000000E+000
   1.00000000000000     
          13          13  0.000000000000000E+000   1.00000000000000     
   1.00000000000000     
          14          14   1.00000000000000        1.00000000000000     
   1.00000000000000     
          15          15   2.00000000000000        1.00000000000000     
   1.00000000000000     
          16          16  0.000000000000000E+000   2.00000000000000     
   1.00000000000000     
          17          17   1.00000000000000        2.00000000000000     
   1.00000000000000     
          18          18   2.00000000000000        2.00000000000000     
   1.00000000000000     
          19          19  0.000000000000000E+000  0.000000000000000E+000
   2.00000000000000     
          20          20   1.00000000000000       0.000000000000000E+000
   2.00000000000000     
          21          21   2.00000000000000       0.000000000000000E+000
   2.00000000000000     
          22          22  0.000000000000000E+000   1.00000000000000     
   2.00000000000000     
          23          23   1.00000000000000        1.00000000000000     
   2.00000000000000     
          24          24   2.00000000000000        1.00000000000000     
   2.00000000000000     
          25          25  0.000000000000000E+000   2.00000000000000     
   2.00000000000000     
          26          26   1.00000000000000        2.00000000000000     
   2.00000000000000     
          27          27   2.00000000000000        2.00000000000000     
   2.00000000000000     
          28          28  0.200000000000000       0.000000000000000E+000
  0.000000000000000E+000
          29          29  0.400000000000000       0.000000000000000E+000
  0.000000000000000E+000
          30          30  0.600000000000000       0.000000000000000E+000
  0.000000000000000E+000
          31          31  0.800000000000000       0.000000000000000E+000
  0.000000000000000E+000
          32          32   1.00000000000000       0.000000000000000E+000
  0.200000000000000     
          33          33   1.00000000000000       0.000000000000000E+000
  0.400000000000000     
          34          34   1.00000000000000       0.000000000000000E+000
  0.600000000000000     
          35          35   1.00000000000000       0.000000000000000E+000
  0.800000000000000     
          36          36  0.200000000000000       0.000000000000000E+000
   1.00000000000000     
          37          37  0.400000000000000       0.000000000000000E+000
   1.00000000000000     
          38          38  0.600000000000000       0.000000000000000E+000
   1.00000000000000     
          39          39  0.800000000000000       0.000000000000000E+000
   1.00000000000000     
          40          40  0.000000000000000E+000  0.000000000000000E+000
  0.200000000000000     
          41          41  0.000000000000000E+000  0.000000000000000E+000
  0.400000000000000     
          42          42  0.000000000000000E+000  0.000000000000000E+000
  0.600000000000000     
          43          43  0.000000000000000E+000  0.000000000000000E+000
  0.800000000000000     
          44          44   1.00000000000000       0.200000000000000     
  0.000000000000000E+000
          45          45   1.00000000000000       0.400000000000000     
  0.000000000000000E+000
          46          46   1.00000000000000       0.600000000000000     
  0.000000000000000E+000
          47          47   1.00000000000000       0.800000000000000     
  0.000000000000000E+000
          48          48   1.00000000000000       0.200000000000000     
   1.00000000000000     
          49          49   1.00000000000000       0.400000000000000     
   1.00000000000000     
          50          50   1.00000000000000       0.600000000000000     
   1.00000000000000     
          51          51   1.00000000000000       0.800000000000000     
   1.00000000000000     
          52          52  0.000000000000000E+000  0.200000000000000     
   1.00000000000000     
          53          53  0.000000000000000E+000  0.400000000000000     
   1.00000000000000     
          54          54  0.000000000000000E+000  0.600000000000000     
   1.00000000000000     
          55          55  0.000000000000000E+000  0.800000000000000     
   1.00000000000000     
          56          56  0.000000000000000E+000  0.200000000000000     
  0.000000000000000E+000
          57          57  0.000000000000000E+000  0.400000000000000     
  0.000000000000000E+000
          58          58  0.000000000000000E+000  0.600000000000000     
  0.000000000000000E+000
          59          59  0.000000000000000E+000  0.800000000000000     
  0.000000000000000E+000
          60          60  0.200000000000000        1.00000000000000     
  0.000000000000000E+000
          61          61  0.400000000000000        1.00000000000000     
  0.000000000000000E+000
          62          62  0.600000000000000        1.00000000000000     
  0.000000000000000E+000
          63          63  0.800000000000000        1.00000000000000     
  0.000000000000000E+000
          64          64   1.00000000000000        1.00000000000000     
  0.200000000000000     
          65          65   1.00000000000000        1.00000000000000     
  0.400000000000000     
          66          66   1.00000000000000        1.00000000000000     
  0.600000000000000     
          67          67   1.00000000000000        1.00000000000000     
  0.800000000000000     
          68          68  0.200000000000000        1.00000000000000     
   1.00000000000000     
          69          69  0.400000000000000        1.00000000000000     
   1.00000000000000     
          70          70  0.600000000000000        1.00000000000000     
   1.00000000000000     
          71          71  0.800000000000000        1.00000000000000     
   1.00000000000000     
          72          72  0.000000000000000E+000   1.00000000000000     
  0.200000000000000     
          73          73  0.000000000000000E+000   1.00000000000000     
  0.400000000000000     
          74          74  0.000000000000000E+000   1.00000000000000     
  0.600000000000000     
          75          75  0.000000000000000E+000   1.00000000000000     
  0.800000000000000     
          76          76   1.20000000000000       0.000000000000000E+000
  0.000000000000000E+000
          77          77   1.40000000000000       0.000000000000000E+000
  0.000000000000000E+000
          78          78   1.60000000000000       0.000000000000000E+000
  0.000000000000000E+000
          79          79   1.80000000000000       0.000000000000000E+000
  0.000000000000000E+000
          80          80   2.00000000000000       0.000000000000000E+000
  0.200000000000000     
          81          81   2.00000000000000       0.000000000000000E+000
  0.400000000000000     
          82          82   2.00000000000000       0.000000000000000E+000
  0.600000000000000     
          83          83   2.00000000000000       0.000000000000000E+000
  0.800000000000000     
          84          84   1.20000000000000       0.000000000000000E+000
   1.00000000000000     
          85          85   1.40000000000000       0.000000000000000E+000
   1.00000000000000     
          86          86   1.60000000000000       0.000000000000000E+000
   1.00000000000000     
          87          87   1.80000000000000       0.000000000000000E+000
   1.00000000000000     
          88          88   2.00000000000000       0.200000000000000     
  0.000000000000000E+000
          89          89   2.00000000000000       0.400000000000000     
  0.000000000000000E+000
          90          90   2.00000000000000       0.600000000000000     
  0.000000000000000E+000
          91          91   2.00000000000000       0.800000000000000     
  0.000000000000000E+000
          92          92   2.00000000000000       0.200000000000000     
   1.00000000000000     
          93          93   2.00000000000000       0.400000000000000     
   1.00000000000000     
          94          94   2.00000000000000       0.600000000000000     
   1.00000000000000     
          95          95   2.00000000000000       0.800000000000000     
   1.00000000000000     
          96          96   1.20000000000000        1.00000000000000     
  0.000000000000000E+000
          97          97   1.40000000000000        1.00000000000000     
  0.000000000000000E+000
          98          98   1.60000000000000        1.00000000000000     
  0.000000000000000E+000
          99          99   1.80000000000000        1.00000000000000     
  0.000000000000000E+000
         100         100   2.00000000000000        1.00000000000000     
  0.200000000000000     
         101         101   2.00000000000000        1.00000000000000     
  0.400000000000000     
         102         102   2.00000000000000        1.00000000000000     
  0.600000000000000     
         103         103   2.00000000000000        1.00000000000000     
  0.800000000000000     
         104         104   1.20000000000000        1.00000000000000     
   1.00000000000000     
         105         105   1.40000000000000        1.00000000000000     
   1.00000000000000     
         106         106   1.60000000000000        1.00000000000000     
   1.00000000000000     
         107         107   1.80000000000000        1.00000000000000     
   1.00000000000000     
         108         108   2.00000000000000        1.20000000000000     
  0.000000000000000E+000
         109         109   2.00000000000000        1.40000000000000     
  0.000000000000000E+000
         110         110   2.00000000000000        1.60000000000000     
  0.000000000000000E+000
         111         111   2.00000000000000        1.80000000000000     
  0.000000000000000E+000
         112         112   2.00000000000000        1.20000000000000     
   1.00000000000000     
         113         113   2.00000000000000        1.40000000000000     
   1.00000000000000     
         114         114   2.00000000000000        1.60000000000000     
   1.00000000000000     
         115         115   2.00000000000000        1.80000000000000     
   1.00000000000000     
         116         116   1.00000000000000        1.20000000000000     
   1.00000000000000     
         117         117   1.00000000000000        1.40000000000000     
   1.00000000000000     
         118         118   1.00000000000000        1.60000000000000     
   1.00000000000000     
         119         119   1.00000000000000        1.80000000000000     
   1.00000000000000     
         120         120   1.00000000000000        1.20000000000000     
  0.000000000000000E+000
         121         121   1.00000000000000        1.40000000000000     
  0.000000000000000E+000
         122         122   1.00000000000000        1.60000000000000     
  0.000000000000000E+000
         123         123   1.00000000000000        1.80000000000000     
  0.000000000000000E+000
         124         124   1.20000000000000        2.00000000000000     
  0.000000000000000E+000
         125         125   1.40000000000000        2.00000000000000     
  0.000000000000000E+000
         126         126   1.60000000000000        2.00000000000000     
  0.000000000000000E+000
         127         127   1.80000000000000        2.00000000000000     
  0.000000000000000E+000
         128         128   2.00000000000000        2.00000000000000     
  0.200000000000000     
         129         129   2.00000000000000        2.00000000000000     
  0.400000000000000     
         130         130   2.00000000000000        2.00000000000000     
  0.600000000000000     
         131         131   2.00000000000000        2.00000000000000     
  0.800000000000000     
         132         132   1.20000000000000        2.00000000000000     
   1.00000000000000     
         133         133   1.40000000000000        2.00000000000000     
   1.00000000000000     
         134         134   1.60000000000000        2.00000000000000     
   1.00000000000000     
         135         135   1.80000000000000        2.00000000000000     
   1.00000000000000     
         136         136   1.00000000000000        2.00000000000000     
  0.200000000000000     
         137         137   1.00000000000000        2.00000000000000     
  0.400000000000000     
         138         138   1.00000000000000        2.00000000000000     
  0.600000000000000     
         139         139   1.00000000000000        2.00000000000000     
  0.800000000000000     
         140         140  0.000000000000000E+000   1.20000000000000     
   1.00000000000000     
         141         141  0.000000000000000E+000   1.40000000000000     
   1.00000000000000     
         142         142  0.000000000000000E+000   1.60000000000000     
   1.00000000000000     
         143         143  0.000000000000000E+000   1.80000000000000     
   1.00000000000000     
         144         144  0.000000000000000E+000   1.20000000000000     
  0.000000000000000E+000
         145         145  0.000000000000000E+000   1.40000000000000     
  0.000000000000000E+000
         146         146  0.000000000000000E+000   1.60000000000000     
  0.000000000000000E+000
         147         147  0.000000000000000E+000   1.80000000000000     
  0.000000000000000E+000
         148         148  0.200000000000000        2.00000000000000     
  0.000000000000000E+000
         149         149  0.400000000000000        2.00000000000000     
  0.000000000000000E+000
         150         150  0.600000000000000        2.00000000000000     
  0.000000000000000E+000
         151         151  0.800000000000000        2.00000000000000     
  0.000000000000000E+000
         152         152  0.200000000000000        2.00000000000000     
   1.00000000000000     
         153         153  0.400000000000000        2.00000000000000     
   1.00000000000000     
         154         154  0.600000000000000        2.00000000000000     
   1.00000000000000     
         155         155  0.800000000000000        2.00000000000000     
   1.00000000000000     
         156         156  0.000000000000000E+000   2.00000000000000     
  0.200000000000000     
         157         157  0.000000000000000E+000   2.00000000000000     
  0.400000000000000     
         158         158  0.000000000000000E+000   2.00000000000000     
  0.600000000000000     
         159         159  0.000000000000000E+000   2.00000000000000     
  0.800000000000000     
         160         160   1.00000000000000       0.000000000000000E+000
   1.20000000000000     
         161         161   1.00000000000000       0.000000000000000E+000
   1.40000000000000     
         162         162   1.00000000000000       0.000000000000000E+000
   1.60000000000000     
         163         163   1.00000000000000       0.000000000000000E+000
   1.80000000000000     
         164         164  0.200000000000000       0.000000000000000E+000
   2.00000000000000     
         165         165  0.400000000000000       0.000000000000000E+000
   2.00000000000000     
         166         166  0.600000000000000       0.000000000000000E+000
   2.00000000000000     
         167         167  0.800000000000000       0.000000000000000E+000
   2.00000000000000     
         168         168  0.000000000000000E+000  0.000000000000000E+000
   1.20000000000000     
         169         169  0.000000000000000E+000  0.000000000000000E+000
   1.40000000000000     
         170         170  0.000000000000000E+000  0.000000000000000E+000
   1.60000000000000     
         171         171  0.000000000000000E+000  0.000000000000000E+000
   1.80000000000000     
         172         172   1.00000000000000       0.200000000000000     
   2.00000000000000     
         173         173   1.00000000000000       0.400000000000000     
   2.00000000000000     
         174         174   1.00000000000000       0.600000000000000     
   2.00000000000000     
         175         175   1.00000000000000       0.800000000000000     
   2.00000000000000     
         176         176  0.000000000000000E+000  0.200000000000000     
   2.00000000000000     
         177         177  0.000000000000000E+000  0.400000000000000     
   2.00000000000000     
         178         178  0.000000000000000E+000  0.600000000000000     
   2.00000000000000     
         179         179  0.000000000000000E+000  0.800000000000000     
   2.00000000000000     
         180         180   1.00000000000000        1.00000000000000     
   1.20000000000000     
         181         181   1.00000000000000        1.00000000000000     
   1.40000000000000     
         182         182   1.00000000000000        1.00000000000000     
   1.60000000000000     
         183         183   1.00000000000000        1.00000000000000     
   1.80000000000000     
         184         184  0.200000000000000        1.00000000000000     
   2.00000000000000     
         185         185  0.400000000000000        1.00000000000000     
   2.00000000000000     
         186         186  0.600000000000000        1.00000000000000     
   2.00000000000000     
         187         187  0.800000000000000        1.00000000000000     
   2.00000000000000     
         188         188  0.000000000000000E+000   1.00000000000000     
   1.20000000000000     
         189         189  0.000000000000000E+000   1.00000000000000     
   1.40000000000000     
         190         190  0.000000000000000E+000   1.00000000000000     
   1.60000000000000     
         191         191  0.000000000000000E+000   1.00000000000000     
   1.80000000000000     
         192         192   2.00000000000000       0.000000000000000E+000
   1.20000000000000     
         193         193   2.00000000000000       0.000000000000000E+000
   1.40000000000000     
         194         194   2.00000000000000       0.000000000000000E+000
   1.60000000000000     
         195         195   2.00000000000000       0.000000000000000E+000
   1.80000000000000     
         196         196   1.20000000000000       0.000000000000000E+000
   2.00000000000000     
         197         197   1.40000000000000       0.000000000000000E+000
   2.00000000000000     
         198         198   1.60000000000000       0.000000000000000E+000
   2.00000000000000     
         199         199   1.80000000000000       0.000000000000000E+000
   2.00000000000000     
         200         200   2.00000000000000       0.200000000000000     
   2.00000000000000     
         201         201   2.00000000000000       0.400000000000000     
   2.00000000000000     
         202         202   2.00000000000000       0.600000000000000     
   2.00000000000000     
         203         203   2.00000000000000       0.800000000000000     
   2.00000000000000     
         204         204   2.00000000000000        1.00000000000000     
   1.20000000000000     
         205         205   2.00000000000000        1.00000000000000     
   1.40000000000000     
         206         206   2.00000000000000        1.00000000000000     
   1.60000000000000     
         207         207   2.00000000000000        1.00000000000000     
   1.80000000000000     
         208         208   1.20000000000000        1.00000000000000     
   2.00000000000000     
         209         209   1.40000000000000        1.00000000000000     
   2.00000000000000     
         210         210   1.60000000000000        1.00000000000000     
   2.00000000000000     
         211         211   1.80000000000000        1.00000000000000     
   2.00000000000000     
         212         212   2.00000000000000        1.20000000000000     
   2.00000000000000     
         213         213   2.00000000000000        1.40000000000000     
   2.00000000000000     
         214         214   2.00000000000000        1.60000000000000     
   2.00000000000000     
         215         215   2.00000000000000        1.80000000000000     
   2.00000000000000     
         216         216   1.00000000000000        1.20000000000000     
   2.00000000000000     
         217         217   1.00000000000000        1.40000000000000     
   2.00000000000000     
         218         218   1.00000000000000        1.60000000000000     
   2.00000000000000     
         219         219   1.00000000000000        1.80000000000000     
   2.00000000000000     
         220         220   2.00000000000000        2.00000000000000     
   1.20000000000000     
         221         221   2.00000000000000        2.00000000000000     
   1.40000000000000     
         222         222   2.00000000000000        2.00000000000000     
   1.60000000000000     
         223         223   2.00000000000000        2.00000000000000     
   1.80000000000000     
         224         224   1.20000000000000        2.00000000000000     
   2.00000000000000     
         225         225   1.40000000000000        2.00000000000000     
   2.00000000000000     
         226         226   1.60000000000000        2.00000000000000     
   2.00000000000000     
         227         227   1.80000000000000        2.00000000000000     
   2.00000000000000     
         228         228   1.00000000000000        2.00000000000000     
   1.20000000000000     
         229         229   1.00000000000000        2.00000000000000     
   1.40000000000000     
         230         230   1.00000000000000        2.00000000000000     
   1.60000000000000     
         231         231   1.00000000000000        2.00000000000000     
   1.80000000000000     
         232         232  0.000000000000000E+000   1.20000000000000     
   2.00000000000000     
         233         233  0.000000000000000E+000   1.40000000000000     
   2.00000000000000     
         234         234  0.000000000000000E+000   1.60000000000000     
   2.00000000000000     
         235         235  0.000000000000000E+000   1.80000000000000     
   2.00000000000000     
         236         236  0.200000000000000        2.00000000000000     
   2.00000000000000     
         237         237  0.400000000000000        2.00000000000000     
   2.00000000000000     
         238         238  0.600000000000000        2.00000000000000     
   2.00000000000000     
         239         239  0.800000000000000        2.00000000000000     
   2.00000000000000     
         240         240  0.000000000000000E+000   2.00000000000000     
   1.20000000000000     
         241         241  0.000000000000000E+000   2.00000000000000     
   1.40000000000000     
         242         242  0.000000000000000E+000   2.00000000000000     
   1.60000000000000     
         243         243  0.000000000000000E+000   2.00000000000000     
   1.80000000000000     
         244         244  0.200000000000000       0.000000000000000E+000
  0.200000000000000     
         245         245  0.400000000000000       0.000000000000000E+000
  0.200000000000000     
         246         246  0.600000000000000       0.000000000000000E+000
  0.200000000000000     
         247         247  0.800000000000000       0.000000000000000E+000
  0.200000000000000     
         248         248  0.200000000000000       0.000000000000000E+000
  0.400000000000000     
         249         249  0.400000000000000       0.000000000000000E+000
  0.400000000000000     
         250         250  0.600000000000000       0.000000000000000E+000
  0.400000000000000     
         251         251  0.800000000000000       0.000000000000000E+000
  0.400000000000000     
         252         252  0.200000000000000       0.000000000000000E+000
  0.600000000000000     
         253         253  0.400000000000000       0.000000000000000E+000
  0.600000000000000     
         254         254  0.600000000000000       0.000000000000000E+000
  0.600000000000000     
         255         255  0.800000000000000       0.000000000000000E+000
  0.600000000000000     
         256         256  0.200000000000000       0.000000000000000E+000
  0.800000000000000     
         257         257  0.400000000000000       0.000000000000000E+000
  0.800000000000000     
         258         258  0.600000000000000       0.000000000000000E+000
  0.800000000000000     
         259         259  0.800000000000000       0.000000000000000E+000
  0.800000000000000     
         260         260   1.00000000000000       0.200000000000000     
  0.200000000000000     
         261         261   1.00000000000000       0.200000000000000     
  0.400000000000000     
         262         262   1.00000000000000       0.200000000000000     
  0.600000000000000     
         263         263   1.00000000000000       0.200000000000000     
  0.800000000000000     
         264         264   1.00000000000000       0.400000000000000     
  0.200000000000000     
         265         265   1.00000000000000       0.400000000000000     
  0.400000000000000     
         266         266   1.00000000000000       0.400000000000000     
  0.600000000000000     
         267         267   1.00000000000000       0.400000000000000     
  0.800000000000000     
         268         268   1.00000000000000       0.600000000000000     
  0.200000000000000     
         269         269   1.00000000000000       0.600000000000000     
  0.400000000000000     
         270         270   1.00000000000000       0.600000000000000     
  0.600000000000000     
         271         271   1.00000000000000       0.600000000000000     
  0.800000000000000     
         272         272   1.00000000000000       0.800000000000000     
  0.200000000000000     
         273         273   1.00000000000000       0.800000000000000     
  0.400000000000000     
         274         274   1.00000000000000       0.800000000000000     
  0.600000000000000     
         275         275   1.00000000000000       0.800000000000000     
  0.800000000000000     
         276         276  0.200000000000000       0.200000000000000     
   1.00000000000000     
         277         277  0.200000000000000       0.400000000000000     
   1.00000000000000     
         278         278  0.200000000000000       0.600000000000000     
   1.00000000000000     
         279         279  0.200000000000000       0.800000000000000     
   1.00000000000000     
         280         280  0.400000000000000       0.200000000000000     
   1.00000000000000     
         281         281  0.400000000000000       0.400000000000000     
   1.00000000000000     
         282         282  0.400000000000000       0.600000000000000     
   1.00000000000000     
         283         283  0.400000000000000       0.800000000000000     
   1.00000000000000     
         284         284  0.600000000000000       0.200000000000000     
   1.00000000000000     
         285         285  0.600000000000000       0.400000000000000     
   1.00000000000000     
         286         286  0.600000000000000       0.600000000000000     
   1.00000000000000     
         287         287  0.600000000000000       0.800000000000000     
   1.00000000000000     
         288         288  0.800000000000000       0.200000000000000     
   1.00000000000000     
         289         289  0.800000000000000       0.400000000000000     
   1.00000000000000     
         290         290  0.800000000000000       0.600000000000000     
   1.00000000000000     
         291         291  0.800000000000000       0.800000000000000     
   1.00000000000000     
         292         292  0.000000000000000E+000  0.200000000000000     
  0.200000000000000     
         293         293  0.000000000000000E+000  0.200000000000000     
  0.400000000000000     
         294         294  0.000000000000000E+000  0.200000000000000     
  0.600000000000000     
         295         295  0.000000000000000E+000  0.200000000000000     
  0.800000000000000     
         296         296  0.000000000000000E+000  0.400000000000000     
  0.200000000000000     
         297         297  0.000000000000000E+000  0.400000000000000     
  0.400000000000000     
         298         298  0.000000000000000E+000  0.400000000000000     
  0.600000000000000     
         299         299  0.000000000000000E+000  0.400000000000000     
  0.800000000000000     
         300         300  0.000000000000000E+000  0.600000000000000     
  0.200000000000000     
         301         301  0.000000000000000E+000  0.600000000000000     
  0.400000000000000     
         302         302  0.000000000000000E+000  0.600000000000000     
  0.600000000000000     
         303         303  0.000000000000000E+000  0.600000000000000     
  0.800000000000000     
         304         304  0.000000000000000E+000  0.800000000000000     
  0.200000000000000     
         305         305  0.000000000000000E+000  0.800000000000000     
  0.400000000000000     
         306         306  0.000000000000000E+000  0.800000000000000     
  0.600000000000000     
         307         307  0.000000000000000E+000  0.800000000000000     
  0.800000000000000     
         308         308  0.200000000000000       0.200000000000000     
  0.000000000000000E+000
         309         309  0.200000000000000       0.400000000000000     
  0.000000000000000E+000
         310         310  0.200000000000000       0.600000000000000     
  0.000000000000000E+000
         311         311  0.200000000000000       0.800000000000000     
  0.000000000000000E+000
         312         312  0.400000000000000       0.200000000000000     
  0.000000000000000E+000
         313         313  0.400000000000000       0.400000000000000     
  0.000000000000000E+000
         314         314  0.400000000000000       0.600000000000000     
  0.000000000000000E+000
         315         315  0.400000000000000       0.800000000000000     
  0.000000000000000E+000
         316         316  0.600000000000000       0.200000000000000     
  0.000000000000000E+000
         317         317  0.600000000000000       0.400000000000000     
  0.000000000000000E+000
         318         318  0.600000000000000       0.600000000000000     
  0.000000000000000E+000
         319         319  0.600000000000000       0.800000000000000     
  0.000000000000000E+000
         320         320  0.800000000000000       0.200000000000000     
  0.000000000000000E+000
         321         321  0.800000000000000       0.400000000000000     
  0.000000000000000E+000
         322         322  0.800000000000000       0.600000000000000     
  0.000000000000000E+000
         323         323  0.800000000000000       0.800000000000000     
  0.000000000000000E+000
         324         324  0.200000000000000        1.00000000000000     
  0.200000000000000     
         325         325  0.400000000000000        1.00000000000000     
  0.200000000000000     
         326         326  0.600000000000000        1.00000000000000     
  0.200000000000000     
         327         327  0.800000000000000        1.00000000000000     
  0.200000000000000     
         328         328  0.200000000000000        1.00000000000000     
  0.400000000000000     
         329         329  0.400000000000000        1.00000000000000     
  0.400000000000000     
         330         330  0.600000000000000        1.00000000000000     
  0.400000000000000     
         331         331  0.800000000000000        1.00000000000000     
  0.400000000000000     
         332         332  0.200000000000000        1.00000000000000     
  0.600000000000000     
         333         333  0.400000000000000        1.00000000000000     
  0.600000000000000     
         334         334  0.600000000000000        1.00000000000000     
  0.600000000000000     
         335         335  0.800000000000000        1.00000000000000     
  0.600000000000000     
         336         336  0.200000000000000        1.00000000000000     
  0.800000000000000     
         337         337  0.400000000000000        1.00000000000000     
  0.800000000000000     
         338         338  0.600000000000000        1.00000000000000     
  0.800000000000000     
         339         339  0.800000000000000        1.00000000000000     
  0.800000000000000     
         340         340   1.20000000000000       0.000000000000000E+000
  0.200000000000000     
         341         341   1.40000000000000       0.000000000000000E+000
  0.200000000000000     
         342         342   1.60000000000000       0.000000000000000E+000
  0.200000000000000     
         343         343   1.80000000000000       0.000000000000000E+000
  0.200000000000000     
         344         344   1.20000000000000       0.000000000000000E+000
  0.400000000000000     
         345         345   1.40000000000000       0.000000000000000E+000
  0.400000000000000     
         346         346   1.60000000000000       0.000000000000000E+000
  0.400000000000000     
         347         347   1.80000000000000       0.000000000000000E+000
  0.400000000000000     
         348         348   1.20000000000000       0.000000000000000E+000
  0.600000000000000     
         349         349   1.40000000000000       0.000000000000000E+000
  0.600000000000000     
         350         350   1.60000000000000       0.000000000000000E+000
  0.600000000000000     
         351         351   1.80000000000000       0.000000000000000E+000
  0.600000000000000     
         352         352   1.20000000000000       0.000000000000000E+000
  0.800000000000000     
         353         353   1.40000000000000       0.000000000000000E+000
  0.800000000000000     
         354         354   1.60000000000000       0.000000000000000E+000
  0.800000000000000     
         355         355   1.80000000000000       0.000000000000000E+000
  0.800000000000000     
         356         356   2.00000000000000       0.200000000000000     
  0.200000000000000     
         357         357   2.00000000000000       0.200000000000000     
  0.400000000000000     
         358         358   2.00000000000000       0.200000000000000     
  0.600000000000000     
         359         359   2.00000000000000       0.200000000000000     
  0.800000000000000     
         360         360   2.00000000000000       0.400000000000000     
  0.200000000000000     
         361         361   2.00000000000000       0.400000000000000     
  0.400000000000000     
         362         362   2.00000000000000       0.400000000000000     
  0.600000000000000     
         363         363   2.00000000000000       0.400000000000000     
  0.800000000000000     
         364         364   2.00000000000000       0.600000000000000     
  0.200000000000000     
         365         365   2.00000000000000       0.600000000000000     
  0.400000000000000     
         366         366   2.00000000000000       0.600000000000000     
  0.600000000000000     
         367         367   2.00000000000000       0.600000000000000     
  0.800000000000000     
         368         368   2.00000000000000       0.800000000000000     
  0.200000000000000     
         369         369   2.00000000000000       0.800000000000000     
  0.400000000000000     
         370         370   2.00000000000000       0.800000000000000     
  0.600000000000000     
         371         371   2.00000000000000       0.800000000000000     
  0.800000000000000     
         372         372   1.20000000000000       0.200000000000000     
   1.00000000000000     
         373         373   1.20000000000000       0.400000000000000     
   1.00000000000000     
         374         374   1.20000000000000       0.600000000000000     
   1.00000000000000     
         375         375   1.20000000000000       0.800000000000000     
   1.00000000000000     
         376         376   1.40000000000000       0.200000000000000     
   1.00000000000000     
         377         377   1.40000000000000       0.400000000000000     
   1.00000000000000     
         378         378   1.40000000000000       0.600000000000000     
   1.00000000000000     
         379         379   1.40000000000000       0.800000000000000     
   1.00000000000000     
         380         380   1.60000000000000       0.200000000000000     
   1.00000000000000     
         381         381   1.60000000000000       0.400000000000000     
   1.00000000000000     
         382         382   1.60000000000000       0.600000000000000     
   1.00000000000000     
         383         383   1.60000000000000       0.800000000000000     
   1.00000000000000     
         384         384   1.80000000000000       0.200000000000000     
   1.00000000000000     
         385         385   1.80000000000000       0.400000000000000     
   1.00000000000000     
         386         386   1.80000000000000       0.600000000000000     
   1.00000000000000     
         387         387   1.80000000000000       0.800000000000000     
   1.00000000000000     
         388         388   1.20000000000000       0.200000000000000     
  0.000000000000000E+000
         389         389   1.20000000000000       0.400000000000000     
  0.000000000000000E+000
         390         390   1.20000000000000       0.600000000000000     
  0.000000000000000E+000
         391         391   1.20000000000000       0.800000000000000     
  0.000000000000000E+000
         392         392   1.40000000000000       0.200000000000000     
  0.000000000000000E+000
         393         393   1.40000000000000       0.400000000000000     
  0.000000000000000E+000
         394         394   1.40000000000000       0.600000000000000     
  0.000000000000000E+000
         395         395   1.40000000000000       0.800000000000000     
  0.000000000000000E+000
         396         396   1.60000000000000       0.200000000000000     
  0.000000000000000E+000
         397         397   1.60000000000000       0.400000000000000     
  0.000000000000000E+000
         398         398   1.60000000000000       0.600000000000000     
  0.000000000000000E+000
         399         399   1.60000000000000       0.800000000000000     
  0.000000000000000E+000
         400         400   1.80000000000000       0.200000000000000     
  0.000000000000000E+000
         401         401   1.80000000000000       0.400000000000000     
  0.000000000000000E+000
         402         402   1.80000000000000       0.600000000000000     
  0.000000000000000E+000
         403         403   1.80000000000000       0.800000000000000     
  0.000000000000000E+000
         404         404   1.20000000000000        1.00000000000000     
  0.200000000000000     
         405         405   1.40000000000000        1.00000000000000     
  0.200000000000000     
         406         406   1.60000000000000        1.00000000000000     
  0.200000000000000     
         407         407   1.80000000000000        1.00000000000000     
  0.200000000000000     
         408         408   1.20000000000000        1.00000000000000     
  0.400000000000000     
         409         409   1.40000000000000        1.00000000000000     
  0.400000000000000     
         410         410   1.60000000000000        1.00000000000000     
  0.400000000000000     
         411         411   1.80000000000000        1.00000000000000     
  0.400000000000000     
         412         412   1.20000000000000        1.00000000000000     
  0.600000000000000     
         413         413   1.40000000000000        1.00000000000000     
  0.600000000000000     
         414         414   1.60000000000000        1.00000000000000     
  0.600000000000000     
         415         415   1.80000000000000        1.00000000000000     
  0.600000000000000     
         416         416   1.20000000000000        1.00000000000000     
  0.800000000000000     
         417         417   1.40000000000000        1.00000000000000     
  0.800000000000000     
         418         418   1.60000000000000        1.00000000000000     
  0.800000000000000     
         419         419   1.80000000000000        1.00000000000000     
  0.800000000000000     
         420         420   2.00000000000000        1.20000000000000     
  0.200000000000000     
         421         421   2.00000000000000        1.20000000000000     
  0.400000000000000     
         422         422   2.00000000000000        1.20000000000000     
  0.600000000000000     
         423         423   2.00000000000000        1.20000000000000     
  0.800000000000000     
         424         424   2.00000000000000        1.40000000000000     
  0.200000000000000     
         425         425   2.00000000000000        1.40000000000000     
  0.400000000000000     
         426         426   2.00000000000000        1.40000000000000     
  0.600000000000000     
         427         427   2.00000000000000        1.40000000000000     
  0.800000000000000     
         428         428   2.00000000000000        1.60000000000000     
  0.200000000000000     
         429         429   2.00000000000000        1.60000000000000     
  0.400000000000000     
         430         430   2.00000000000000        1.60000000000000     
  0.600000000000000     
         431         431   2.00000000000000        1.60000000000000     
  0.800000000000000     
         432         432   2.00000000000000        1.80000000000000     
  0.200000000000000     
         433         433   2.00000000000000        1.80000000000000     
  0.400000000000000     
         434         434   2.00000000000000        1.80000000000000     
  0.600000000000000     
         435         435   2.00000000000000        1.80000000000000     
  0.800000000000000     
         436         436   1.20000000000000        1.20000000000000     
   1.00000000000000     
         437         437   1.20000000000000        1.40000000000000     
   1.00000000000000     
         438         438   1.20000000000000        1.60000000000000     
   1.00000000000000     
         439         439   1.20000000000000        1.80000000000000     
   1.00000000000000     
         440         440   1.40000000000000        1.20000000000000     
   1.00000000000000     
         441         441   1.40000000000000        1.40000000000000     
   1.00000000000000     
         442         442   1.40000000000000        1.60000000000000     
   1.00000000000000     
         443         443   1.40000000000000        1.80000000000000     
   1.00000000000000     
         444         444   1.60000000000000        1.20000000000000     
   1.00000000000000     
         445         445   1.60000000000000        1.40000000000000     
   1.00000000000000     
         446         446   1.60000000000000        1.60000000000000     
   1.00000000000000     
         447         447   1.60000000000000        1.80000000000000     
   1.00000000000000     
         448         448   1.80000000000000        1.20000000000000     
   1.00000000000000     
         449         449   1.80000000000000        1.40000000000000     
   1.00000000000000     
         450         450   1.80000000000000        1.60000000000000     
   1.00000000000000     
         451         451   1.80000000000000        1.80000000000000     
   1.00000000000000     
         452         452   1.00000000000000        1.20000000000000     
  0.200000000000000     
         453         453   1.00000000000000        1.20000000000000     
  0.400000000000000     
         454         454   1.00000000000000        1.20000000000000     
  0.600000000000000     
         455         455   1.00000000000000        1.20000000000000     
  0.800000000000000     
         456         456   1.00000000000000        1.40000000000000     
  0.200000000000000     
         457         457   1.00000000000000        1.40000000000000     
  0.400000000000000     
         458         458   1.00000000000000        1.40000000000000     
  0.600000000000000     
         459         459   1.00000000000000        1.40000000000000     
  0.800000000000000     
         460         460   1.00000000000000        1.60000000000000     
  0.200000000000000     
         461         461   1.00000000000000        1.60000000000000     
  0.400000000000000     
         462         462   1.00000000000000        1.60000000000000     
  0.600000000000000     
         463         463   1.00000000000000        1.60000000000000     
  0.800000000000000     
         464         464   1.00000000000000        1.80000000000000     
  0.200000000000000     
         465         465   1.00000000000000        1.80000000000000     
  0.400000000000000     
         466         466   1.00000000000000        1.80000000000000     
  0.600000000000000     
         467         467   1.00000000000000        1.80000000000000     
  0.800000000000000     
         468         468   1.20000000000000        1.20000000000000     
  0.000000000000000E+000
         469         469   1.20000000000000        1.40000000000000     
  0.000000000000000E+000
         470         470   1.20000000000000        1.60000000000000     
  0.000000000000000E+000
         471         471   1.20000000000000        1.80000000000000     
  0.000000000000000E+000
         472         472   1.40000000000000        1.20000000000000     
  0.000000000000000E+000
         473         473   1.40000000000000        1.40000000000000     
  0.000000000000000E+000
         474         474   1.40000000000000        1.60000000000000     
  0.000000000000000E+000
         475         475   1.40000000000000        1.80000000000000     
  0.000000000000000E+000
         476         476   1.60000000000000        1.20000000000000     
  0.000000000000000E+000
         477         477   1.60000000000000        1.40000000000000     
  0.000000000000000E+000
         478         478   1.60000000000000        1.60000000000000     
  0.000000000000000E+000
         479         479   1.60000000000000        1.80000000000000     
  0.000000000000000E+000
         480         480   1.80000000000000        1.20000000000000     
  0.000000000000000E+000
         481         481   1.80000000000000        1.40000000000000     
  0.000000000000000E+000
         482         482   1.80000000000000        1.60000000000000     
  0.000000000000000E+000
         483         483   1.80000000000000        1.80000000000000     
  0.000000000000000E+000
         484         484   1.20000000000000        2.00000000000000     
  0.200000000000000     
         485         485   1.40000000000000        2.00000000000000     
  0.200000000000000     
         486         486   1.60000000000000        2.00000000000000     
  0.200000000000000     
         487         487   1.80000000000000        2.00000000000000     
  0.200000000000000     
         488         488   1.20000000000000        2.00000000000000     
  0.400000000000000     
         489         489   1.40000000000000        2.00000000000000     
  0.400000000000000     
         490         490   1.60000000000000        2.00000000000000     
  0.400000000000000     
         491         491   1.80000000000000        2.00000000000000     
  0.400000000000000     
         492         492   1.20000000000000        2.00000000000000     
  0.600000000000000     
         493         493   1.40000000000000        2.00000000000000     
  0.600000000000000     
         494         494   1.60000000000000        2.00000000000000     
  0.600000000000000     
         495         495   1.80000000000000        2.00000000000000     
  0.600000000000000     
         496         496   1.20000000000000        2.00000000000000     
  0.800000000000000     
         497         497   1.40000000000000        2.00000000000000     
  0.800000000000000     
         498         498   1.60000000000000        2.00000000000000     
  0.800000000000000     
         499         499   1.80000000000000        2.00000000000000     
  0.800000000000000     
         500         500  0.200000000000000        1.20000000000000     
   1.00000000000000     
         501         501  0.200000000000000        1.40000000000000     
   1.00000000000000     
         502         502  0.200000000000000        1.60000000000000     
   1.00000000000000     
         503         503  0.200000000000000        1.80000000000000     
   1.00000000000000     
         504         504  0.400000000000000        1.20000000000000     
   1.00000000000000     
         505         505  0.400000000000000        1.40000000000000     
   1.00000000000000     
         506         506  0.400000000000000        1.60000000000000     
   1.00000000000000     
         507         507  0.400000000000000        1.80000000000000     
   1.00000000000000     
         508         508  0.600000000000000        1.20000000000000     
   1.00000000000000     
         509         509  0.600000000000000        1.40000000000000     
   1.00000000000000     
         510         510  0.600000000000000        1.60000000000000     
   1.00000000000000     
         511         511  0.600000000000000        1.80000000000000     
   1.00000000000000     
         512         512  0.800000000000000        1.20000000000000     
   1.00000000000000     
         513         513  0.800000000000000        1.40000000000000     
   1.00000000000000     
         514         514  0.800000000000000        1.60000000000000     
   1.00000000000000     
         515         515  0.800000000000000        1.80000000000000     
   1.00000000000000     
         516         516  0.000000000000000E+000   1.20000000000000     
  0.200000000000000     
         517         517  0.000000000000000E+000   1.20000000000000     
  0.400000000000000     
         518         518  0.000000000000000E+000   1.20000000000000     
  0.600000000000000     
         519         519  0.000000000000000E+000   1.20000000000000     
  0.800000000000000     
         520         520  0.000000000000000E+000   1.40000000000000     
  0.200000000000000     
         521         521  0.000000000000000E+000   1.40000000000000     
  0.400000000000000     
         522         522  0.000000000000000E+000   1.40000000000000     
  0.600000000000000     
         523         523  0.000000000000000E+000   1.40000000000000     
  0.800000000000000     
         524         524  0.000000000000000E+000   1.60000000000000     
  0.200000000000000     
         525         525  0.000000000000000E+000   1.60000000000000     
  0.400000000000000     
         526         526  0.000000000000000E+000   1.60000000000000     
  0.600000000000000     
         527         527  0.000000000000000E+000   1.60000000000000     
  0.800000000000000     
         528         528  0.000000000000000E+000   1.80000000000000     
  0.200000000000000     
         529         529  0.000000000000000E+000   1.80000000000000     
  0.400000000000000     
         530         530  0.000000000000000E+000   1.80000000000000     
  0.600000000000000     
         531         531  0.000000000000000E+000   1.80000000000000     
  0.800000000000000     
         532         532  0.200000000000000        1.20000000000000     
  0.000000000000000E+000
         533         533  0.200000000000000        1.40000000000000     
  0.000000000000000E+000
         534         534  0.200000000000000        1.60000000000000     
  0.000000000000000E+000
         535         535  0.200000000000000        1.80000000000000     
  0.000000000000000E+000
         536         536  0.400000000000000        1.20000000000000     
  0.000000000000000E+000
         537         537  0.400000000000000        1.40000000000000     
  0.000000000000000E+000
         538         538  0.400000000000000        1.60000000000000     
  0.000000000000000E+000
         539         539  0.400000000000000        1.80000000000000     
  0.000000000000000E+000
         540         540  0.600000000000000        1.20000000000000     
  0.000000000000000E+000
         541         541  0.600000000000000        1.40000000000000     
  0.000000000000000E+000
         542         542  0.600000000000000        1.60000000000000     
  0.000000000000000E+000
         543         543  0.600000000000000        1.80000000000000     
  0.000000000000000E+000
         544         544  0.800000000000000        1.20000000000000     
  0.000000000000000E+000
         545         545  0.800000000000000        1.40000000000000     
  0.000000000000000E+000
         546         546  0.800000000000000        1.60000000000000     
  0.000000000000000E+000
         547         547  0.800000000000000        1.80000000000000     
  0.000000000000000E+000
         548         548  0.200000000000000        2.00000000000000     
  0.200000000000000     
         549         549  0.400000000000000        2.00000000000000     
  0.200000000000000     
         550         550  0.600000000000000        2.00000000000000     
  0.200000000000000     
         551         551  0.800000000000000        2.00000000000000     
  0.200000000000000     
         552         552  0.200000000000000        2.00000000000000     
  0.400000000000000     
         553         553  0.400000000000000        2.00000000000000     
  0.400000000000000     
         554         554  0.600000000000000        2.00000000000000     
  0.400000000000000     
         555         555  0.800000000000000        2.00000000000000     
  0.400000000000000     
         556         556  0.200000000000000        2.00000000000000     
  0.600000000000000     
         557         557  0.400000000000000        2.00000000000000     
  0.600000000000000     
         558         558  0.600000000000000        2.00000000000000     
  0.600000000000000     
         559         559  0.800000000000000        2.00000000000000     
  0.600000000000000     
         560         560  0.200000000000000        2.00000000000000     
  0.800000000000000     
         561         561  0.400000000000000        2.00000000000000     
  0.800000000000000     
         562         562  0.600000000000000        2.00000000000000     
  0.800000000000000     
         563         563  0.800000000000000        2.00000000000000     
  0.800000000000000     
         564         564  0.200000000000000       0.000000000000000E+000
   1.20000000000000     
         565         565  0.400000000000000       0.000000000000000E+000
   1.20000000000000     
         566         566  0.600000000000000       0.000000000000000E+000
   1.20000000000000     
         567         567  0.800000000000000       0.000000000000000E+000
   1.20000000000000     
         568         568  0.200000000000000       0.000000000000000E+000
   1.40000000000000     
         569         569  0.400000000000000       0.000000000000000E+000
   1.40000000000000     
         570         570  0.600000000000000       0.000000000000000E+000
   1.40000000000000     
         571         571  0.800000000000000       0.000000000000000E+000
   1.40000000000000     
         572         572  0.200000000000000       0.000000000000000E+000
   1.60000000000000     
         573         573  0.400000000000000       0.000000000000000E+000
   1.60000000000000     
         574         574  0.600000000000000       0.000000000000000E+000
   1.60000000000000     
         575         575  0.800000000000000       0.000000000000000E+000
   1.60000000000000     
         576         576  0.200000000000000       0.000000000000000E+000
   1.80000000000000     
         577         577  0.400000000000000       0.000000000000000E+000
   1.80000000000000     
         578         578  0.600000000000000       0.000000000000000E+000
   1.80000000000000     
         579         579  0.800000000000000       0.000000000000000E+000
   1.80000000000000     
         580         580   1.00000000000000       0.200000000000000     
   1.20000000000000     
         581         581   1.00000000000000       0.200000000000000     
   1.40000000000000     
         582         582   1.00000000000000       0.200000000000000     
   1.60000000000000     
         583         583   1.00000000000000       0.200000000000000     
   1.80000000000000     
         584         584   1.00000000000000       0.400000000000000     
   1.20000000000000     
         585         585   1.00000000000000       0.400000000000000     
   1.40000000000000     
         586         586   1.00000000000000       0.400000000000000     
   1.60000000000000     
         587         587   1.00000000000000       0.400000000000000     
   1.80000000000000     
         588         588   1.00000000000000       0.600000000000000     
   1.20000000000000     
         589         589   1.00000000000000       0.600000000000000     
   1.40000000000000     
         590         590   1.00000000000000       0.600000000000000     
   1.60000000000000     
         591         591   1.00000000000000       0.600000000000000     
   1.80000000000000     
         592         592   1.00000000000000       0.800000000000000     
   1.20000000000000     
         593         593   1.00000000000000       0.800000000000000     
   1.40000000000000     
         594         594   1.00000000000000       0.800000000000000     
   1.60000000000000     
         595         595   1.00000000000000       0.800000000000000     
   1.80000000000000     
         596         596  0.200000000000000       0.200000000000000     
   2.00000000000000     
         597         597  0.200000000000000       0.400000000000000     
   2.00000000000000     
         598         598  0.200000000000000       0.600000000000000     
   2.00000000000000     
         599         599  0.200000000000000       0.800000000000000     
   2.00000000000000     
         600         600  0.400000000000000       0.200000000000000     
   2.00000000000000     
         601         601  0.400000000000000       0.400000000000000     
   2.00000000000000     
         602         602  0.400000000000000       0.600000000000000     
   2.00000000000000     
         603         603  0.400000000000000       0.800000000000000     
   2.00000000000000     
         604         604  0.600000000000000       0.200000000000000     
   2.00000000000000     
         605         605  0.600000000000000       0.400000000000000     
   2.00000000000000     
         606         606  0.600000000000000       0.600000000000000     
   2.00000000000000     
         607         607  0.600000000000000       0.800000000000000     
   2.00000000000000     
         608         608  0.800000000000000       0.200000000000000     
   2.00000000000000     
         609         609  0.800000000000000       0.400000000000000     
   2.00000000000000     
         610         610  0.800000000000000       0.600000000000000     
   2.00000000000000     
         611         611  0.800000000000000       0.800000000000000     
   2.00000000000000     
         612         612  0.000000000000000E+000  0.200000000000000     
   1.20000000000000     
         613         613  0.000000000000000E+000  0.200000000000000     
   1.40000000000000     
         614         614  0.000000000000000E+000  0.200000000000000     
   1.60000000000000     
         615         615  0.000000000000000E+000  0.200000000000000     
   1.80000000000000     
         616         616  0.000000000000000E+000  0.400000000000000     
   1.20000000000000     
         617         617  0.000000000000000E+000  0.400000000000000     
   1.40000000000000     
         618         618  0.000000000000000E+000  0.400000000000000     
   1.60000000000000     
         619         619  0.000000000000000E+000  0.400000000000000     
   1.80000000000000     
         620         620  0.000000000000000E+000  0.600000000000000     
   1.20000000000000     
         621         621  0.000000000000000E+000  0.600000000000000     
   1.40000000000000     
         622         622  0.000000000000000E+000  0.600000000000000     
   1.60000000000000     
         623         623  0.000000000000000E+000  0.600000000000000     
   1.80000000000000     
         624         624  0.000000000000000E+000  0.800000000000000     
   1.20000000000000     
         625         625  0.000000000000000E+000  0.800000000000000     
   1.40000000000000     
         626         626  0.000000000000000E+000  0.800000000000000     
   1.60000000000000     
         627         627  0.000000000000000E+000  0.800000000000000     
   1.80000000000000     
         628         628  0.200000000000000        1.00000000000000     
   1.20000000000000     
         629         629  0.400000000000000        1.00000000000000     
   1.20000000000000     
         630         630  0.600000000000000        1.00000000000000     
   1.20000000000000     
         631         631  0.800000000000000        1.00000000000000     
   1.20000000000000     
         632         632  0.200000000000000        1.00000000000000     
   1.40000000000000     
         633         633  0.400000000000000        1.00000000000000     
   1.40000000000000     
         634         634  0.600000000000000        1.00000000000000     
   1.40000000000000     
         635         635  0.800000000000000        1.00000000000000     
   1.40000000000000     
         636         636  0.200000000000000        1.00000000000000     
   1.60000000000000     
         637         637  0.400000000000000        1.00000000000000     
   1.60000000000000     
         638         638  0.600000000000000        1.00000000000000     
   1.60000000000000     
         639         639  0.800000000000000        1.00000000000000     
   1.60000000000000     
         640         640  0.200000000000000        1.00000000000000     
   1.80000000000000     
         641         641  0.400000000000000        1.00000000000000     
   1.80000000000000     
         642         642  0.600000000000000        1.00000000000000     
   1.80000000000000     
         643         643  0.800000000000000        1.00000000000000     
   1.80000000000000     
         644         644   1.20000000000000       0.000000000000000E+000
   1.20000000000000     
         645         645   1.40000000000000       0.000000000000000E+000
   1.20000000000000     
         646         646   1.60000000000000       0.000000000000000E+000
   1.20000000000000     
         647         647   1.80000000000000       0.000000000000000E+000
   1.20000000000000     
         648         648   1.20000000000000       0.000000000000000E+000
   1.40000000000000     
         649         649   1.40000000000000       0.000000000000000E+000
   1.40000000000000     
         650         650   1.60000000000000       0.000000000000000E+000
   1.40000000000000     
         651         651   1.80000000000000       0.000000000000000E+000
   1.40000000000000     
         652         652   1.20000000000000       0.000000000000000E+000
   1.60000000000000     
         653         653   1.40000000000000       0.000000000000000E+000
   1.60000000000000     
         654         654   1.60000000000000       0.000000000000000E+000
   1.60000000000000     
         655         655   1.80000000000000       0.000000000000000E+000
   1.60000000000000     
         656         656   1.20000000000000       0.000000000000000E+000
   1.80000000000000     
         657         657   1.40000000000000       0.000000000000000E+000
   1.80000000000000     
         658         658   1.60000000000000       0.000000000000000E+000
   1.80000000000000     
         659         659   1.80000000000000       0.000000000000000E+000
   1.80000000000000     
         660         660   2.00000000000000       0.200000000000000     
   1.20000000000000     
         661         661   2.00000000000000       0.200000000000000     
   1.40000000000000     
         662         662   2.00000000000000       0.200000000000000     
   1.60000000000000     
         663         663   2.00000000000000       0.200000000000000     
   1.80000000000000     
         664         664   2.00000000000000       0.400000000000000     
   1.20000000000000     
         665         665   2.00000000000000       0.400000000000000     
   1.40000000000000     
         666         666   2.00000000000000       0.400000000000000     
   1.60000000000000     
         667         667   2.00000000000000       0.400000000000000     
   1.80000000000000     
         668         668   2.00000000000000       0.600000000000000     
   1.20000000000000     
         669         669   2.00000000000000       0.600000000000000     
   1.40000000000000     
         670         670   2.00000000000000       0.600000000000000     
   1.60000000000000     
         671         671   2.00000000000000       0.600000000000000     
   1.80000000000000     
         672         672   2.00000000000000       0.800000000000000     
   1.20000000000000     
         673         673   2.00000000000000       0.800000000000000     
   1.40000000000000     
         674         674   2.00000000000000       0.800000000000000     
   1.60000000000000     
         675         675   2.00000000000000       0.800000000000000     
   1.80000000000000     
         676         676   1.20000000000000       0.200000000000000     
   2.00000000000000     
         677         677   1.20000000000000       0.400000000000000     
   2.00000000000000     
         678         678   1.20000000000000       0.600000000000000     
   2.00000000000000     
         679         679   1.20000000000000       0.800000000000000     
   2.00000000000000     
         680         680   1.40000000000000       0.200000000000000     
   2.00000000000000     
         681         681   1.40000000000000       0.400000000000000     
   2.00000000000000     
         682         682   1.40000000000000       0.600000000000000     
   2.00000000000000     
         683         683   1.40000000000000       0.800000000000000     
   2.00000000000000     
         684         684   1.60000000000000       0.200000000000000     
   2.00000000000000     
         685         685   1.60000000000000       0.400000000000000     
   2.00000000000000     
         686         686   1.60000000000000       0.600000000000000     
   2.00000000000000     
         687         687   1.60000000000000       0.800000000000000     
   2.00000000000000     
         688         688   1.80000000000000       0.200000000000000     
   2.00000000000000     
         689         689   1.80000000000000       0.400000000000000     
   2.00000000000000     
         690         690   1.80000000000000       0.600000000000000     
   2.00000000000000     
         691         691   1.80000000000000       0.800000000000000     
   2.00000000000000     
         692         692   1.20000000000000        1.00000000000000     
   1.20000000000000     
         693         693   1.40000000000000        1.00000000000000     
   1.20000000000000     
         694         694   1.60000000000000        1.00000000000000     
   1.20000000000000     
         695         695   1.80000000000000        1.00000000000000     
   1.20000000000000     
         696         696   1.20000000000000        1.00000000000000     
   1.40000000000000     
         697         697   1.40000000000000        1.00000000000000     
   1.40000000000000     
         698         698   1.60000000000000        1.00000000000000     
   1.40000000000000     
         699         699   1.80000000000000        1.00000000000000     
   1.40000000000000     
         700         700   1.20000000000000        1.00000000000000     
   1.60000000000000     
         701         701   1.40000000000000        1.00000000000000     
   1.60000000000000     
         702         702   1.60000000000000        1.00000000000000     
   1.60000000000000     
         703         703   1.80000000000000        1.00000000000000     
   1.60000000000000     
         704         704   1.20000000000000        1.00000000000000     
   1.80000000000000     
         705         705   1.40000000000000        1.00000000000000     
   1.80000000000000     
         706         706   1.60000000000000        1.00000000000000     
   1.80000000000000     
         707         707   1.80000000000000        1.00000000000000     
   1.80000000000000     
         708         708   2.00000000000000        1.20000000000000     
   1.20000000000000     
         709         709   2.00000000000000        1.20000000000000     
   1.40000000000000     
         710         710   2.00000000000000        1.20000000000000     
   1.60000000000000     
         711         711   2.00000000000000        1.20000000000000     
   1.80000000000000     
         712         712   2.00000000000000        1.40000000000000     
   1.20000000000000     
         713         713   2.00000000000000        1.40000000000000     
   1.40000000000000     
         714         714   2.00000000000000        1.40000000000000     
   1.60000000000000     
         715         715   2.00000000000000        1.40000000000000     
   1.80000000000000     
         716         716   2.00000000000000        1.60000000000000     
   1.20000000000000     
         717         717   2.00000000000000        1.60000000000000     
   1.40000000000000     
         718         718   2.00000000000000        1.60000000000000     
   1.60000000000000     
         719         719   2.00000000000000        1.60000000000000     
   1.80000000000000     
         720         720   2.00000000000000        1.80000000000000     
   1.20000000000000     
         721         721   2.00000000000000        1.80000000000000     
   1.40000000000000     
         722         722   2.00000000000000        1.80000000000000     
   1.60000000000000     
         723         723   2.00000000000000        1.80000000000000     
   1.80000000000000     
         724         724   1.20000000000000        1.20000000000000     
   2.00000000000000     
         725         725   1.20000000000000        1.40000000000000     
   2.00000000000000     
         726         726   1.20000000000000        1.60000000000000     
   2.00000000000000     
         727         727   1.20000000000000        1.80000000000000     
   2.00000000000000     
         728         728   1.40000000000000        1.20000000000000     
   2.00000000000000     
         729         729   1.40000000000000        1.40000000000000     
   2.00000000000000     
         730         730   1.40000000000000        1.60000000000000     
   2.00000000000000     
         731         731   1.40000000000000        1.80000000000000     
   2.00000000000000     
         732         732   1.60000000000000        1.20000000000000     
   2.00000000000000     
         733         733   1.60000000000000        1.40000000000000     
   2.00000000000000     
         734         734   1.60000000000000        1.60000000000000     
   2.00000000000000     
         735         735   1.60000000000000        1.80000000000000     
   2.00000000000000     
         736         736   1.80000000000000        1.20000000000000     
   2.00000000000000     
         737         737   1.80000000000000        1.40000000000000     
   2.00000000000000     
         738         738   1.80000000000000        1.60000000000000     
   2.00000000000000     
         739         739   1.80000000000000        1.80000000000000     
   2.00000000000000     
         740         740   1.00000000000000        1.20000000000000     
   1.20000000000000     
         741         741   1.00000000000000        1.20000000000000     
   1.40000000000000     
         742         742   1.00000000000000        1.20000000000000     
   1.60000000000000     
         743         743   1.00000000000000        1.20000000000000     
   1.80000000000000     
         744         744   1.00000000000000        1.40000000000000     
   1.20000000000000     
         745         745   1.00000000000000        1.40000000000000     
   1.40000000000000     
         746         746   1.00000000000000        1.40000000000000     
   1.60000000000000     
         747         747   1.00000000000000        1.40000000000000     
   1.80000000000000     
         748         748   1.00000000000000        1.60000000000000     
   1.20000000000000     
         749         749   1.00000000000000        1.60000000000000     
   1.40000000000000     
         750         750   1.00000000000000        1.60000000000000     
   1.60000000000000     
         751         751   1.00000000000000        1.60000000000000     
   1.80000000000000     
         752         752   1.00000000000000        1.80000000000000     
   1.20000000000000     
         753         753   1.00000000000000        1.80000000000000     
   1.40000000000000     
         754         754   1.00000000000000        1.80000000000000     
   1.60000000000000     
         755         755   1.00000000000000        1.80000000000000     
   1.80000000000000     
         756         756   1.20000000000000        2.00000000000000     
   1.20000000000000     
         757         757   1.40000000000000        2.00000000000000     
   1.20000000000000     
         758         758   1.60000000000000        2.00000000000000     
   1.20000000000000     
         759         759   1.80000000000000        2.00000000000000     
   1.20000000000000     
         760         760   1.20000000000000        2.00000000000000     
   1.40000000000000     
         761         761   1.40000000000000        2.00000000000000     
   1.40000000000000     
         762         762   1.60000000000000        2.00000000000000     
   1.40000000000000     
         763         763   1.80000000000000        2.00000000000000     
   1.40000000000000     
         764         764   1.20000000000000        2.00000000000000     
   1.60000000000000     
         765         765   1.40000000000000        2.00000000000000     
   1.60000000000000     
         766         766   1.60000000000000        2.00000000000000     
   1.60000000000000     
         767         767   1.80000000000000        2.00000000000000     
   1.60000000000000     
         768         768   1.20000000000000        2.00000000000000     
   1.80000000000000     
         769         769   1.40000000000000        2.00000000000000     
   1.80000000000000     
         770         770   1.60000000000000        2.00000000000000     
   1.80000000000000     
         771         771   1.80000000000000        2.00000000000000     
   1.80000000000000     
         772         772  0.200000000000000        1.20000000000000     
   2.00000000000000     
         773         773  0.200000000000000        1.40000000000000     
   2.00000000000000     
         774         774  0.200000000000000        1.60000000000000     
   2.00000000000000     
         775         775  0.200000000000000        1.80000000000000     
   2.00000000000000     
         776         776  0.400000000000000        1.20000000000000     
   2.00000000000000     
         777         777  0.400000000000000        1.40000000000000     
   2.00000000000000     
         778         778  0.400000000000000        1.60000000000000     
   2.00000000000000     
         779         779  0.400000000000000        1.80000000000000     
   2.00000000000000     
         780         780  0.600000000000000        1.20000000000000     
   2.00000000000000     
         781         781  0.600000000000000        1.40000000000000     
   2.00000000000000     
         782         782  0.600000000000000        1.60000000000000     
   2.00000000000000     
         783         783  0.600000000000000        1.80000000000000     
   2.00000000000000     
         784         784  0.800000000000000        1.20000000000000     
   2.00000000000000     
         785         785  0.800000000000000        1.40000000000000     
   2.00000000000000     
         786         786  0.800000000000000        1.60000000000000     
   2.00000000000000     
         787         787  0.800000000000000        1.80000000000000     
   2.00000000000000     
         788         788  0.000000000000000E+000   1.20000000000000     
   1.20000000000000     
         789         789  0.000000000000000E+000   1.20000000000000     
   1.40000000000000     
         790         790  0.000000000000000E+000   1.20000000000000     
   1.60000000000000     
         791         791  0.000000000000000E+000   1.20000000000000     
   1.80000000000000     
         792         792  0.000000000000000E+000   1.40000000000000     
   1.20000000000000     
         793         793  0.000000000000000E+000   1.40000000000000     
   1.40000000000000     
         794         794  0.000000000000000E+000   1.40000000000000     
   1.60000000000000     
         795         795  0.000000000000000E+000   1.40000000000000     
   1.80000000000000     
         796         796  0.000000000000000E+000   1.60000000000000     
   1.20000000000000     
         797         797  0.000000000000000E+000   1.60000000000000     
   1.40000000000000     
         798         798  0.000000000000000E+000   1.60000000000000     
   1.60000000000000     
         799         799  0.000000000000000E+000   1.60000000000000     
   1.80000000000000     
         800         800  0.000000000000000E+000   1.80000000000000     
   1.20000000000000     
         801         801  0.000000000000000E+000   1.80000000000000     
   1.40000000000000     
         802         802  0.000000000000000E+000   1.80000000000000     
   1.60000000000000     
         803         803  0.000000000000000E+000   1.80000000000000     
   1.80000000000000     
         804         804  0.200000000000000        2.00000000000000     
   1.20000000000000     
         805         805  0.400000000000000        2.00000000000000     
   1.20000000000000     
         806         806  0.600000000000000        2.00000000000000     
   1.20000000000000     
         807         807  0.800000000000000        2.00000000000000     
   1.20000000000000     
         808         808  0.200000000000000        2.00000000000000     
   1.40000000000000     
         809         809  0.400000000000000        2.00000000000000     
   1.40000000000000     
         810         810  0.600000000000000        2.00000000000000     
   1.40000000000000     
         811         811  0.800000000000000        2.00000000000000     
   1.40000000000000     
         812         812  0.200000000000000        2.00000000000000     
   1.60000000000000     
         813         813  0.400000000000000        2.00000000000000     
   1.60000000000000     
         814         814  0.600000000000000        2.00000000000000     
   1.60000000000000     
         815         815  0.800000000000000        2.00000000000000     
   1.60000000000000     
         816         816  0.200000000000000        2.00000000000000     
   1.80000000000000     
         817         817  0.400000000000000        2.00000000000000     
   1.80000000000000     
         818         818  0.600000000000000        2.00000000000000     
   1.80000000000000     
         819         819  0.800000000000000        2.00000000000000     
   1.80000000000000     
         820         820  0.200000000000000       0.200000000000000     
  0.200000000000000     
         821         821  0.200000000000000       0.200000000000000     
  0.400000000000000     
         822         822  0.200000000000000       0.200000000000000     
  0.600000000000000     
         823         823  0.200000000000000       0.200000000000000     
  0.800000000000000     
         824         824  0.200000000000000       0.400000000000000     
  0.200000000000000     
         825         825  0.200000000000000       0.400000000000000     
  0.400000000000000     
         826         826  0.200000000000000       0.400000000000000     
  0.600000000000000     
         827         827  0.200000000000000       0.400000000000000     
  0.800000000000000     
         828         828  0.200000000000000       0.600000000000000     
  0.200000000000000     
         829         829  0.200000000000000       0.600000000000000     
  0.400000000000000     
         830         830  0.200000000000000       0.600000000000000     
  0.600000000000000     
         831         831  0.200000000000000       0.600000000000000     
  0.800000000000000     
         832         832  0.200000000000000       0.800000000000000     
  0.200000000000000     
         833         833  0.200000000000000       0.800000000000000     
  0.400000000000000     
         834         834  0.200000000000000       0.800000000000000     
  0.600000000000000     
         835         835  0.200000000000000       0.800000000000000     
  0.800000000000000     
         836         836  0.400000000000000       0.200000000000000     
  0.200000000000000     
         837         837  0.400000000000000       0.200000000000000     
  0.400000000000000     
         838         838  0.400000000000000       0.200000000000000     
  0.600000000000000     
         839         839  0.400000000000000       0.200000000000000     
  0.800000000000000     
         840         840  0.400000000000000       0.400000000000000     
  0.200000000000000     
         841         841  0.400000000000000       0.400000000000000     
  0.400000000000000     
         842         842  0.400000000000000       0.400000000000000     
  0.600000000000000     
         843         843  0.400000000000000       0.400000000000000     
  0.800000000000000     
         844         844  0.400000000000000       0.600000000000000     
  0.200000000000000     
         845         845  0.400000000000000       0.600000000000000     
  0.400000000000000     
         846         846  0.400000000000000       0.600000000000000     
  0.600000000000000     
         847         847  0.400000000000000       0.600000000000000     
  0.800000000000000     
         848         848  0.400000000000000       0.800000000000000     
  0.200000000000000     
         849         849  0.400000000000000       0.800000000000000     
  0.400000000000000     
         850         850  0.400000000000000       0.800000000000000     
  0.600000000000000     
         851         851  0.400000000000000       0.800000000000000     
  0.800000000000000     
         852         852  0.600000000000000       0.200000000000000     
  0.200000000000000     
         853         853  0.600000000000000       0.200000000000000     
  0.400000000000000     
         854         854  0.600000000000000       0.200000000000000     
  0.600000000000000     
         855         855  0.600000000000000       0.200000000000000     
  0.800000000000000     
         856         856  0.600000000000000       0.400000000000000     
  0.200000000000000     
         857         857  0.600000000000000       0.400000000000000     
  0.400000000000000     
         858         858  0.600000000000000       0.400000000000000     
  0.600000000000000     
         859         859  0.600000000000000       0.400000000000000     
  0.800000000000000     
         860         860  0.600000000000000       0.600000000000000     
  0.200000000000000     
         861         861  0.600000000000000       0.600000000000000     
  0.400000000000000     
         862         862  0.600000000000000       0.600000000000000     
  0.600000000000000     
         863         863  0.600000000000000       0.600000000000000     
  0.800000000000000     
         864         864  0.600000000000000       0.800000000000000     
  0.200000000000000     
         865         865  0.600000000000000       0.800000000000000     
  0.400000000000000     
         866         866  0.600000000000000       0.800000000000000     
  0.600000000000000     
         867         867  0.600000000000000       0.800000000000000     
  0.800000000000000     
         868         868  0.800000000000000       0.200000000000000     
  0.200000000000000     
         869         869  0.800000000000000       0.200000000000000     
  0.400000000000000     
         870         870  0.800000000000000       0.200000000000000     
  0.600000000000000     
         871         871  0.800000000000000       0.200000000000000     
  0.800000000000000     
         872         872  0.800000000000000       0.400000000000000     
  0.200000000000000     
         873         873  0.800000000000000       0.400000000000000     
  0.400000000000000     
         874         874  0.800000000000000       0.400000000000000     
  0.600000000000000     
         875         875  0.800000000000000       0.400000000000000     
  0.800000000000000     
         876         876  0.800000000000000       0.600000000000000     
  0.200000000000000     
         877         877  0.800000000000000       0.600000000000000     
  0.400000000000000     
         878         878  0.800000000000000       0.600000000000000     
  0.600000000000000     
         879         879  0.800000000000000       0.600000000000000     
  0.800000000000000     
         880         880  0.800000000000000       0.800000000000000     
  0.200000000000000     
         881         881  0.800000000000000       0.800000000000000     
  0.400000000000000     
         882         882  0.800000000000000       0.800000000000000     
  0.600000000000000     
         883         883  0.800000000000000       0.800000000000000     
  0.800000000000000     
         884         884   1.20000000000000       0.200000000000000     
  0.200000000000000     
         885         885   1.20000000000000       0.200000000000000     
  0.400000000000000     
         886         886   1.20000000000000       0.200000000000000     
  0.600000000000000     
         887         887   1.20000000000000       0.200000000000000     
  0.800000000000000     
         888         888   1.20000000000000       0.400000000000000     
  0.200000000000000     
         889         889   1.20000000000000       0.400000000000000     
  0.400000000000000     
         890         890   1.20000000000000       0.400000000000000     
  0.600000000000000     
         891         891   1.20000000000000       0.400000000000000     
  0.800000000000000     
         892         892   1.20000000000000       0.600000000000000     
  0.200000000000000     
         893         893   1.20000000000000       0.600000000000000     
  0.400000000000000     
         894         894   1.20000000000000       0.600000000000000     
  0.600000000000000     
         895         895   1.20000000000000       0.600000000000000     
  0.800000000000000     
         896         896   1.20000000000000       0.800000000000000     
  0.200000000000000     
         897         897   1.20000000000000       0.800000000000000     
  0.400000000000000     
         898         898   1.20000000000000       0.800000000000000     
  0.600000000000000     
         899         899   1.20000000000000       0.800000000000000     
  0.800000000000000     
         900         900   1.40000000000000       0.200000000000000     
  0.200000000000000     
         901         901   1.40000000000000       0.200000000000000     
  0.400000000000000     
         902         902   1.40000000000000       0.200000000000000     
  0.600000000000000     
         903         903   1.40000000000000       0.200000000000000     
  0.800000000000000     
         904         904   1.40000000000000       0.400000000000000     
  0.200000000000000     
         905         905   1.40000000000000       0.400000000000000     
  0.400000000000000     
         906         906   1.40000000000000       0.400000000000000     
  0.600000000000000     
         907         907   1.40000000000000       0.400000000000000     
  0.800000000000000     
         908         908   1.40000000000000       0.600000000000000     
  0.200000000000000     
         909         909   1.40000000000000       0.600000000000000     
  0.400000000000000     
         910         910   1.40000000000000       0.600000000000000     
  0.600000000000000     
         911         911   1.40000000000000       0.600000000000000     
  0.800000000000000     
         912         912   1.40000000000000       0.800000000000000     
  0.200000000000000     
         913         913   1.40000000000000       0.800000000000000     
  0.400000000000000     
         914         914   1.40000000000000       0.800000000000000     
  0.600000000000000     
         915         915   1.40000000000000       0.800000000000000     
  0.800000000000000     
         916         916   1.60000000000000       0.200000000000000     
  0.200000000000000     
         917         917   1.60000000000000       0.200000000000000     
  0.400000000000000     
         918         918   1.60000000000000       0.200000000000000     
  0.600000000000000     
         919         919   1.60000000000000       0.200000000000000     
  0.800000000000000     
         920         920   1.60000000000000       0.400000000000000     
  0.200000000000000     
         921         921   1.60000000000000       0.400000000000000     
  0.400000000000000     
         922         922   1.60000000000000       0.400000000000000     
  0.600000000000000     
         923         923   1.60000000000000       0.400000000000000     
  0.800000000000000     
         924         924   1.60000000000000       0.600000000000000     
  0.200000000000000     
         925         925   1.60000000000000       0.600000000000000     
  0.400000000000000     
         926         926   1.60000000000000       0.600000000000000     
  0.600000000000000     
         927         927   1.60000000000000       0.600000000000000     
  0.800000000000000     
         928         928   1.60000000000000       0.800000000000000     
  0.200000000000000     
         929         929   1.60000000000000       0.800000000000000     
  0.400000000000000     
         930         930   1.60000000000000       0.800000000000000     
  0.600000000000000     
         931         931   1.60000000000000       0.800000000000000     
  0.800000000000000     
         932         932   1.80000000000000       0.200000000000000     
  0.200000000000000     
         933         933   1.80000000000000       0.200000000000000     
  0.400000000000000     
         934         934   1.80000000000000       0.200000000000000     
  0.600000000000000     
         935         935   1.80000000000000       0.200000000000000     
  0.800000000000000     
         936         936   1.80000000000000       0.400000000000000     
  0.200000000000000     
         937         937   1.80000000000000       0.400000000000000     
  0.400000000000000     
         938         938   1.80000000000000       0.400000000000000     
  0.600000000000000     
         939         939   1.80000000000000       0.400000000000000     
  0.800000000000000     
         940         940   1.80000000000000       0.600000000000000     
  0.200000000000000     
         941         941   1.80000000000000       0.600000000000000     
  0.400000000000000     
         942         942   1.80000000000000       0.600000000000000     
  0.600000000000000     
         943         943   1.80000000000000       0.600000000000000     
  0.800000000000000     
         944         944   1.80000000000000       0.800000000000000     
  0.200000000000000     
         945         945   1.80000000000000       0.800000000000000     
  0.400000000000000     
         946         946   1.80000000000000       0.800000000000000     
  0.600000000000000     
         947         947   1.80000000000000       0.800000000000000     
  0.800000000000000     
         948         948   1.20000000000000        1.20000000000000     
  0.200000000000000     
         949         949   1.20000000000000        1.20000000000000     
  0.400000000000000     
         950         950   1.20000000000000        1.20000000000000     
  0.600000000000000     
         951         951   1.20000000000000        1.20000000000000     
  0.800000000000000     
         952         952   1.20000000000000        1.40000000000000     
  0.200000000000000     
         953         953   1.20000000000000        1.40000000000000     
  0.400000000000000     
         954         954   1.20000000000000        1.40000000000000     
  0.600000000000000     
         955         955   1.20000000000000        1.40000000000000     
  0.800000000000000     
         956         956   1.20000000000000        1.60000000000000     
  0.200000000000000     
         957         957   1.20000000000000        1.60000000000000     
  0.400000000000000     
         958         958   1.20000000000000        1.60000000000000     
  0.600000000000000     
         959         959   1.20000000000000        1.60000000000000     
  0.800000000000000     
         960         960   1.20000000000000        1.80000000000000     
  0.200000000000000     
         961         961   1.20000000000000        1.80000000000000     
  0.400000000000000     
         962         962   1.20000000000000        1.80000000000000     
  0.600000000000000     
         963         963   1.20000000000000        1.80000000000000     
  0.800000000000000     
         964         964   1.40000000000000        1.20000000000000     
  0.200000000000000     
         965         965   1.40000000000000        1.20000000000000     
  0.400000000000000     
         966         966   1.40000000000000        1.20000000000000     
  0.600000000000000     
         967         967   1.40000000000000        1.20000000000000     
  0.800000000000000     
         968         968   1.40000000000000        1.40000000000000     
  0.200000000000000     
         969         969   1.40000000000000        1.40000000000000     
  0.400000000000000     
         970         970   1.40000000000000        1.40000000000000     
  0.600000000000000     
         971         971   1.40000000000000        1.40000000000000     
  0.800000000000000     
         972         972   1.40000000000000        1.60000000000000     
  0.200000000000000     
         973         973   1.40000000000000        1.60000000000000     
  0.400000000000000     
         974         974   1.40000000000000        1.60000000000000     
  0.600000000000000     
         975         975   1.40000000000000        1.60000000000000     
  0.800000000000000     
         976         976   1.40000000000000        1.80000000000000     
  0.200000000000000     
         977         977   1.40000000000000        1.80000000000000     
  0.400000000000000     
         978         978   1.40000000000000        1.80000000000000     
  0.600000000000000     
         979         979   1.40000000000000        1.80000000000000     
  0.800000000000000     
         980         980   1.60000000000000        1.20000000000000     
  0.200000000000000     
         981         981   1.60000000000000        1.20000000000000     
  0.400000000000000     
         982         982   1.60000000000000        1.20000000000000     
  0.600000000000000     
         983         983   1.60000000000000        1.20000000000000     
  0.800000000000000     
         984         984   1.60000000000000        1.40000000000000     
  0.200000000000000     
         985         985   1.60000000000000        1.40000000000000     
  0.400000000000000     
         986         986   1.60000000000000        1.40000000000000     
  0.600000000000000     
         987         987   1.60000000000000        1.40000000000000     
  0.800000000000000     
         988         988   1.60000000000000        1.60000000000000     
  0.200000000000000     
         989         989   1.60000000000000        1.60000000000000     
  0.400000000000000     
         990         990   1.60000000000000        1.60000000000000     
  0.600000000000000     
         991         991   1.60000000000000        1.60000000000000     
  0.800000000000000     
         992         992   1.60000000000000        1.80000000000000     
  0.200000000000000     
         993         993   1.60000000000000        1.80000000000000     
  0.400000000000000     
         994         994   1.60000000000000        1.80000000000000     
  0.600000000000000     
         995         995   1.60000000000000        1.80000000000000     
  0.800000000000000     
         996         996   1.80000000000000        1.20000000000000     
  0.200000000000000     
         997         997   1.80000000000000        1.20000000000000     
  0.400000000000000     
         998         998   1.80000000000000        1.20000000000000     
  0.600000000000000     
         999         999   1.80000000000000        1.20000000000000     
  0.800000000000000     
        1000        1000   1.80000000000000        1.40000000000000     
  0.200000000000000     
        1001        1001   1.80000000000000        1.40000000000000     
  0.400000000000000     
        1002        1002   1.80000000000000        1.40000000000000     
  0.600000000000000     
        1003        1003   1.80000000000000        1.40000000000000     
  0.800000000000000     
        1004        1004   1.80000000000000        1.60000000000000     
  0.200000000000000     
        1005        1005   1.80000000000000        1.60000000000000     
  0.400000000000000     
        1006        1006   1.80000000000000        1.60000000000000     
  0.600000000000000     
        1007        1007   1.80000000000000        1.60000000000000     
  0.800000000000000     
        1008        1008   1.80000000000000        1.80000000000000     
  0.200000000000000     
        1009        1009   1.80000000000000        1.80000000000000     
  0.400000000000000     
        1010        1010   1.80000000000000        1.80000000000000     
  0.600000000000000     
        1011        1011   1.80000000000000        1.80000000000000     
  0.800000000000000     
        1012        1012  0.200000000000000        1.20000000000000     
  0.200000000000000     
        1013        1013  0.200000000000000        1.20000000000000     
  0.400000000000000     
        1014        1014  0.200000000000000        1.20000000000000     
  0.600000000000000     
        1015        1015  0.200000000000000        1.20000000000000     
  0.800000000000000     
        1016        1016  0.200000000000000        1.40000000000000     
  0.200000000000000     
        1017        1017  0.200000000000000        1.40000000000000     
  0.400000000000000     
        1018        1018  0.200000000000000        1.40000000000000     
  0.600000000000000     
        1019        1019  0.200000000000000        1.40000000000000     
  0.800000000000000     
        1020        1020  0.200000000000000        1.60000000000000     
  0.200000000000000     
        1021        1021  0.200000000000000        1.60000000000000     
  0.400000000000000     
        1022        1022  0.200000000000000        1.60000000000000     
  0.600000000000000     
        1023        1023  0.200000000000000        1.60000000000000     
  0.800000000000000     
        1024        1024  0.200000000000000        1.80000000000000     
  0.200000000000000     
        1025        1025  0.200000000000000        1.80000000000000     
  0.400000000000000     
        1026        1026  0.200000000000000        1.80000000000000     
  0.600000000000000     
        1027        1027  0.200000000000000        1.80000000000000     
  0.800000000000000     
        1028        1028  0.400000000000000        1.20000000000000     
  0.200000000000000     
        1029        1029  0.400000000000000        1.20000000000000     
  0.400000000000000     
        1030        1030  0.400000000000000        1.20000000000000     
  0.600000000000000     
        1031        1031  0.400000000000000        1.20000000000000     
  0.800000000000000     
        1032        1032  0.400000000000000        1.40000000000000     
  0.200000000000000     
        1033        1033  0.400000000000000        1.40000000000000     
  0.400000000000000     
        1034        1034  0.400000000000000        1.40000000000000     
  0.600000000000000     
        1035        1035  0.400000000000000        1.40000000000000     
  0.800000000000000     
        1036        1036  0.400000000000000        1.60000000000000     
  0.200000000000000     
        1037        1037  0.400000000000000        1.60000000000000     
  0.400000000000000     
        1038        1038  0.400000000000000        1.60000000000000     
  0.600000000000000     
        1039        1039  0.400000000000000        1.60000000000000     
  0.800000000000000     
        1040        1040  0.400000000000000        1.80000000000000     
  0.200000000000000     
        1041        1041  0.400000000000000        1.80000000000000     
  0.400000000000000     
        1042        1042  0.400000000000000        1.80000000000000     
  0.600000000000000     
        1043        1043  0.400000000000000        1.80000000000000     
  0.800000000000000     
        1044        1044  0.600000000000000        1.20000000000000     
  0.200000000000000     
        1045        1045  0.600000000000000        1.20000000000000     
  0.400000000000000     
        1046        1046  0.600000000000000        1.20000000000000     
  0.600000000000000     
        1047        1047  0.600000000000000        1.20000000000000     
  0.800000000000000     
        1048        1048  0.600000000000000        1.40000000000000     
  0.200000000000000     
        1049        1049  0.600000000000000        1.40000000000000     
  0.400000000000000     
        1050        1050  0.600000000000000        1.40000000000000     
  0.600000000000000     
        1051        1051  0.600000000000000        1.40000000000000     
  0.800000000000000     
        1052        1052  0.600000000000000        1.60000000000000     
  0.200000000000000     
        1053        1053  0.600000000000000        1.60000000000000     
  0.400000000000000     
        1054        1054  0.600000000000000        1.60000000000000     
  0.600000000000000     
        1055        1055  0.600000000000000        1.60000000000000     
  0.800000000000000     
        1056        1056  0.600000000000000        1.80000000000000     
  0.200000000000000     
        1057        1057  0.600000000000000        1.80000000000000     
  0.400000000000000     
        1058        1058  0.600000000000000        1.80000000000000     
  0.600000000000000     
        1059        1059  0.600000000000000        1.80000000000000     
  0.800000000000000     
        1060        1060  0.800000000000000        1.20000000000000     
  0.200000000000000     
        1061        1061  0.800000000000000        1.20000000000000     
  0.400000000000000     
        1062        1062  0.800000000000000        1.20000000000000     
  0.600000000000000     
        1063        1063  0.800000000000000        1.20000000000000     
  0.800000000000000     
        1064        1064  0.800000000000000        1.40000000000000     
  0.200000000000000     
        1065        1065  0.800000000000000        1.40000000000000     
  0.400000000000000     
        1066        1066  0.800000000000000        1.40000000000000     
  0.600000000000000     
        1067        1067  0.800000000000000        1.40000000000000     
  0.800000000000000     
        1068        1068  0.800000000000000        1.60000000000000     
  0.200000000000000     
        1069        1069  0.800000000000000        1.60000000000000     
  0.400000000000000     
        1070        1070  0.800000000000000        1.60000000000000     
  0.600000000000000     
        1071        1071  0.800000000000000        1.60000000000000     
  0.800000000000000     
        1072        1072  0.800000000000000        1.80000000000000     
  0.200000000000000     
        1073        1073  0.800000000000000        1.80000000000000     
  0.400000000000000     
        1074        1074  0.800000000000000        1.80000000000000     
  0.600000000000000     
        1075        1075  0.800000000000000        1.80000000000000     
  0.800000000000000     
        1076        1076  0.200000000000000       0.200000000000000     
   1.20000000000000     
        1077        1077  0.200000000000000       0.200000000000000     
   1.40000000000000     
        1078        1078  0.200000000000000       0.200000000000000     
   1.60000000000000     
        1079        1079  0.200000000000000       0.200000000000000     
   1.80000000000000     
        1080        1080  0.200000000000000       0.400000000000000     
   1.20000000000000     
        1081        1081  0.200000000000000       0.400000000000000     
   1.40000000000000     
        1082        1082  0.200000000000000       0.400000000000000     
   1.60000000000000     
        1083        1083  0.200000000000000       0.400000000000000     
   1.80000000000000     
        1084        1084  0.200000000000000       0.600000000000000     
   1.20000000000000     
        1085        1085  0.200000000000000       0.600000000000000     
   1.40000000000000     
        1086        1086  0.200000000000000       0.600000000000000     
   1.60000000000000     
        1087        1087  0.200000000000000       0.600000000000000     
   1.80000000000000     
        1088        1088  0.200000000000000       0.800000000000000     
   1.20000000000000     
        1089        1089  0.200000000000000       0.800000000000000     
   1.40000000000000     
        1090        1090  0.200000000000000       0.800000000000000     
   1.60000000000000     
        1091        1091  0.200000000000000       0.800000000000000     
   1.80000000000000     
        1092        1092  0.400000000000000       0.200000000000000     
   1.20000000000000     
        1093        1093  0.400000000000000       0.200000000000000     
   1.40000000000000     
        1094        1094  0.400000000000000       0.200000000000000     
   1.60000000000000     
        1095        1095  0.400000000000000       0.200000000000000     
   1.80000000000000     
        1096        1096  0.400000000000000       0.400000000000000     
   1.20000000000000     
        1097        1097  0.400000000000000       0.400000000000000     
   1.40000000000000     
        1098        1098  0.400000000000000       0.400000000000000     
   1.60000000000000     
        1099        1099  0.400000000000000       0.400000000000000     
   1.80000000000000     
        1100        1100  0.400000000000000       0.600000000000000     
   1.20000000000000     
        1101        1101  0.400000000000000       0.600000000000000     
   1.40000000000000     
        1102        1102  0.400000000000000       0.600000000000000     
   1.60000000000000     
        1103        1103  0.400000000000000       0.600000000000000     
   1.80000000000000     
        1104        1104  0.400000000000000       0.800000000000000     
   1.20000000000000     
        1105        1105  0.400000000000000       0.800000000000000     
   1.40000000000000     
        1106        1106  0.400000000000000       0.800000000000000     
   1.60000000000000     
        1107        1107  0.400000000000000       0.800000000000000     
   1.80000000000000     
        1108        1108  0.600000000000000       0.200000000000000     
   1.20000000000000     
        1109        1109  0.600000000000000       0.200000000000000     
   1.40000000000000     
        1110        1110  0.600000000000000       0.200000000000000     
   1.60000000000000     
        1111        1111  0.600000000000000       0.200000000000000     
   1.80000000000000     
        1112        1112  0.600000000000000       0.400000000000000     
   1.20000000000000     
        1113        1113  0.600000000000000       0.400000000000000     
   1.40000000000000     
        1114        1114  0.600000000000000       0.400000000000000     
   1.60000000000000     
        1115        1115  0.600000000000000       0.400000000000000     
   1.80000000000000     
        1116        1116  0.600000000000000       0.600000000000000     
   1.20000000000000     
        1117        1117  0.600000000000000       0.600000000000000     
   1.40000000000000     
        1118        1118  0.600000000000000       0.600000000000000     
   1.60000000000000     
        1119        1119  0.600000000000000       0.600000000000000     
   1.80000000000000     
        1120        1120  0.600000000000000       0.800000000000000     
   1.20000000000000     
        1121        1121  0.600000000000000       0.800000000000000     
   1.40000000000000     
        1122        1122  0.600000000000000       0.800000000000000     
   1.60000000000000     
        1123        1123  0.600000000000000       0.800000000000000     
   1.80000000000000     
        1124        1124  0.800000000000000       0.200000000000000     
   1.20000000000000     
        1125        1125  0.800000000000000       0.200000000000000     
   1.40000000000000     
        1126        1126  0.800000000000000       0.200000000000000     
   1.60000000000000     
        1127        1127  0.800000000000000       0.200000000000000     
   1.80000000000000     
        1128        1128  0.800000000000000       0.400000000000000     
   1.20000000000000     
        1129        1129  0.800000000000000       0.400000000000000     
   1.40000000000000     
        1130        1130  0.800000000000000       0.400000000000000     
   1.60000000000000     
        1131        1131  0.800000000000000       0.400000000000000     
   1.80000000000000     
        1132        1132  0.800000000000000       0.600000000000000     
   1.20000000000000     
        1133        1133  0.800000000000000       0.600000000000000     
   1.40000000000000     
        1134        1134  0.800000000000000       0.600000000000000     
   1.60000000000000     
        1135        1135  0.800000000000000       0.600000000000000     
   1.80000000000000     
        1136        1136  0.800000000000000       0.800000000000000     
   1.20000000000000     
        1137        1137  0.800000000000000       0.800000000000000     
   1.40000000000000     
        1138        1138  0.800000000000000       0.800000000000000     
   1.60000000000000     
        1139        1139  0.800000000000000       0.800000000000000     
   1.80000000000000     
        1140        1140   1.20000000000000       0.200000000000000     
   1.20000000000000     
        1141        1141   1.20000000000000       0.200000000000000     
   1.40000000000000     
        1142        1142   1.20000000000000       0.200000000000000     
   1.60000000000000     
        1143        1143   1.20000000000000       0.200000000000000     
   1.80000000000000     
        1144        1144   1.20000000000000       0.400000000000000     
   1.20000000000000     
        1145        1145   1.20000000000000       0.400000000000000     
   1.40000000000000     
        1146        1146   1.20000000000000       0.400000000000000     
   1.60000000000000     
        1147        1147   1.20000000000000       0.400000000000000     
   1.80000000000000     
        1148        1148   1.20000000000000       0.600000000000000     
   1.20000000000000     
        1149        1149   1.20000000000000       0.600000000000000     
   1.40000000000000     
        1150        1150   1.20000000000000       0.600000000000000     
   1.60000000000000     
        1151        1151   1.20000000000000       0.600000000000000     
   1.80000000000000     
        1152        1152   1.20000000000000       0.800000000000000     
   1.20000000000000     
        1153        1153   1.20000000000000       0.800000000000000     
   1.40000000000000     
        1154        1154   1.20000000000000       0.800000000000000     
   1.60000000000000     
        1155        1155   1.20000000000000       0.800000000000000     
   1.80000000000000     
        1156        1156   1.40000000000000       0.200000000000000     
   1.20000000000000     
        1157        1157   1.40000000000000       0.200000000000000     
   1.40000000000000     
        1158        1158   1.40000000000000       0.200000000000000     
   1.60000000000000     
        1159        1159   1.40000000000000       0.200000000000000     
   1.80000000000000     
        1160        1160   1.40000000000000       0.400000000000000     
   1.20000000000000     
        1161        1161   1.40000000000000       0.400000000000000     
   1.40000000000000     
        1162        1162   1.40000000000000       0.400000000000000     
   1.60000000000000     
        1163        1163   1.40000000000000       0.400000000000000     
   1.80000000000000     
        1164        1164   1.40000000000000       0.600000000000000     
   1.20000000000000     
        1165        1165   1.40000000000000       0.600000000000000     
   1.40000000000000     
        1166        1166   1.40000000000000       0.600000000000000     
   1.60000000000000     
        1167        1167   1.40000000000000       0.600000000000000     
   1.80000000000000     
        1168        1168   1.40000000000000       0.800000000000000     
   1.20000000000000     
        1169        1169   1.40000000000000       0.800000000000000     
   1.40000000000000     
        1170        1170   1.40000000000000       0.800000000000000     
   1.60000000000000     
        1171        1171   1.40000000000000       0.800000000000000     
   1.80000000000000     
        1172        1172   1.60000000000000       0.200000000000000     
   1.20000000000000     
        1173        1173   1.60000000000000       0.200000000000000     
   1.40000000000000     
        1174        1174   1.60000000000000       0.200000000000000     
   1.60000000000000     
        1175        1175   1.60000000000000       0.200000000000000     
   1.80000000000000     
        1176        1176   1.60000000000000       0.400000000000000     
   1.20000000000000     
        1177        1177   1.60000000000000       0.400000000000000     
   1.40000000000000     
        1178        1178   1.60000000000000       0.400000000000000     
   1.60000000000000     
        1179        1179   1.60000000000000       0.400000000000000     
   1.80000000000000     
        1180        1180   1.60000000000000       0.600000000000000     
   1.20000000000000     
        1181        1181   1.60000000000000       0.600000000000000     
   1.40000000000000     
        1182        1182   1.60000000000000       0.600000000000000     
   1.60000000000000     
        1183        1183   1.60000000000000       0.600000000000000     
   1.80000000000000     
        1184        1184   1.60000000000000       0.800000000000000     
   1.20000000000000     
        1185        1185   1.60000000000000       0.800000000000000     
   1.40000000000000     
        1186        1186   1.60000000000000       0.800000000000000     
   1.60000000000000     
        1187        1187   1.60000000000000       0.800000000000000     
   1.80000000000000     
        1188        1188   1.80000000000000       0.200000000000000     
   1.20000000000000     
        1189        1189   1.80000000000000       0.200000000000000     
   1.40000000000000     
        1190        1190   1.80000000000000       0.200000000000000     
   1.60000000000000     
        1191        1191   1.80000000000000       0.200000000000000     
   1.80000000000000     
        1192        1192   1.80000000000000       0.400000000000000     
   1.20000000000000     
        1193        1193   1.80000000000000       0.400000000000000     
   1.40000000000000     
        1194        1194   1.80000000000000       0.400000000000000     
   1.60000000000000     
        1195        1195   1.80000000000000       0.400000000000000     
   1.80000000000000     
        1196        1196   1.80000000000000       0.600000000000000     
   1.20000000000000     
        1197        1197   1.80000000000000       0.600000000000000     
   1.40000000000000     
        1198        1198   1.80000000000000       0.600000000000000     
   1.60000000000000     
        1199        1199   1.80000000000000       0.600000000000000     
   1.80000000000000     
        1200        1200   1.80000000000000       0.800000000000000     
   1.20000000000000     
        1201        1201   1.80000000000000       0.800000000000000     
   1.40000000000000     
        1202        1202   1.80000000000000       0.800000000000000     
   1.60000000000000     
        1203        1203   1.80000000000000       0.800000000000000     
   1.80000000000000     
        1204        1204   1.20000000000000        1.20000000000000     
   1.20000000000000     
        1205        1205   1.20000000000000        1.20000000000000     
   1.40000000000000     
        1206        1206   1.20000000000000        1.20000000000000     
   1.60000000000000     
        1207        1207   1.20000000000000        1.20000000000000     
   1.80000000000000     
        1208        1208   1.20000000000000        1.40000000000000     
   1.20000000000000     
        1209        1209   1.20000000000000        1.40000000000000     
   1.40000000000000     
        1210        1210   1.20000000000000        1.40000000000000     
   1.60000000000000     
        1211        1211   1.20000000000000        1.40000000000000     
   1.80000000000000     
        1212        1212   1.20000000000000        1.60000000000000     
   1.20000000000000     
        1213        1213   1.20000000000000        1.60000000000000     
   1.40000000000000     
        1214        1214   1.20000000000000        1.60000000000000     
   1.60000000000000     
        1215        1215   1.20000000000000        1.60000000000000     
   1.80000000000000     
        1216        1216   1.20000000000000        1.80000000000000     
   1.20000000000000     
        1217        1217   1.20000000000000        1.80000000000000     
   1.40000000000000     
        1218        1218   1.20000000000000        1.80000000000000     
   1.60000000000000     
        1219        1219   1.20000000000000        1.80000000000000     
   1.80000000000000     
        1220        1220   1.40000000000000        1.20000000000000     
   1.20000000000000     
        1221        1221   1.40000000000000        1.20000000000000     
   1.40000000000000     
        1222        1222   1.40000000000000        1.20000000000000     
   1.60000000000000     
        1223        1223   1.40000000000000        1.20000000000000     
   1.80000000000000     
        1224        1224   1.40000000000000        1.40000000000000     
   1.20000000000000     
        1225        1225   1.40000000000000        1.40000000000000     
   1.40000000000000     
        1226        1226   1.40000000000000        1.40000000000000     
   1.60000000000000     
        1227        1227   1.40000000000000        1.40000000000000     
   1.80000000000000     
        1228        1228   1.40000000000000        1.60000000000000     
   1.20000000000000     
        1229        1229   1.40000000000000        1.60000000000000     
   1.40000000000000     
        1230        1230   1.40000000000000        1.60000000000000     
   1.60000000000000     
        1231        1231   1.40000000000000        1.60000000000000     
   1.80000000000000     
        1232        1232   1.40000000000000        1.80000000000000     
   1.20000000000000     
        1233        1233   1.40000000000000        1.80000000000000     
   1.40000000000000     
        1234        1234   1.40000000000000        1.80000000000000     
   1.60000000000000     
        1235        1235   1.40000000000000        1.80000000000000     
   1.80000000000000     
        1236        1236   1.60000000000000        1.20000000000000     
   1.20000000000000     
        1237        1237   1.60000000000000        1.20000000000000     
   1.40000000000000     
        1238        1238   1.60000000000000        1.20000000000000     
   1.60000000000000     
        1239        1239   1.60000000000000        1.20000000000000     
   1.80000000000000     
        1240        1240   1.60000000000000        1.40000000000000     
   1.20000000000000     
        1241        1241   1.60000000000000        1.40000000000000     
   1.40000000000000     
        1242        1242   1.60000000000000        1.40000000000000     
   1.60000000000000     
        1243        1243   1.60000000000000        1.40000000000000     
   1.80000000000000     
        1244        1244   1.60000000000000        1.60000000000000     
   1.20000000000000     
        1245        1245   1.60000000000000        1.60000000000000     
   1.40000000000000     
        1246        1246   1.60000000000000        1.60000000000000     
   1.60000000000000     
        1247        1247   1.60000000000000        1.60000000000000     
   1.80000000000000     
        1248        1248   1.60000000000000        1.80000000000000     
   1.20000000000000     
        1249        1249   1.60000000000000        1.80000000000000     
   1.40000000000000     
        1250        1250   1.60000000000000        1.80000000000000     
   1.60000000000000     
        1251        1251   1.60000000000000        1.80000000000000     
   1.80000000000000     
        1252        1252   1.80000000000000        1.20000000000000     
   1.20000000000000     
        1253        1253   1.80000000000000        1.20000000000000     
   1.40000000000000     
        1254        1254   1.80000000000000        1.20000000000000     
   1.60000000000000     
        1255        1255   1.80000000000000        1.20000000000000     
   1.80000000000000     
        1256        1256   1.80000000000000        1.40000000000000     
   1.20000000000000     
        1257        1257   1.80000000000000        1.40000000000000     
   1.40000000000000     
        1258        1258   1.80000000000000        1.40000000000000     
   1.60000000000000     
        1259        1259   1.80000000000000        1.40000000000000     
   1.80000000000000     
        1260        1260   1.80000000000000        1.60000000000000     
   1.20000000000000     
        1261        1261   1.80000000000000        1.60000000000000     
   1.40000000000000     
        1262        1262   1.80000000000000        1.60000000000000     
   1.60000000000000     
        1263        1263   1.80000000000000        1.60000000000000     
   1.80000000000000     
        1264        1264   1.80000000000000        1.80000000000000     
   1.20000000000000     
        1265        1265   1.80000000000000        1.80000000000000     
   1.40000000000000     
        1266        1266   1.80000000000000        1.80000000000000     
   1.60000000000000     
        1267        1267   1.80000000000000        1.80000000000000     
   1.80000000000000     
        1268        1268  0.200000000000000        1.20000000000000     
   1.20000000000000     
        1269        1269  0.200000000000000        1.20000000000000     
   1.40000000000000     
        1270        1270  0.200000000000000        1.20000000000000     
   1.60000000000000     
        1271        1271  0.200000000000000        1.20000000000000     
   1.80000000000000     
        1272        1272  0.200000000000000        1.40000000000000     
   1.20000000000000     
        1273        1273  0.200000000000000        1.40000000000000     
   1.40000000000000     
        1274        1274  0.200000000000000        1.40000000000000     
   1.60000000000000     
        1275        1275  0.200000000000000        1.40000000000000     
   1.80000000000000     
        1276        1276  0.200000000000000        1.60000000000000     
   1.20000000000000     
        1277        1277  0.200000000000000        1.60000000000000     
   1.40000000000000     
        1278        1278  0.200000000000000        1.60000000000000     
   1.60000000000000     
        1279        1279  0.200000000000000        1.60000000000000     
   1.80000000000000     
        1280        1280  0.200000000000000        1.80000000000000     
   1.20000000000000     
        1281        1281  0.200000000000000        1.80000000000000     
   1.40000000000000     
        1282        1282  0.200000000000000        1.80000000000000     
   1.60000000000000     
        1283        1283  0.200000000000000        1.80000000000000     
   1.80000000000000     
        1284        1284  0.400000000000000        1.20000000000000     
   1.20000000000000     
        1285        1285  0.400000000000000        1.20000000000000     
   1.40000000000000     
        1286        1286  0.400000000000000        1.20000000000000     
   1.60000000000000     
        1287        1287  0.400000000000000        1.20000000000000     
   1.80000000000000     
        1288        1288  0.400000000000000        1.40000000000000     
   1.20000000000000     
        1289        1289  0.400000000000000        1.40000000000000     
   1.40000000000000     
        1290        1290  0.400000000000000        1.40000000000000     
   1.60000000000000     
        1291        1291  0.400000000000000        1.40000000000000     
   1.80000000000000     
        1292        1292  0.400000000000000        1.60000000000000     
   1.20000000000000     
        1293        1293  0.400000000000000        1.60000000000000     
   1.40000000000000     
        1294        1294  0.400000000000000        1.60000000000000     
   1.60000000000000     
        1295        1295  0.400000000000000        1.60000000000000     
   1.80000000000000     
        1296        1296  0.400000000000000        1.80000000000000     
   1.20000000000000     
        1297        1297  0.400000000000000        1.80000000000000     
   1.40000000000000     
        1298        1298  0.400000000000000        1.80000000000000     
   1.60000000000000     
        1299        1299  0.400000000000000        1.80000000000000     
   1.80000000000000     
        1300        1300  0.600000000000000        1.20000000000000     
   1.20000000000000     
        1301        1301  0.600000000000000        1.20000000000000     
   1.40000000000000     
        1302        1302  0.600000000000000        1.20000000000000     
   1.60000000000000     
        1303        1303  0.600000000000000        1.20000000000000     
   1.80000000000000     
        1304        1304  0.600000000000000        1.40000000000000     
   1.20000000000000     
        1305        1305  0.600000000000000        1.40000000000000     
   1.40000000000000     
        1306        1306  0.600000000000000        1.40000000000000     
   1.60000000000000     
        1307        1307  0.600000000000000        1.40000000000000     
   1.80000000000000     
        1308        1308  0.600000000000000        1.60000000000000     
   1.20000000000000     
        1309        1309  0.600000000000000        1.60000000000000     
   1.40000000000000     
        1310        1310  0.600000000000000        1.60000000000000     
   1.60000000000000     
        1311        1311  0.600000000000000        1.60000000000000     
   1.80000000000000     
        1312        1312  0.600000000000000        1.80000000000000     
   1.20000000000000     
        1313        1313  0.600000000000000        1.80000000000000     
   1.40000000000000     
        1314        1314  0.600000000000000        1.80000000000000     
   1.60000000000000     
        1315        1315  0.600000000000000        1.80000000000000     
   1.80000000000000     
        1316        1316  0.800000000000000        1.20000000000000     
   1.20000000000000     
        1317        1317  0.800000000000000        1.20000000000000     
   1.40000000000000     
        1318        1318  0.800000000000000        1.20000000000000     
   1.60000000000000     
        1319        1319  0.800000000000000        1.20000000000000     
   1.80000000000000     
        1320        1320  0.800000000000000        1.40000000000000     
   1.20000000000000     
        1321        1321  0.800000000000000        1.40000000000000     
   1.40000000000000     
        1322        1322  0.800000000000000        1.40000000000000     
   1.60000000000000     
        1323        1323  0.800000000000000        1.40000000000000     
   1.80000000000000     
        1324        1324  0.800000000000000        1.60000000000000     
   1.20000000000000     
        1325        1325  0.800000000000000        1.60000000000000     
   1.40000000000000     
        1326        1326  0.800000000000000        1.60000000000000     
   1.60000000000000     
        1327        1327  0.800000000000000        1.60000000000000     
   1.80000000000000     
        1328        1328  0.800000000000000        1.80000000000000     
   1.20000000000000     
        1329        1329  0.800000000000000        1.80000000000000     
   1.40000000000000     
        1330        1330  0.800000000000000        1.80000000000000     
   1.60000000000000     
        1331        1331  0.800000000000000        1.80000000000000     
   1.80000000000000     
